19:21:36 DEBUG : Logs will be stored at 'C:/Users/tejasvissapragada/workspace/IDE.log'.
19:21:40 INFO  : Launching XSCT server: xsct.bat -n  -interactive C:\Users\tejasvissapragada\workspace\temp_xsdb_launch_script.tcl
19:21:41 INFO  : Registering command handlers for Vitis TCF services
19:21:42 INFO  : Platform repository initialization has completed.
19:21:46 INFO  : XSCT server has started successfully.
19:21:48 INFO  : Successfully done setting XSCT server connection channel  
19:21:48 INFO  : plnx-install-location is set to ''
19:21:48 INFO  : Successfully done query RDI_DATADIR 
19:21:48 INFO  : Successfully done setting workspace for the tool. 
19:23:35 INFO  : Result from executing command 'getProjects': lab3a_project
19:23:35 INFO  : Result from executing command 'getPlatforms': xilinx_vck190_base_202210_1|C:/Xilinx/Vitis/2022.1/base_platforms/xilinx_vck190_base_202210_1/xilinx_vck190_base_202210_1.xpfm;xilinx_vck190_base_dfx_202210_1|C:/Xilinx/Vitis/2022.1/base_platforms/xilinx_vck190_base_dfx_202210_1/xilinx_vck190_base_dfx_202210_1.xpfm;xilinx_vmk180_base_202210_1|C:/Xilinx/Vitis/2022.1/base_platforms/xilinx_vmk180_base_202210_1/xilinx_vmk180_base_202210_1.xpfm;xilinx_zcu102_base_202210_1|C:/Xilinx/Vitis/2022.1/base_platforms/xilinx_zcu102_base_202210_1/xilinx_zcu102_base_202210_1.xpfm;xilinx_zcu102_base_dfx_202210_1|C:/Xilinx/Vitis/2022.1/base_platforms/xilinx_zcu102_base_dfx_202210_1/xilinx_zcu102_base_dfx_202210_1.xpfm;xilinx_zcu104_base_202210_1|C:/Xilinx/Vitis/2022.1/base_platforms/xilinx_zcu104_base_202210_1/xilinx_zcu104_base_202210_1.xpfm
19:27:38 DEBUG : Logs will be stored at 'C:/Users/tejasvissapragada/Documents/cs153a/vitis/lab3a_vitis/IDE.log'.
19:27:39 INFO  : Launching XSCT server: xsct.bat -n  -interactive C:\Users\tejasvissapragada\Documents\cs153a\vitis\lab3a_vitis\temp_xsdb_launch_script.tcl
19:27:42 INFO  : Platform repository initialization has completed.
19:27:43 INFO  : Registering command handlers for Vitis TCF services
19:27:44 INFO  : XSCT server has started successfully.
19:27:44 INFO  : plnx-install-location is set to ''
19:27:44 INFO  : Successfully done setting XSCT server connection channel  
19:27:44 INFO  : Successfully done query RDI_DATADIR 
19:27:44 INFO  : Successfully done setting workspace for the tool. 
19:28:46 INFO  : Result from executing command 'getProjects': lab3a_platform
19:28:46 INFO  : Result from executing command 'getPlatforms': lab3a_project|C:/Users/tejasvissapragada/Documents/cs153a/vitis/lab3a_vitis/lab3a_project/export/lab3a_project/lab3a_project.xpfm;xilinx_vck190_base_202210_1|C:/Xilinx/Vitis/2022.1/base_platforms/xilinx_vck190_base_202210_1/xilinx_vck190_base_202210_1.xpfm;xilinx_vck190_base_dfx_202210_1|C:/Xilinx/Vitis/2022.1/base_platforms/xilinx_vck190_base_dfx_202210_1/xilinx_vck190_base_dfx_202210_1.xpfm;xilinx_vmk180_base_202210_1|C:/Xilinx/Vitis/2022.1/base_platforms/xilinx_vmk180_base_202210_1/xilinx_vmk180_base_202210_1.xpfm;xilinx_zcu102_base_202210_1|C:/Xilinx/Vitis/2022.1/base_platforms/xilinx_zcu102_base_202210_1/xilinx_zcu102_base_202210_1.xpfm;xilinx_zcu102_base_dfx_202210_1|C:/Xilinx/Vitis/2022.1/base_platforms/xilinx_zcu102_base_dfx_202210_1/xilinx_zcu102_base_dfx_202210_1.xpfm;xilinx_zcu104_base_202210_1|C:/Xilinx/Vitis/2022.1/base_platforms/xilinx_zcu104_base_202210_1/xilinx_zcu104_base_202210_1.xpfm
19:28:57 INFO  : Checking for BSP changes to sync application flags for project 'lab3a_application'...
19:29:09 INFO  : Result from executing command 'getProjects': lab3a_platform
19:29:09 INFO  : Result from executing command 'getPlatforms': lab3a_platform|C:/Users/tejasvissapragada/Documents/cs153a/vitis/lab3a_vitis/lab3a_platform/export/lab3a_platform/lab3a_platform.xpfm;lab3a_project|C:/Users/tejasvissapragada/Documents/cs153a/vitis/lab3a_vitis/lab3a_project/export/lab3a_project/lab3a_project.xpfm;xilinx_vck190_base_202210_1|C:/Xilinx/Vitis/2022.1/base_platforms/xilinx_vck190_base_202210_1/xilinx_vck190_base_202210_1.xpfm;xilinx_vck190_base_dfx_202210_1|C:/Xilinx/Vitis/2022.1/base_platforms/xilinx_vck190_base_dfx_202210_1/xilinx_vck190_base_dfx_202210_1.xpfm;xilinx_vmk180_base_202210_1|C:/Xilinx/Vitis/2022.1/base_platforms/xilinx_vmk180_base_202210_1/xilinx_vmk180_base_202210_1.xpfm;xilinx_zcu102_base_202210_1|C:/Xilinx/Vitis/2022.1/base_platforms/xilinx_zcu102_base_202210_1/xilinx_zcu102_base_202210_1.xpfm;xilinx_zcu102_base_dfx_202210_1|C:/Xilinx/Vitis/2022.1/base_platforms/xilinx_zcu102_base_dfx_202210_1/xilinx_zcu102_base_dfx_202210_1.xpfm;xilinx_zcu104_base_202210_1|C:/Xilinx/Vitis/2022.1/base_platforms/xilinx_zcu104_base_202210_1/xilinx_zcu104_base_202210_1.xpfm
19:31:23 INFO  : Checking for BSP changes to sync application flags for project 'lab3a_application'...
19:31:23 INFO  : Result from executing command 'getProjects': RemoteSystemsTempFiles;lab3a_application;lab3a_platform;lab3a_system
19:31:23 ERROR : Failed to call write_mss 
Reason: C:/Users/tejasvissapragada/Documents/cs153a/vitis/lab3a_vitis/lab3a_project/export/lab3a_project/hw/design_1_wrapper.xsa is not available in the current workspace
use 'getprojects' command to see list of available projects in current workspace
19:31:23 ERROR : Failed to update application flags from BSP for 'lab3a_application'. Reason: Failed to call write_mss 
Reason: C:/Users/tejasvissapragada/Documents/cs153a/vitis/lab3a_vitis/lab3a_project/export/lab3a_project/hw/design_1_wrapper.xsa is not available in the current workspace
use 'getprojects' command to see list of available projects in current workspace
java.lang.RuntimeException: Failed to call write_mss 
Reason: C:/Users/tejasvissapragada/Documents/cs153a/vitis/lab3a_vitis/lab3a_project/export/lab3a_project/hw/design_1_wrapper.xsa is not available in the current workspace
use 'getprojects' command to see list of available projects in current workspace
	at com.xilinx.sdk.xsdb.XsdbCommandUtils.handleResult(XsdbCommandUtils.java:389) ~[com.xilinx.sdk.xsdb_1.0.0.202204140305.jar:?]
	at com.xilinx.sdk.xsdb.XsdbCommandUtils.executeAndRespond(XsdbCommandUtils.java:327) ~[com.xilinx.sdk.xsdb_1.0.0.202204140305.jar:?]
	at com.xilinx.sdk.sw.SwPlatformUtils.createDefaultMss(SwPlatformUtils.java:72) ~[com.xilinx.sdk.sw_1.0.0.202204140305.jar:?]
	at com.xilinx.sdx.sdk.core.util.BspCreationHelper.generateMssFile(BspCreationHelper.java:46) ~[com.xilinx.sdx.sdk.core_1.0.0.202204140305.jar:?]
	at com.xilinx.sdx.sdk.core.util.BspCreationHelper.create(BspCreationHelper.java:38) ~[com.xilinx.sdx.sdk.core_1.0.0.202204140305.jar:?]
	at com.xilinx.sdx.sdk.core.build.SdkMakefileGenerationListener.createSwPlatform(SdkMakefileGenerationListener.java:150) ~[com.xilinx.sdx.sdk.core_1.0.0.202204140305.jar:?]
	at com.xilinx.sdx.sdk.core.build.SdkMakefileGenerationListener.syncAppFlags(SdkMakefileGenerationListener.java:82) [com.xilinx.sdx.sdk.core_1.0.0.202204140305.jar:?]
	at com.xilinx.sdx.sdk.core.build.SdkMakefileGenerationListener.preMakefileGeneration(SdkMakefileGenerationListener.java:48) [com.xilinx.sdx.sdk.core_1.0.0.202204140305.jar:?]
	at com.xilinx.sdk.managedbuilder.XilinxGnuMakefileGenerator.notifyPreMakefileGenerationListeners(XilinxGnuMakefileGenerator.java:91) [com.xilinx.sdk.managedbuilder_1.0.0.202204140305.jar:?]
	at com.xilinx.sdk.managedbuilder.XilinxGnuMakefileGenerator.regenerateMakefiles(XilinxGnuMakefileGenerator.java:75) [com.xilinx.sdk.managedbuilder_1.0.0.202204140305.jar:?]
	at org.eclipse.cdt.managedbuilder.internal.core.CommonBuilder.performMakefileGeneration(CommonBuilder.java:1006) [org.eclipse.cdt.managedbuilder.core_8.6.0.201802261533.jar:?]
	at org.eclipse.cdt.managedbuilder.internal.core.CommonBuilder.performPrebuildGeneration(CommonBuilder.java:873) [org.eclipse.cdt.managedbuilder.core_8.6.0.201802261533.jar:?]
	at org.eclipse.cdt.managedbuilder.internal.core.CommonBuilder.build(CommonBuilder.java:748) [org.eclipse.cdt.managedbuilder.core_8.6.0.201802261533.jar:?]
	at org.eclipse.cdt.managedbuilder.internal.core.CommonBuilder.build(CommonBuilder.java:510) [org.eclipse.cdt.managedbuilder.core_8.6.0.201802261533.jar:?]
	at org.eclipse.cdt.managedbuilder.internal.core.CommonBuilder.build(CommonBuilder.java:459) [org.eclipse.cdt.managedbuilder.core_8.6.0.201802261533.jar:?]
	at org.eclipse.core.internal.events.BuildManager$2.run(BuildManager.java:832) [org.eclipse.core.resources_3.13.700.v20200209-1624.jar:?]
	at org.eclipse.core.runtime.SafeRunner.run(SafeRunner.java:45) [org.eclipse.equinox.common_3.11.0.v20200206-0817.jar:?]
	at org.eclipse.core.internal.events.BuildManager.basicBuild(BuildManager.java:220) [org.eclipse.core.resources_3.13.700.v20200209-1624.jar:?]
	at org.eclipse.core.internal.events.BuildManager.basicBuild(BuildManager.java:263) [org.eclipse.core.resources_3.13.700.v20200209-1624.jar:?]
	at org.eclipse.core.internal.events.BuildManager$1.run(BuildManager.java:316) [org.eclipse.core.resources_3.13.700.v20200209-1624.jar:?]
	at org.eclipse.core.runtime.SafeRunner.run(SafeRunner.java:45) [org.eclipse.equinox.common_3.11.0.v20200206-0817.jar:?]
	at org.eclipse.core.internal.events.BuildManager.basicBuild(BuildManager.java:319) [org.eclipse.core.resources_3.13.700.v20200209-1624.jar:?]
	at org.eclipse.core.internal.events.BuildManager.basicBuildLoop(BuildManager.java:371) [org.eclipse.core.resources_3.13.700.v20200209-1624.jar:?]
	at org.eclipse.core.internal.events.BuildManager.build(BuildManager.java:392) [org.eclipse.core.resources_3.13.700.v20200209-1624.jar:?]
	at org.eclipse.core.internal.resources.Workspace.buildInternal(Workspace.java:515) [org.eclipse.core.resources_3.13.700.v20200209-1624.jar:?]
	at org.eclipse.core.internal.resources.Workspace.build(Workspace.java:412) [org.eclipse.core.resources_3.13.700.v20200209-1624.jar:?]
	at org.eclipse.ui.actions.BuildAction$1.runInWorkspace(BuildAction.java:291) [org.eclipse.ui.ide_3.17.0.v20200217-1511.jar:?]
	at org.eclipse.core.internal.resources.InternalWorkspaceJob.run(InternalWorkspaceJob.java:42) [org.eclipse.core.resources_3.13.700.v20200209-1624.jar:?]
	at org.eclipse.core.internal.jobs.Worker.run(Worker.java:63) [org.eclipse.core.jobs_3.10.700.v20200106-1020.jar:?]
19:31:24 ERROR : Failed to compute checksum of hardware specification file used by project 'lab3a_application'
19:31:24 INFO  : Result from executing command 'getProjects': RemoteSystemsTempFiles;lab3a_application;lab3a_platform;lab3a_system
19:31:24 WARN  : Failed to closehw "C:/Users/tejasvissapragada/Documents/cs153a/vitis/lab3a_vitis/lab3a_project/export/lab3a_project/hw/design_1_wrapper.xsa"
Reason: C:/Users/tejasvissapragada/Documents/cs153a/vitis/lab3a_vitis/lab3a_project/export/lab3a_project/hw/design_1_wrapper.xsa is not available in the current workspace
use 'getprojects' command to see list of available projects in current workspace
19:31:24 INFO  : Result from executing command 'getProjects': RemoteSystemsTempFiles;lab3a_application;lab3a_platform;lab3a_system
19:31:24 ERROR : Failed to openhw "C:/Users/tejasvissapragada/Documents/cs153a/vitis/lab3a_vitis/lab3a_project/export/lab3a_project/hw/design_1_wrapper.xsa"
Reason: C:/Users/tejasvissapragada/Documents/cs153a/vitis/lab3a_vitis/lab3a_project/export/lab3a_project/hw/design_1_wrapper.xsa is not available in the current workspace
use 'getprojects' command to see list of available projects in current workspace
19:31:24 INFO  : Result from executing command 'getProjects': RemoteSystemsTempFiles;lab3a_application;lab3a_platform;lab3a_system
19:31:24 ERROR : Failed to openhw "C:/Users/tejasvissapragada/Documents/cs153a/vitis/lab3a_vitis/lab3a_project/export/lab3a_project/hw/design_1_wrapper.xsa"
Reason: C:/Users/tejasvissapragada/Documents/cs153a/vitis/lab3a_vitis/lab3a_project/export/lab3a_project/hw/design_1_wrapper.xsa is not available in the current workspace
use 'getprojects' command to see list of available projects in current workspace
19:31:24 INFO  : Result from executing command 'getProjects': RemoteSystemsTempFiles;lab3a_application;lab3a_platform;lab3a_system
19:31:24 ERROR : Failed to openhw "C:/Users/tejasvissapragada/Documents/cs153a/vitis/lab3a_vitis/lab3a_project/export/lab3a_project/hw/design_1_wrapper.xsa"
Reason: C:/Users/tejasvissapragada/Documents/cs153a/vitis/lab3a_vitis/lab3a_project/export/lab3a_project/hw/design_1_wrapper.xsa is not available in the current workspace
use 'getprojects' command to see list of available projects in current workspace
19:32:39 INFO  : Checking for BSP changes to sync application flags for project 'lab3a_application'...
19:32:39 INFO  : Result from executing command 'getProjects': RemoteSystemsTempFiles;lab3a_application;lab3a_platform;lab3a_system
19:32:39 ERROR : Failed to call write_mss 
Reason: C:/Users/tejasvissapragada/Documents/cs153a/vitis/lab3a_vitis/lab3a_project/export/lab3a_project/hw/design_1_wrapper.xsa is not available in the current workspace
use 'getprojects' command to see list of available projects in current workspace
19:32:39 ERROR : Failed to update application flags from BSP for 'lab3a_application'. Reason: Failed to call write_mss 
Reason: C:/Users/tejasvissapragada/Documents/cs153a/vitis/lab3a_vitis/lab3a_project/export/lab3a_project/hw/design_1_wrapper.xsa is not available in the current workspace
use 'getprojects' command to see list of available projects in current workspace
java.lang.RuntimeException: Failed to call write_mss 
Reason: C:/Users/tejasvissapragada/Documents/cs153a/vitis/lab3a_vitis/lab3a_project/export/lab3a_project/hw/design_1_wrapper.xsa is not available in the current workspace
use 'getprojects' command to see list of available projects in current workspace
	at com.xilinx.sdk.xsdb.XsdbCommandUtils.handleResult(XsdbCommandUtils.java:389) ~[com.xilinx.sdk.xsdb_1.0.0.202204140305.jar:?]
	at com.xilinx.sdk.xsdb.XsdbCommandUtils.executeAndRespond(XsdbCommandUtils.java:327) ~[com.xilinx.sdk.xsdb_1.0.0.202204140305.jar:?]
	at com.xilinx.sdk.sw.SwPlatformUtils.createDefaultMss(SwPlatformUtils.java:72) ~[com.xilinx.sdk.sw_1.0.0.202204140305.jar:?]
	at com.xilinx.sdx.sdk.core.util.BspCreationHelper.generateMssFile(BspCreationHelper.java:46) ~[com.xilinx.sdx.sdk.core_1.0.0.202204140305.jar:?]
	at com.xilinx.sdx.sdk.core.util.BspCreationHelper.create(BspCreationHelper.java:38) ~[com.xilinx.sdx.sdk.core_1.0.0.202204140305.jar:?]
	at com.xilinx.sdx.sdk.core.build.SdkMakefileGenerationListener.createSwPlatform(SdkMakefileGenerationListener.java:150) ~[com.xilinx.sdx.sdk.core_1.0.0.202204140305.jar:?]
	at com.xilinx.sdx.sdk.core.build.SdkMakefileGenerationListener.syncAppFlags(SdkMakefileGenerationListener.java:82) [com.xilinx.sdx.sdk.core_1.0.0.202204140305.jar:?]
	at com.xilinx.sdx.sdk.core.build.SdkMakefileGenerationListener.preMakefileGeneration(SdkMakefileGenerationListener.java:48) [com.xilinx.sdx.sdk.core_1.0.0.202204140305.jar:?]
	at com.xilinx.sdk.managedbuilder.XilinxGnuMakefileGenerator.notifyPreMakefileGenerationListeners(XilinxGnuMakefileGenerator.java:91) [com.xilinx.sdk.managedbuilder_1.0.0.202204140305.jar:?]
	at com.xilinx.sdk.managedbuilder.XilinxGnuMakefileGenerator.generateMakefiles(XilinxGnuMakefileGenerator.java:40) [com.xilinx.sdk.managedbuilder_1.0.0.202204140305.jar:?]
	at org.eclipse.cdt.managedbuilder.internal.core.CommonBuilder.performMakefileGeneration(CommonBuilder.java:1008) [org.eclipse.cdt.managedbuilder.core_8.6.0.201802261533.jar:?]
	at org.eclipse.cdt.managedbuilder.internal.core.CommonBuilder.performPrebuildGeneration(CommonBuilder.java:873) [org.eclipse.cdt.managedbuilder.core_8.6.0.201802261533.jar:?]
	at org.eclipse.cdt.managedbuilder.internal.core.CommonBuilder.build(CommonBuilder.java:748) [org.eclipse.cdt.managedbuilder.core_8.6.0.201802261533.jar:?]
	at org.eclipse.cdt.managedbuilder.internal.core.CommonBuilder.build(CommonBuilder.java:510) [org.eclipse.cdt.managedbuilder.core_8.6.0.201802261533.jar:?]
	at org.eclipse.cdt.managedbuilder.internal.core.CommonBuilder.build(CommonBuilder.java:459) [org.eclipse.cdt.managedbuilder.core_8.6.0.201802261533.jar:?]
	at org.eclipse.core.internal.events.BuildManager$2.run(BuildManager.java:832) [org.eclipse.core.resources_3.13.700.v20200209-1624.jar:?]
	at org.eclipse.core.runtime.SafeRunner.run(SafeRunner.java:45) [org.eclipse.equinox.common_3.11.0.v20200206-0817.jar:?]
	at org.eclipse.core.internal.events.BuildManager.basicBuild(BuildManager.java:220) [org.eclipse.core.resources_3.13.700.v20200209-1624.jar:?]
	at org.eclipse.core.internal.events.BuildManager.basicBuild(BuildManager.java:263) [org.eclipse.core.resources_3.13.700.v20200209-1624.jar:?]
	at org.eclipse.core.internal.events.BuildManager$1.run(BuildManager.java:316) [org.eclipse.core.resources_3.13.700.v20200209-1624.jar:?]
	at org.eclipse.core.runtime.SafeRunner.run(SafeRunner.java:45) [org.eclipse.equinox.common_3.11.0.v20200206-0817.jar:?]
	at org.eclipse.core.internal.events.BuildManager.basicBuild(BuildManager.java:319) [org.eclipse.core.resources_3.13.700.v20200209-1624.jar:?]
	at org.eclipse.core.internal.events.BuildManager.basicBuildLoop(BuildManager.java:371) [org.eclipse.core.resources_3.13.700.v20200209-1624.jar:?]
	at org.eclipse.core.internal.events.BuildManager.build(BuildManager.java:392) [org.eclipse.core.resources_3.13.700.v20200209-1624.jar:?]
	at org.eclipse.core.internal.resources.Workspace.buildInternal(Workspace.java:515) [org.eclipse.core.resources_3.13.700.v20200209-1624.jar:?]
	at org.eclipse.core.internal.resources.Workspace.build(Workspace.java:412) [org.eclipse.core.resources_3.13.700.v20200209-1624.jar:?]
	at org.eclipse.ui.actions.BuildAction$1.runInWorkspace(BuildAction.java:291) [org.eclipse.ui.ide_3.17.0.v20200217-1511.jar:?]
	at org.eclipse.core.internal.resources.InternalWorkspaceJob.run(InternalWorkspaceJob.java:42) [org.eclipse.core.resources_3.13.700.v20200209-1624.jar:?]
	at org.eclipse.core.internal.jobs.Worker.run(Worker.java:63) [org.eclipse.core.jobs_3.10.700.v20200106-1020.jar:?]
19:32:39 ERROR : Failed to compute checksum of hardware specification file used by project 'lab3a_application'
19:32:39 INFO  : Result from executing command 'getProjects': RemoteSystemsTempFiles;lab3a_application;lab3a_platform;lab3a_system
19:32:39 ERROR : Failed to openhw "C:/Users/tejasvissapragada/Documents/cs153a/vitis/lab3a_vitis/lab3a_project/export/lab3a_project/hw/design_1_wrapper.xsa"
Reason: C:/Users/tejasvissapragada/Documents/cs153a/vitis/lab3a_vitis/lab3a_project/export/lab3a_project/hw/design_1_wrapper.xsa is not available in the current workspace
use 'getprojects' command to see list of available projects in current workspace
19:32:39 INFO  : Result from executing command 'getProjects': RemoteSystemsTempFiles;lab3a_application;lab3a_platform;lab3a_system
19:32:39 ERROR : Failed to openhw "C:/Users/tejasvissapragada/Documents/cs153a/vitis/lab3a_vitis/lab3a_project/export/lab3a_project/hw/design_1_wrapper.xsa"
Reason: C:/Users/tejasvissapragada/Documents/cs153a/vitis/lab3a_vitis/lab3a_project/export/lab3a_project/hw/design_1_wrapper.xsa is not available in the current workspace
use 'getprojects' command to see list of available projects in current workspace
19:32:39 INFO  : Result from executing command 'getProjects': RemoteSystemsTempFiles;lab3a_application;lab3a_platform;lab3a_system
19:32:39 ERROR : Failed to openhw "C:/Users/tejasvissapragada/Documents/cs153a/vitis/lab3a_vitis/lab3a_project/export/lab3a_project/hw/design_1_wrapper.xsa"
Reason: C:/Users/tejasvissapragada/Documents/cs153a/vitis/lab3a_vitis/lab3a_project/export/lab3a_project/hw/design_1_wrapper.xsa is not available in the current workspace
use 'getprojects' command to see list of available projects in current workspace
19:34:07 ERROR : Unexpected error while reading linker script.
org.eclipse.core.internal.resources.ResourceException: File not found: C:\Users\tejasvissapragada\Documents\cs153a\vitis\lab3a_vitis\lab3a_application\src\lscript.ld.
	at org.eclipse.core.internal.localstore.FileSystemResourceManager.read(FileSystemResourceManager.java:835) ~[org.eclipse.core.resources_3.13.700.v20200209-1624.jar:?]
	at org.eclipse.core.internal.resources.File.getContents(File.java:275) ~[org.eclipse.core.resources_3.13.700.v20200209-1624.jar:?]
	at com.xilinx.ide.tools.lscript.ui.LscriptEditor.initLscriptEditorPage(LscriptEditor.java:142) [com.xilinx.ide.tools_1.0.0.202204140305.jar:?]
	at com.xilinx.ide.tools.lscript.ui.LscriptEditor$ResourceChangeListener.resourceChanged(LscriptEditor.java:186) [com.xilinx.ide.tools_1.0.0.202204140305.jar:?]
	at org.eclipse.core.internal.events.NotificationManager$1.run(NotificationManager.java:305) [org.eclipse.core.resources_3.13.700.v20200209-1624.jar:?]
	at org.eclipse.core.runtime.SafeRunner.run(SafeRunner.java:45) [org.eclipse.equinox.common_3.11.0.v20200206-0817.jar:?]
	at org.eclipse.core.internal.events.NotificationManager.notify(NotificationManager.java:295) [org.eclipse.core.resources_3.13.700.v20200209-1624.jar:?]
	at org.eclipse.core.internal.events.NotificationManager.broadcastChanges(NotificationManager.java:158) [org.eclipse.core.resources_3.13.700.v20200209-1624.jar:?]
	at org.eclipse.core.internal.resources.Workspace.broadcastPostChange(Workspace.java:380) [org.eclipse.core.resources_3.13.700.v20200209-1624.jar:?]
	at org.eclipse.core.internal.resources.Workspace.checkpoint(Workspace.java:575) [org.eclipse.core.resources_3.13.700.v20200209-1624.jar:?]
	at org.eclipse.ltk.core.refactoring.PerformChangeOperation$1.run(PerformChangeOperation.java:265) [org.eclipse.ltk.core.refactoring_3.10.400.v20200215-1156.jar:?]
	at org.eclipse.core.internal.resources.Workspace.run(Workspace.java:2292) [org.eclipse.core.resources_3.13.700.v20200209-1624.jar:?]
	at org.eclipse.core.internal.resources.Workspace.run(Workspace.java:2317) [org.eclipse.core.resources_3.13.700.v20200209-1624.jar:?]
	at org.eclipse.ltk.core.refactoring.PerformChangeOperation.executeChange(PerformChangeOperation.java:298) [org.eclipse.ltk.core.refactoring_3.10.400.v20200215-1156.jar:?]
	at org.eclipse.ltk.internal.ui.refactoring.UIPerformChangeOperation.executeChange(UIPerformChangeOperation.java:99) [org.eclipse.ltk.ui.refactoring_3.10.200.v20200221-2020.jar:?]
	at org.eclipse.ltk.core.refactoring.PerformChangeOperation.run(PerformChangeOperation.java:219) [org.eclipse.ltk.core.refactoring_3.10.400.v20200215-1156.jar:?]
	at org.eclipse.core.internal.resources.Workspace.run(Workspace.java:2292) [org.eclipse.core.resources_3.13.700.v20200209-1624.jar:?]
	at org.eclipse.core.internal.resources.Workspace.run(Workspace.java:2317) [org.eclipse.core.resources_3.13.700.v20200209-1624.jar:?]
	at org.eclipse.ltk.internal.ui.refactoring.WorkbenchRunnableAdapter.run(WorkbenchRunnableAdapter.java:89) [org.eclipse.ltk.ui.refactoring_3.10.200.v20200221-2020.jar:?]
	at org.eclipse.jface.operation.ModalContext$ModalContextThread.run(ModalContext.java:122) [org.eclipse.jface_3.19.0.v20200218-1607.jar:?]
Caused by: java.lang.Exception: File not found: C:\Users\tejasvissapragada\Documents\cs153a\vitis\lab3a_vitis\lab3a_application\src\lscript.ld.
	at org.eclipse.core.internal.resources.ResourceException.provideStackTrace(ResourceException.java:42) ~[org.eclipse.core.resources_3.13.700.v20200209-1624.jar:?]
	at org.eclipse.core.internal.resources.ResourceException.<init>(ResourceException.java:38) ~[org.eclipse.core.resources_3.13.700.v20200209-1624.jar:?]
	... 20 more
19:34:57 INFO  : Checking for BSP changes to sync application flags for project 'lab3a_application'...
19:36:56 INFO  : Checking for BSP changes to sync application flags for project 'lab3a_application'...
19:38:25 INFO  : Checking for BSP changes to sync application flags for project 'lab3a_application'...
19:38:59 INFO  : Checking for BSP changes to sync application flags for project 'lab3a_application'...
19:39:01 INFO  : Checking for BSP changes to sync application flags for project 'lab3a_application'...
19:39:13 INFO  : Checking for BSP changes to sync application flags for project 'lab3a_application'...
19:40:03 INFO  : Checking for BSP changes to sync application flags for project 'lab3a_application'...
19:40:42 INFO  : Connected to target on host '127.0.0.1' and port '3121'.
19:40:52 INFO  : ----------------XSDB Script----------------
connect -url tcp:127.0.0.1:3121
----------------End of Script----------------

19:40:52 ERROR : Could not find FPGA device on the board for connection 'Local'.


Troubleshooting hints:
1. Check whether board is connected to system properly.
2. In case of zynq board, check whether Digilent/Xilinx cable switch settings are correct.
3. If you are using Xilinx Platform Cable USB, ensure that status LED is green.
19:41:14 INFO  : Bit file 'C:/Users/tejasvissapragada/Documents/cs153a/vitis/lab3a_vitis/lab3a_application/_ide/bitstream/download.bit' is generated.
19:41:14 INFO  : Connected to target on host '127.0.0.1' and port '3121'.
19:41:14 INFO  : 'targets -set -filter {jtag_cable_name =~ "Digilent Nexys A7 -100T 210292BCFA48A" && level==0 && jtag_device_ctx=="jsn-Nexys A7 -100T-210292BCFA48A-13631093-0"}' command is executed.
19:41:17 INFO  : Device configured successfully with "C:/Users/tejasvissapragada/Documents/cs153a/vitis/lab3a_vitis/lab3a_application/_ide/bitstream/download.bit"
19:41:20 INFO  : Connected to target on host '127.0.0.1' and port '3121'.
19:41:21 INFO  : Jtag cable 'Digilent Nexys A7 -100T 210292BCFA48A' is selected.
19:41:21 INFO  : 'jtag frequency' command is executed.
19:41:21 INFO  : 'targets -set -filter {jtag_cable_name =~ "Digilent Nexys A7 -100T 210292BCFA48A" && level==0 && jtag_device_ctx=="jsn-Nexys A7 -100T-210292BCFA48A-13631093-0"}' command is executed.
19:41:23 INFO  : Device configured successfully with "C:/Users/tejasvissapragada/Documents/cs153a/vitis/lab3a_vitis/lab3a_application/_ide/bitstream/design_1_wrapper.bit"
19:41:23 INFO  : Context for processor 'microblaze_0' is selected.
19:41:23 INFO  : Hardware design and registers information is loaded from 'C:/Users/tejasvissapragada/Documents/cs153a/vitis/lab3a_vitis/lab3a_platform/export/lab3a_platform/hw/design_1_wrapper.xsa'.
19:41:23 INFO  : 'configparams mdm-detect-bscan-mask 2' command is executed.
19:41:23 INFO  : Context for processor 'microblaze_0' is selected.
19:41:23 INFO  : System reset is completed.
19:41:26 INFO  : 'after 3000' command is executed.
19:41:26 INFO  : Context for processor 'microblaze_0' is selected.
19:41:26 INFO  : The application 'C:/Users/tejasvissapragada/Documents/cs153a/vitis/lab3a_vitis/lab3a_application/Debug/lab3a_application.elf' is downloaded to processor 'microblaze_0'.
19:41:26 INFO  : ----------------XSDB Script----------------
connect -url tcp:127.0.0.1:3121
targets -set -filter {jtag_cable_name =~ "Digilent Nexys A7 -100T 210292BCFA48A" && level==0 && jtag_device_ctx=="jsn-Nexys A7 -100T-210292BCFA48A-13631093-0"}
fpga -file C:/Users/tejasvissapragada/Documents/cs153a/vitis/lab3a_vitis/lab3a_application/_ide/bitstream/design_1_wrapper.bit
targets -set -nocase -filter {name =~ "*microblaze*#0" && bscan=="USER2" }
loadhw -hw C:/Users/tejasvissapragada/Documents/cs153a/vitis/lab3a_vitis/lab3a_platform/export/lab3a_platform/hw/design_1_wrapper.xsa -regs
configparams mdm-detect-bscan-mask 2
targets -set -nocase -filter {name =~ "*microblaze*#0" && bscan=="USER2" }
rst -system
after 3000
targets -set -nocase -filter {name =~ "*microblaze*#0" && bscan=="USER2" }
dow C:/Users/tejasvissapragada/Documents/cs153a/vitis/lab3a_vitis/lab3a_application/Debug/lab3a_application.elf
----------------End of Script----------------

19:41:27 INFO  : Context for processor 'microblaze_0' is selected.
19:41:27 INFO  : 'con' command is executed.
19:41:27 INFO  : ----------------XSDB Script (After Launch)----------------
targets -set -nocase -filter {name =~ "*microblaze*#0" && bscan=="USER2" }
con
----------------End of Script----------------

19:41:27 INFO  : Launch script is exported to file 'C:\Users\tejasvissapragada\Documents\cs153a\vitis\lab3a_vitis\lab3a_system\_ide\scripts\debugger_lab3a_application-default.tcl'
19:45:00 INFO  : Disconnected from the channel tcfchan#4.
13:01:47 DEBUG : Logs will be stored at 'C:/Users/ranchen/Documents/GitHub/cs153a/vitis/lab3a_vitis/IDE.log'.
13:01:48 INFO  : Launching XSCT server: xsct.bat -n  -interactive C:\Users\ranchen\Documents\GitHub\cs153a\vitis\lab3a_vitis\temp_xsdb_launch_script.tcl
13:01:59 INFO  : Registering command handlers for Vitis TCF services
13:02:00 INFO  : Platform repository initialization has completed.
13:02:03 INFO  : XSCT server has started successfully.
13:02:08 INFO  : plnx-install-location is set to ''
13:02:08 INFO  : Successfully done setting XSCT server connection channel  
13:02:08 INFO  : Successfully done query RDI_DATADIR 
13:02:08 INFO  : Successfully done setting workspace for the tool. 
13:14:13 INFO  : Result from executing command 'getProjects': lab3a_platform
13:14:13 INFO  : Result from executing command 'getPlatforms': xilinx_vck190_base_202210_1|C:/Xilinx/Vitis/2022.1/base_platforms/xilinx_vck190_base_202210_1/xilinx_vck190_base_202210_1.xpfm;xilinx_vck190_base_dfx_202210_1|C:/Xilinx/Vitis/2022.1/base_platforms/xilinx_vck190_base_dfx_202210_1/xilinx_vck190_base_dfx_202210_1.xpfm;xilinx_vmk180_base_202210_1|C:/Xilinx/Vitis/2022.1/base_platforms/xilinx_vmk180_base_202210_1/xilinx_vmk180_base_202210_1.xpfm;xilinx_zcu102_base_202210_1|C:/Xilinx/Vitis/2022.1/base_platforms/xilinx_zcu102_base_202210_1/xilinx_zcu102_base_202210_1.xpfm;xilinx_zcu102_base_dfx_202210_1|C:/Xilinx/Vitis/2022.1/base_platforms/xilinx_zcu102_base_dfx_202210_1/xilinx_zcu102_base_dfx_202210_1.xpfm;xilinx_zcu104_base_202210_1|C:/Xilinx/Vitis/2022.1/base_platforms/xilinx_zcu104_base_202210_1/xilinx_zcu104_base_202210_1.xpfm
13:14:15 INFO  : Checking for BSP changes to sync application flags for project 'lab3a_application'...
13:54:47 INFO  : Checking for BSP changes to sync application flags for project 'lab3a_application'...
13:56:06 INFO  : Checking for BSP changes to sync application flags for project 'lab3a_application'...
13:56:19 INFO  : Checking for BSP changes to sync application flags for project 'lab3a_application'...
13:58:35 INFO  : Checking for BSP changes to sync application flags for project 'lab3a_application'...
13:59:10 INFO  : Checking for BSP changes to sync application flags for project 'lab3a_application'...
13:59:49 INFO  : Checking for BSP changes to sync application flags for project 'lab3a_application'...
13:59:57 INFO  : Connected to target on host '127.0.0.1' and port '3121'.
14:00:04 INFO  : Connected to target on host '127.0.0.1' and port '3121'.
14:00:04 INFO  : Jtag cable 'Digilent Nexys A7 -100T 210292BCFA48A' is selected.
14:00:04 INFO  : 'jtag frequency' command is executed.
14:00:05 INFO  : 'targets -set -filter {jtag_cable_name =~ "Digilent Nexys A7 -100T 210292BCFA48A" && level==0 && jtag_device_ctx=="jsn-Nexys A7 -100T-210292BCFA48A-13631093-0"}' command is executed.
14:00:08 INFO  : ----------------XSDB Script----------------
connect -url tcp:127.0.0.1:3121
----------------End of Script----------------

14:00:08 ERROR : Could not find FPGA device on the board for connection 'Local'.


Troubleshooting hints:
1. Check whether board is connected to system properly.
2. In case of zynq board, check whether Digilent/Xilinx cable switch settings are correct.
3. If you are using Xilinx Platform Cable USB, ensure that status LED is green.
14:00:10 INFO  : Device configured successfully with "C:/Users/ranchen/Documents/GitHub/cs153a/vitis/lab3a_vitis/lab3a_application/_ide/bitstream/design_1_wrapper.bit"
14:00:10 INFO  : Context for processor 'microblaze_0' is selected.
14:00:10 INFO  : Hardware design and registers information is loaded from 'C:/Users/ranchen/Documents/GitHub/cs153a/vitis/lab3a_vitis/lab3a_platform/export/lab3a_platform/hw/design_1_wrapper.xsa'.
14:00:10 INFO  : 'configparams mdm-detect-bscan-mask 2' command is executed.
14:00:10 INFO  : Context for processor 'microblaze_0' is selected.
14:00:10 INFO  : System reset is completed.
14:00:13 INFO  : 'after 3000' command is executed.
14:00:13 INFO  : Context for processor 'microblaze_0' is selected.
14:00:14 INFO  : The application 'C:/Users/ranchen/Documents/GitHub/cs153a/vitis/lab3a_vitis/lab3a_application/Debug/lab3a_application.elf' is downloaded to processor 'microblaze_0'.
14:00:14 INFO  : ----------------XSDB Script----------------
connect -url tcp:127.0.0.1:3121
targets -set -filter {jtag_cable_name =~ "Digilent Nexys A7 -100T 210292BCFA48A" && level==0 && jtag_device_ctx=="jsn-Nexys A7 -100T-210292BCFA48A-13631093-0"}
fpga -file C:/Users/ranchen/Documents/GitHub/cs153a/vitis/lab3a_vitis/lab3a_application/_ide/bitstream/design_1_wrapper.bit
targets -set -nocase -filter {name =~ "*microblaze*#0" && bscan=="USER2" }
loadhw -hw C:/Users/ranchen/Documents/GitHub/cs153a/vitis/lab3a_vitis/lab3a_platform/export/lab3a_platform/hw/design_1_wrapper.xsa -regs
configparams mdm-detect-bscan-mask 2
targets -set -nocase -filter {name =~ "*microblaze*#0" && bscan=="USER2" }
rst -system
after 3000
targets -set -nocase -filter {name =~ "*microblaze*#0" && bscan=="USER2" }
dow C:/Users/ranchen/Documents/GitHub/cs153a/vitis/lab3a_vitis/lab3a_application/Debug/lab3a_application.elf
----------------End of Script----------------

14:00:14 INFO  : Context for processor 'microblaze_0' is selected.
14:00:14 INFO  : 'con' command is executed.
14:00:14 INFO  : ----------------XSDB Script (After Launch)----------------
targets -set -nocase -filter {name =~ "*microblaze*#0" && bscan=="USER2" }
con
----------------End of Script----------------

14:00:14 INFO  : Launch script is exported to file 'C:\Users\ranchen\Documents\GitHub\cs153a\vitis\lab3a_vitis\lab3a_system\_ide\scripts\debugger_lab3a_application-default.tcl'
14:00:24 INFO  : Disconnected from the channel tcfchan#2.
14:00:25 INFO  : Connected to target on host '127.0.0.1' and port '3121'.
14:00:34 INFO  : ----------------XSDB Script----------------
connect -url tcp:127.0.0.1:3121
----------------End of Script----------------

14:00:34 ERROR : Could not find FPGA device on the board for connection 'Local'.


Troubleshooting hints:
1. Check whether board is connected to system properly.
2. In case of zynq board, check whether Digilent/Xilinx cable switch settings are correct.
3. If you are using Xilinx Platform Cable USB, ensure that status LED is green.
14:00:38 INFO  : Connected to target on host '127.0.0.1' and port '3121'.
14:00:38 INFO  : Jtag cable 'Digilent Nexys A7 -100T 210292BCFA48A' is selected.
14:00:38 INFO  : 'jtag frequency' command is executed.
14:00:38 INFO  : 'targets -set -filter {jtag_cable_name =~ "Digilent Nexys A7 -100T 210292BCFA48A" && level==0 && jtag_device_ctx=="jsn-Nexys A7 -100T-210292BCFA48A-13631093-0"}' command is executed.
14:00:40 INFO  : Device configured successfully with "C:/Users/ranchen/Documents/GitHub/cs153a/vitis/lab3a_vitis/lab3a_application/_ide/bitstream/design_1_wrapper.bit"
14:00:40 INFO  : Context for processor 'microblaze_0' is selected.
14:00:41 INFO  : Hardware design and registers information is loaded from 'C:/Users/ranchen/Documents/GitHub/cs153a/vitis/lab3a_vitis/lab3a_platform/export/lab3a_platform/hw/design_1_wrapper.xsa'.
14:00:41 INFO  : 'configparams mdm-detect-bscan-mask 2' command is executed.
14:00:41 INFO  : Context for processor 'microblaze_0' is selected.
14:00:41 INFO  : System reset is completed.
14:00:44 INFO  : 'after 3000' command is executed.
14:00:44 INFO  : Context for processor 'microblaze_0' is selected.
14:00:44 INFO  : The application 'C:/Users/ranchen/Documents/GitHub/cs153a/vitis/lab3a_vitis/lab3a_application/Debug/lab3a_application.elf' is downloaded to processor 'microblaze_0'.
14:00:44 INFO  : ----------------XSDB Script----------------
connect -url tcp:127.0.0.1:3121
targets -set -filter {jtag_cable_name =~ "Digilent Nexys A7 -100T 210292BCFA48A" && level==0 && jtag_device_ctx=="jsn-Nexys A7 -100T-210292BCFA48A-13631093-0"}
fpga -file C:/Users/ranchen/Documents/GitHub/cs153a/vitis/lab3a_vitis/lab3a_application/_ide/bitstream/design_1_wrapper.bit
targets -set -nocase -filter {name =~ "*microblaze*#0" && bscan=="USER2" }
loadhw -hw C:/Users/ranchen/Documents/GitHub/cs153a/vitis/lab3a_vitis/lab3a_platform/export/lab3a_platform/hw/design_1_wrapper.xsa -regs
configparams mdm-detect-bscan-mask 2
targets -set -nocase -filter {name =~ "*microblaze*#0" && bscan=="USER2" }
rst -system
after 3000
targets -set -nocase -filter {name =~ "*microblaze*#0" && bscan=="USER2" }
dow C:/Users/ranchen/Documents/GitHub/cs153a/vitis/lab3a_vitis/lab3a_application/Debug/lab3a_application.elf
----------------End of Script----------------

14:00:44 INFO  : Context for processor 'microblaze_0' is selected.
14:00:44 INFO  : 'con' command is executed.
14:00:44 INFO  : ----------------XSDB Script (After Launch)----------------
targets -set -nocase -filter {name =~ "*microblaze*#0" && bscan=="USER2" }
con
----------------End of Script----------------

14:00:44 INFO  : Launch script is exported to file 'C:\Users\ranchen\Documents\GitHub\cs153a\vitis\lab3a_vitis\lab3a_system\_ide\scripts\debugger_lab3a_application-default.tcl'
14:01:28 INFO  : Checking for BSP changes to sync application flags for project 'lab3a_application'...
14:01:35 INFO  : Disconnected from the channel tcfchan#3.
14:01:36 INFO  : Connected to target on host '127.0.0.1' and port '3121'.
14:01:36 INFO  : Jtag cable 'Digilent Nexys A7 -100T 210292BCFA48A' is selected.
14:01:36 INFO  : 'jtag frequency' command is executed.
14:01:36 INFO  : 'targets -set -filter {jtag_cable_name =~ "Digilent Nexys A7 -100T 210292BCFA48A" && level==0 && jtag_device_ctx=="jsn-Nexys A7 -100T-210292BCFA48A-13631093-0"}' command is executed.
14:01:38 INFO  : Device configured successfully with "C:/Users/ranchen/Documents/GitHub/cs153a/vitis/lab3a_vitis/lab3a_application/_ide/bitstream/design_1_wrapper.bit"
14:01:38 INFO  : Context for processor 'microblaze_0' is selected.
14:01:38 INFO  : Hardware design and registers information is loaded from 'C:/Users/ranchen/Documents/GitHub/cs153a/vitis/lab3a_vitis/lab3a_platform/export/lab3a_platform/hw/design_1_wrapper.xsa'.
14:01:38 INFO  : 'configparams mdm-detect-bscan-mask 2' command is executed.
14:01:38 INFO  : Context for processor 'microblaze_0' is selected.
14:01:38 INFO  : System reset is completed.
14:01:42 INFO  : 'after 3000' command is executed.
14:01:42 INFO  : Context for processor 'microblaze_0' is selected.
14:01:42 INFO  : The application 'C:/Users/ranchen/Documents/GitHub/cs153a/vitis/lab3a_vitis/lab3a_application/Debug/lab3a_application.elf' is downloaded to processor 'microblaze_0'.
14:01:42 INFO  : ----------------XSDB Script----------------
connect -url tcp:127.0.0.1:3121
targets -set -filter {jtag_cable_name =~ "Digilent Nexys A7 -100T 210292BCFA48A" && level==0 && jtag_device_ctx=="jsn-Nexys A7 -100T-210292BCFA48A-13631093-0"}
fpga -file C:/Users/ranchen/Documents/GitHub/cs153a/vitis/lab3a_vitis/lab3a_application/_ide/bitstream/design_1_wrapper.bit
targets -set -nocase -filter {name =~ "*microblaze*#0" && bscan=="USER2" }
loadhw -hw C:/Users/ranchen/Documents/GitHub/cs153a/vitis/lab3a_vitis/lab3a_platform/export/lab3a_platform/hw/design_1_wrapper.xsa -regs
configparams mdm-detect-bscan-mask 2
targets -set -nocase -filter {name =~ "*microblaze*#0" && bscan=="USER2" }
rst -system
after 3000
targets -set -nocase -filter {name =~ "*microblaze*#0" && bscan=="USER2" }
dow C:/Users/ranchen/Documents/GitHub/cs153a/vitis/lab3a_vitis/lab3a_application/Debug/lab3a_application.elf
----------------End of Script----------------

14:01:42 INFO  : Context for processor 'microblaze_0' is selected.
14:01:42 INFO  : 'con' command is executed.
14:01:42 INFO  : ----------------XSDB Script (After Launch)----------------
targets -set -nocase -filter {name =~ "*microblaze*#0" && bscan=="USER2" }
con
----------------End of Script----------------

14:01:42 INFO  : Launch script is exported to file 'C:\Users\ranchen\Documents\GitHub\cs153a\vitis\lab3a_vitis\lab3a_system\_ide\scripts\debugger_lab3a_application-default.tcl'
14:02:55 INFO  : Checking for BSP changes to sync application flags for project 'lab3a_application'...
14:02:58 INFO  : Disconnected from the channel tcfchan#4.
14:02:59 INFO  : Connected to target on host '127.0.0.1' and port '3121'.
14:03:08 INFO  : ----------------XSDB Script----------------
connect -url tcp:127.0.0.1:3121
----------------End of Script----------------

14:03:08 ERROR : Could not find FPGA device on the board for connection 'Local'.


Troubleshooting hints:
1. Check whether board is connected to system properly.
2. In case of zynq board, check whether Digilent/Xilinx cable switch settings are correct.
3. If you are using Xilinx Platform Cable USB, ensure that status LED is green.
14:03:18 INFO  : Connected to target on host '127.0.0.1' and port '3121'.
14:03:18 INFO  : Jtag cable 'Digilent Nexys A7 -100T 210292BCFA48A' is selected.
14:03:18 INFO  : 'jtag frequency' command is executed.
14:03:19 INFO  : 'targets -set -filter {jtag_cable_name =~ "Digilent Nexys A7 -100T 210292BCFA48A" && level==0 && jtag_device_ctx=="jsn-Nexys A7 -100T-210292BCFA48A-13631093-0"}' command is executed.
14:03:21 INFO  : Device configured successfully with "C:/Users/ranchen/Documents/GitHub/cs153a/vitis/lab3a_vitis/lab3a_application/_ide/bitstream/design_1_wrapper.bit"
14:03:21 INFO  : Context for processor 'microblaze_0' is selected.
14:03:21 INFO  : Hardware design and registers information is loaded from 'C:/Users/ranchen/Documents/GitHub/cs153a/vitis/lab3a_vitis/lab3a_platform/export/lab3a_platform/hw/design_1_wrapper.xsa'.
14:03:21 INFO  : 'configparams mdm-detect-bscan-mask 2' command is executed.
14:03:21 INFO  : Context for processor 'microblaze_0' is selected.
14:03:21 INFO  : System reset is completed.
14:03:24 INFO  : 'after 3000' command is executed.
14:03:24 INFO  : Context for processor 'microblaze_0' is selected.
14:03:24 INFO  : The application 'C:/Users/ranchen/Documents/GitHub/cs153a/vitis/lab3a_vitis/lab3a_application/Debug/lab3a_application.elf' is downloaded to processor 'microblaze_0'.
14:03:24 INFO  : ----------------XSDB Script----------------
connect -url tcp:127.0.0.1:3121
targets -set -filter {jtag_cable_name =~ "Digilent Nexys A7 -100T 210292BCFA48A" && level==0 && jtag_device_ctx=="jsn-Nexys A7 -100T-210292BCFA48A-13631093-0"}
fpga -file C:/Users/ranchen/Documents/GitHub/cs153a/vitis/lab3a_vitis/lab3a_application/_ide/bitstream/design_1_wrapper.bit
targets -set -nocase -filter {name =~ "*microblaze*#0" && bscan=="USER2" }
loadhw -hw C:/Users/ranchen/Documents/GitHub/cs153a/vitis/lab3a_vitis/lab3a_platform/export/lab3a_platform/hw/design_1_wrapper.xsa -regs
configparams mdm-detect-bscan-mask 2
targets -set -nocase -filter {name =~ "*microblaze*#0" && bscan=="USER2" }
rst -system
after 3000
targets -set -nocase -filter {name =~ "*microblaze*#0" && bscan=="USER2" }
dow C:/Users/ranchen/Documents/GitHub/cs153a/vitis/lab3a_vitis/lab3a_application/Debug/lab3a_application.elf
----------------End of Script----------------

14:03:24 INFO  : Context for processor 'microblaze_0' is selected.
14:03:24 INFO  : 'con' command is executed.
14:03:24 INFO  : ----------------XSDB Script (After Launch)----------------
targets -set -nocase -filter {name =~ "*microblaze*#0" && bscan=="USER2" }
con
----------------End of Script----------------

14:03:24 INFO  : Launch script is exported to file 'C:\Users\ranchen\Documents\GitHub\cs153a\vitis\lab3a_vitis\lab3a_system\_ide\scripts\debugger_lab3a_application-default.tcl'
14:04:33 INFO  : Checking for BSP changes to sync application flags for project 'lab3a_application'...
14:04:36 INFO  : Disconnected from the channel tcfchan#5.
14:04:37 INFO  : Connected to target on host '127.0.0.1' and port '3121'.
14:04:37 INFO  : Jtag cable 'Digilent Nexys A7 -100T 210292BCFA48A' is selected.
14:04:37 INFO  : 'jtag frequency' command is executed.
14:04:37 INFO  : 'targets -set -filter {jtag_cable_name =~ "Digilent Nexys A7 -100T 210292BCFA48A" && level==0 && jtag_device_ctx=="jsn-Nexys A7 -100T-210292BCFA48A-13631093-0"}' command is executed.
14:04:39 INFO  : Device configured successfully with "C:/Users/ranchen/Documents/GitHub/cs153a/vitis/lab3a_vitis/lab3a_application/_ide/bitstream/design_1_wrapper.bit"
14:04:39 INFO  : Context for processor 'microblaze_0' is selected.
14:04:39 INFO  : Hardware design and registers information is loaded from 'C:/Users/ranchen/Documents/GitHub/cs153a/vitis/lab3a_vitis/lab3a_platform/export/lab3a_platform/hw/design_1_wrapper.xsa'.
14:04:39 INFO  : 'configparams mdm-detect-bscan-mask 2' command is executed.
14:04:39 INFO  : Context for processor 'microblaze_0' is selected.
14:04:39 INFO  : System reset is completed.
14:04:42 INFO  : 'after 3000' command is executed.
14:04:42 INFO  : Context for processor 'microblaze_0' is selected.
14:04:43 INFO  : The application 'C:/Users/ranchen/Documents/GitHub/cs153a/vitis/lab3a_vitis/lab3a_application/Debug/lab3a_application.elf' is downloaded to processor 'microblaze_0'.
14:04:43 INFO  : ----------------XSDB Script----------------
connect -url tcp:127.0.0.1:3121
targets -set -filter {jtag_cable_name =~ "Digilent Nexys A7 -100T 210292BCFA48A" && level==0 && jtag_device_ctx=="jsn-Nexys A7 -100T-210292BCFA48A-13631093-0"}
fpga -file C:/Users/ranchen/Documents/GitHub/cs153a/vitis/lab3a_vitis/lab3a_application/_ide/bitstream/design_1_wrapper.bit
targets -set -nocase -filter {name =~ "*microblaze*#0" && bscan=="USER2" }
loadhw -hw C:/Users/ranchen/Documents/GitHub/cs153a/vitis/lab3a_vitis/lab3a_platform/export/lab3a_platform/hw/design_1_wrapper.xsa -regs
configparams mdm-detect-bscan-mask 2
targets -set -nocase -filter {name =~ "*microblaze*#0" && bscan=="USER2" }
rst -system
after 3000
targets -set -nocase -filter {name =~ "*microblaze*#0" && bscan=="USER2" }
dow C:/Users/ranchen/Documents/GitHub/cs153a/vitis/lab3a_vitis/lab3a_application/Debug/lab3a_application.elf
----------------End of Script----------------

14:04:43 INFO  : Context for processor 'microblaze_0' is selected.
14:04:43 INFO  : 'con' command is executed.
14:04:43 INFO  : ----------------XSDB Script (After Launch)----------------
targets -set -nocase -filter {name =~ "*microblaze*#0" && bscan=="USER2" }
con
----------------End of Script----------------

14:04:43 INFO  : Launch script is exported to file 'C:\Users\ranchen\Documents\GitHub\cs153a\vitis\lab3a_vitis\lab3a_system\_ide\scripts\debugger_lab3a_application-default.tcl'
14:05:35 INFO  : Checking for BSP changes to sync application flags for project 'lab3a_application'...
14:05:40 INFO  : Disconnected from the channel tcfchan#6.
14:05:41 INFO  : Connected to target on host '127.0.0.1' and port '3121'.
14:05:50 INFO  : ----------------XSDB Script----------------
connect -url tcp:127.0.0.1:3121
----------------End of Script----------------

14:05:50 ERROR : Could not find FPGA device on the board for connection 'Local'.


Troubleshooting hints:
1. Check whether board is connected to system properly.
2. In case of zynq board, check whether Digilent/Xilinx cable switch settings are correct.
3. If you are using Xilinx Platform Cable USB, ensure that status LED is green.
14:05:54 INFO  : Connected to target on host '127.0.0.1' and port '3121'.
14:05:54 INFO  : Jtag cable 'Digilent Nexys A7 -100T 210292BCFA48A' is selected.
14:05:54 INFO  : 'jtag frequency' command is executed.
14:05:54 INFO  : 'targets -set -filter {jtag_cable_name =~ "Digilent Nexys A7 -100T 210292BCFA48A" && level==0 && jtag_device_ctx=="jsn-Nexys A7 -100T-210292BCFA48A-13631093-0"}' command is executed.
14:05:56 INFO  : Device configured successfully with "C:/Users/ranchen/Documents/GitHub/cs153a/vitis/lab3a_vitis/lab3a_application/_ide/bitstream/design_1_wrapper.bit"
14:05:56 INFO  : Context for processor 'microblaze_0' is selected.
14:05:56 INFO  : Hardware design and registers information is loaded from 'C:/Users/ranchen/Documents/GitHub/cs153a/vitis/lab3a_vitis/lab3a_platform/export/lab3a_platform/hw/design_1_wrapper.xsa'.
14:05:56 INFO  : 'configparams mdm-detect-bscan-mask 2' command is executed.
14:05:56 INFO  : Context for processor 'microblaze_0' is selected.
14:05:56 INFO  : System reset is completed.
14:05:59 INFO  : 'after 3000' command is executed.
14:05:59 INFO  : Context for processor 'microblaze_0' is selected.
14:06:00 INFO  : The application 'C:/Users/ranchen/Documents/GitHub/cs153a/vitis/lab3a_vitis/lab3a_application/Debug/lab3a_application.elf' is downloaded to processor 'microblaze_0'.
14:06:00 INFO  : ----------------XSDB Script----------------
connect -url tcp:127.0.0.1:3121
targets -set -filter {jtag_cable_name =~ "Digilent Nexys A7 -100T 210292BCFA48A" && level==0 && jtag_device_ctx=="jsn-Nexys A7 -100T-210292BCFA48A-13631093-0"}
fpga -file C:/Users/ranchen/Documents/GitHub/cs153a/vitis/lab3a_vitis/lab3a_application/_ide/bitstream/design_1_wrapper.bit
targets -set -nocase -filter {name =~ "*microblaze*#0" && bscan=="USER2" }
loadhw -hw C:/Users/ranchen/Documents/GitHub/cs153a/vitis/lab3a_vitis/lab3a_platform/export/lab3a_platform/hw/design_1_wrapper.xsa -regs
configparams mdm-detect-bscan-mask 2
targets -set -nocase -filter {name =~ "*microblaze*#0" && bscan=="USER2" }
rst -system
after 3000
targets -set -nocase -filter {name =~ "*microblaze*#0" && bscan=="USER2" }
dow C:/Users/ranchen/Documents/GitHub/cs153a/vitis/lab3a_vitis/lab3a_application/Debug/lab3a_application.elf
----------------End of Script----------------

14:06:00 INFO  : Context for processor 'microblaze_0' is selected.
14:06:00 INFO  : 'con' command is executed.
14:06:00 INFO  : ----------------XSDB Script (After Launch)----------------
targets -set -nocase -filter {name =~ "*microblaze*#0" && bscan=="USER2" }
con
----------------End of Script----------------

14:06:00 INFO  : Launch script is exported to file 'C:\Users\ranchen\Documents\GitHub\cs153a\vitis\lab3a_vitis\lab3a_system\_ide\scripts\debugger_lab3a_application-default.tcl'
14:08:52 INFO  : Result from executing command 'getProjects': lab3a_platform
14:08:52 INFO  : Result from executing command 'getPlatforms': lab3a_platform|C:/Users/ranchen/Documents/GitHub/cs153a/vitis/lab3a_vitis/lab3a_platform/export/lab3a_platform/lab3a_platform.xpfm;xilinx_vck190_base_202210_1|C:/Xilinx/Vitis/2022.1/base_platforms/xilinx_vck190_base_202210_1/xilinx_vck190_base_202210_1.xpfm;xilinx_vck190_base_dfx_202210_1|C:/Xilinx/Vitis/2022.1/base_platforms/xilinx_vck190_base_dfx_202210_1/xilinx_vck190_base_dfx_202210_1.xpfm;xilinx_vmk180_base_202210_1|C:/Xilinx/Vitis/2022.1/base_platforms/xilinx_vmk180_base_202210_1/xilinx_vmk180_base_202210_1.xpfm;xilinx_zcu102_base_202210_1|C:/Xilinx/Vitis/2022.1/base_platforms/xilinx_zcu102_base_202210_1/xilinx_zcu102_base_202210_1.xpfm;xilinx_zcu102_base_dfx_202210_1|C:/Xilinx/Vitis/2022.1/base_platforms/xilinx_zcu102_base_dfx_202210_1/xilinx_zcu102_base_dfx_202210_1.xpfm;xilinx_zcu104_base_202210_1|C:/Xilinx/Vitis/2022.1/base_platforms/xilinx_zcu104_base_202210_1/xilinx_zcu104_base_202210_1.xpfm
14:08:53 INFO  : Checking for BSP changes to sync application flags for project 'lab3a_application'...
14:08:58 INFO  : Disconnected from the channel tcfchan#7.
14:08:59 INFO  : Connected to target on host '127.0.0.1' and port '3121'.
14:09:08 INFO  : ----------------XSDB Script----------------
connect -url tcp:127.0.0.1:3121
----------------End of Script----------------

14:09:08 ERROR : Could not find FPGA device on the board for connection 'Local'.


Troubleshooting hints:
1. Check whether board is connected to system properly.
2. In case of zynq board, check whether Digilent/Xilinx cable switch settings are correct.
3. If you are using Xilinx Platform Cable USB, ensure that status LED is green.
14:09:14 INFO  : Connected to target on host '127.0.0.1' and port '3121'.
14:09:14 INFO  : Jtag cable 'Digilent Nexys A7 -100T 210292BCFA48A' is selected.
14:09:14 INFO  : 'jtag frequency' command is executed.
14:09:14 INFO  : 'targets -set -filter {jtag_cable_name =~ "Digilent Nexys A7 -100T 210292BCFA48A" && level==0 && jtag_device_ctx=="jsn-Nexys A7 -100T-210292BCFA48A-13631093-0"}' command is executed.
14:09:16 INFO  : Device configured successfully with "C:/Users/ranchen/Documents/GitHub/cs153a/vitis/lab3a_vitis/lab3a_application/_ide/bitstream/design_1_wrapper.bit"
14:09:16 INFO  : Context for processor 'microblaze_0' is selected.
14:09:16 INFO  : Hardware design and registers information is loaded from 'C:/Users/ranchen/Documents/GitHub/cs153a/vitis/lab3a_vitis/lab3a_platform/export/lab3a_platform/hw/design_1_wrapper.xsa'.
14:09:16 INFO  : 'configparams mdm-detect-bscan-mask 2' command is executed.
14:09:16 INFO  : Context for processor 'microblaze_0' is selected.
14:09:16 INFO  : System reset is completed.
14:09:19 INFO  : 'after 3000' command is executed.
14:09:19 INFO  : Context for processor 'microblaze_0' is selected.
14:09:20 INFO  : The application 'C:/Users/ranchen/Documents/GitHub/cs153a/vitis/lab3a_vitis/lab3a_application/Debug/lab3a_application.elf' is downloaded to processor 'microblaze_0'.
14:09:20 INFO  : ----------------XSDB Script----------------
connect -url tcp:127.0.0.1:3121
targets -set -filter {jtag_cable_name =~ "Digilent Nexys A7 -100T 210292BCFA48A" && level==0 && jtag_device_ctx=="jsn-Nexys A7 -100T-210292BCFA48A-13631093-0"}
fpga -file C:/Users/ranchen/Documents/GitHub/cs153a/vitis/lab3a_vitis/lab3a_application/_ide/bitstream/design_1_wrapper.bit
targets -set -nocase -filter {name =~ "*microblaze*#0" && bscan=="USER2" }
loadhw -hw C:/Users/ranchen/Documents/GitHub/cs153a/vitis/lab3a_vitis/lab3a_platform/export/lab3a_platform/hw/design_1_wrapper.xsa -regs
configparams mdm-detect-bscan-mask 2
targets -set -nocase -filter {name =~ "*microblaze*#0" && bscan=="USER2" }
rst -system
after 3000
targets -set -nocase -filter {name =~ "*microblaze*#0" && bscan=="USER2" }
dow C:/Users/ranchen/Documents/GitHub/cs153a/vitis/lab3a_vitis/lab3a_application/Debug/lab3a_application.elf
----------------End of Script----------------

14:09:20 INFO  : Context for processor 'microblaze_0' is selected.
14:09:20 INFO  : 'con' command is executed.
14:09:20 INFO  : ----------------XSDB Script (After Launch)----------------
targets -set -nocase -filter {name =~ "*microblaze*#0" && bscan=="USER2" }
con
----------------End of Script----------------

14:09:20 INFO  : Launch script is exported to file 'C:\Users\ranchen\Documents\GitHub\cs153a\vitis\lab3a_vitis\lab3a_system\_ide\scripts\debugger_lab3a_application-default.tcl'
14:14:41 INFO  : Checking for BSP changes to sync application flags for project 'lab3a_application'...
14:14:51 INFO  : Checking for BSP changes to sync application flags for project 'lab3a_application'...
14:14:54 INFO  : Disconnected from the channel tcfchan#9.
14:14:55 INFO  : Connected to target on host '127.0.0.1' and port '3121'.
14:15:04 INFO  : ----------------XSDB Script----------------
connect -url tcp:127.0.0.1:3121
----------------End of Script----------------

14:15:04 ERROR : Could not find FPGA device on the board for connection 'Local'.


Troubleshooting hints:
1. Check whether board is connected to system properly.
2. In case of zynq board, check whether Digilent/Xilinx cable switch settings are correct.
3. If you are using Xilinx Platform Cable USB, ensure that status LED is green.
14:15:04 INFO  : Connected to target on host '127.0.0.1' and port '3121'.
14:15:04 INFO  : Jtag cable 'Digilent Nexys A7 -100T 210292BCFA48A' is selected.
14:15:04 INFO  : 'jtag frequency' command is executed.
14:15:05 INFO  : 'targets -set -filter {jtag_cable_name =~ "Digilent Nexys A7 -100T 210292BCFA48A" && level==0 && jtag_device_ctx=="jsn-Nexys A7 -100T-210292BCFA48A-13631093-0"}' command is executed.
14:15:07 INFO  : Device configured successfully with "C:/Users/ranchen/Documents/GitHub/cs153a/vitis/lab3a_vitis/lab3a_application/_ide/bitstream/design_1_wrapper.bit"
14:15:07 INFO  : Context for processor 'microblaze_0' is selected.
14:15:07 INFO  : Hardware design and registers information is loaded from 'C:/Users/ranchen/Documents/GitHub/cs153a/vitis/lab3a_vitis/lab3a_platform/export/lab3a_platform/hw/design_1_wrapper.xsa'.
14:15:07 INFO  : 'configparams mdm-detect-bscan-mask 2' command is executed.
14:15:07 INFO  : Context for processor 'microblaze_0' is selected.
14:15:07 INFO  : System reset is completed.
14:15:10 INFO  : 'after 3000' command is executed.
14:15:10 INFO  : Context for processor 'microblaze_0' is selected.
14:15:10 INFO  : The application 'C:/Users/ranchen/Documents/GitHub/cs153a/vitis/lab3a_vitis/lab3a_application/Debug/lab3a_application.elf' is downloaded to processor 'microblaze_0'.
14:15:10 INFO  : ----------------XSDB Script----------------
connect -url tcp:127.0.0.1:3121
targets -set -filter {jtag_cable_name =~ "Digilent Nexys A7 -100T 210292BCFA48A" && level==0 && jtag_device_ctx=="jsn-Nexys A7 -100T-210292BCFA48A-13631093-0"}
fpga -file C:/Users/ranchen/Documents/GitHub/cs153a/vitis/lab3a_vitis/lab3a_application/_ide/bitstream/design_1_wrapper.bit
targets -set -nocase -filter {name =~ "*microblaze*#0" && bscan=="USER2" }
loadhw -hw C:/Users/ranchen/Documents/GitHub/cs153a/vitis/lab3a_vitis/lab3a_platform/export/lab3a_platform/hw/design_1_wrapper.xsa -regs
configparams mdm-detect-bscan-mask 2
targets -set -nocase -filter {name =~ "*microblaze*#0" && bscan=="USER2" }
rst -system
after 3000
targets -set -nocase -filter {name =~ "*microblaze*#0" && bscan=="USER2" }
dow C:/Users/ranchen/Documents/GitHub/cs153a/vitis/lab3a_vitis/lab3a_application/Debug/lab3a_application.elf
----------------End of Script----------------

14:15:10 INFO  : Connected to target on host '127.0.0.1' and port '3121'.
14:15:10 INFO  : Context for processor 'microblaze_0' is selected.
14:15:10 INFO  : 'con' command is executed.
14:15:10 INFO  : ----------------XSDB Script (After Launch)----------------
targets -set -nocase -filter {name =~ "*microblaze*#0" && bscan=="USER2" }
con
----------------End of Script----------------

14:15:10 INFO  : Launch script is exported to file 'C:\Users\ranchen\Documents\GitHub\cs153a\vitis\lab3a_vitis\lab3a_system\_ide\scripts\debugger_lab3a_application-default.tcl'
14:15:10 INFO  : Jtag cable 'Digilent Nexys A7 -100T 210292BCFA48A' is selected.
14:15:10 INFO  : 'jtag frequency' command is executed.
14:15:10 INFO  : 'targets -set -filter {jtag_cable_name =~ "Digilent Nexys A7 -100T 210292BCFA48A" && level==0 && jtag_device_ctx=="jsn-Nexys A7 -100T-210292BCFA48A-13631093-0"}' command is executed.
14:15:13 INFO  : Device configured successfully with "C:/Users/ranchen/Documents/GitHub/cs153a/vitis/lab3a_vitis/lab3a_application/_ide/bitstream/design_1_wrapper.bit"
14:15:13 INFO  : Context for processor 'microblaze_0' is selected.
14:15:13 INFO  : Hardware design and registers information is loaded from 'C:/Users/ranchen/Documents/GitHub/cs153a/vitis/lab3a_vitis/lab3a_platform/export/lab3a_platform/hw/design_1_wrapper.xsa'.
14:15:13 INFO  : 'configparams mdm-detect-bscan-mask 2' command is executed.
14:15:13 INFO  : Context for processor 'microblaze_0' is selected.
14:15:13 INFO  : System reset is completed.
14:15:16 INFO  : 'after 3000' command is executed.
14:15:16 INFO  : Context for processor 'microblaze_0' is selected.
14:15:16 INFO  : The application 'C:/Users/ranchen/Documents/GitHub/cs153a/vitis/lab3a_vitis/lab3a_application/Debug/lab3a_application.elf' is downloaded to processor 'microblaze_0'.
14:15:16 INFO  : ----------------XSDB Script----------------
connect -url tcp:127.0.0.1:3121
targets -set -filter {jtag_cable_name =~ "Digilent Nexys A7 -100T 210292BCFA48A" && level==0 && jtag_device_ctx=="jsn-Nexys A7 -100T-210292BCFA48A-13631093-0"}
fpga -file C:/Users/ranchen/Documents/GitHub/cs153a/vitis/lab3a_vitis/lab3a_application/_ide/bitstream/design_1_wrapper.bit
targets -set -nocase -filter {name =~ "*microblaze*#0" && bscan=="USER2" }
loadhw -hw C:/Users/ranchen/Documents/GitHub/cs153a/vitis/lab3a_vitis/lab3a_platform/export/lab3a_platform/hw/design_1_wrapper.xsa -regs
configparams mdm-detect-bscan-mask 2
targets -set -nocase -filter {name =~ "*microblaze*#0" && bscan=="USER2" }
rst -system
after 3000
targets -set -nocase -filter {name =~ "*microblaze*#0" && bscan=="USER2" }
dow C:/Users/ranchen/Documents/GitHub/cs153a/vitis/lab3a_vitis/lab3a_application/Debug/lab3a_application.elf
----------------End of Script----------------

14:15:16 INFO  : Context for processor 'microblaze_0' is selected.
14:15:16 INFO  : 'con' command is executed.
14:15:16 INFO  : ----------------XSDB Script (After Launch)----------------
targets -set -nocase -filter {name =~ "*microblaze*#0" && bscan=="USER2" }
con
----------------End of Script----------------

14:15:16 INFO  : Launch script is exported to file 'C:\Users\ranchen\Documents\GitHub\cs153a\vitis\lab3a_vitis\lab3a_system\_ide\scripts\debugger_lab3a_application-default.tcl'
14:16:05 INFO  : Checking for BSP changes to sync application flags for project 'lab3a_application'...
14:16:07 INFO  : Disconnected from the channel tcfchan#10.
14:16:08 INFO  : Connected to target on host '127.0.0.1' and port '3121'.
14:16:08 INFO  : Jtag cable 'Digilent Nexys A7 -100T 210292BCFA48A' is selected.
14:16:08 INFO  : 'jtag frequency' command is executed.
14:16:08 INFO  : 'targets -set -filter {jtag_cable_name =~ "Digilent Nexys A7 -100T 210292BCFA48A" && level==0 && jtag_device_ctx=="jsn-Nexys A7 -100T-210292BCFA48A-13631093-0"}' command is executed.
14:16:11 INFO  : Device configured successfully with "C:/Users/ranchen/Documents/GitHub/cs153a/vitis/lab3a_vitis/lab3a_application/_ide/bitstream/design_1_wrapper.bit"
14:16:11 INFO  : Context for processor 'microblaze_0' is selected.
14:16:11 INFO  : Hardware design and registers information is loaded from 'C:/Users/ranchen/Documents/GitHub/cs153a/vitis/lab3a_vitis/lab3a_platform/export/lab3a_platform/hw/design_1_wrapper.xsa'.
14:16:11 INFO  : 'configparams mdm-detect-bscan-mask 2' command is executed.
14:16:11 INFO  : Context for processor 'microblaze_0' is selected.
14:16:11 INFO  : System reset is completed.
14:16:14 INFO  : 'after 3000' command is executed.
14:16:14 INFO  : Context for processor 'microblaze_0' is selected.
14:16:14 INFO  : The application 'C:/Users/ranchen/Documents/GitHub/cs153a/vitis/lab3a_vitis/lab3a_application/Debug/lab3a_application.elf' is downloaded to processor 'microblaze_0'.
14:16:14 INFO  : ----------------XSDB Script----------------
connect -url tcp:127.0.0.1:3121
targets -set -filter {jtag_cable_name =~ "Digilent Nexys A7 -100T 210292BCFA48A" && level==0 && jtag_device_ctx=="jsn-Nexys A7 -100T-210292BCFA48A-13631093-0"}
fpga -file C:/Users/ranchen/Documents/GitHub/cs153a/vitis/lab3a_vitis/lab3a_application/_ide/bitstream/design_1_wrapper.bit
targets -set -nocase -filter {name =~ "*microblaze*#0" && bscan=="USER2" }
loadhw -hw C:/Users/ranchen/Documents/GitHub/cs153a/vitis/lab3a_vitis/lab3a_platform/export/lab3a_platform/hw/design_1_wrapper.xsa -regs
configparams mdm-detect-bscan-mask 2
targets -set -nocase -filter {name =~ "*microblaze*#0" && bscan=="USER2" }
rst -system
after 3000
targets -set -nocase -filter {name =~ "*microblaze*#0" && bscan=="USER2" }
dow C:/Users/ranchen/Documents/GitHub/cs153a/vitis/lab3a_vitis/lab3a_application/Debug/lab3a_application.elf
----------------End of Script----------------

14:16:14 INFO  : Context for processor 'microblaze_0' is selected.
14:16:14 INFO  : 'con' command is executed.
14:16:14 INFO  : ----------------XSDB Script (After Launch)----------------
targets -set -nocase -filter {name =~ "*microblaze*#0" && bscan=="USER2" }
con
----------------End of Script----------------

14:16:14 INFO  : Launch script is exported to file 'C:\Users\ranchen\Documents\GitHub\cs153a\vitis\lab3a_vitis\lab3a_system\_ide\scripts\debugger_lab3a_application-default.tcl'
14:18:43 INFO  : Checking for BSP changes to sync application flags for project 'lab3a_application'...
14:18:45 INFO  : Disconnected from the channel tcfchan#11.
14:18:46 INFO  : Connected to target on host '127.0.0.1' and port '3121'.
14:18:46 INFO  : Jtag cable 'Digilent Nexys A7 -100T 210292BCFA48A' is selected.
14:18:46 INFO  : 'jtag frequency' command is executed.
14:18:47 INFO  : 'targets -set -filter {jtag_cable_name =~ "Digilent Nexys A7 -100T 210292BCFA48A" && level==0 && jtag_device_ctx=="jsn-Nexys A7 -100T-210292BCFA48A-13631093-0"}' command is executed.
14:18:49 INFO  : Device configured successfully with "C:/Users/ranchen/Documents/GitHub/cs153a/vitis/lab3a_vitis/lab3a_application/_ide/bitstream/design_1_wrapper.bit"
14:18:49 INFO  : Context for processor 'microblaze_0' is selected.
14:18:49 INFO  : Hardware design and registers information is loaded from 'C:/Users/ranchen/Documents/GitHub/cs153a/vitis/lab3a_vitis/lab3a_platform/export/lab3a_platform/hw/design_1_wrapper.xsa'.
14:18:49 INFO  : 'configparams mdm-detect-bscan-mask 2' command is executed.
14:18:49 INFO  : Context for processor 'microblaze_0' is selected.
14:18:49 INFO  : System reset is completed.
14:18:52 INFO  : 'after 3000' command is executed.
14:18:52 INFO  : Context for processor 'microblaze_0' is selected.
14:18:52 INFO  : The application 'C:/Users/ranchen/Documents/GitHub/cs153a/vitis/lab3a_vitis/lab3a_application/Debug/lab3a_application.elf' is downloaded to processor 'microblaze_0'.
14:18:52 INFO  : ----------------XSDB Script----------------
connect -url tcp:127.0.0.1:3121
targets -set -filter {jtag_cable_name =~ "Digilent Nexys A7 -100T 210292BCFA48A" && level==0 && jtag_device_ctx=="jsn-Nexys A7 -100T-210292BCFA48A-13631093-0"}
fpga -file C:/Users/ranchen/Documents/GitHub/cs153a/vitis/lab3a_vitis/lab3a_application/_ide/bitstream/design_1_wrapper.bit
targets -set -nocase -filter {name =~ "*microblaze*#0" && bscan=="USER2" }
loadhw -hw C:/Users/ranchen/Documents/GitHub/cs153a/vitis/lab3a_vitis/lab3a_platform/export/lab3a_platform/hw/design_1_wrapper.xsa -regs
configparams mdm-detect-bscan-mask 2
targets -set -nocase -filter {name =~ "*microblaze*#0" && bscan=="USER2" }
rst -system
after 3000
targets -set -nocase -filter {name =~ "*microblaze*#0" && bscan=="USER2" }
dow C:/Users/ranchen/Documents/GitHub/cs153a/vitis/lab3a_vitis/lab3a_application/Debug/lab3a_application.elf
----------------End of Script----------------

14:18:52 INFO  : Context for processor 'microblaze_0' is selected.
14:18:52 INFO  : 'con' command is executed.
14:18:52 INFO  : ----------------XSDB Script (After Launch)----------------
targets -set -nocase -filter {name =~ "*microblaze*#0" && bscan=="USER2" }
con
----------------End of Script----------------

14:18:52 INFO  : Launch script is exported to file 'C:\Users\ranchen\Documents\GitHub\cs153a\vitis\lab3a_vitis\lab3a_system\_ide\scripts\debugger_lab3a_application-default.tcl'
14:19:37 INFO  : Checking for BSP changes to sync application flags for project 'lab3a_application'...
14:19:43 INFO  : Disconnected from the channel tcfchan#12.
14:19:44 INFO  : Connected to target on host '127.0.0.1' and port '3121'.
14:19:45 INFO  : Jtag cable 'Digilent Nexys A7 -100T 210292BCFA48A' is selected.
14:19:45 INFO  : 'jtag frequency' command is executed.
14:19:45 INFO  : 'targets -set -filter {jtag_cable_name =~ "Digilent Nexys A7 -100T 210292BCFA48A" && level==0 && jtag_device_ctx=="jsn-Nexys A7 -100T-210292BCFA48A-13631093-0"}' command is executed.
14:19:47 INFO  : Device configured successfully with "C:/Users/ranchen/Documents/GitHub/cs153a/vitis/lab3a_vitis/lab3a_application/_ide/bitstream/design_1_wrapper.bit"
14:19:47 INFO  : Context for processor 'microblaze_0' is selected.
14:19:47 INFO  : Hardware design and registers information is loaded from 'C:/Users/ranchen/Documents/GitHub/cs153a/vitis/lab3a_vitis/lab3a_platform/export/lab3a_platform/hw/design_1_wrapper.xsa'.
14:19:47 INFO  : 'configparams mdm-detect-bscan-mask 2' command is executed.
14:19:47 INFO  : Context for processor 'microblaze_0' is selected.
14:19:47 INFO  : System reset is completed.
14:19:50 INFO  : 'after 3000' command is executed.
14:19:50 INFO  : Context for processor 'microblaze_0' is selected.
14:19:50 INFO  : The application 'C:/Users/ranchen/Documents/GitHub/cs153a/vitis/lab3a_vitis/lab3a_application/Debug/lab3a_application.elf' is downloaded to processor 'microblaze_0'.
14:19:50 INFO  : ----------------XSDB Script----------------
connect -url tcp:127.0.0.1:3121
targets -set -filter {jtag_cable_name =~ "Digilent Nexys A7 -100T 210292BCFA48A" && level==0 && jtag_device_ctx=="jsn-Nexys A7 -100T-210292BCFA48A-13631093-0"}
fpga -file C:/Users/ranchen/Documents/GitHub/cs153a/vitis/lab3a_vitis/lab3a_application/_ide/bitstream/design_1_wrapper.bit
targets -set -nocase -filter {name =~ "*microblaze*#0" && bscan=="USER2" }
loadhw -hw C:/Users/ranchen/Documents/GitHub/cs153a/vitis/lab3a_vitis/lab3a_platform/export/lab3a_platform/hw/design_1_wrapper.xsa -regs
configparams mdm-detect-bscan-mask 2
targets -set -nocase -filter {name =~ "*microblaze*#0" && bscan=="USER2" }
rst -system
after 3000
targets -set -nocase -filter {name =~ "*microblaze*#0" && bscan=="USER2" }
dow C:/Users/ranchen/Documents/GitHub/cs153a/vitis/lab3a_vitis/lab3a_application/Debug/lab3a_application.elf
----------------End of Script----------------

14:19:50 INFO  : Context for processor 'microblaze_0' is selected.
14:19:50 INFO  : 'con' command is executed.
14:19:50 INFO  : ----------------XSDB Script (After Launch)----------------
targets -set -nocase -filter {name =~ "*microblaze*#0" && bscan=="USER2" }
con
----------------End of Script----------------

14:19:50 INFO  : Launch script is exported to file 'C:\Users\ranchen\Documents\GitHub\cs153a\vitis\lab3a_vitis\lab3a_system\_ide\scripts\debugger_lab3a_application-default.tcl'
14:21:18 INFO  : Checking for BSP changes to sync application flags for project 'lab3a_application'...
14:21:20 INFO  : Disconnected from the channel tcfchan#13.
14:21:21 INFO  : Connected to target on host '127.0.0.1' and port '3121'.
14:21:21 INFO  : Jtag cable 'Digilent Nexys A7 -100T 210292BCFA48A' is selected.
14:21:21 INFO  : 'jtag frequency' command is executed.
14:21:21 INFO  : 'targets -set -filter {jtag_cable_name =~ "Digilent Nexys A7 -100T 210292BCFA48A" && level==0 && jtag_device_ctx=="jsn-Nexys A7 -100T-210292BCFA48A-13631093-0"}' command is executed.
14:21:24 INFO  : Device configured successfully with "C:/Users/ranchen/Documents/GitHub/cs153a/vitis/lab3a_vitis/lab3a_application/_ide/bitstream/design_1_wrapper.bit"
14:21:24 INFO  : Context for processor 'microblaze_0' is selected.
14:21:24 INFO  : Hardware design and registers information is loaded from 'C:/Users/ranchen/Documents/GitHub/cs153a/vitis/lab3a_vitis/lab3a_platform/export/lab3a_platform/hw/design_1_wrapper.xsa'.
14:21:24 INFO  : 'configparams mdm-detect-bscan-mask 2' command is executed.
14:21:24 INFO  : Context for processor 'microblaze_0' is selected.
14:21:24 INFO  : System reset is completed.
14:21:27 INFO  : 'after 3000' command is executed.
14:21:27 INFO  : Context for processor 'microblaze_0' is selected.
14:21:27 INFO  : The application 'C:/Users/ranchen/Documents/GitHub/cs153a/vitis/lab3a_vitis/lab3a_application/Debug/lab3a_application.elf' is downloaded to processor 'microblaze_0'.
14:21:27 INFO  : ----------------XSDB Script----------------
connect -url tcp:127.0.0.1:3121
targets -set -filter {jtag_cable_name =~ "Digilent Nexys A7 -100T 210292BCFA48A" && level==0 && jtag_device_ctx=="jsn-Nexys A7 -100T-210292BCFA48A-13631093-0"}
fpga -file C:/Users/ranchen/Documents/GitHub/cs153a/vitis/lab3a_vitis/lab3a_application/_ide/bitstream/design_1_wrapper.bit
targets -set -nocase -filter {name =~ "*microblaze*#0" && bscan=="USER2" }
loadhw -hw C:/Users/ranchen/Documents/GitHub/cs153a/vitis/lab3a_vitis/lab3a_platform/export/lab3a_platform/hw/design_1_wrapper.xsa -regs
configparams mdm-detect-bscan-mask 2
targets -set -nocase -filter {name =~ "*microblaze*#0" && bscan=="USER2" }
rst -system
after 3000
targets -set -nocase -filter {name =~ "*microblaze*#0" && bscan=="USER2" }
dow C:/Users/ranchen/Documents/GitHub/cs153a/vitis/lab3a_vitis/lab3a_application/Debug/lab3a_application.elf
----------------End of Script----------------

14:21:27 INFO  : Context for processor 'microblaze_0' is selected.
14:21:27 INFO  : 'con' command is executed.
14:21:27 INFO  : ----------------XSDB Script (After Launch)----------------
targets -set -nocase -filter {name =~ "*microblaze*#0" && bscan=="USER2" }
con
----------------End of Script----------------

14:21:27 INFO  : Launch script is exported to file 'C:\Users\ranchen\Documents\GitHub\cs153a\vitis\lab3a_vitis\lab3a_system\_ide\scripts\debugger_lab3a_application-default.tcl'
14:22:17 INFO  : Checking for BSP changes to sync application flags for project 'lab3a_application'...
14:22:22 INFO  : Disconnected from the channel tcfchan#14.
14:22:23 INFO  : Connected to target on host '127.0.0.1' and port '3121'.
14:22:23 INFO  : Jtag cable 'Digilent Nexys A7 -100T 210292BCFA48A' is selected.
14:22:23 INFO  : 'jtag frequency' command is executed.
14:22:23 INFO  : 'targets -set -filter {jtag_cable_name =~ "Digilent Nexys A7 -100T 210292BCFA48A" && level==0 && jtag_device_ctx=="jsn-Nexys A7 -100T-210292BCFA48A-13631093-0"}' command is executed.
14:22:25 INFO  : Device configured successfully with "C:/Users/ranchen/Documents/GitHub/cs153a/vitis/lab3a_vitis/lab3a_application/_ide/bitstream/design_1_wrapper.bit"
14:22:25 INFO  : Context for processor 'microblaze_0' is selected.
14:22:25 INFO  : Hardware design and registers information is loaded from 'C:/Users/ranchen/Documents/GitHub/cs153a/vitis/lab3a_vitis/lab3a_platform/export/lab3a_platform/hw/design_1_wrapper.xsa'.
14:22:25 INFO  : 'configparams mdm-detect-bscan-mask 2' command is executed.
14:22:25 INFO  : Context for processor 'microblaze_0' is selected.
14:22:25 INFO  : System reset is completed.
14:22:28 INFO  : 'after 3000' command is executed.
14:22:28 INFO  : Context for processor 'microblaze_0' is selected.
14:22:28 INFO  : The application 'C:/Users/ranchen/Documents/GitHub/cs153a/vitis/lab3a_vitis/lab3a_application/Debug/lab3a_application.elf' is downloaded to processor 'microblaze_0'.
14:22:28 INFO  : ----------------XSDB Script----------------
connect -url tcp:127.0.0.1:3121
targets -set -filter {jtag_cable_name =~ "Digilent Nexys A7 -100T 210292BCFA48A" && level==0 && jtag_device_ctx=="jsn-Nexys A7 -100T-210292BCFA48A-13631093-0"}
fpga -file C:/Users/ranchen/Documents/GitHub/cs153a/vitis/lab3a_vitis/lab3a_application/_ide/bitstream/design_1_wrapper.bit
targets -set -nocase -filter {name =~ "*microblaze*#0" && bscan=="USER2" }
loadhw -hw C:/Users/ranchen/Documents/GitHub/cs153a/vitis/lab3a_vitis/lab3a_platform/export/lab3a_platform/hw/design_1_wrapper.xsa -regs
configparams mdm-detect-bscan-mask 2
targets -set -nocase -filter {name =~ "*microblaze*#0" && bscan=="USER2" }
rst -system
after 3000
targets -set -nocase -filter {name =~ "*microblaze*#0" && bscan=="USER2" }
dow C:/Users/ranchen/Documents/GitHub/cs153a/vitis/lab3a_vitis/lab3a_application/Debug/lab3a_application.elf
----------------End of Script----------------

14:22:28 INFO  : Context for processor 'microblaze_0' is selected.
14:22:28 INFO  : 'con' command is executed.
14:22:28 INFO  : ----------------XSDB Script (After Launch)----------------
targets -set -nocase -filter {name =~ "*microblaze*#0" && bscan=="USER2" }
con
----------------End of Script----------------

14:22:28 INFO  : Launch script is exported to file 'C:\Users\ranchen\Documents\GitHub\cs153a\vitis\lab3a_vitis\lab3a_system\_ide\scripts\debugger_lab3a_application-default.tcl'
14:22:56 INFO  : Disconnected from the channel tcfchan#15.
14:22:57 INFO  : Connected to target on host '127.0.0.1' and port '3121'.
14:22:57 INFO  : Jtag cable 'Digilent Nexys A7 -100T 210292BCFA48A' is selected.
14:22:57 INFO  : 'jtag frequency' command is executed.
14:22:57 INFO  : 'targets -set -filter {jtag_cable_name =~ "Digilent Nexys A7 -100T 210292BCFA48A" && level==0 && jtag_device_ctx=="jsn-Nexys A7 -100T-210292BCFA48A-13631093-0"}' command is executed.
14:22:59 INFO  : Device configured successfully with "C:/Users/ranchen/Documents/GitHub/cs153a/vitis/lab3a_vitis/lab3a_application/_ide/bitstream/design_1_wrapper.bit"
14:22:59 INFO  : Context for processor 'microblaze_0' is selected.
14:22:59 INFO  : Hardware design and registers information is loaded from 'C:/Users/ranchen/Documents/GitHub/cs153a/vitis/lab3a_vitis/lab3a_platform/export/lab3a_platform/hw/design_1_wrapper.xsa'.
14:22:59 INFO  : 'configparams mdm-detect-bscan-mask 2' command is executed.
14:22:59 INFO  : Context for processor 'microblaze_0' is selected.
14:22:59 INFO  : System reset is completed.
14:23:02 INFO  : 'after 3000' command is executed.
14:23:02 INFO  : Context for processor 'microblaze_0' is selected.
14:23:02 INFO  : The application 'C:/Users/ranchen/Documents/GitHub/cs153a/vitis/lab3a_vitis/lab3a_application/Debug/lab3a_application.elf' is downloaded to processor 'microblaze_0'.
14:23:02 INFO  : ----------------XSDB Script----------------
connect -url tcp:127.0.0.1:3121
targets -set -filter {jtag_cable_name =~ "Digilent Nexys A7 -100T 210292BCFA48A" && level==0 && jtag_device_ctx=="jsn-Nexys A7 -100T-210292BCFA48A-13631093-0"}
fpga -file C:/Users/ranchen/Documents/GitHub/cs153a/vitis/lab3a_vitis/lab3a_application/_ide/bitstream/design_1_wrapper.bit
targets -set -nocase -filter {name =~ "*microblaze*#0" && bscan=="USER2" }
loadhw -hw C:/Users/ranchen/Documents/GitHub/cs153a/vitis/lab3a_vitis/lab3a_platform/export/lab3a_platform/hw/design_1_wrapper.xsa -regs
configparams mdm-detect-bscan-mask 2
targets -set -nocase -filter {name =~ "*microblaze*#0" && bscan=="USER2" }
rst -system
after 3000
targets -set -nocase -filter {name =~ "*microblaze*#0" && bscan=="USER2" }
dow C:/Users/ranchen/Documents/GitHub/cs153a/vitis/lab3a_vitis/lab3a_application/Debug/lab3a_application.elf
----------------End of Script----------------

14:23:02 INFO  : Context for processor 'microblaze_0' is selected.
14:23:02 INFO  : 'con' command is executed.
14:23:02 INFO  : ----------------XSDB Script (After Launch)----------------
targets -set -nocase -filter {name =~ "*microblaze*#0" && bscan=="USER2" }
con
----------------End of Script----------------

14:23:02 INFO  : Launch script is exported to file 'C:\Users\ranchen\Documents\GitHub\cs153a\vitis\lab3a_vitis\lab3a_system\_ide\scripts\debugger_lab3a_application-default.tcl'
14:26:49 INFO  : Checking for BSP changes to sync application flags for project 'lab3a_application'...
14:26:53 INFO  : Disconnected from the channel tcfchan#16.
14:26:54 INFO  : Connected to target on host '127.0.0.1' and port '3121'.
14:26:54 INFO  : Jtag cable 'Digilent Nexys A7 -100T 210292BCFA48A' is selected.
14:26:54 INFO  : 'jtag frequency' command is executed.
14:26:54 INFO  : 'targets -set -filter {jtag_cable_name =~ "Digilent Nexys A7 -100T 210292BCFA48A" && level==0 && jtag_device_ctx=="jsn-Nexys A7 -100T-210292BCFA48A-13631093-0"}' command is executed.
14:26:56 INFO  : Device configured successfully with "C:/Users/ranchen/Documents/GitHub/cs153a/vitis/lab3a_vitis/lab3a_application/_ide/bitstream/design_1_wrapper.bit"
14:26:56 INFO  : Context for processor 'microblaze_0' is selected.
14:26:56 INFO  : Hardware design and registers information is loaded from 'C:/Users/ranchen/Documents/GitHub/cs153a/vitis/lab3a_vitis/lab3a_platform/export/lab3a_platform/hw/design_1_wrapper.xsa'.
14:26:56 INFO  : 'configparams mdm-detect-bscan-mask 2' command is executed.
14:26:56 INFO  : Context for processor 'microblaze_0' is selected.
14:26:56 INFO  : System reset is completed.
14:26:59 INFO  : 'after 3000' command is executed.
14:26:59 INFO  : Context for processor 'microblaze_0' is selected.
14:26:59 INFO  : The application 'C:/Users/ranchen/Documents/GitHub/cs153a/vitis/lab3a_vitis/lab3a_application/Debug/lab3a_application.elf' is downloaded to processor 'microblaze_0'.
14:26:59 INFO  : ----------------XSDB Script----------------
connect -url tcp:127.0.0.1:3121
targets -set -filter {jtag_cable_name =~ "Digilent Nexys A7 -100T 210292BCFA48A" && level==0 && jtag_device_ctx=="jsn-Nexys A7 -100T-210292BCFA48A-13631093-0"}
fpga -file C:/Users/ranchen/Documents/GitHub/cs153a/vitis/lab3a_vitis/lab3a_application/_ide/bitstream/design_1_wrapper.bit
targets -set -nocase -filter {name =~ "*microblaze*#0" && bscan=="USER2" }
loadhw -hw C:/Users/ranchen/Documents/GitHub/cs153a/vitis/lab3a_vitis/lab3a_platform/export/lab3a_platform/hw/design_1_wrapper.xsa -regs
configparams mdm-detect-bscan-mask 2
targets -set -nocase -filter {name =~ "*microblaze*#0" && bscan=="USER2" }
rst -system
after 3000
targets -set -nocase -filter {name =~ "*microblaze*#0" && bscan=="USER2" }
dow C:/Users/ranchen/Documents/GitHub/cs153a/vitis/lab3a_vitis/lab3a_application/Debug/lab3a_application.elf
----------------End of Script----------------

14:26:59 INFO  : Context for processor 'microblaze_0' is selected.
14:26:59 INFO  : 'con' command is executed.
14:26:59 INFO  : ----------------XSDB Script (After Launch)----------------
targets -set -nocase -filter {name =~ "*microblaze*#0" && bscan=="USER2" }
con
----------------End of Script----------------

14:26:59 INFO  : Launch script is exported to file 'C:\Users\ranchen\Documents\GitHub\cs153a\vitis\lab3a_vitis\lab3a_system\_ide\scripts\debugger_lab3a_application-default.tcl'
14:31:07 INFO  : Checking for BSP changes to sync application flags for project 'lab3a_application'...
14:31:11 INFO  : Disconnected from the channel tcfchan#17.
14:31:12 INFO  : Connected to target on host '127.0.0.1' and port '3121'.
14:31:12 INFO  : Jtag cable 'Digilent Nexys A7 -100T 210292BCFA48A' is selected.
14:31:12 INFO  : 'jtag frequency' command is executed.
14:31:12 INFO  : 'targets -set -filter {jtag_cable_name =~ "Digilent Nexys A7 -100T 210292BCFA48A" && level==0 && jtag_device_ctx=="jsn-Nexys A7 -100T-210292BCFA48A-13631093-0"}' command is executed.
14:31:14 INFO  : Device configured successfully with "C:/Users/ranchen/Documents/GitHub/cs153a/vitis/lab3a_vitis/lab3a_application/_ide/bitstream/design_1_wrapper.bit"
14:31:14 INFO  : Context for processor 'microblaze_0' is selected.
14:31:14 INFO  : Hardware design and registers information is loaded from 'C:/Users/ranchen/Documents/GitHub/cs153a/vitis/lab3a_vitis/lab3a_platform/export/lab3a_platform/hw/design_1_wrapper.xsa'.
14:31:14 INFO  : 'configparams mdm-detect-bscan-mask 2' command is executed.
14:31:14 INFO  : Context for processor 'microblaze_0' is selected.
14:31:14 INFO  : System reset is completed.
14:31:17 INFO  : 'after 3000' command is executed.
14:31:17 INFO  : Context for processor 'microblaze_0' is selected.
14:31:17 INFO  : The application 'C:/Users/ranchen/Documents/GitHub/cs153a/vitis/lab3a_vitis/lab3a_application/Debug/lab3a_application.elf' is downloaded to processor 'microblaze_0'.
14:31:17 INFO  : ----------------XSDB Script----------------
connect -url tcp:127.0.0.1:3121
targets -set -filter {jtag_cable_name =~ "Digilent Nexys A7 -100T 210292BCFA48A" && level==0 && jtag_device_ctx=="jsn-Nexys A7 -100T-210292BCFA48A-13631093-0"}
fpga -file C:/Users/ranchen/Documents/GitHub/cs153a/vitis/lab3a_vitis/lab3a_application/_ide/bitstream/design_1_wrapper.bit
targets -set -nocase -filter {name =~ "*microblaze*#0" && bscan=="USER2" }
loadhw -hw C:/Users/ranchen/Documents/GitHub/cs153a/vitis/lab3a_vitis/lab3a_platform/export/lab3a_platform/hw/design_1_wrapper.xsa -regs
configparams mdm-detect-bscan-mask 2
targets -set -nocase -filter {name =~ "*microblaze*#0" && bscan=="USER2" }
rst -system
after 3000
targets -set -nocase -filter {name =~ "*microblaze*#0" && bscan=="USER2" }
dow C:/Users/ranchen/Documents/GitHub/cs153a/vitis/lab3a_vitis/lab3a_application/Debug/lab3a_application.elf
----------------End of Script----------------

14:31:18 INFO  : Context for processor 'microblaze_0' is selected.
14:31:18 INFO  : 'con' command is executed.
14:31:18 INFO  : ----------------XSDB Script (After Launch)----------------
targets -set -nocase -filter {name =~ "*microblaze*#0" && bscan=="USER2" }
con
----------------End of Script----------------

14:31:18 INFO  : Launch script is exported to file 'C:\Users\ranchen\Documents\GitHub\cs153a\vitis\lab3a_vitis\lab3a_system\_ide\scripts\debugger_lab3a_application-default.tcl'
14:32:42 INFO  : Checking for BSP changes to sync application flags for project 'lab3a_application'...
14:32:46 INFO  : Disconnected from the channel tcfchan#18.
14:32:47 INFO  : Connected to target on host '127.0.0.1' and port '3121'.
14:32:47 INFO  : Jtag cable 'Digilent Nexys A7 -100T 210292BCFA48A' is selected.
14:32:47 INFO  : 'jtag frequency' command is executed.
14:32:47 INFO  : 'targets -set -filter {jtag_cable_name =~ "Digilent Nexys A7 -100T 210292BCFA48A" && level==0 && jtag_device_ctx=="jsn-Nexys A7 -100T-210292BCFA48A-13631093-0"}' command is executed.
14:32:49 INFO  : Device configured successfully with "C:/Users/ranchen/Documents/GitHub/cs153a/vitis/lab3a_vitis/lab3a_application/_ide/bitstream/design_1_wrapper.bit"
14:32:49 INFO  : Context for processor 'microblaze_0' is selected.
14:32:49 INFO  : Hardware design and registers information is loaded from 'C:/Users/ranchen/Documents/GitHub/cs153a/vitis/lab3a_vitis/lab3a_platform/export/lab3a_platform/hw/design_1_wrapper.xsa'.
14:32:49 INFO  : 'configparams mdm-detect-bscan-mask 2' command is executed.
14:32:49 INFO  : Context for processor 'microblaze_0' is selected.
14:32:49 INFO  : System reset is completed.
14:32:52 INFO  : 'after 3000' command is executed.
14:32:52 INFO  : Context for processor 'microblaze_0' is selected.
14:32:52 INFO  : The application 'C:/Users/ranchen/Documents/GitHub/cs153a/vitis/lab3a_vitis/lab3a_application/Debug/lab3a_application.elf' is downloaded to processor 'microblaze_0'.
14:32:52 INFO  : ----------------XSDB Script----------------
connect -url tcp:127.0.0.1:3121
targets -set -filter {jtag_cable_name =~ "Digilent Nexys A7 -100T 210292BCFA48A" && level==0 && jtag_device_ctx=="jsn-Nexys A7 -100T-210292BCFA48A-13631093-0"}
fpga -file C:/Users/ranchen/Documents/GitHub/cs153a/vitis/lab3a_vitis/lab3a_application/_ide/bitstream/design_1_wrapper.bit
targets -set -nocase -filter {name =~ "*microblaze*#0" && bscan=="USER2" }
loadhw -hw C:/Users/ranchen/Documents/GitHub/cs153a/vitis/lab3a_vitis/lab3a_platform/export/lab3a_platform/hw/design_1_wrapper.xsa -regs
configparams mdm-detect-bscan-mask 2
targets -set -nocase -filter {name =~ "*microblaze*#0" && bscan=="USER2" }
rst -system
after 3000
targets -set -nocase -filter {name =~ "*microblaze*#0" && bscan=="USER2" }
dow C:/Users/ranchen/Documents/GitHub/cs153a/vitis/lab3a_vitis/lab3a_application/Debug/lab3a_application.elf
----------------End of Script----------------

14:32:52 INFO  : Context for processor 'microblaze_0' is selected.
14:32:52 INFO  : 'con' command is executed.
14:32:52 INFO  : ----------------XSDB Script (After Launch)----------------
targets -set -nocase -filter {name =~ "*microblaze*#0" && bscan=="USER2" }
con
----------------End of Script----------------

14:32:52 INFO  : Launch script is exported to file 'C:\Users\ranchen\Documents\GitHub\cs153a\vitis\lab3a_vitis\lab3a_system\_ide\scripts\debugger_lab3a_application-default.tcl'
16:22:53 INFO  : Checking for BSP changes to sync application flags for project 'lab3a_application'...
16:25:36 INFO  : Checking for BSP changes to sync application flags for project 'lab3a_application'...
16:25:39 INFO  : Disconnected from the channel tcfchan#19.
16:25:40 INFO  : Connected to target on host '127.0.0.1' and port '3121'.
16:25:40 INFO  : Jtag cable 'Digilent Nexys A7 -100T 210292BCFA48A' is selected.
16:25:40 INFO  : 'jtag frequency' command is executed.
16:25:40 INFO  : 'targets -set -filter {jtag_cable_name =~ "Digilent Nexys A7 -100T 210292BCFA48A" && level==0 && jtag_device_ctx=="jsn-Nexys A7 -100T-210292BCFA48A-13631093-0"}' command is executed.
16:25:42 INFO  : Device configured successfully with "C:/Users/ranchen/Documents/GitHub/cs153a/vitis/lab3a_vitis/lab3a_application/_ide/bitstream/design_1_wrapper.bit"
16:25:42 INFO  : Context for processor 'microblaze_0' is selected.
16:25:42 INFO  : Hardware design and registers information is loaded from 'C:/Users/ranchen/Documents/GitHub/cs153a/vitis/lab3a_vitis/lab3a_platform/export/lab3a_platform/hw/design_1_wrapper.xsa'.
16:25:42 INFO  : 'configparams mdm-detect-bscan-mask 2' command is executed.
16:25:42 INFO  : Context for processor 'microblaze_0' is selected.
16:25:42 INFO  : System reset is completed.
16:25:45 INFO  : 'after 3000' command is executed.
16:25:45 INFO  : Context for processor 'microblaze_0' is selected.
16:25:45 INFO  : The application 'C:/Users/ranchen/Documents/GitHub/cs153a/vitis/lab3a_vitis/lab3a_application/Debug/lab3a_application.elf' is downloaded to processor 'microblaze_0'.
16:25:45 INFO  : ----------------XSDB Script----------------
connect -url tcp:127.0.0.1:3121
targets -set -filter {jtag_cable_name =~ "Digilent Nexys A7 -100T 210292BCFA48A" && level==0 && jtag_device_ctx=="jsn-Nexys A7 -100T-210292BCFA48A-13631093-0"}
fpga -file C:/Users/ranchen/Documents/GitHub/cs153a/vitis/lab3a_vitis/lab3a_application/_ide/bitstream/design_1_wrapper.bit
targets -set -nocase -filter {name =~ "*microblaze*#0" && bscan=="USER2" }
loadhw -hw C:/Users/ranchen/Documents/GitHub/cs153a/vitis/lab3a_vitis/lab3a_platform/export/lab3a_platform/hw/design_1_wrapper.xsa -regs
configparams mdm-detect-bscan-mask 2
targets -set -nocase -filter {name =~ "*microblaze*#0" && bscan=="USER2" }
rst -system
after 3000
targets -set -nocase -filter {name =~ "*microblaze*#0" && bscan=="USER2" }
dow C:/Users/ranchen/Documents/GitHub/cs153a/vitis/lab3a_vitis/lab3a_application/Debug/lab3a_application.elf
----------------End of Script----------------

16:25:45 INFO  : Context for processor 'microblaze_0' is selected.
16:25:46 INFO  : 'con' command is executed.
16:25:46 INFO  : ----------------XSDB Script (After Launch)----------------
targets -set -nocase -filter {name =~ "*microblaze*#0" && bscan=="USER2" }
con
----------------End of Script----------------

16:25:46 INFO  : Launch script is exported to file 'C:\Users\ranchen\Documents\GitHub\cs153a\vitis\lab3a_vitis\lab3a_system\_ide\scripts\debugger_lab3a_application-default.tcl'
16:26:45 INFO  : Checking for BSP changes to sync application flags for project 'lab3a_application'...
16:26:55 INFO  : Disconnected from the channel tcfchan#20.
16:26:56 INFO  : Connected to target on host '127.0.0.1' and port '3121'.
16:26:56 INFO  : Jtag cable 'Digilent Nexys A7 -100T 210292BCFA48A' is selected.
16:26:56 INFO  : 'jtag frequency' command is executed.
16:26:56 INFO  : 'targets -set -filter {jtag_cable_name =~ "Digilent Nexys A7 -100T 210292BCFA48A" && level==0 && jtag_device_ctx=="jsn-Nexys A7 -100T-210292BCFA48A-13631093-0"}' command is executed.
16:26:58 INFO  : Device configured successfully with "C:/Users/ranchen/Documents/GitHub/cs153a/vitis/lab3a_vitis/lab3a_application/_ide/bitstream/design_1_wrapper.bit"
16:26:58 INFO  : Context for processor 'microblaze_0' is selected.
16:26:58 INFO  : Hardware design and registers information is loaded from 'C:/Users/ranchen/Documents/GitHub/cs153a/vitis/lab3a_vitis/lab3a_platform/export/lab3a_platform/hw/design_1_wrapper.xsa'.
16:26:58 INFO  : 'configparams mdm-detect-bscan-mask 2' command is executed.
16:26:58 INFO  : Context for processor 'microblaze_0' is selected.
16:26:58 INFO  : System reset is completed.
16:27:01 INFO  : 'after 3000' command is executed.
16:27:01 INFO  : Context for processor 'microblaze_0' is selected.
16:27:01 INFO  : The application 'C:/Users/ranchen/Documents/GitHub/cs153a/vitis/lab3a_vitis/lab3a_application/Debug/lab3a_application.elf' is downloaded to processor 'microblaze_0'.
16:27:01 INFO  : ----------------XSDB Script----------------
connect -url tcp:127.0.0.1:3121
targets -set -filter {jtag_cable_name =~ "Digilent Nexys A7 -100T 210292BCFA48A" && level==0 && jtag_device_ctx=="jsn-Nexys A7 -100T-210292BCFA48A-13631093-0"}
fpga -file C:/Users/ranchen/Documents/GitHub/cs153a/vitis/lab3a_vitis/lab3a_application/_ide/bitstream/design_1_wrapper.bit
targets -set -nocase -filter {name =~ "*microblaze*#0" && bscan=="USER2" }
loadhw -hw C:/Users/ranchen/Documents/GitHub/cs153a/vitis/lab3a_vitis/lab3a_platform/export/lab3a_platform/hw/design_1_wrapper.xsa -regs
configparams mdm-detect-bscan-mask 2
targets -set -nocase -filter {name =~ "*microblaze*#0" && bscan=="USER2" }
rst -system
after 3000
targets -set -nocase -filter {name =~ "*microblaze*#0" && bscan=="USER2" }
dow C:/Users/ranchen/Documents/GitHub/cs153a/vitis/lab3a_vitis/lab3a_application/Debug/lab3a_application.elf
----------------End of Script----------------

16:27:01 INFO  : Context for processor 'microblaze_0' is selected.
16:27:02 INFO  : 'con' command is executed.
16:27:02 INFO  : ----------------XSDB Script (After Launch)----------------
targets -set -nocase -filter {name =~ "*microblaze*#0" && bscan=="USER2" }
con
----------------End of Script----------------

16:27:02 INFO  : Launch script is exported to file 'C:\Users\ranchen\Documents\GitHub\cs153a\vitis\lab3a_vitis\lab3a_system\_ide\scripts\debugger_lab3a_application-default.tcl'
16:27:48 INFO  : Checking for BSP changes to sync application flags for project 'lab3a_application'...
16:28:00 INFO  : Checking for BSP changes to sync application flags for project 'lab3a_application'...
16:28:04 INFO  : Disconnected from the channel tcfchan#21.
16:28:05 INFO  : Connected to target on host '127.0.0.1' and port '3121'.
16:28:05 INFO  : Jtag cable 'Digilent Nexys A7 -100T 210292BCFA48A' is selected.
16:28:05 INFO  : 'jtag frequency' command is executed.
16:28:05 INFO  : 'targets -set -filter {jtag_cable_name =~ "Digilent Nexys A7 -100T 210292BCFA48A" && level==0 && jtag_device_ctx=="jsn-Nexys A7 -100T-210292BCFA48A-13631093-0"}' command is executed.
16:28:07 INFO  : Device configured successfully with "C:/Users/ranchen/Documents/GitHub/cs153a/vitis/lab3a_vitis/lab3a_application/_ide/bitstream/design_1_wrapper.bit"
16:28:07 INFO  : Context for processor 'microblaze_0' is selected.
16:28:07 INFO  : Hardware design and registers information is loaded from 'C:/Users/ranchen/Documents/GitHub/cs153a/vitis/lab3a_vitis/lab3a_platform/export/lab3a_platform/hw/design_1_wrapper.xsa'.
16:28:07 INFO  : 'configparams mdm-detect-bscan-mask 2' command is executed.
16:28:07 INFO  : Context for processor 'microblaze_0' is selected.
16:28:07 INFO  : System reset is completed.
16:28:10 INFO  : 'after 3000' command is executed.
16:28:10 INFO  : Context for processor 'microblaze_0' is selected.
16:28:11 INFO  : The application 'C:/Users/ranchen/Documents/GitHub/cs153a/vitis/lab3a_vitis/lab3a_application/Debug/lab3a_application.elf' is downloaded to processor 'microblaze_0'.
16:28:11 INFO  : ----------------XSDB Script----------------
connect -url tcp:127.0.0.1:3121
targets -set -filter {jtag_cable_name =~ "Digilent Nexys A7 -100T 210292BCFA48A" && level==0 && jtag_device_ctx=="jsn-Nexys A7 -100T-210292BCFA48A-13631093-0"}
fpga -file C:/Users/ranchen/Documents/GitHub/cs153a/vitis/lab3a_vitis/lab3a_application/_ide/bitstream/design_1_wrapper.bit
targets -set -nocase -filter {name =~ "*microblaze*#0" && bscan=="USER2" }
loadhw -hw C:/Users/ranchen/Documents/GitHub/cs153a/vitis/lab3a_vitis/lab3a_platform/export/lab3a_platform/hw/design_1_wrapper.xsa -regs
configparams mdm-detect-bscan-mask 2
targets -set -nocase -filter {name =~ "*microblaze*#0" && bscan=="USER2" }
rst -system
after 3000
targets -set -nocase -filter {name =~ "*microblaze*#0" && bscan=="USER2" }
dow C:/Users/ranchen/Documents/GitHub/cs153a/vitis/lab3a_vitis/lab3a_application/Debug/lab3a_application.elf
----------------End of Script----------------

16:28:11 INFO  : Context for processor 'microblaze_0' is selected.
16:28:11 INFO  : 'con' command is executed.
16:28:11 INFO  : ----------------XSDB Script (After Launch)----------------
targets -set -nocase -filter {name =~ "*microblaze*#0" && bscan=="USER2" }
con
----------------End of Script----------------

16:28:11 INFO  : Launch script is exported to file 'C:\Users\ranchen\Documents\GitHub\cs153a\vitis\lab3a_vitis\lab3a_system\_ide\scripts\debugger_lab3a_application-default.tcl'
16:29:03 INFO  : Checking for BSP changes to sync application flags for project 'lab3a_application'...
16:29:13 INFO  : Disconnected from the channel tcfchan#22.
16:29:14 INFO  : Connected to target on host '127.0.0.1' and port '3121'.
16:29:14 INFO  : Jtag cable 'Digilent Nexys A7 -100T 210292BCFA48A' is selected.
16:29:14 INFO  : 'jtag frequency' command is executed.
16:29:15 INFO  : 'targets -set -filter {jtag_cable_name =~ "Digilent Nexys A7 -100T 210292BCFA48A" && level==0 && jtag_device_ctx=="jsn-Nexys A7 -100T-210292BCFA48A-13631093-0"}' command is executed.
16:29:17 INFO  : Device configured successfully with "C:/Users/ranchen/Documents/GitHub/cs153a/vitis/lab3a_vitis/lab3a_application/_ide/bitstream/design_1_wrapper.bit"
16:29:17 INFO  : Context for processor 'microblaze_0' is selected.
16:29:17 INFO  : Hardware design and registers information is loaded from 'C:/Users/ranchen/Documents/GitHub/cs153a/vitis/lab3a_vitis/lab3a_platform/export/lab3a_platform/hw/design_1_wrapper.xsa'.
16:29:17 INFO  : 'configparams mdm-detect-bscan-mask 2' command is executed.
16:29:17 INFO  : Context for processor 'microblaze_0' is selected.
16:29:17 INFO  : System reset is completed.
16:29:20 INFO  : 'after 3000' command is executed.
16:29:20 INFO  : Context for processor 'microblaze_0' is selected.
16:29:20 INFO  : The application 'C:/Users/ranchen/Documents/GitHub/cs153a/vitis/lab3a_vitis/lab3a_application/Debug/lab3a_application.elf' is downloaded to processor 'microblaze_0'.
16:29:20 INFO  : ----------------XSDB Script----------------
connect -url tcp:127.0.0.1:3121
targets -set -filter {jtag_cable_name =~ "Digilent Nexys A7 -100T 210292BCFA48A" && level==0 && jtag_device_ctx=="jsn-Nexys A7 -100T-210292BCFA48A-13631093-0"}
fpga -file C:/Users/ranchen/Documents/GitHub/cs153a/vitis/lab3a_vitis/lab3a_application/_ide/bitstream/design_1_wrapper.bit
targets -set -nocase -filter {name =~ "*microblaze*#0" && bscan=="USER2" }
loadhw -hw C:/Users/ranchen/Documents/GitHub/cs153a/vitis/lab3a_vitis/lab3a_platform/export/lab3a_platform/hw/design_1_wrapper.xsa -regs
configparams mdm-detect-bscan-mask 2
targets -set -nocase -filter {name =~ "*microblaze*#0" && bscan=="USER2" }
rst -system
after 3000
targets -set -nocase -filter {name =~ "*microblaze*#0" && bscan=="USER2" }
dow C:/Users/ranchen/Documents/GitHub/cs153a/vitis/lab3a_vitis/lab3a_application/Debug/lab3a_application.elf
----------------End of Script----------------

16:29:20 INFO  : Context for processor 'microblaze_0' is selected.
16:29:20 INFO  : 'con' command is executed.
16:29:20 INFO  : ----------------XSDB Script (After Launch)----------------
targets -set -nocase -filter {name =~ "*microblaze*#0" && bscan=="USER2" }
con
----------------End of Script----------------

16:29:20 INFO  : Launch script is exported to file 'C:\Users\ranchen\Documents\GitHub\cs153a\vitis\lab3a_vitis\lab3a_system\_ide\scripts\debugger_lab3a_application-default.tcl'
16:30:01 INFO  : Checking for BSP changes to sync application flags for project 'lab3a_application'...
16:30:03 INFO  : Disconnected from the channel tcfchan#23.
16:30:04 INFO  : Connected to target on host '127.0.0.1' and port '3121'.
16:30:04 INFO  : Jtag cable 'Digilent Nexys A7 -100T 210292BCFA48A' is selected.
16:30:04 INFO  : 'jtag frequency' command is executed.
16:30:04 INFO  : 'targets -set -filter {jtag_cable_name =~ "Digilent Nexys A7 -100T 210292BCFA48A" && level==0 && jtag_device_ctx=="jsn-Nexys A7 -100T-210292BCFA48A-13631093-0"}' command is executed.
16:30:07 INFO  : Device configured successfully with "C:/Users/ranchen/Documents/GitHub/cs153a/vitis/lab3a_vitis/lab3a_application/_ide/bitstream/design_1_wrapper.bit"
16:30:07 INFO  : Connected to target on host '127.0.0.1' and port '3121'.
16:30:07 INFO  : Context for processor 'microblaze_0' is selected.
16:30:07 INFO  : Hardware design and registers information is loaded from 'C:/Users/ranchen/Documents/GitHub/cs153a/vitis/lab3a_vitis/lab3a_platform/export/lab3a_platform/hw/design_1_wrapper.xsa'.
16:30:07 INFO  : 'configparams mdm-detect-bscan-mask 2' command is executed.
16:30:07 INFO  : Context for processor 'microblaze_0' is selected.
16:30:07 INFO  : System reset is completed.
16:30:10 INFO  : 'after 3000' command is executed.
16:30:10 INFO  : Context for processor 'microblaze_0' is selected.
16:30:10 INFO  : The application 'C:/Users/ranchen/Documents/GitHub/cs153a/vitis/lab3a_vitis/lab3a_application/Debug/lab3a_application.elf' is downloaded to processor 'microblaze_0'.
16:30:10 INFO  : ----------------XSDB Script----------------
connect -url tcp:127.0.0.1:3121
targets -set -filter {jtag_cable_name =~ "Digilent Nexys A7 -100T 210292BCFA48A" && level==0 && jtag_device_ctx=="jsn-Nexys A7 -100T-210292BCFA48A-13631093-0"}
fpga -file C:/Users/ranchen/Documents/GitHub/cs153a/vitis/lab3a_vitis/lab3a_application/_ide/bitstream/design_1_wrapper.bit
targets -set -nocase -filter {name =~ "*microblaze*#0" && bscan=="USER2" }
loadhw -hw C:/Users/ranchen/Documents/GitHub/cs153a/vitis/lab3a_vitis/lab3a_platform/export/lab3a_platform/hw/design_1_wrapper.xsa -regs
configparams mdm-detect-bscan-mask 2
targets -set -nocase -filter {name =~ "*microblaze*#0" && bscan=="USER2" }
rst -system
after 3000
targets -set -nocase -filter {name =~ "*microblaze*#0" && bscan=="USER2" }
dow C:/Users/ranchen/Documents/GitHub/cs153a/vitis/lab3a_vitis/lab3a_application/Debug/lab3a_application.elf
----------------End of Script----------------

16:30:10 INFO  : Context for processor 'microblaze_0' is selected.
16:30:10 INFO  : Jtag cable 'Digilent Nexys A7 -100T 210292BCFA48A' is selected.
16:30:10 INFO  : 'con' command is executed.
16:30:10 INFO  : ----------------XSDB Script (After Launch)----------------
targets -set -nocase -filter {name =~ "*microblaze*#0" && bscan=="USER2" }
con
----------------End of Script----------------

16:30:10 INFO  : Launch script is exported to file 'C:\Users\ranchen\Documents\GitHub\cs153a\vitis\lab3a_vitis\lab3a_system\_ide\scripts\debugger_lab3a_application-default.tcl'
16:30:10 INFO  : 'jtag frequency' command is executed.
16:30:10 INFO  : 'targets -set -filter {jtag_cable_name =~ "Digilent Nexys A7 -100T 210292BCFA48A" && level==0 && jtag_device_ctx=="jsn-Nexys A7 -100T-210292BCFA48A-13631093-0"}' command is executed.
16:30:13 INFO  : Device configured successfully with "C:/Users/ranchen/Documents/GitHub/cs153a/vitis/lab3a_vitis/lab3a_application/_ide/bitstream/design_1_wrapper.bit"
16:30:13 INFO  : Context for processor 'microblaze_0' is selected.
16:30:13 INFO  : Hardware design and registers information is loaded from 'C:/Users/ranchen/Documents/GitHub/cs153a/vitis/lab3a_vitis/lab3a_platform/export/lab3a_platform/hw/design_1_wrapper.xsa'.
16:30:13 INFO  : 'configparams mdm-detect-bscan-mask 2' command is executed.
16:30:13 INFO  : Context for processor 'microblaze_0' is selected.
16:30:13 INFO  : System reset is completed.
16:30:16 INFO  : 'after 3000' command is executed.
16:30:16 INFO  : Context for processor 'microblaze_0' is selected.
16:30:16 INFO  : The application 'C:/Users/ranchen/Documents/GitHub/cs153a/vitis/lab3a_vitis/lab3a_application/Debug/lab3a_application.elf' is downloaded to processor 'microblaze_0'.
16:30:16 INFO  : ----------------XSDB Script----------------
connect -url tcp:127.0.0.1:3121
targets -set -filter {jtag_cable_name =~ "Digilent Nexys A7 -100T 210292BCFA48A" && level==0 && jtag_device_ctx=="jsn-Nexys A7 -100T-210292BCFA48A-13631093-0"}
fpga -file C:/Users/ranchen/Documents/GitHub/cs153a/vitis/lab3a_vitis/lab3a_application/_ide/bitstream/design_1_wrapper.bit
targets -set -nocase -filter {name =~ "*microblaze*#0" && bscan=="USER2" }
loadhw -hw C:/Users/ranchen/Documents/GitHub/cs153a/vitis/lab3a_vitis/lab3a_platform/export/lab3a_platform/hw/design_1_wrapper.xsa -regs
configparams mdm-detect-bscan-mask 2
targets -set -nocase -filter {name =~ "*microblaze*#0" && bscan=="USER2" }
rst -system
after 3000
targets -set -nocase -filter {name =~ "*microblaze*#0" && bscan=="USER2" }
dow C:/Users/ranchen/Documents/GitHub/cs153a/vitis/lab3a_vitis/lab3a_application/Debug/lab3a_application.elf
----------------End of Script----------------

16:30:16 INFO  : Context for processor 'microblaze_0' is selected.
16:30:16 INFO  : 'con' command is executed.
16:30:16 INFO  : ----------------XSDB Script (After Launch)----------------
targets -set -nocase -filter {name =~ "*microblaze*#0" && bscan=="USER2" }
con
----------------End of Script----------------

16:30:16 INFO  : Launch script is exported to file 'C:\Users\ranchen\Documents\GitHub\cs153a\vitis\lab3a_vitis\lab3a_system\_ide\scripts\debugger_lab3a_application-default.tcl'
16:30:47 INFO  : Checking for BSP changes to sync application flags for project 'lab3a_application'...
16:30:50 INFO  : Disconnected from the channel tcfchan#24.
16:30:51 INFO  : Connected to target on host '127.0.0.1' and port '3121'.
16:30:51 INFO  : Jtag cable 'Digilent Nexys A7 -100T 210292BCFA48A' is selected.
16:30:51 INFO  : 'jtag frequency' command is executed.
16:30:51 INFO  : 'targets -set -filter {jtag_cable_name =~ "Digilent Nexys A7 -100T 210292BCFA48A" && level==0 && jtag_device_ctx=="jsn-Nexys A7 -100T-210292BCFA48A-13631093-0"}' command is executed.
16:30:54 INFO  : Device configured successfully with "C:/Users/ranchen/Documents/GitHub/cs153a/vitis/lab3a_vitis/lab3a_application/_ide/bitstream/design_1_wrapper.bit"
16:30:54 INFO  : Context for processor 'microblaze_0' is selected.
16:30:54 INFO  : Hardware design and registers information is loaded from 'C:/Users/ranchen/Documents/GitHub/cs153a/vitis/lab3a_vitis/lab3a_platform/export/lab3a_platform/hw/design_1_wrapper.xsa'.
16:30:54 INFO  : 'configparams mdm-detect-bscan-mask 2' command is executed.
16:30:54 INFO  : Context for processor 'microblaze_0' is selected.
16:30:54 INFO  : System reset is completed.
16:30:57 INFO  : 'after 3000' command is executed.
16:30:57 INFO  : Context for processor 'microblaze_0' is selected.
16:30:57 INFO  : The application 'C:/Users/ranchen/Documents/GitHub/cs153a/vitis/lab3a_vitis/lab3a_application/Debug/lab3a_application.elf' is downloaded to processor 'microblaze_0'.
16:30:57 INFO  : ----------------XSDB Script----------------
connect -url tcp:127.0.0.1:3121
targets -set -filter {jtag_cable_name =~ "Digilent Nexys A7 -100T 210292BCFA48A" && level==0 && jtag_device_ctx=="jsn-Nexys A7 -100T-210292BCFA48A-13631093-0"}
fpga -file C:/Users/ranchen/Documents/GitHub/cs153a/vitis/lab3a_vitis/lab3a_application/_ide/bitstream/design_1_wrapper.bit
targets -set -nocase -filter {name =~ "*microblaze*#0" && bscan=="USER2" }
loadhw -hw C:/Users/ranchen/Documents/GitHub/cs153a/vitis/lab3a_vitis/lab3a_platform/export/lab3a_platform/hw/design_1_wrapper.xsa -regs
configparams mdm-detect-bscan-mask 2
targets -set -nocase -filter {name =~ "*microblaze*#0" && bscan=="USER2" }
rst -system
after 3000
targets -set -nocase -filter {name =~ "*microblaze*#0" && bscan=="USER2" }
dow C:/Users/ranchen/Documents/GitHub/cs153a/vitis/lab3a_vitis/lab3a_application/Debug/lab3a_application.elf
----------------End of Script----------------

16:30:57 INFO  : Context for processor 'microblaze_0' is selected.
16:30:57 INFO  : 'con' command is executed.
16:30:57 INFO  : ----------------XSDB Script (After Launch)----------------
targets -set -nocase -filter {name =~ "*microblaze*#0" && bscan=="USER2" }
con
----------------End of Script----------------

16:30:57 INFO  : Launch script is exported to file 'C:\Users\ranchen\Documents\GitHub\cs153a\vitis\lab3a_vitis\lab3a_system\_ide\scripts\debugger_lab3a_application-default.tcl'
16:32:08 INFO  : Checking for BSP changes to sync application flags for project 'lab3a_application'...
16:32:10 INFO  : Disconnected from the channel tcfchan#25.
16:32:11 INFO  : Connected to target on host '127.0.0.1' and port '3121'.
16:32:12 INFO  : Jtag cable 'Digilent Nexys A7 -100T 210292BCFA48A' is selected.
16:32:12 INFO  : 'jtag frequency' command is executed.
16:32:12 INFO  : 'targets -set -filter {jtag_cable_name =~ "Digilent Nexys A7 -100T 210292BCFA48A" && level==0 && jtag_device_ctx=="jsn-Nexys A7 -100T-210292BCFA48A-13631093-0"}' command is executed.
16:32:14 INFO  : Device configured successfully with "C:/Users/ranchen/Documents/GitHub/cs153a/vitis/lab3a_vitis/lab3a_application/_ide/bitstream/design_1_wrapper.bit"
16:32:14 INFO  : Context for processor 'microblaze_0' is selected.
16:32:14 INFO  : Hardware design and registers information is loaded from 'C:/Users/ranchen/Documents/GitHub/cs153a/vitis/lab3a_vitis/lab3a_platform/export/lab3a_platform/hw/design_1_wrapper.xsa'.
16:32:14 INFO  : 'configparams mdm-detect-bscan-mask 2' command is executed.
16:32:14 INFO  : Context for processor 'microblaze_0' is selected.
16:32:14 INFO  : System reset is completed.
16:32:17 INFO  : 'after 3000' command is executed.
16:32:17 INFO  : Context for processor 'microblaze_0' is selected.
16:32:17 INFO  : The application 'C:/Users/ranchen/Documents/GitHub/cs153a/vitis/lab3a_vitis/lab3a_application/Debug/lab3a_application.elf' is downloaded to processor 'microblaze_0'.
16:32:17 INFO  : ----------------XSDB Script----------------
connect -url tcp:127.0.0.1:3121
targets -set -filter {jtag_cable_name =~ "Digilent Nexys A7 -100T 210292BCFA48A" && level==0 && jtag_device_ctx=="jsn-Nexys A7 -100T-210292BCFA48A-13631093-0"}
fpga -file C:/Users/ranchen/Documents/GitHub/cs153a/vitis/lab3a_vitis/lab3a_application/_ide/bitstream/design_1_wrapper.bit
targets -set -nocase -filter {name =~ "*microblaze*#0" && bscan=="USER2" }
loadhw -hw C:/Users/ranchen/Documents/GitHub/cs153a/vitis/lab3a_vitis/lab3a_platform/export/lab3a_platform/hw/design_1_wrapper.xsa -regs
configparams mdm-detect-bscan-mask 2
targets -set -nocase -filter {name =~ "*microblaze*#0" && bscan=="USER2" }
rst -system
after 3000
targets -set -nocase -filter {name =~ "*microblaze*#0" && bscan=="USER2" }
dow C:/Users/ranchen/Documents/GitHub/cs153a/vitis/lab3a_vitis/lab3a_application/Debug/lab3a_application.elf
----------------End of Script----------------

16:32:17 INFO  : Context for processor 'microblaze_0' is selected.
16:32:17 INFO  : 'con' command is executed.
16:32:17 INFO  : ----------------XSDB Script (After Launch)----------------
targets -set -nocase -filter {name =~ "*microblaze*#0" && bscan=="USER2" }
con
----------------End of Script----------------

16:32:17 INFO  : Launch script is exported to file 'C:\Users\ranchen\Documents\GitHub\cs153a\vitis\lab3a_vitis\lab3a_system\_ide\scripts\debugger_lab3a_application-default.tcl'
16:32:44 INFO  : Checking for BSP changes to sync application flags for project 'lab3a_application'...
16:32:46 INFO  : Disconnected from the channel tcfchan#26.
16:32:47 INFO  : Connected to target on host '127.0.0.1' and port '3121'.
16:32:47 INFO  : Jtag cable 'Digilent Nexys A7 -100T 210292BCFA48A' is selected.
16:32:47 INFO  : 'jtag frequency' command is executed.
16:32:47 INFO  : 'targets -set -filter {jtag_cable_name =~ "Digilent Nexys A7 -100T 210292BCFA48A" && level==0 && jtag_device_ctx=="jsn-Nexys A7 -100T-210292BCFA48A-13631093-0"}' command is executed.
16:32:49 INFO  : Device configured successfully with "C:/Users/ranchen/Documents/GitHub/cs153a/vitis/lab3a_vitis/lab3a_application/_ide/bitstream/design_1_wrapper.bit"
16:32:49 INFO  : Context for processor 'microblaze_0' is selected.
16:32:49 INFO  : Hardware design and registers information is loaded from 'C:/Users/ranchen/Documents/GitHub/cs153a/vitis/lab3a_vitis/lab3a_platform/export/lab3a_platform/hw/design_1_wrapper.xsa'.
16:32:49 INFO  : 'configparams mdm-detect-bscan-mask 2' command is executed.
16:32:50 INFO  : Context for processor 'microblaze_0' is selected.
16:32:50 INFO  : System reset is completed.
16:32:53 INFO  : 'after 3000' command is executed.
16:32:53 INFO  : Context for processor 'microblaze_0' is selected.
16:32:53 INFO  : The application 'C:/Users/ranchen/Documents/GitHub/cs153a/vitis/lab3a_vitis/lab3a_application/Debug/lab3a_application.elf' is downloaded to processor 'microblaze_0'.
16:32:53 INFO  : ----------------XSDB Script----------------
connect -url tcp:127.0.0.1:3121
targets -set -filter {jtag_cable_name =~ "Digilent Nexys A7 -100T 210292BCFA48A" && level==0 && jtag_device_ctx=="jsn-Nexys A7 -100T-210292BCFA48A-13631093-0"}
fpga -file C:/Users/ranchen/Documents/GitHub/cs153a/vitis/lab3a_vitis/lab3a_application/_ide/bitstream/design_1_wrapper.bit
targets -set -nocase -filter {name =~ "*microblaze*#0" && bscan=="USER2" }
loadhw -hw C:/Users/ranchen/Documents/GitHub/cs153a/vitis/lab3a_vitis/lab3a_platform/export/lab3a_platform/hw/design_1_wrapper.xsa -regs
configparams mdm-detect-bscan-mask 2
targets -set -nocase -filter {name =~ "*microblaze*#0" && bscan=="USER2" }
rst -system
after 3000
targets -set -nocase -filter {name =~ "*microblaze*#0" && bscan=="USER2" }
dow C:/Users/ranchen/Documents/GitHub/cs153a/vitis/lab3a_vitis/lab3a_application/Debug/lab3a_application.elf
----------------End of Script----------------

16:32:53 INFO  : Context for processor 'microblaze_0' is selected.
16:32:53 INFO  : 'con' command is executed.
16:32:53 INFO  : ----------------XSDB Script (After Launch)----------------
targets -set -nocase -filter {name =~ "*microblaze*#0" && bscan=="USER2" }
con
----------------End of Script----------------

16:32:53 INFO  : Launch script is exported to file 'C:\Users\ranchen\Documents\GitHub\cs153a\vitis\lab3a_vitis\lab3a_system\_ide\scripts\debugger_lab3a_application-default.tcl'
16:38:15 INFO  : Checking for BSP changes to sync application flags for project 'lab3a_application'...
16:38:20 INFO  : Disconnected from the channel tcfchan#27.
16:38:21 INFO  : Connected to target on host '127.0.0.1' and port '3121'.
16:38:22 INFO  : Jtag cable 'Digilent Nexys A7 -100T 210292BCFA48A' is selected.
16:38:22 INFO  : 'jtag frequency' command is executed.
16:38:22 INFO  : 'targets -set -filter {jtag_cable_name =~ "Digilent Nexys A7 -100T 210292BCFA48A" && level==0 && jtag_device_ctx=="jsn-Nexys A7 -100T-210292BCFA48A-13631093-0"}' command is executed.
16:38:24 INFO  : Device configured successfully with "C:/Users/ranchen/Documents/GitHub/cs153a/vitis/lab3a_vitis/lab3a_application/_ide/bitstream/design_1_wrapper.bit"
16:38:24 INFO  : Context for processor 'microblaze_0' is selected.
16:38:24 INFO  : Hardware design and registers information is loaded from 'C:/Users/ranchen/Documents/GitHub/cs153a/vitis/lab3a_vitis/lab3a_platform/export/lab3a_platform/hw/design_1_wrapper.xsa'.
16:38:24 INFO  : 'configparams mdm-detect-bscan-mask 2' command is executed.
16:38:24 INFO  : Context for processor 'microblaze_0' is selected.
16:38:24 INFO  : System reset is completed.
16:38:27 INFO  : 'after 3000' command is executed.
16:38:27 INFO  : Context for processor 'microblaze_0' is selected.
16:38:27 INFO  : The application 'C:/Users/ranchen/Documents/GitHub/cs153a/vitis/lab3a_vitis/lab3a_application/Debug/lab3a_application.elf' is downloaded to processor 'microblaze_0'.
16:38:27 INFO  : ----------------XSDB Script----------------
connect -url tcp:127.0.0.1:3121
targets -set -filter {jtag_cable_name =~ "Digilent Nexys A7 -100T 210292BCFA48A" && level==0 && jtag_device_ctx=="jsn-Nexys A7 -100T-210292BCFA48A-13631093-0"}
fpga -file C:/Users/ranchen/Documents/GitHub/cs153a/vitis/lab3a_vitis/lab3a_application/_ide/bitstream/design_1_wrapper.bit
targets -set -nocase -filter {name =~ "*microblaze*#0" && bscan=="USER2" }
loadhw -hw C:/Users/ranchen/Documents/GitHub/cs153a/vitis/lab3a_vitis/lab3a_platform/export/lab3a_platform/hw/design_1_wrapper.xsa -regs
configparams mdm-detect-bscan-mask 2
targets -set -nocase -filter {name =~ "*microblaze*#0" && bscan=="USER2" }
rst -system
after 3000
targets -set -nocase -filter {name =~ "*microblaze*#0" && bscan=="USER2" }
dow C:/Users/ranchen/Documents/GitHub/cs153a/vitis/lab3a_vitis/lab3a_application/Debug/lab3a_application.elf
----------------End of Script----------------

16:38:27 INFO  : Context for processor 'microblaze_0' is selected.
16:38:27 INFO  : 'con' command is executed.
16:38:27 INFO  : ----------------XSDB Script (After Launch)----------------
targets -set -nocase -filter {name =~ "*microblaze*#0" && bscan=="USER2" }
con
----------------End of Script----------------

16:38:27 INFO  : Launch script is exported to file 'C:\Users\ranchen\Documents\GitHub\cs153a\vitis\lab3a_vitis\lab3a_system\_ide\scripts\debugger_lab3a_application-default.tcl'
16:38:58 INFO  : Checking for BSP changes to sync application flags for project 'lab3a_application'...
16:39:01 INFO  : Disconnected from the channel tcfchan#28.
16:39:02 INFO  : Connected to target on host '127.0.0.1' and port '3121'.
16:39:02 INFO  : Jtag cable 'Digilent Nexys A7 -100T 210292BCFA48A' is selected.
16:39:02 INFO  : 'jtag frequency' command is executed.
16:39:02 INFO  : 'targets -set -filter {jtag_cable_name =~ "Digilent Nexys A7 -100T 210292BCFA48A" && level==0 && jtag_device_ctx=="jsn-Nexys A7 -100T-210292BCFA48A-13631093-0"}' command is executed.
16:39:04 INFO  : Device configured successfully with "C:/Users/ranchen/Documents/GitHub/cs153a/vitis/lab3a_vitis/lab3a_application/_ide/bitstream/design_1_wrapper.bit"
16:39:04 INFO  : Context for processor 'microblaze_0' is selected.
16:39:04 INFO  : Hardware design and registers information is loaded from 'C:/Users/ranchen/Documents/GitHub/cs153a/vitis/lab3a_vitis/lab3a_platform/export/lab3a_platform/hw/design_1_wrapper.xsa'.
16:39:04 INFO  : 'configparams mdm-detect-bscan-mask 2' command is executed.
16:39:04 INFO  : Context for processor 'microblaze_0' is selected.
16:39:04 INFO  : System reset is completed.
16:39:07 INFO  : 'after 3000' command is executed.
16:39:07 INFO  : Context for processor 'microblaze_0' is selected.
16:39:07 INFO  : The application 'C:/Users/ranchen/Documents/GitHub/cs153a/vitis/lab3a_vitis/lab3a_application/Debug/lab3a_application.elf' is downloaded to processor 'microblaze_0'.
16:39:07 INFO  : ----------------XSDB Script----------------
connect -url tcp:127.0.0.1:3121
targets -set -filter {jtag_cable_name =~ "Digilent Nexys A7 -100T 210292BCFA48A" && level==0 && jtag_device_ctx=="jsn-Nexys A7 -100T-210292BCFA48A-13631093-0"}
fpga -file C:/Users/ranchen/Documents/GitHub/cs153a/vitis/lab3a_vitis/lab3a_application/_ide/bitstream/design_1_wrapper.bit
targets -set -nocase -filter {name =~ "*microblaze*#0" && bscan=="USER2" }
loadhw -hw C:/Users/ranchen/Documents/GitHub/cs153a/vitis/lab3a_vitis/lab3a_platform/export/lab3a_platform/hw/design_1_wrapper.xsa -regs
configparams mdm-detect-bscan-mask 2
targets -set -nocase -filter {name =~ "*microblaze*#0" && bscan=="USER2" }
rst -system
after 3000
targets -set -nocase -filter {name =~ "*microblaze*#0" && bscan=="USER2" }
dow C:/Users/ranchen/Documents/GitHub/cs153a/vitis/lab3a_vitis/lab3a_application/Debug/lab3a_application.elf
----------------End of Script----------------

16:39:07 INFO  : Context for processor 'microblaze_0' is selected.
16:39:07 INFO  : 'con' command is executed.
16:39:07 INFO  : ----------------XSDB Script (After Launch)----------------
targets -set -nocase -filter {name =~ "*microblaze*#0" && bscan=="USER2" }
con
----------------End of Script----------------

16:39:07 INFO  : Launch script is exported to file 'C:\Users\ranchen\Documents\GitHub\cs153a\vitis\lab3a_vitis\lab3a_system\_ide\scripts\debugger_lab3a_application-default.tcl'
16:39:19 INFO  : Checking for BSP changes to sync application flags for project 'lab3a_application'...
16:40:16 INFO  : Checking for BSP changes to sync application flags for project 'lab3a_application'...
16:40:22 INFO  : Disconnected from the channel tcfchan#29.
16:40:23 INFO  : Connected to target on host '127.0.0.1' and port '3121'.
16:40:23 INFO  : Jtag cable 'Digilent Nexys A7 -100T 210292BCFA48A' is selected.
16:40:23 INFO  : 'jtag frequency' command is executed.
16:40:23 INFO  : 'targets -set -filter {jtag_cable_name =~ "Digilent Nexys A7 -100T 210292BCFA48A" && level==0 && jtag_device_ctx=="jsn-Nexys A7 -100T-210292BCFA48A-13631093-0"}' command is executed.
16:40:25 INFO  : Device configured successfully with "C:/Users/ranchen/Documents/GitHub/cs153a/vitis/lab3a_vitis/lab3a_application/_ide/bitstream/design_1_wrapper.bit"
16:40:26 INFO  : Context for processor 'microblaze_0' is selected.
16:40:26 INFO  : Hardware design and registers information is loaded from 'C:/Users/ranchen/Documents/GitHub/cs153a/vitis/lab3a_vitis/lab3a_platform/export/lab3a_platform/hw/design_1_wrapper.xsa'.
16:40:26 INFO  : 'configparams mdm-detect-bscan-mask 2' command is executed.
16:40:26 INFO  : Context for processor 'microblaze_0' is selected.
16:40:26 INFO  : System reset is completed.
16:40:29 INFO  : 'after 3000' command is executed.
16:40:29 INFO  : Context for processor 'microblaze_0' is selected.
16:40:29 INFO  : The application 'C:/Users/ranchen/Documents/GitHub/cs153a/vitis/lab3a_vitis/lab3a_application/Debug/lab3a_application.elf' is downloaded to processor 'microblaze_0'.
16:40:29 INFO  : ----------------XSDB Script----------------
connect -url tcp:127.0.0.1:3121
targets -set -filter {jtag_cable_name =~ "Digilent Nexys A7 -100T 210292BCFA48A" && level==0 && jtag_device_ctx=="jsn-Nexys A7 -100T-210292BCFA48A-13631093-0"}
fpga -file C:/Users/ranchen/Documents/GitHub/cs153a/vitis/lab3a_vitis/lab3a_application/_ide/bitstream/design_1_wrapper.bit
targets -set -nocase -filter {name =~ "*microblaze*#0" && bscan=="USER2" }
loadhw -hw C:/Users/ranchen/Documents/GitHub/cs153a/vitis/lab3a_vitis/lab3a_platform/export/lab3a_platform/hw/design_1_wrapper.xsa -regs
configparams mdm-detect-bscan-mask 2
targets -set -nocase -filter {name =~ "*microblaze*#0" && bscan=="USER2" }
rst -system
after 3000
targets -set -nocase -filter {name =~ "*microblaze*#0" && bscan=="USER2" }
dow C:/Users/ranchen/Documents/GitHub/cs153a/vitis/lab3a_vitis/lab3a_application/Debug/lab3a_application.elf
----------------End of Script----------------

16:40:29 INFO  : Context for processor 'microblaze_0' is selected.
16:40:29 INFO  : 'con' command is executed.
16:40:29 INFO  : ----------------XSDB Script (After Launch)----------------
targets -set -nocase -filter {name =~ "*microblaze*#0" && bscan=="USER2" }
con
----------------End of Script----------------

16:40:29 INFO  : Launch script is exported to file 'C:\Users\ranchen\Documents\GitHub\cs153a\vitis\lab3a_vitis\lab3a_system\_ide\scripts\debugger_lab3a_application-default.tcl'
16:44:46 INFO  : Checking for BSP changes to sync application flags for project 'lab3a_application'...
16:44:51 INFO  : Disconnected from the channel tcfchan#30.
16:44:52 INFO  : Connected to target on host '127.0.0.1' and port '3121'.
16:44:53 INFO  : Jtag cable 'Digilent Nexys A7 -100T 210292BCFA48A' is selected.
16:44:53 INFO  : 'jtag frequency' command is executed.
16:44:53 INFO  : 'targets -set -filter {jtag_cable_name =~ "Digilent Nexys A7 -100T 210292BCFA48A" && level==0 && jtag_device_ctx=="jsn-Nexys A7 -100T-210292BCFA48A-13631093-0"}' command is executed.
16:44:55 INFO  : Device configured successfully with "C:/Users/ranchen/Documents/GitHub/cs153a/vitis/lab3a_vitis/lab3a_application/_ide/bitstream/design_1_wrapper.bit"
16:44:55 INFO  : Context for processor 'microblaze_0' is selected.
16:44:55 INFO  : Hardware design and registers information is loaded from 'C:/Users/ranchen/Documents/GitHub/cs153a/vitis/lab3a_vitis/lab3a_platform/export/lab3a_platform/hw/design_1_wrapper.xsa'.
16:44:55 INFO  : 'configparams mdm-detect-bscan-mask 2' command is executed.
16:44:55 INFO  : Context for processor 'microblaze_0' is selected.
16:44:55 INFO  : System reset is completed.
16:44:58 INFO  : 'after 3000' command is executed.
16:44:58 INFO  : Context for processor 'microblaze_0' is selected.
16:44:58 INFO  : The application 'C:/Users/ranchen/Documents/GitHub/cs153a/vitis/lab3a_vitis/lab3a_application/Debug/lab3a_application.elf' is downloaded to processor 'microblaze_0'.
16:44:58 INFO  : ----------------XSDB Script----------------
connect -url tcp:127.0.0.1:3121
targets -set -filter {jtag_cable_name =~ "Digilent Nexys A7 -100T 210292BCFA48A" && level==0 && jtag_device_ctx=="jsn-Nexys A7 -100T-210292BCFA48A-13631093-0"}
fpga -file C:/Users/ranchen/Documents/GitHub/cs153a/vitis/lab3a_vitis/lab3a_application/_ide/bitstream/design_1_wrapper.bit
targets -set -nocase -filter {name =~ "*microblaze*#0" && bscan=="USER2" }
loadhw -hw C:/Users/ranchen/Documents/GitHub/cs153a/vitis/lab3a_vitis/lab3a_platform/export/lab3a_platform/hw/design_1_wrapper.xsa -regs
configparams mdm-detect-bscan-mask 2
targets -set -nocase -filter {name =~ "*microblaze*#0" && bscan=="USER2" }
rst -system
after 3000
targets -set -nocase -filter {name =~ "*microblaze*#0" && bscan=="USER2" }
dow C:/Users/ranchen/Documents/GitHub/cs153a/vitis/lab3a_vitis/lab3a_application/Debug/lab3a_application.elf
----------------End of Script----------------

16:44:58 INFO  : Context for processor 'microblaze_0' is selected.
16:44:58 INFO  : 'con' command is executed.
16:44:58 INFO  : ----------------XSDB Script (After Launch)----------------
targets -set -nocase -filter {name =~ "*microblaze*#0" && bscan=="USER2" }
con
----------------End of Script----------------

16:44:58 INFO  : Launch script is exported to file 'C:\Users\ranchen\Documents\GitHub\cs153a\vitis\lab3a_vitis\lab3a_system\_ide\scripts\debugger_lab3a_application-default.tcl'
16:48:06 INFO  : Checking for BSP changes to sync application flags for project 'lab3a_application'...
16:48:11 INFO  : Disconnected from the channel tcfchan#31.
16:48:12 INFO  : Connected to target on host '127.0.0.1' and port '3121'.
16:48:12 INFO  : Jtag cable 'Digilent Nexys A7 -100T 210292BCFA48A' is selected.
16:48:12 INFO  : 'jtag frequency' command is executed.
16:48:12 INFO  : 'targets -set -filter {jtag_cable_name =~ "Digilent Nexys A7 -100T 210292BCFA48A" && level==0 && jtag_device_ctx=="jsn-Nexys A7 -100T-210292BCFA48A-13631093-0"}' command is executed.
16:48:14 INFO  : Device configured successfully with "C:/Users/ranchen/Documents/GitHub/cs153a/vitis/lab3a_vitis/lab3a_application/_ide/bitstream/design_1_wrapper.bit"
16:48:14 INFO  : Context for processor 'microblaze_0' is selected.
16:48:14 INFO  : Hardware design and registers information is loaded from 'C:/Users/ranchen/Documents/GitHub/cs153a/vitis/lab3a_vitis/lab3a_platform/export/lab3a_platform/hw/design_1_wrapper.xsa'.
16:48:14 INFO  : 'configparams mdm-detect-bscan-mask 2' command is executed.
16:48:14 INFO  : Context for processor 'microblaze_0' is selected.
16:48:14 INFO  : System reset is completed.
16:48:17 INFO  : 'after 3000' command is executed.
16:48:17 INFO  : Context for processor 'microblaze_0' is selected.
16:48:18 INFO  : The application 'C:/Users/ranchen/Documents/GitHub/cs153a/vitis/lab3a_vitis/lab3a_application/Debug/lab3a_application.elf' is downloaded to processor 'microblaze_0'.
16:48:18 INFO  : ----------------XSDB Script----------------
connect -url tcp:127.0.0.1:3121
targets -set -filter {jtag_cable_name =~ "Digilent Nexys A7 -100T 210292BCFA48A" && level==0 && jtag_device_ctx=="jsn-Nexys A7 -100T-210292BCFA48A-13631093-0"}
fpga -file C:/Users/ranchen/Documents/GitHub/cs153a/vitis/lab3a_vitis/lab3a_application/_ide/bitstream/design_1_wrapper.bit
targets -set -nocase -filter {name =~ "*microblaze*#0" && bscan=="USER2" }
loadhw -hw C:/Users/ranchen/Documents/GitHub/cs153a/vitis/lab3a_vitis/lab3a_platform/export/lab3a_platform/hw/design_1_wrapper.xsa -regs
configparams mdm-detect-bscan-mask 2
targets -set -nocase -filter {name =~ "*microblaze*#0" && bscan=="USER2" }
rst -system
after 3000
targets -set -nocase -filter {name =~ "*microblaze*#0" && bscan=="USER2" }
dow C:/Users/ranchen/Documents/GitHub/cs153a/vitis/lab3a_vitis/lab3a_application/Debug/lab3a_application.elf
----------------End of Script----------------

16:48:18 INFO  : Context for processor 'microblaze_0' is selected.
16:48:18 INFO  : 'con' command is executed.
16:48:18 INFO  : ----------------XSDB Script (After Launch)----------------
targets -set -nocase -filter {name =~ "*microblaze*#0" && bscan=="USER2" }
con
----------------End of Script----------------

16:48:18 INFO  : Launch script is exported to file 'C:\Users\ranchen\Documents\GitHub\cs153a\vitis\lab3a_vitis\lab3a_system\_ide\scripts\debugger_lab3a_application-default.tcl'
16:48:50 INFO  : Checking for BSP changes to sync application flags for project 'lab3a_application'...
16:48:53 INFO  : Disconnected from the channel tcfchan#32.
16:48:54 INFO  : Connected to target on host '127.0.0.1' and port '3121'.
16:48:55 INFO  : Jtag cable 'Digilent Nexys A7 -100T 210292BCFA48A' is selected.
16:48:55 INFO  : 'jtag frequency' command is executed.
16:48:55 INFO  : 'targets -set -filter {jtag_cable_name =~ "Digilent Nexys A7 -100T 210292BCFA48A" && level==0 && jtag_device_ctx=="jsn-Nexys A7 -100T-210292BCFA48A-13631093-0"}' command is executed.
16:48:57 INFO  : Device configured successfully with "C:/Users/ranchen/Documents/GitHub/cs153a/vitis/lab3a_vitis/lab3a_application/_ide/bitstream/design_1_wrapper.bit"
16:48:57 INFO  : Context for processor 'microblaze_0' is selected.
16:48:57 INFO  : Hardware design and registers information is loaded from 'C:/Users/ranchen/Documents/GitHub/cs153a/vitis/lab3a_vitis/lab3a_platform/export/lab3a_platform/hw/design_1_wrapper.xsa'.
16:48:57 INFO  : 'configparams mdm-detect-bscan-mask 2' command is executed.
16:48:57 INFO  : Context for processor 'microblaze_0' is selected.
16:48:57 INFO  : System reset is completed.
16:49:00 INFO  : 'after 3000' command is executed.
16:49:00 INFO  : Context for processor 'microblaze_0' is selected.
16:49:00 INFO  : The application 'C:/Users/ranchen/Documents/GitHub/cs153a/vitis/lab3a_vitis/lab3a_application/Debug/lab3a_application.elf' is downloaded to processor 'microblaze_0'.
16:49:00 INFO  : ----------------XSDB Script----------------
connect -url tcp:127.0.0.1:3121
targets -set -filter {jtag_cable_name =~ "Digilent Nexys A7 -100T 210292BCFA48A" && level==0 && jtag_device_ctx=="jsn-Nexys A7 -100T-210292BCFA48A-13631093-0"}
fpga -file C:/Users/ranchen/Documents/GitHub/cs153a/vitis/lab3a_vitis/lab3a_application/_ide/bitstream/design_1_wrapper.bit
targets -set -nocase -filter {name =~ "*microblaze*#0" && bscan=="USER2" }
loadhw -hw C:/Users/ranchen/Documents/GitHub/cs153a/vitis/lab3a_vitis/lab3a_platform/export/lab3a_platform/hw/design_1_wrapper.xsa -regs
configparams mdm-detect-bscan-mask 2
targets -set -nocase -filter {name =~ "*microblaze*#0" && bscan=="USER2" }
rst -system
after 3000
targets -set -nocase -filter {name =~ "*microblaze*#0" && bscan=="USER2" }
dow C:/Users/ranchen/Documents/GitHub/cs153a/vitis/lab3a_vitis/lab3a_application/Debug/lab3a_application.elf
----------------End of Script----------------

16:49:00 INFO  : Context for processor 'microblaze_0' is selected.
16:49:00 INFO  : 'con' command is executed.
16:49:00 INFO  : ----------------XSDB Script (After Launch)----------------
targets -set -nocase -filter {name =~ "*microblaze*#0" && bscan=="USER2" }
con
----------------End of Script----------------

16:49:00 INFO  : Launch script is exported to file 'C:\Users\ranchen\Documents\GitHub\cs153a\vitis\lab3a_vitis\lab3a_system\_ide\scripts\debugger_lab3a_application-default.tcl'
17:01:12 INFO  : Checking for BSP changes to sync application flags for project 'lab3a_application'...
17:01:15 INFO  : Disconnected from the channel tcfchan#33.
17:01:16 INFO  : Connected to target on host '127.0.0.1' and port '3121'.
17:01:17 INFO  : Jtag cable 'Digilent Nexys A7 -100T 210292BCFA48A' is selected.
17:01:17 INFO  : 'jtag frequency' command is executed.
17:01:17 INFO  : 'targets -set -filter {jtag_cable_name =~ "Digilent Nexys A7 -100T 210292BCFA48A" && level==0 && jtag_device_ctx=="jsn-Nexys A7 -100T-210292BCFA48A-13631093-0"}' command is executed.
17:01:19 INFO  : Device configured successfully with "C:/Users/ranchen/Documents/GitHub/cs153a/vitis/lab3a_vitis/lab3a_application/_ide/bitstream/design_1_wrapper.bit"
17:01:19 INFO  : Context for processor 'microblaze_0' is selected.
17:01:19 INFO  : Hardware design and registers information is loaded from 'C:/Users/ranchen/Documents/GitHub/cs153a/vitis/lab3a_vitis/lab3a_platform/export/lab3a_platform/hw/design_1_wrapper.xsa'.
17:01:19 INFO  : 'configparams mdm-detect-bscan-mask 2' command is executed.
17:01:19 INFO  : Context for processor 'microblaze_0' is selected.
17:01:19 INFO  : System reset is completed.
17:01:22 INFO  : 'after 3000' command is executed.
17:01:22 INFO  : Context for processor 'microblaze_0' is selected.
17:01:22 INFO  : The application 'C:/Users/ranchen/Documents/GitHub/cs153a/vitis/lab3a_vitis/lab3a_application/Debug/lab3a_application.elf' is downloaded to processor 'microblaze_0'.
17:01:22 INFO  : ----------------XSDB Script----------------
connect -url tcp:127.0.0.1:3121
targets -set -filter {jtag_cable_name =~ "Digilent Nexys A7 -100T 210292BCFA48A" && level==0 && jtag_device_ctx=="jsn-Nexys A7 -100T-210292BCFA48A-13631093-0"}
fpga -file C:/Users/ranchen/Documents/GitHub/cs153a/vitis/lab3a_vitis/lab3a_application/_ide/bitstream/design_1_wrapper.bit
targets -set -nocase -filter {name =~ "*microblaze*#0" && bscan=="USER2" }
loadhw -hw C:/Users/ranchen/Documents/GitHub/cs153a/vitis/lab3a_vitis/lab3a_platform/export/lab3a_platform/hw/design_1_wrapper.xsa -regs
configparams mdm-detect-bscan-mask 2
targets -set -nocase -filter {name =~ "*microblaze*#0" && bscan=="USER2" }
rst -system
after 3000
targets -set -nocase -filter {name =~ "*microblaze*#0" && bscan=="USER2" }
dow C:/Users/ranchen/Documents/GitHub/cs153a/vitis/lab3a_vitis/lab3a_application/Debug/lab3a_application.elf
----------------End of Script----------------

17:01:22 INFO  : Context for processor 'microblaze_0' is selected.
17:01:22 INFO  : 'con' command is executed.
17:01:22 INFO  : ----------------XSDB Script (After Launch)----------------
targets -set -nocase -filter {name =~ "*microblaze*#0" && bscan=="USER2" }
con
----------------End of Script----------------

17:01:22 INFO  : Launch script is exported to file 'C:\Users\ranchen\Documents\GitHub\cs153a\vitis\lab3a_vitis\lab3a_system\_ide\scripts\debugger_lab3a_application-default.tcl'
17:02:40 INFO  : Checking for BSP changes to sync application flags for project 'lab3a_application'...
17:02:44 INFO  : Disconnected from the channel tcfchan#34.
17:02:45 INFO  : Connected to target on host '127.0.0.1' and port '3121'.
17:02:46 INFO  : Jtag cable 'Digilent Nexys A7 -100T 210292BCFA48A' is selected.
17:02:46 INFO  : 'jtag frequency' command is executed.
17:02:46 INFO  : 'targets -set -filter {jtag_cable_name =~ "Digilent Nexys A7 -100T 210292BCFA48A" && level==0 && jtag_device_ctx=="jsn-Nexys A7 -100T-210292BCFA48A-13631093-0"}' command is executed.
17:02:48 INFO  : Device configured successfully with "C:/Users/ranchen/Documents/GitHub/cs153a/vitis/lab3a_vitis/lab3a_application/_ide/bitstream/design_1_wrapper.bit"
17:02:48 INFO  : Context for processor 'microblaze_0' is selected.
17:02:48 INFO  : Hardware design and registers information is loaded from 'C:/Users/ranchen/Documents/GitHub/cs153a/vitis/lab3a_vitis/lab3a_platform/export/lab3a_platform/hw/design_1_wrapper.xsa'.
17:02:48 INFO  : 'configparams mdm-detect-bscan-mask 2' command is executed.
17:02:48 INFO  : Context for processor 'microblaze_0' is selected.
17:02:48 INFO  : System reset is completed.
17:02:51 INFO  : 'after 3000' command is executed.
17:02:51 INFO  : Context for processor 'microblaze_0' is selected.
17:02:51 INFO  : The application 'C:/Users/ranchen/Documents/GitHub/cs153a/vitis/lab3a_vitis/lab3a_application/Debug/lab3a_application.elf' is downloaded to processor 'microblaze_0'.
17:02:51 INFO  : ----------------XSDB Script----------------
connect -url tcp:127.0.0.1:3121
targets -set -filter {jtag_cable_name =~ "Digilent Nexys A7 -100T 210292BCFA48A" && level==0 && jtag_device_ctx=="jsn-Nexys A7 -100T-210292BCFA48A-13631093-0"}
fpga -file C:/Users/ranchen/Documents/GitHub/cs153a/vitis/lab3a_vitis/lab3a_application/_ide/bitstream/design_1_wrapper.bit
targets -set -nocase -filter {name =~ "*microblaze*#0" && bscan=="USER2" }
loadhw -hw C:/Users/ranchen/Documents/GitHub/cs153a/vitis/lab3a_vitis/lab3a_platform/export/lab3a_platform/hw/design_1_wrapper.xsa -regs
configparams mdm-detect-bscan-mask 2
targets -set -nocase -filter {name =~ "*microblaze*#0" && bscan=="USER2" }
rst -system
after 3000
targets -set -nocase -filter {name =~ "*microblaze*#0" && bscan=="USER2" }
dow C:/Users/ranchen/Documents/GitHub/cs153a/vitis/lab3a_vitis/lab3a_application/Debug/lab3a_application.elf
----------------End of Script----------------

17:02:51 INFO  : Context for processor 'microblaze_0' is selected.
17:02:51 INFO  : 'con' command is executed.
17:02:51 INFO  : ----------------XSDB Script (After Launch)----------------
targets -set -nocase -filter {name =~ "*microblaze*#0" && bscan=="USER2" }
con
----------------End of Script----------------

17:02:51 INFO  : Launch script is exported to file 'C:\Users\ranchen\Documents\GitHub\cs153a\vitis\lab3a_vitis\lab3a_system\_ide\scripts\debugger_lab3a_application-default.tcl'
17:58:22 INFO  : Checking for BSP changes to sync application flags for project 'lab3a_application'...
