19:21:36 DEBUG : Logs will be stored at 'C:/Users/tejasvissapragada/workspace/IDE.log'.
19:21:40 INFO  : Launching XSCT server: xsct.bat -n  -interactive C:\Users\tejasvissapragada\workspace\temp_xsdb_launch_script.tcl
19:21:41 INFO  : Registering command handlers for Vitis TCF services
19:21:42 INFO  : Platform repository initialization has completed.
19:21:46 INFO  : XSCT server has started successfully.
19:21:48 INFO  : Successfully done setting XSCT server connection channel  
19:21:48 INFO  : plnx-install-location is set to ''
19:21:48 INFO  : Successfully done query RDI_DATADIR 
19:21:48 INFO  : Successfully done setting workspace for the tool. 
19:23:35 INFO  : Result from executing command 'getProjects': lab3a_project
19:23:35 INFO  : Result from executing command 'getPlatforms': xilinx_vck190_base_202210_1|C:/Xilinx/Vitis/2022.1/base_platforms/xilinx_vck190_base_202210_1/xilinx_vck190_base_202210_1.xpfm;xilinx_vck190_base_dfx_202210_1|C:/Xilinx/Vitis/2022.1/base_platforms/xilinx_vck190_base_dfx_202210_1/xilinx_vck190_base_dfx_202210_1.xpfm;xilinx_vmk180_base_202210_1|C:/Xilinx/Vitis/2022.1/base_platforms/xilinx_vmk180_base_202210_1/xilinx_vmk180_base_202210_1.xpfm;xilinx_zcu102_base_202210_1|C:/Xilinx/Vitis/2022.1/base_platforms/xilinx_zcu102_base_202210_1/xilinx_zcu102_base_202210_1.xpfm;xilinx_zcu102_base_dfx_202210_1|C:/Xilinx/Vitis/2022.1/base_platforms/xilinx_zcu102_base_dfx_202210_1/xilinx_zcu102_base_dfx_202210_1.xpfm;xilinx_zcu104_base_202210_1|C:/Xilinx/Vitis/2022.1/base_platforms/xilinx_zcu104_base_202210_1/xilinx_zcu104_base_202210_1.xpfm
19:27:38 DEBUG : Logs will be stored at 'C:/Users/tejasvissapragada/Documents/cs153a/vitis/lab3a_vitis/IDE.log'.
19:27:39 INFO  : Launching XSCT server: xsct.bat -n  -interactive C:\Users\tejasvissapragada\Documents\cs153a\vitis\lab3a_vitis\temp_xsdb_launch_script.tcl
19:27:42 INFO  : Platform repository initialization has completed.
19:27:43 INFO  : Registering command handlers for Vitis TCF services
19:27:44 INFO  : XSCT server has started successfully.
19:27:44 INFO  : plnx-install-location is set to ''
19:27:44 INFO  : Successfully done setting XSCT server connection channel  
19:27:44 INFO  : Successfully done query RDI_DATADIR 
19:27:44 INFO  : Successfully done setting workspace for the tool. 
19:28:46 INFO  : Result from executing command 'getProjects': lab3a_platform
19:28:46 INFO  : Result from executing command 'getPlatforms': lab3a_project|C:/Users/tejasvissapragada/Documents/cs153a/vitis/lab3a_vitis/lab3a_project/export/lab3a_project/lab3a_project.xpfm;xilinx_vck190_base_202210_1|C:/Xilinx/Vitis/2022.1/base_platforms/xilinx_vck190_base_202210_1/xilinx_vck190_base_202210_1.xpfm;xilinx_vck190_base_dfx_202210_1|C:/Xilinx/Vitis/2022.1/base_platforms/xilinx_vck190_base_dfx_202210_1/xilinx_vck190_base_dfx_202210_1.xpfm;xilinx_vmk180_base_202210_1|C:/Xilinx/Vitis/2022.1/base_platforms/xilinx_vmk180_base_202210_1/xilinx_vmk180_base_202210_1.xpfm;xilinx_zcu102_base_202210_1|C:/Xilinx/Vitis/2022.1/base_platforms/xilinx_zcu102_base_202210_1/xilinx_zcu102_base_202210_1.xpfm;xilinx_zcu102_base_dfx_202210_1|C:/Xilinx/Vitis/2022.1/base_platforms/xilinx_zcu102_base_dfx_202210_1/xilinx_zcu102_base_dfx_202210_1.xpfm;xilinx_zcu104_base_202210_1|C:/Xilinx/Vitis/2022.1/base_platforms/xilinx_zcu104_base_202210_1/xilinx_zcu104_base_202210_1.xpfm
19:28:57 INFO  : Checking for BSP changes to sync application flags for project 'lab3a_application'...
19:29:09 INFO  : Result from executing command 'getProjects': lab3a_platform
19:29:09 INFO  : Result from executing command 'getPlatforms': lab3a_platform|C:/Users/tejasvissapragada/Documents/cs153a/vitis/lab3a_vitis/lab3a_platform/export/lab3a_platform/lab3a_platform.xpfm;lab3a_project|C:/Users/tejasvissapragada/Documents/cs153a/vitis/lab3a_vitis/lab3a_project/export/lab3a_project/lab3a_project.xpfm;xilinx_vck190_base_202210_1|C:/Xilinx/Vitis/2022.1/base_platforms/xilinx_vck190_base_202210_1/xilinx_vck190_base_202210_1.xpfm;xilinx_vck190_base_dfx_202210_1|C:/Xilinx/Vitis/2022.1/base_platforms/xilinx_vck190_base_dfx_202210_1/xilinx_vck190_base_dfx_202210_1.xpfm;xilinx_vmk180_base_202210_1|C:/Xilinx/Vitis/2022.1/base_platforms/xilinx_vmk180_base_202210_1/xilinx_vmk180_base_202210_1.xpfm;xilinx_zcu102_base_202210_1|C:/Xilinx/Vitis/2022.1/base_platforms/xilinx_zcu102_base_202210_1/xilinx_zcu102_base_202210_1.xpfm;xilinx_zcu102_base_dfx_202210_1|C:/Xilinx/Vitis/2022.1/base_platforms/xilinx_zcu102_base_dfx_202210_1/xilinx_zcu102_base_dfx_202210_1.xpfm;xilinx_zcu104_base_202210_1|C:/Xilinx/Vitis/2022.1/base_platforms/xilinx_zcu104_base_202210_1/xilinx_zcu104_base_202210_1.xpfm
19:31:23 INFO  : Checking for BSP changes to sync application flags for project 'lab3a_application'...
19:31:23 INFO  : Result from executing command 'getProjects': RemoteSystemsTempFiles;lab3a_application;lab3a_platform;lab3a_system
19:31:23 ERROR : Failed to call write_mss 
Reason: C:/Users/tejasvissapragada/Documents/cs153a/vitis/lab3a_vitis/lab3a_project/export/lab3a_project/hw/design_1_wrapper.xsa is not available in the current workspace
use 'getprojects' command to see list of available projects in current workspace
19:31:23 ERROR : Failed to update application flags from BSP for 'lab3a_application'. Reason: Failed to call write_mss 
Reason: C:/Users/tejasvissapragada/Documents/cs153a/vitis/lab3a_vitis/lab3a_project/export/lab3a_project/hw/design_1_wrapper.xsa is not available in the current workspace
use 'getprojects' command to see list of available projects in current workspace
java.lang.RuntimeException: Failed to call write_mss 
Reason: C:/Users/tejasvissapragada/Documents/cs153a/vitis/lab3a_vitis/lab3a_project/export/lab3a_project/hw/design_1_wrapper.xsa is not available in the current workspace
use 'getprojects' command to see list of available projects in current workspace
	at com.xilinx.sdk.xsdb.XsdbCommandUtils.handleResult(XsdbCommandUtils.java:389) ~[com.xilinx.sdk.xsdb_1.0.0.202204140305.jar:?]
	at com.xilinx.sdk.xsdb.XsdbCommandUtils.executeAndRespond(XsdbCommandUtils.java:327) ~[com.xilinx.sdk.xsdb_1.0.0.202204140305.jar:?]
	at com.xilinx.sdk.sw.SwPlatformUtils.createDefaultMss(SwPlatformUtils.java:72) ~[com.xilinx.sdk.sw_1.0.0.202204140305.jar:?]
	at com.xilinx.sdx.sdk.core.util.BspCreationHelper.generateMssFile(BspCreationHelper.java:46) ~[com.xilinx.sdx.sdk.core_1.0.0.202204140305.jar:?]
	at com.xilinx.sdx.sdk.core.util.BspCreationHelper.create(BspCreationHelper.java:38) ~[com.xilinx.sdx.sdk.core_1.0.0.202204140305.jar:?]
	at com.xilinx.sdx.sdk.core.build.SdkMakefileGenerationListener.createSwPlatform(SdkMakefileGenerationListener.java:150) ~[com.xilinx.sdx.sdk.core_1.0.0.202204140305.jar:?]
	at com.xilinx.sdx.sdk.core.build.SdkMakefileGenerationListener.syncAppFlags(SdkMakefileGenerationListener.java:82) [com.xilinx.sdx.sdk.core_1.0.0.202204140305.jar:?]
	at com.xilinx.sdx.sdk.core.build.SdkMakefileGenerationListener.preMakefileGeneration(SdkMakefileGenerationListener.java:48) [com.xilinx.sdx.sdk.core_1.0.0.202204140305.jar:?]
	at com.xilinx.sdk.managedbuilder.XilinxGnuMakefileGenerator.notifyPreMakefileGenerationListeners(XilinxGnuMakefileGenerator.java:91) [com.xilinx.sdk.managedbuilder_1.0.0.202204140305.jar:?]
	at com.xilinx.sdk.managedbuilder.XilinxGnuMakefileGenerator.regenerateMakefiles(XilinxGnuMakefileGenerator.java:75) [com.xilinx.sdk.managedbuilder_1.0.0.202204140305.jar:?]
	at org.eclipse.cdt.managedbuilder.internal.core.CommonBuilder.performMakefileGeneration(CommonBuilder.java:1006) [org.eclipse.cdt.managedbuilder.core_8.6.0.201802261533.jar:?]
	at org.eclipse.cdt.managedbuilder.internal.core.CommonBuilder.performPrebuildGeneration(CommonBuilder.java:873) [org.eclipse.cdt.managedbuilder.core_8.6.0.201802261533.jar:?]
	at org.eclipse.cdt.managedbuilder.internal.core.CommonBuilder.build(CommonBuilder.java:748) [org.eclipse.cdt.managedbuilder.core_8.6.0.201802261533.jar:?]
	at org.eclipse.cdt.managedbuilder.internal.core.CommonBuilder.build(CommonBuilder.java:510) [org.eclipse.cdt.managedbuilder.core_8.6.0.201802261533.jar:?]
	at org.eclipse.cdt.managedbuilder.internal.core.CommonBuilder.build(CommonBuilder.java:459) [org.eclipse.cdt.managedbuilder.core_8.6.0.201802261533.jar:?]
	at org.eclipse.core.internal.events.BuildManager$2.run(BuildManager.java:832) [org.eclipse.core.resources_3.13.700.v20200209-1624.jar:?]
	at org.eclipse.core.runtime.SafeRunner.run(SafeRunner.java:45) [org.eclipse.equinox.common_3.11.0.v20200206-0817.jar:?]
	at org.eclipse.core.internal.events.BuildManager.basicBuild(BuildManager.java:220) [org.eclipse.core.resources_3.13.700.v20200209-1624.jar:?]
	at org.eclipse.core.internal.events.BuildManager.basicBuild(BuildManager.java:263) [org.eclipse.core.resources_3.13.700.v20200209-1624.jar:?]
	at org.eclipse.core.internal.events.BuildManager$1.run(BuildManager.java:316) [org.eclipse.core.resources_3.13.700.v20200209-1624.jar:?]
	at org.eclipse.core.runtime.SafeRunner.run(SafeRunner.java:45) [org.eclipse.equinox.common_3.11.0.v20200206-0817.jar:?]
	at org.eclipse.core.internal.events.BuildManager.basicBuild(BuildManager.java:319) [org.eclipse.core.resources_3.13.700.v20200209-1624.jar:?]
	at org.eclipse.core.internal.events.BuildManager.basicBuildLoop(BuildManager.java:371) [org.eclipse.core.resources_3.13.700.v20200209-1624.jar:?]
	at org.eclipse.core.internal.events.BuildManager.build(BuildManager.java:392) [org.eclipse.core.resources_3.13.700.v20200209-1624.jar:?]
	at org.eclipse.core.internal.resources.Workspace.buildInternal(Workspace.java:515) [org.eclipse.core.resources_3.13.700.v20200209-1624.jar:?]
	at org.eclipse.core.internal.resources.Workspace.build(Workspace.java:412) [org.eclipse.core.resources_3.13.700.v20200209-1624.jar:?]
	at org.eclipse.ui.actions.BuildAction$1.runInWorkspace(BuildAction.java:291) [org.eclipse.ui.ide_3.17.0.v20200217-1511.jar:?]
	at org.eclipse.core.internal.resources.InternalWorkspaceJob.run(InternalWorkspaceJob.java:42) [org.eclipse.core.resources_3.13.700.v20200209-1624.jar:?]
	at org.eclipse.core.internal.jobs.Worker.run(Worker.java:63) [org.eclipse.core.jobs_3.10.700.v20200106-1020.jar:?]
19:31:24 ERROR : Failed to compute checksum of hardware specification file used by project 'lab3a_application'
19:31:24 INFO  : Result from executing command 'getProjects': RemoteSystemsTempFiles;lab3a_application;lab3a_platform;lab3a_system
19:31:24 WARN  : Failed to closehw "C:/Users/tejasvissapragada/Documents/cs153a/vitis/lab3a_vitis/lab3a_project/export/lab3a_project/hw/design_1_wrapper.xsa"
Reason: C:/Users/tejasvissapragada/Documents/cs153a/vitis/lab3a_vitis/lab3a_project/export/lab3a_project/hw/design_1_wrapper.xsa is not available in the current workspace
use 'getprojects' command to see list of available projects in current workspace
19:31:24 INFO  : Result from executing command 'getProjects': RemoteSystemsTempFiles;lab3a_application;lab3a_platform;lab3a_system
19:31:24 ERROR : Failed to openhw "C:/Users/tejasvissapragada/Documents/cs153a/vitis/lab3a_vitis/lab3a_project/export/lab3a_project/hw/design_1_wrapper.xsa"
Reason: C:/Users/tejasvissapragada/Documents/cs153a/vitis/lab3a_vitis/lab3a_project/export/lab3a_project/hw/design_1_wrapper.xsa is not available in the current workspace
use 'getprojects' command to see list of available projects in current workspace
19:31:24 INFO  : Result from executing command 'getProjects': RemoteSystemsTempFiles;lab3a_application;lab3a_platform;lab3a_system
19:31:24 ERROR : Failed to openhw "C:/Users/tejasvissapragada/Documents/cs153a/vitis/lab3a_vitis/lab3a_project/export/lab3a_project/hw/design_1_wrapper.xsa"
Reason: C:/Users/tejasvissapragada/Documents/cs153a/vitis/lab3a_vitis/lab3a_project/export/lab3a_project/hw/design_1_wrapper.xsa is not available in the current workspace
use 'getprojects' command to see list of available projects in current workspace
19:31:24 INFO  : Result from executing command 'getProjects': RemoteSystemsTempFiles;lab3a_application;lab3a_platform;lab3a_system
19:31:24 ERROR : Failed to openhw "C:/Users/tejasvissapragada/Documents/cs153a/vitis/lab3a_vitis/lab3a_project/export/lab3a_project/hw/design_1_wrapper.xsa"
Reason: C:/Users/tejasvissapragada/Documents/cs153a/vitis/lab3a_vitis/lab3a_project/export/lab3a_project/hw/design_1_wrapper.xsa is not available in the current workspace
use 'getprojects' command to see list of available projects in current workspace
19:32:39 INFO  : Checking for BSP changes to sync application flags for project 'lab3a_application'...
19:32:39 INFO  : Result from executing command 'getProjects': RemoteSystemsTempFiles;lab3a_application;lab3a_platform;lab3a_system
19:32:39 ERROR : Failed to call write_mss 
Reason: C:/Users/tejasvissapragada/Documents/cs153a/vitis/lab3a_vitis/lab3a_project/export/lab3a_project/hw/design_1_wrapper.xsa is not available in the current workspace
use 'getprojects' command to see list of available projects in current workspace
19:32:39 ERROR : Failed to update application flags from BSP for 'lab3a_application'. Reason: Failed to call write_mss 
Reason: C:/Users/tejasvissapragada/Documents/cs153a/vitis/lab3a_vitis/lab3a_project/export/lab3a_project/hw/design_1_wrapper.xsa is not available in the current workspace
use 'getprojects' command to see list of available projects in current workspace
java.lang.RuntimeException: Failed to call write_mss 
Reason: C:/Users/tejasvissapragada/Documents/cs153a/vitis/lab3a_vitis/lab3a_project/export/lab3a_project/hw/design_1_wrapper.xsa is not available in the current workspace
use 'getprojects' command to see list of available projects in current workspace
	at com.xilinx.sdk.xsdb.XsdbCommandUtils.handleResult(XsdbCommandUtils.java:389) ~[com.xilinx.sdk.xsdb_1.0.0.202204140305.jar:?]
	at com.xilinx.sdk.xsdb.XsdbCommandUtils.executeAndRespond(XsdbCommandUtils.java:327) ~[com.xilinx.sdk.xsdb_1.0.0.202204140305.jar:?]
	at com.xilinx.sdk.sw.SwPlatformUtils.createDefaultMss(SwPlatformUtils.java:72) ~[com.xilinx.sdk.sw_1.0.0.202204140305.jar:?]
	at com.xilinx.sdx.sdk.core.util.BspCreationHelper.generateMssFile(BspCreationHelper.java:46) ~[com.xilinx.sdx.sdk.core_1.0.0.202204140305.jar:?]
	at com.xilinx.sdx.sdk.core.util.BspCreationHelper.create(BspCreationHelper.java:38) ~[com.xilinx.sdx.sdk.core_1.0.0.202204140305.jar:?]
	at com.xilinx.sdx.sdk.core.build.SdkMakefileGenerationListener.createSwPlatform(SdkMakefileGenerationListener.java:150) ~[com.xilinx.sdx.sdk.core_1.0.0.202204140305.jar:?]
	at com.xilinx.sdx.sdk.core.build.SdkMakefileGenerationListener.syncAppFlags(SdkMakefileGenerationListener.java:82) [com.xilinx.sdx.sdk.core_1.0.0.202204140305.jar:?]
	at com.xilinx.sdx.sdk.core.build.SdkMakefileGenerationListener.preMakefileGeneration(SdkMakefileGenerationListener.java:48) [com.xilinx.sdx.sdk.core_1.0.0.202204140305.jar:?]
	at com.xilinx.sdk.managedbuilder.XilinxGnuMakefileGenerator.notifyPreMakefileGenerationListeners(XilinxGnuMakefileGenerator.java:91) [com.xilinx.sdk.managedbuilder_1.0.0.202204140305.jar:?]
	at com.xilinx.sdk.managedbuilder.XilinxGnuMakefileGenerator.generateMakefiles(XilinxGnuMakefileGenerator.java:40) [com.xilinx.sdk.managedbuilder_1.0.0.202204140305.jar:?]
	at org.eclipse.cdt.managedbuilder.internal.core.CommonBuilder.performMakefileGeneration(CommonBuilder.java:1008) [org.eclipse.cdt.managedbuilder.core_8.6.0.201802261533.jar:?]
	at org.eclipse.cdt.managedbuilder.internal.core.CommonBuilder.performPrebuildGeneration(CommonBuilder.java:873) [org.eclipse.cdt.managedbuilder.core_8.6.0.201802261533.jar:?]
	at org.eclipse.cdt.managedbuilder.internal.core.CommonBuilder.build(CommonBuilder.java:748) [org.eclipse.cdt.managedbuilder.core_8.6.0.201802261533.jar:?]
	at org.eclipse.cdt.managedbuilder.internal.core.CommonBuilder.build(CommonBuilder.java:510) [org.eclipse.cdt.managedbuilder.core_8.6.0.201802261533.jar:?]
	at org.eclipse.cdt.managedbuilder.internal.core.CommonBuilder.build(CommonBuilder.java:459) [org.eclipse.cdt.managedbuilder.core_8.6.0.201802261533.jar:?]
	at org.eclipse.core.internal.events.BuildManager$2.run(BuildManager.java:832) [org.eclipse.core.resources_3.13.700.v20200209-1624.jar:?]
	at org.eclipse.core.runtime.SafeRunner.run(SafeRunner.java:45) [org.eclipse.equinox.common_3.11.0.v20200206-0817.jar:?]
	at org.eclipse.core.internal.events.BuildManager.basicBuild(BuildManager.java:220) [org.eclipse.core.resources_3.13.700.v20200209-1624.jar:?]
	at org.eclipse.core.internal.events.BuildManager.basicBuild(BuildManager.java:263) [org.eclipse.core.resources_3.13.700.v20200209-1624.jar:?]
	at org.eclipse.core.internal.events.BuildManager$1.run(BuildManager.java:316) [org.eclipse.core.resources_3.13.700.v20200209-1624.jar:?]
	at org.eclipse.core.runtime.SafeRunner.run(SafeRunner.java:45) [org.eclipse.equinox.common_3.11.0.v20200206-0817.jar:?]
	at org.eclipse.core.internal.events.BuildManager.basicBuild(BuildManager.java:319) [org.eclipse.core.resources_3.13.700.v20200209-1624.jar:?]
	at org.eclipse.core.internal.events.BuildManager.basicBuildLoop(BuildManager.java:371) [org.eclipse.core.resources_3.13.700.v20200209-1624.jar:?]
	at org.eclipse.core.internal.events.BuildManager.build(BuildManager.java:392) [org.eclipse.core.resources_3.13.700.v20200209-1624.jar:?]
	at org.eclipse.core.internal.resources.Workspace.buildInternal(Workspace.java:515) [org.eclipse.core.resources_3.13.700.v20200209-1624.jar:?]
	at org.eclipse.core.internal.resources.Workspace.build(Workspace.java:412) [org.eclipse.core.resources_3.13.700.v20200209-1624.jar:?]
	at org.eclipse.ui.actions.BuildAction$1.runInWorkspace(BuildAction.java:291) [org.eclipse.ui.ide_3.17.0.v20200217-1511.jar:?]
	at org.eclipse.core.internal.resources.InternalWorkspaceJob.run(InternalWorkspaceJob.java:42) [org.eclipse.core.resources_3.13.700.v20200209-1624.jar:?]
	at org.eclipse.core.internal.jobs.Worker.run(Worker.java:63) [org.eclipse.core.jobs_3.10.700.v20200106-1020.jar:?]
19:32:39 ERROR : Failed to compute checksum of hardware specification file used by project 'lab3a_application'
19:32:39 INFO  : Result from executing command 'getProjects': RemoteSystemsTempFiles;lab3a_application;lab3a_platform;lab3a_system
19:32:39 ERROR : Failed to openhw "C:/Users/tejasvissapragada/Documents/cs153a/vitis/lab3a_vitis/lab3a_project/export/lab3a_project/hw/design_1_wrapper.xsa"
Reason: C:/Users/tejasvissapragada/Documents/cs153a/vitis/lab3a_vitis/lab3a_project/export/lab3a_project/hw/design_1_wrapper.xsa is not available in the current workspace
use 'getprojects' command to see list of available projects in current workspace
19:32:39 INFO  : Result from executing command 'getProjects': RemoteSystemsTempFiles;lab3a_application;lab3a_platform;lab3a_system
19:32:39 ERROR : Failed to openhw "C:/Users/tejasvissapragada/Documents/cs153a/vitis/lab3a_vitis/lab3a_project/export/lab3a_project/hw/design_1_wrapper.xsa"
Reason: C:/Users/tejasvissapragada/Documents/cs153a/vitis/lab3a_vitis/lab3a_project/export/lab3a_project/hw/design_1_wrapper.xsa is not available in the current workspace
use 'getprojects' command to see list of available projects in current workspace
19:32:39 INFO  : Result from executing command 'getProjects': RemoteSystemsTempFiles;lab3a_application;lab3a_platform;lab3a_system
19:32:39 ERROR : Failed to openhw "C:/Users/tejasvissapragada/Documents/cs153a/vitis/lab3a_vitis/lab3a_project/export/lab3a_project/hw/design_1_wrapper.xsa"
Reason: C:/Users/tejasvissapragada/Documents/cs153a/vitis/lab3a_vitis/lab3a_project/export/lab3a_project/hw/design_1_wrapper.xsa is not available in the current workspace
use 'getprojects' command to see list of available projects in current workspace
19:34:07 ERROR : Unexpected error while reading linker script.
org.eclipse.core.internal.resources.ResourceException: File not found: C:\Users\tejasvissapragada\Documents\cs153a\vitis\lab3a_vitis\lab3a_application\src\lscript.ld.
	at org.eclipse.core.internal.localstore.FileSystemResourceManager.read(FileSystemResourceManager.java:835) ~[org.eclipse.core.resources_3.13.700.v20200209-1624.jar:?]
	at org.eclipse.core.internal.resources.File.getContents(File.java:275) ~[org.eclipse.core.resources_3.13.700.v20200209-1624.jar:?]
	at com.xilinx.ide.tools.lscript.ui.LscriptEditor.initLscriptEditorPage(LscriptEditor.java:142) [com.xilinx.ide.tools_1.0.0.202204140305.jar:?]
	at com.xilinx.ide.tools.lscript.ui.LscriptEditor$ResourceChangeListener.resourceChanged(LscriptEditor.java:186) [com.xilinx.ide.tools_1.0.0.202204140305.jar:?]
	at org.eclipse.core.internal.events.NotificationManager$1.run(NotificationManager.java:305) [org.eclipse.core.resources_3.13.700.v20200209-1624.jar:?]
	at org.eclipse.core.runtime.SafeRunner.run(SafeRunner.java:45) [org.eclipse.equinox.common_3.11.0.v20200206-0817.jar:?]
	at org.eclipse.core.internal.events.NotificationManager.notify(NotificationManager.java:295) [org.eclipse.core.resources_3.13.700.v20200209-1624.jar:?]
	at org.eclipse.core.internal.events.NotificationManager.broadcastChanges(NotificationManager.java:158) [org.eclipse.core.resources_3.13.700.v20200209-1624.jar:?]
	at org.eclipse.core.internal.resources.Workspace.broadcastPostChange(Workspace.java:380) [org.eclipse.core.resources_3.13.700.v20200209-1624.jar:?]
	at org.eclipse.core.internal.resources.Workspace.checkpoint(Workspace.java:575) [org.eclipse.core.resources_3.13.700.v20200209-1624.jar:?]
	at org.eclipse.ltk.core.refactoring.PerformChangeOperation$1.run(PerformChangeOperation.java:265) [org.eclipse.ltk.core.refactoring_3.10.400.v20200215-1156.jar:?]
	at org.eclipse.core.internal.resources.Workspace.run(Workspace.java:2292) [org.eclipse.core.resources_3.13.700.v20200209-1624.jar:?]
	at org.eclipse.core.internal.resources.Workspace.run(Workspace.java:2317) [org.eclipse.core.resources_3.13.700.v20200209-1624.jar:?]
	at org.eclipse.ltk.core.refactoring.PerformChangeOperation.executeChange(PerformChangeOperation.java:298) [org.eclipse.ltk.core.refactoring_3.10.400.v20200215-1156.jar:?]
	at org.eclipse.ltk.internal.ui.refactoring.UIPerformChangeOperation.executeChange(UIPerformChangeOperation.java:99) [org.eclipse.ltk.ui.refactoring_3.10.200.v20200221-2020.jar:?]
	at org.eclipse.ltk.core.refactoring.PerformChangeOperation.run(PerformChangeOperation.java:219) [org.eclipse.ltk.core.refactoring_3.10.400.v20200215-1156.jar:?]
	at org.eclipse.core.internal.resources.Workspace.run(Workspace.java:2292) [org.eclipse.core.resources_3.13.700.v20200209-1624.jar:?]
	at org.eclipse.core.internal.resources.Workspace.run(Workspace.java:2317) [org.eclipse.core.resources_3.13.700.v20200209-1624.jar:?]
	at org.eclipse.ltk.internal.ui.refactoring.WorkbenchRunnableAdapter.run(WorkbenchRunnableAdapter.java:89) [org.eclipse.ltk.ui.refactoring_3.10.200.v20200221-2020.jar:?]
	at org.eclipse.jface.operation.ModalContext$ModalContextThread.run(ModalContext.java:122) [org.eclipse.jface_3.19.0.v20200218-1607.jar:?]
Caused by: java.lang.Exception: File not found: C:\Users\tejasvissapragada\Documents\cs153a\vitis\lab3a_vitis\lab3a_application\src\lscript.ld.
	at org.eclipse.core.internal.resources.ResourceException.provideStackTrace(ResourceException.java:42) ~[org.eclipse.core.resources_3.13.700.v20200209-1624.jar:?]
	at org.eclipse.core.internal.resources.ResourceException.<init>(ResourceException.java:38) ~[org.eclipse.core.resources_3.13.700.v20200209-1624.jar:?]
	... 20 more
19:34:57 INFO  : Checking for BSP changes to sync application flags for project 'lab3a_application'...
19:36:56 INFO  : Checking for BSP changes to sync application flags for project 'lab3a_application'...
19:38:25 INFO  : Checking for BSP changes to sync application flags for project 'lab3a_application'...
19:38:59 INFO  : Checking for BSP changes to sync application flags for project 'lab3a_application'...
19:39:01 INFO  : Checking for BSP changes to sync application flags for project 'lab3a_application'...
19:39:13 INFO  : Checking for BSP changes to sync application flags for project 'lab3a_application'...
19:40:03 INFO  : Checking for BSP changes to sync application flags for project 'lab3a_application'...
19:40:42 INFO  : Connected to target on host '127.0.0.1' and port '3121'.
19:40:52 INFO  : ----------------XSDB Script----------------
connect -url tcp:127.0.0.1:3121
----------------End of Script----------------

19:40:52 ERROR : Could not find FPGA device on the board for connection 'Local'.


Troubleshooting hints:
1. Check whether board is connected to system properly.
2. In case of zynq board, check whether Digilent/Xilinx cable switch settings are correct.
3. If you are using Xilinx Platform Cable USB, ensure that status LED is green.
19:41:14 INFO  : Bit file 'C:/Users/tejasvissapragada/Documents/cs153a/vitis/lab3a_vitis/lab3a_application/_ide/bitstream/download.bit' is generated.
19:41:14 INFO  : Connected to target on host '127.0.0.1' and port '3121'.
19:41:14 INFO  : 'targets -set -filter {jtag_cable_name =~ "Digilent Nexys A7 -100T 210292BCFA48A" && level==0 && jtag_device_ctx=="jsn-Nexys A7 -100T-210292BCFA48A-13631093-0"}' command is executed.
19:41:17 INFO  : Device configured successfully with "C:/Users/tejasvissapragada/Documents/cs153a/vitis/lab3a_vitis/lab3a_application/_ide/bitstream/download.bit"
19:41:20 INFO  : Connected to target on host '127.0.0.1' and port '3121'.
19:41:21 INFO  : Jtag cable 'Digilent Nexys A7 -100T 210292BCFA48A' is selected.
19:41:21 INFO  : 'jtag frequency' command is executed.
19:41:21 INFO  : 'targets -set -filter {jtag_cable_name =~ "Digilent Nexys A7 -100T 210292BCFA48A" && level==0 && jtag_device_ctx=="jsn-Nexys A7 -100T-210292BCFA48A-13631093-0"}' command is executed.
19:41:23 INFO  : Device configured successfully with "C:/Users/tejasvissapragada/Documents/cs153a/vitis/lab3a_vitis/lab3a_application/_ide/bitstream/design_1_wrapper.bit"
19:41:23 INFO  : Context for processor 'microblaze_0' is selected.
19:41:23 INFO  : Hardware design and registers information is loaded from 'C:/Users/tejasvissapragada/Documents/cs153a/vitis/lab3a_vitis/lab3a_platform/export/lab3a_platform/hw/design_1_wrapper.xsa'.
19:41:23 INFO  : 'configparams mdm-detect-bscan-mask 2' command is executed.
19:41:23 INFO  : Context for processor 'microblaze_0' is selected.
19:41:23 INFO  : System reset is completed.
19:41:26 INFO  : 'after 3000' command is executed.
19:41:26 INFO  : Context for processor 'microblaze_0' is selected.
19:41:26 INFO  : The application 'C:/Users/tejasvissapragada/Documents/cs153a/vitis/lab3a_vitis/lab3a_application/Debug/lab3a_application.elf' is downloaded to processor 'microblaze_0'.
19:41:26 INFO  : ----------------XSDB Script----------------
connect -url tcp:127.0.0.1:3121
targets -set -filter {jtag_cable_name =~ "Digilent Nexys A7 -100T 210292BCFA48A" && level==0 && jtag_device_ctx=="jsn-Nexys A7 -100T-210292BCFA48A-13631093-0"}
fpga -file C:/Users/tejasvissapragada/Documents/cs153a/vitis/lab3a_vitis/lab3a_application/_ide/bitstream/design_1_wrapper.bit
targets -set -nocase -filter {name =~ "*microblaze*#0" && bscan=="USER2" }
loadhw -hw C:/Users/tejasvissapragada/Documents/cs153a/vitis/lab3a_vitis/lab3a_platform/export/lab3a_platform/hw/design_1_wrapper.xsa -regs
configparams mdm-detect-bscan-mask 2
targets -set -nocase -filter {name =~ "*microblaze*#0" && bscan=="USER2" }
rst -system
after 3000
targets -set -nocase -filter {name =~ "*microblaze*#0" && bscan=="USER2" }
dow C:/Users/tejasvissapragada/Documents/cs153a/vitis/lab3a_vitis/lab3a_application/Debug/lab3a_application.elf
----------------End of Script----------------

19:41:27 INFO  : Context for processor 'microblaze_0' is selected.
19:41:27 INFO  : 'con' command is executed.
19:41:27 INFO  : ----------------XSDB Script (After Launch)----------------
targets -set -nocase -filter {name =~ "*microblaze*#0" && bscan=="USER2" }
con
----------------End of Script----------------

19:41:27 INFO  : Launch script is exported to file 'C:\Users\tejasvissapragada\Documents\cs153a\vitis\lab3a_vitis\lab3a_system\_ide\scripts\debugger_lab3a_application-default.tcl'
19:45:00 INFO  : Disconnected from the channel tcfchan#4.
13:01:47 DEBUG : Logs will be stored at 'C:/Users/ranchen/Documents/GitHub/cs153a/vitis/lab3a_vitis/IDE.log'.
13:01:48 INFO  : Launching XSCT server: xsct.bat -n  -interactive C:\Users\ranchen\Documents\GitHub\cs153a\vitis\lab3a_vitis\temp_xsdb_launch_script.tcl
13:01:59 INFO  : Registering command handlers for Vitis TCF services
13:02:00 INFO  : Platform repository initialization has completed.
13:02:03 INFO  : XSCT server has started successfully.
13:02:08 INFO  : plnx-install-location is set to ''
13:02:08 INFO  : Successfully done setting XSCT server connection channel  
13:02:08 INFO  : Successfully done query RDI_DATADIR 
13:02:08 INFO  : Successfully done setting workspace for the tool. 
13:14:13 INFO  : Result from executing command 'getProjects': lab3a_platform
13:14:13 INFO  : Result from executing command 'getPlatforms': xilinx_vck190_base_202210_1|C:/Xilinx/Vitis/2022.1/base_platforms/xilinx_vck190_base_202210_1/xilinx_vck190_base_202210_1.xpfm;xilinx_vck190_base_dfx_202210_1|C:/Xilinx/Vitis/2022.1/base_platforms/xilinx_vck190_base_dfx_202210_1/xilinx_vck190_base_dfx_202210_1.xpfm;xilinx_vmk180_base_202210_1|C:/Xilinx/Vitis/2022.1/base_platforms/xilinx_vmk180_base_202210_1/xilinx_vmk180_base_202210_1.xpfm;xilinx_zcu102_base_202210_1|C:/Xilinx/Vitis/2022.1/base_platforms/xilinx_zcu102_base_202210_1/xilinx_zcu102_base_202210_1.xpfm;xilinx_zcu102_base_dfx_202210_1|C:/Xilinx/Vitis/2022.1/base_platforms/xilinx_zcu102_base_dfx_202210_1/xilinx_zcu102_base_dfx_202210_1.xpfm;xilinx_zcu104_base_202210_1|C:/Xilinx/Vitis/2022.1/base_platforms/xilinx_zcu104_base_202210_1/xilinx_zcu104_base_202210_1.xpfm
13:14:15 INFO  : Checking for BSP changes to sync application flags for project 'lab3a_application'...
13:54:47 INFO  : Checking for BSP changes to sync application flags for project 'lab3a_application'...
13:56:06 INFO  : Checking for BSP changes to sync application flags for project 'lab3a_application'...
13:56:19 INFO  : Checking for BSP changes to sync application flags for project 'lab3a_application'...
13:58:35 INFO  : Checking for BSP changes to sync application flags for project 'lab3a_application'...
13:59:10 INFO  : Checking for BSP changes to sync application flags for project 'lab3a_application'...
13:59:49 INFO  : Checking for BSP changes to sync application flags for project 'lab3a_application'...
13:59:57 INFO  : Connected to target on host '127.0.0.1' and port '3121'.
14:00:04 INFO  : Connected to target on host '127.0.0.1' and port '3121'.
14:00:04 INFO  : Jtag cable 'Digilent Nexys A7 -100T 210292BCFA48A' is selected.
14:00:04 INFO  : 'jtag frequency' command is executed.
14:00:05 INFO  : 'targets -set -filter {jtag_cable_name =~ "Digilent Nexys A7 -100T 210292BCFA48A" && level==0 && jtag_device_ctx=="jsn-Nexys A7 -100T-210292BCFA48A-13631093-0"}' command is executed.
14:00:08 INFO  : ----------------XSDB Script----------------
connect -url tcp:127.0.0.1:3121
----------------End of Script----------------

14:00:08 ERROR : Could not find FPGA device on the board for connection 'Local'.


Troubleshooting hints:
1. Check whether board is connected to system properly.
2. In case of zynq board, check whether Digilent/Xilinx cable switch settings are correct.
3. If you are using Xilinx Platform Cable USB, ensure that status LED is green.
14:00:10 INFO  : Device configured successfully with "C:/Users/ranchen/Documents/GitHub/cs153a/vitis/lab3a_vitis/lab3a_application/_ide/bitstream/design_1_wrapper.bit"
14:00:10 INFO  : Context for processor 'microblaze_0' is selected.
14:00:10 INFO  : Hardware design and registers information is loaded from 'C:/Users/ranchen/Documents/GitHub/cs153a/vitis/lab3a_vitis/lab3a_platform/export/lab3a_platform/hw/design_1_wrapper.xsa'.
14:00:10 INFO  : 'configparams mdm-detect-bscan-mask 2' command is executed.
14:00:10 INFO  : Context for processor 'microblaze_0' is selected.
14:00:10 INFO  : System reset is completed.
14:00:13 INFO  : 'after 3000' command is executed.
14:00:13 INFO  : Context for processor 'microblaze_0' is selected.
14:00:14 INFO  : The application 'C:/Users/ranchen/Documents/GitHub/cs153a/vitis/lab3a_vitis/lab3a_application/Debug/lab3a_application.elf' is downloaded to processor 'microblaze_0'.
14:00:14 INFO  : ----------------XSDB Script----------------
connect -url tcp:127.0.0.1:3121
targets -set -filter {jtag_cable_name =~ "Digilent Nexys A7 -100T 210292BCFA48A" && level==0 && jtag_device_ctx=="jsn-Nexys A7 -100T-210292BCFA48A-13631093-0"}
fpga -file C:/Users/ranchen/Documents/GitHub/cs153a/vitis/lab3a_vitis/lab3a_application/_ide/bitstream/design_1_wrapper.bit
targets -set -nocase -filter {name =~ "*microblaze*#0" && bscan=="USER2" }
loadhw -hw C:/Users/ranchen/Documents/GitHub/cs153a/vitis/lab3a_vitis/lab3a_platform/export/lab3a_platform/hw/design_1_wrapper.xsa -regs
configparams mdm-detect-bscan-mask 2
targets -set -nocase -filter {name =~ "*microblaze*#0" && bscan=="USER2" }
rst -system
after 3000
targets -set -nocase -filter {name =~ "*microblaze*#0" && bscan=="USER2" }
dow C:/Users/ranchen/Documents/GitHub/cs153a/vitis/lab3a_vitis/lab3a_application/Debug/lab3a_application.elf
----------------End of Script----------------

14:00:14 INFO  : Context for processor 'microblaze_0' is selected.
14:00:14 INFO  : 'con' command is executed.
14:00:14 INFO  : ----------------XSDB Script (After Launch)----------------
targets -set -nocase -filter {name =~ "*microblaze*#0" && bscan=="USER2" }
con
----------------End of Script----------------

14:00:14 INFO  : Launch script is exported to file 'C:\Users\ranchen\Documents\GitHub\cs153a\vitis\lab3a_vitis\lab3a_system\_ide\scripts\debugger_lab3a_application-default.tcl'
14:00:24 INFO  : Disconnected from the channel tcfchan#2.
14:00:25 INFO  : Connected to target on host '127.0.0.1' and port '3121'.
14:00:34 INFO  : ----------------XSDB Script----------------
connect -url tcp:127.0.0.1:3121
----------------End of Script----------------

14:00:34 ERROR : Could not find FPGA device on the board for connection 'Local'.


Troubleshooting hints:
1. Check whether board is connected to system properly.
2. In case of zynq board, check whether Digilent/Xilinx cable switch settings are correct.
3. If you are using Xilinx Platform Cable USB, ensure that status LED is green.
14:00:38 INFO  : Connected to target on host '127.0.0.1' and port '3121'.
14:00:38 INFO  : Jtag cable 'Digilent Nexys A7 -100T 210292BCFA48A' is selected.
14:00:38 INFO  : 'jtag frequency' command is executed.
14:00:38 INFO  : 'targets -set -filter {jtag_cable_name =~ "Digilent Nexys A7 -100T 210292BCFA48A" && level==0 && jtag_device_ctx=="jsn-Nexys A7 -100T-210292BCFA48A-13631093-0"}' command is executed.
14:00:40 INFO  : Device configured successfully with "C:/Users/ranchen/Documents/GitHub/cs153a/vitis/lab3a_vitis/lab3a_application/_ide/bitstream/design_1_wrapper.bit"
14:00:40 INFO  : Context for processor 'microblaze_0' is selected.
14:00:41 INFO  : Hardware design and registers information is loaded from 'C:/Users/ranchen/Documents/GitHub/cs153a/vitis/lab3a_vitis/lab3a_platform/export/lab3a_platform/hw/design_1_wrapper.xsa'.
14:00:41 INFO  : 'configparams mdm-detect-bscan-mask 2' command is executed.
14:00:41 INFO  : Context for processor 'microblaze_0' is selected.
14:00:41 INFO  : System reset is completed.
14:00:44 INFO  : 'after 3000' command is executed.
14:00:44 INFO  : Context for processor 'microblaze_0' is selected.
14:00:44 INFO  : The application 'C:/Users/ranchen/Documents/GitHub/cs153a/vitis/lab3a_vitis/lab3a_application/Debug/lab3a_application.elf' is downloaded to processor 'microblaze_0'.
14:00:44 INFO  : ----------------XSDB Script----------------
connect -url tcp:127.0.0.1:3121
targets -set -filter {jtag_cable_name =~ "Digilent Nexys A7 -100T 210292BCFA48A" && level==0 && jtag_device_ctx=="jsn-Nexys A7 -100T-210292BCFA48A-13631093-0"}
fpga -file C:/Users/ranchen/Documents/GitHub/cs153a/vitis/lab3a_vitis/lab3a_application/_ide/bitstream/design_1_wrapper.bit
targets -set -nocase -filter {name =~ "*microblaze*#0" && bscan=="USER2" }
loadhw -hw C:/Users/ranchen/Documents/GitHub/cs153a/vitis/lab3a_vitis/lab3a_platform/export/lab3a_platform/hw/design_1_wrapper.xsa -regs
configparams mdm-detect-bscan-mask 2
targets -set -nocase -filter {name =~ "*microblaze*#0" && bscan=="USER2" }
rst -system
after 3000
targets -set -nocase -filter {name =~ "*microblaze*#0" && bscan=="USER2" }
dow C:/Users/ranchen/Documents/GitHub/cs153a/vitis/lab3a_vitis/lab3a_application/Debug/lab3a_application.elf
----------------End of Script----------------

14:00:44 INFO  : Context for processor 'microblaze_0' is selected.
14:00:44 INFO  : 'con' command is executed.
14:00:44 INFO  : ----------------XSDB Script (After Launch)----------------
targets -set -nocase -filter {name =~ "*microblaze*#0" && bscan=="USER2" }
con
----------------End of Script----------------

14:00:44 INFO  : Launch script is exported to file 'C:\Users\ranchen\Documents\GitHub\cs153a\vitis\lab3a_vitis\lab3a_system\_ide\scripts\debugger_lab3a_application-default.tcl'
14:01:28 INFO  : Checking for BSP changes to sync application flags for project 'lab3a_application'...
14:01:35 INFO  : Disconnected from the channel tcfchan#3.
14:01:36 INFO  : Connected to target on host '127.0.0.1' and port '3121'.
14:01:36 INFO  : Jtag cable 'Digilent Nexys A7 -100T 210292BCFA48A' is selected.
14:01:36 INFO  : 'jtag frequency' command is executed.
14:01:36 INFO  : 'targets -set -filter {jtag_cable_name =~ "Digilent Nexys A7 -100T 210292BCFA48A" && level==0 && jtag_device_ctx=="jsn-Nexys A7 -100T-210292BCFA48A-13631093-0"}' command is executed.
14:01:38 INFO  : Device configured successfully with "C:/Users/ranchen/Documents/GitHub/cs153a/vitis/lab3a_vitis/lab3a_application/_ide/bitstream/design_1_wrapper.bit"
14:01:38 INFO  : Context for processor 'microblaze_0' is selected.
14:01:38 INFO  : Hardware design and registers information is loaded from 'C:/Users/ranchen/Documents/GitHub/cs153a/vitis/lab3a_vitis/lab3a_platform/export/lab3a_platform/hw/design_1_wrapper.xsa'.
14:01:38 INFO  : 'configparams mdm-detect-bscan-mask 2' command is executed.
14:01:38 INFO  : Context for processor 'microblaze_0' is selected.
14:01:38 INFO  : System reset is completed.
14:01:42 INFO  : 'after 3000' command is executed.
14:01:42 INFO  : Context for processor 'microblaze_0' is selected.
14:01:42 INFO  : The application 'C:/Users/ranchen/Documents/GitHub/cs153a/vitis/lab3a_vitis/lab3a_application/Debug/lab3a_application.elf' is downloaded to processor 'microblaze_0'.
14:01:42 INFO  : ----------------XSDB Script----------------
connect -url tcp:127.0.0.1:3121
targets -set -filter {jtag_cable_name =~ "Digilent Nexys A7 -100T 210292BCFA48A" && level==0 && jtag_device_ctx=="jsn-Nexys A7 -100T-210292BCFA48A-13631093-0"}
fpga -file C:/Users/ranchen/Documents/GitHub/cs153a/vitis/lab3a_vitis/lab3a_application/_ide/bitstream/design_1_wrapper.bit
targets -set -nocase -filter {name =~ "*microblaze*#0" && bscan=="USER2" }
loadhw -hw C:/Users/ranchen/Documents/GitHub/cs153a/vitis/lab3a_vitis/lab3a_platform/export/lab3a_platform/hw/design_1_wrapper.xsa -regs
configparams mdm-detect-bscan-mask 2
targets -set -nocase -filter {name =~ "*microblaze*#0" && bscan=="USER2" }
rst -system
after 3000
targets -set -nocase -filter {name =~ "*microblaze*#0" && bscan=="USER2" }
dow C:/Users/ranchen/Documents/GitHub/cs153a/vitis/lab3a_vitis/lab3a_application/Debug/lab3a_application.elf
----------------End of Script----------------

14:01:42 INFO  : Context for processor 'microblaze_0' is selected.
14:01:42 INFO  : 'con' command is executed.
14:01:42 INFO  : ----------------XSDB Script (After Launch)----------------
targets -set -nocase -filter {name =~ "*microblaze*#0" && bscan=="USER2" }
con
----------------End of Script----------------

14:01:42 INFO  : Launch script is exported to file 'C:\Users\ranchen\Documents\GitHub\cs153a\vitis\lab3a_vitis\lab3a_system\_ide\scripts\debugger_lab3a_application-default.tcl'
14:02:55 INFO  : Checking for BSP changes to sync application flags for project 'lab3a_application'...
14:02:58 INFO  : Disconnected from the channel tcfchan#4.
14:02:59 INFO  : Connected to target on host '127.0.0.1' and port '3121'.
14:03:08 INFO  : ----------------XSDB Script----------------
connect -url tcp:127.0.0.1:3121
----------------End of Script----------------

14:03:08 ERROR : Could not find FPGA device on the board for connection 'Local'.


Troubleshooting hints:
1. Check whether board is connected to system properly.
2. In case of zynq board, check whether Digilent/Xilinx cable switch settings are correct.
3. If you are using Xilinx Platform Cable USB, ensure that status LED is green.
14:03:18 INFO  : Connected to target on host '127.0.0.1' and port '3121'.
14:03:18 INFO  : Jtag cable 'Digilent Nexys A7 -100T 210292BCFA48A' is selected.
14:03:18 INFO  : 'jtag frequency' command is executed.
14:03:19 INFO  : 'targets -set -filter {jtag_cable_name =~ "Digilent Nexys A7 -100T 210292BCFA48A" && level==0 && jtag_device_ctx=="jsn-Nexys A7 -100T-210292BCFA48A-13631093-0"}' command is executed.
14:03:21 INFO  : Device configured successfully with "C:/Users/ranchen/Documents/GitHub/cs153a/vitis/lab3a_vitis/lab3a_application/_ide/bitstream/design_1_wrapper.bit"
14:03:21 INFO  : Context for processor 'microblaze_0' is selected.
14:03:21 INFO  : Hardware design and registers information is loaded from 'C:/Users/ranchen/Documents/GitHub/cs153a/vitis/lab3a_vitis/lab3a_platform/export/lab3a_platform/hw/design_1_wrapper.xsa'.
14:03:21 INFO  : 'configparams mdm-detect-bscan-mask 2' command is executed.
14:03:21 INFO  : Context for processor 'microblaze_0' is selected.
14:03:21 INFO  : System reset is completed.
14:03:24 INFO  : 'after 3000' command is executed.
14:03:24 INFO  : Context for processor 'microblaze_0' is selected.
14:03:24 INFO  : The application 'C:/Users/ranchen/Documents/GitHub/cs153a/vitis/lab3a_vitis/lab3a_application/Debug/lab3a_application.elf' is downloaded to processor 'microblaze_0'.
14:03:24 INFO  : ----------------XSDB Script----------------
connect -url tcp:127.0.0.1:3121
targets -set -filter {jtag_cable_name =~ "Digilent Nexys A7 -100T 210292BCFA48A" && level==0 && jtag_device_ctx=="jsn-Nexys A7 -100T-210292BCFA48A-13631093-0"}
fpga -file C:/Users/ranchen/Documents/GitHub/cs153a/vitis/lab3a_vitis/lab3a_application/_ide/bitstream/design_1_wrapper.bit
targets -set -nocase -filter {name =~ "*microblaze*#0" && bscan=="USER2" }
loadhw -hw C:/Users/ranchen/Documents/GitHub/cs153a/vitis/lab3a_vitis/lab3a_platform/export/lab3a_platform/hw/design_1_wrapper.xsa -regs
configparams mdm-detect-bscan-mask 2
targets -set -nocase -filter {name =~ "*microblaze*#0" && bscan=="USER2" }
rst -system
after 3000
targets -set -nocase -filter {name =~ "*microblaze*#0" && bscan=="USER2" }
dow C:/Users/ranchen/Documents/GitHub/cs153a/vitis/lab3a_vitis/lab3a_application/Debug/lab3a_application.elf
----------------End of Script----------------

14:03:24 INFO  : Context for processor 'microblaze_0' is selected.
14:03:24 INFO  : 'con' command is executed.
14:03:24 INFO  : ----------------XSDB Script (After Launch)----------------
targets -set -nocase -filter {name =~ "*microblaze*#0" && bscan=="USER2" }
con
----------------End of Script----------------

14:03:24 INFO  : Launch script is exported to file 'C:\Users\ranchen\Documents\GitHub\cs153a\vitis\lab3a_vitis\lab3a_system\_ide\scripts\debugger_lab3a_application-default.tcl'
14:04:33 INFO  : Checking for BSP changes to sync application flags for project 'lab3a_application'...
14:04:36 INFO  : Disconnected from the channel tcfchan#5.
14:04:37 INFO  : Connected to target on host '127.0.0.1' and port '3121'.
14:04:37 INFO  : Jtag cable 'Digilent Nexys A7 -100T 210292BCFA48A' is selected.
14:04:37 INFO  : 'jtag frequency' command is executed.
14:04:37 INFO  : 'targets -set -filter {jtag_cable_name =~ "Digilent Nexys A7 -100T 210292BCFA48A" && level==0 && jtag_device_ctx=="jsn-Nexys A7 -100T-210292BCFA48A-13631093-0"}' command is executed.
14:04:39 INFO  : Device configured successfully with "C:/Users/ranchen/Documents/GitHub/cs153a/vitis/lab3a_vitis/lab3a_application/_ide/bitstream/design_1_wrapper.bit"
14:04:39 INFO  : Context for processor 'microblaze_0' is selected.
14:04:39 INFO  : Hardware design and registers information is loaded from 'C:/Users/ranchen/Documents/GitHub/cs153a/vitis/lab3a_vitis/lab3a_platform/export/lab3a_platform/hw/design_1_wrapper.xsa'.
14:04:39 INFO  : 'configparams mdm-detect-bscan-mask 2' command is executed.
14:04:39 INFO  : Context for processor 'microblaze_0' is selected.
14:04:39 INFO  : System reset is completed.
14:04:42 INFO  : 'after 3000' command is executed.
14:04:42 INFO  : Context for processor 'microblaze_0' is selected.
14:04:43 INFO  : The application 'C:/Users/ranchen/Documents/GitHub/cs153a/vitis/lab3a_vitis/lab3a_application/Debug/lab3a_application.elf' is downloaded to processor 'microblaze_0'.
14:04:43 INFO  : ----------------XSDB Script----------------
connect -url tcp:127.0.0.1:3121
targets -set -filter {jtag_cable_name =~ "Digilent Nexys A7 -100T 210292BCFA48A" && level==0 && jtag_device_ctx=="jsn-Nexys A7 -100T-210292BCFA48A-13631093-0"}
fpga -file C:/Users/ranchen/Documents/GitHub/cs153a/vitis/lab3a_vitis/lab3a_application/_ide/bitstream/design_1_wrapper.bit
targets -set -nocase -filter {name =~ "*microblaze*#0" && bscan=="USER2" }
loadhw -hw C:/Users/ranchen/Documents/GitHub/cs153a/vitis/lab3a_vitis/lab3a_platform/export/lab3a_platform/hw/design_1_wrapper.xsa -regs
configparams mdm-detect-bscan-mask 2
targets -set -nocase -filter {name =~ "*microblaze*#0" && bscan=="USER2" }
rst -system
after 3000
targets -set -nocase -filter {name =~ "*microblaze*#0" && bscan=="USER2" }
dow C:/Users/ranchen/Documents/GitHub/cs153a/vitis/lab3a_vitis/lab3a_application/Debug/lab3a_application.elf
----------------End of Script----------------

14:04:43 INFO  : Context for processor 'microblaze_0' is selected.
14:04:43 INFO  : 'con' command is executed.
14:04:43 INFO  : ----------------XSDB Script (After Launch)----------------
targets -set -nocase -filter {name =~ "*microblaze*#0" && bscan=="USER2" }
con
----------------End of Script----------------

14:04:43 INFO  : Launch script is exported to file 'C:\Users\ranchen\Documents\GitHub\cs153a\vitis\lab3a_vitis\lab3a_system\_ide\scripts\debugger_lab3a_application-default.tcl'
14:05:35 INFO  : Checking for BSP changes to sync application flags for project 'lab3a_application'...
14:05:40 INFO  : Disconnected from the channel tcfchan#6.
14:05:41 INFO  : Connected to target on host '127.0.0.1' and port '3121'.
14:05:50 INFO  : ----------------XSDB Script----------------
connect -url tcp:127.0.0.1:3121
----------------End of Script----------------

14:05:50 ERROR : Could not find FPGA device on the board for connection 'Local'.


Troubleshooting hints:
1. Check whether board is connected to system properly.
2. In case of zynq board, check whether Digilent/Xilinx cable switch settings are correct.
3. If you are using Xilinx Platform Cable USB, ensure that status LED is green.
14:05:54 INFO  : Connected to target on host '127.0.0.1' and port '3121'.
14:05:54 INFO  : Jtag cable 'Digilent Nexys A7 -100T 210292BCFA48A' is selected.
14:05:54 INFO  : 'jtag frequency' command is executed.
14:05:54 INFO  : 'targets -set -filter {jtag_cable_name =~ "Digilent Nexys A7 -100T 210292BCFA48A" && level==0 && jtag_device_ctx=="jsn-Nexys A7 -100T-210292BCFA48A-13631093-0"}' command is executed.
14:05:56 INFO  : Device configured successfully with "C:/Users/ranchen/Documents/GitHub/cs153a/vitis/lab3a_vitis/lab3a_application/_ide/bitstream/design_1_wrapper.bit"
14:05:56 INFO  : Context for processor 'microblaze_0' is selected.
14:05:56 INFO  : Hardware design and registers information is loaded from 'C:/Users/ranchen/Documents/GitHub/cs153a/vitis/lab3a_vitis/lab3a_platform/export/lab3a_platform/hw/design_1_wrapper.xsa'.
14:05:56 INFO  : 'configparams mdm-detect-bscan-mask 2' command is executed.
14:05:56 INFO  : Context for processor 'microblaze_0' is selected.
14:05:56 INFO  : System reset is completed.
14:05:59 INFO  : 'after 3000' command is executed.
14:05:59 INFO  : Context for processor 'microblaze_0' is selected.
14:06:00 INFO  : The application 'C:/Users/ranchen/Documents/GitHub/cs153a/vitis/lab3a_vitis/lab3a_application/Debug/lab3a_application.elf' is downloaded to processor 'microblaze_0'.
14:06:00 INFO  : ----------------XSDB Script----------------
connect -url tcp:127.0.0.1:3121
targets -set -filter {jtag_cable_name =~ "Digilent Nexys A7 -100T 210292BCFA48A" && level==0 && jtag_device_ctx=="jsn-Nexys A7 -100T-210292BCFA48A-13631093-0"}
fpga -file C:/Users/ranchen/Documents/GitHub/cs153a/vitis/lab3a_vitis/lab3a_application/_ide/bitstream/design_1_wrapper.bit
targets -set -nocase -filter {name =~ "*microblaze*#0" && bscan=="USER2" }
loadhw -hw C:/Users/ranchen/Documents/GitHub/cs153a/vitis/lab3a_vitis/lab3a_platform/export/lab3a_platform/hw/design_1_wrapper.xsa -regs
configparams mdm-detect-bscan-mask 2
targets -set -nocase -filter {name =~ "*microblaze*#0" && bscan=="USER2" }
rst -system
after 3000
targets -set -nocase -filter {name =~ "*microblaze*#0" && bscan=="USER2" }
dow C:/Users/ranchen/Documents/GitHub/cs153a/vitis/lab3a_vitis/lab3a_application/Debug/lab3a_application.elf
----------------End of Script----------------

14:06:00 INFO  : Context for processor 'microblaze_0' is selected.
14:06:00 INFO  : 'con' command is executed.
14:06:00 INFO  : ----------------XSDB Script (After Launch)----------------
targets -set -nocase -filter {name =~ "*microblaze*#0" && bscan=="USER2" }
con
----------------End of Script----------------

14:06:00 INFO  : Launch script is exported to file 'C:\Users\ranchen\Documents\GitHub\cs153a\vitis\lab3a_vitis\lab3a_system\_ide\scripts\debugger_lab3a_application-default.tcl'
14:08:52 INFO  : Result from executing command 'getProjects': lab3a_platform
14:08:52 INFO  : Result from executing command 'getPlatforms': lab3a_platform|C:/Users/ranchen/Documents/GitHub/cs153a/vitis/lab3a_vitis/lab3a_platform/export/lab3a_platform/lab3a_platform.xpfm;xilinx_vck190_base_202210_1|C:/Xilinx/Vitis/2022.1/base_platforms/xilinx_vck190_base_202210_1/xilinx_vck190_base_202210_1.xpfm;xilinx_vck190_base_dfx_202210_1|C:/Xilinx/Vitis/2022.1/base_platforms/xilinx_vck190_base_dfx_202210_1/xilinx_vck190_base_dfx_202210_1.xpfm;xilinx_vmk180_base_202210_1|C:/Xilinx/Vitis/2022.1/base_platforms/xilinx_vmk180_base_202210_1/xilinx_vmk180_base_202210_1.xpfm;xilinx_zcu102_base_202210_1|C:/Xilinx/Vitis/2022.1/base_platforms/xilinx_zcu102_base_202210_1/xilinx_zcu102_base_202210_1.xpfm;xilinx_zcu102_base_dfx_202210_1|C:/Xilinx/Vitis/2022.1/base_platforms/xilinx_zcu102_base_dfx_202210_1/xilinx_zcu102_base_dfx_202210_1.xpfm;xilinx_zcu104_base_202210_1|C:/Xilinx/Vitis/2022.1/base_platforms/xilinx_zcu104_base_202210_1/xilinx_zcu104_base_202210_1.xpfm
14:08:53 INFO  : Checking for BSP changes to sync application flags for project 'lab3a_application'...
14:08:58 INFO  : Disconnected from the channel tcfchan#7.
14:08:59 INFO  : Connected to target on host '127.0.0.1' and port '3121'.
14:09:08 INFO  : ----------------XSDB Script----------------
connect -url tcp:127.0.0.1:3121
----------------End of Script----------------

14:09:08 ERROR : Could not find FPGA device on the board for connection 'Local'.


Troubleshooting hints:
1. Check whether board is connected to system properly.
2. In case of zynq board, check whether Digilent/Xilinx cable switch settings are correct.
3. If you are using Xilinx Platform Cable USB, ensure that status LED is green.
14:09:14 INFO  : Connected to target on host '127.0.0.1' and port '3121'.
14:09:14 INFO  : Jtag cable 'Digilent Nexys A7 -100T 210292BCFA48A' is selected.
14:09:14 INFO  : 'jtag frequency' command is executed.
14:09:14 INFO  : 'targets -set -filter {jtag_cable_name =~ "Digilent Nexys A7 -100T 210292BCFA48A" && level==0 && jtag_device_ctx=="jsn-Nexys A7 -100T-210292BCFA48A-13631093-0"}' command is executed.
14:09:16 INFO  : Device configured successfully with "C:/Users/ranchen/Documents/GitHub/cs153a/vitis/lab3a_vitis/lab3a_application/_ide/bitstream/design_1_wrapper.bit"
14:09:16 INFO  : Context for processor 'microblaze_0' is selected.
14:09:16 INFO  : Hardware design and registers information is loaded from 'C:/Users/ranchen/Documents/GitHub/cs153a/vitis/lab3a_vitis/lab3a_platform/export/lab3a_platform/hw/design_1_wrapper.xsa'.
14:09:16 INFO  : 'configparams mdm-detect-bscan-mask 2' command is executed.
14:09:16 INFO  : Context for processor 'microblaze_0' is selected.
14:09:16 INFO  : System reset is completed.
14:09:19 INFO  : 'after 3000' command is executed.
14:09:19 INFO  : Context for processor 'microblaze_0' is selected.
14:09:20 INFO  : The application 'C:/Users/ranchen/Documents/GitHub/cs153a/vitis/lab3a_vitis/lab3a_application/Debug/lab3a_application.elf' is downloaded to processor 'microblaze_0'.
14:09:20 INFO  : ----------------XSDB Script----------------
connect -url tcp:127.0.0.1:3121
targets -set -filter {jtag_cable_name =~ "Digilent Nexys A7 -100T 210292BCFA48A" && level==0 && jtag_device_ctx=="jsn-Nexys A7 -100T-210292BCFA48A-13631093-0"}
fpga -file C:/Users/ranchen/Documents/GitHub/cs153a/vitis/lab3a_vitis/lab3a_application/_ide/bitstream/design_1_wrapper.bit
targets -set -nocase -filter {name =~ "*microblaze*#0" && bscan=="USER2" }
loadhw -hw C:/Users/ranchen/Documents/GitHub/cs153a/vitis/lab3a_vitis/lab3a_platform/export/lab3a_platform/hw/design_1_wrapper.xsa -regs
configparams mdm-detect-bscan-mask 2
targets -set -nocase -filter {name =~ "*microblaze*#0" && bscan=="USER2" }
rst -system
after 3000
targets -set -nocase -filter {name =~ "*microblaze*#0" && bscan=="USER2" }
dow C:/Users/ranchen/Documents/GitHub/cs153a/vitis/lab3a_vitis/lab3a_application/Debug/lab3a_application.elf
----------------End of Script----------------

14:09:20 INFO  : Context for processor 'microblaze_0' is selected.
14:09:20 INFO  : 'con' command is executed.
14:09:20 INFO  : ----------------XSDB Script (After Launch)----------------
targets -set -nocase -filter {name =~ "*microblaze*#0" && bscan=="USER2" }
con
----------------End of Script----------------

14:09:20 INFO  : Launch script is exported to file 'C:\Users\ranchen\Documents\GitHub\cs153a\vitis\lab3a_vitis\lab3a_system\_ide\scripts\debugger_lab3a_application-default.tcl'
14:14:41 INFO  : Checking for BSP changes to sync application flags for project 'lab3a_application'...
14:14:51 INFO  : Checking for BSP changes to sync application flags for project 'lab3a_application'...
14:14:54 INFO  : Disconnected from the channel tcfchan#9.
14:14:55 INFO  : Connected to target on host '127.0.0.1' and port '3121'.
14:15:04 INFO  : ----------------XSDB Script----------------
connect -url tcp:127.0.0.1:3121
----------------End of Script----------------

14:15:04 ERROR : Could not find FPGA device on the board for connection 'Local'.


Troubleshooting hints:
1. Check whether board is connected to system properly.
2. In case of zynq board, check whether Digilent/Xilinx cable switch settings are correct.
3. If you are using Xilinx Platform Cable USB, ensure that status LED is green.
14:15:04 INFO  : Connected to target on host '127.0.0.1' and port '3121'.
14:15:04 INFO  : Jtag cable 'Digilent Nexys A7 -100T 210292BCFA48A' is selected.
14:15:04 INFO  : 'jtag frequency' command is executed.
14:15:05 INFO  : 'targets -set -filter {jtag_cable_name =~ "Digilent Nexys A7 -100T 210292BCFA48A" && level==0 && jtag_device_ctx=="jsn-Nexys A7 -100T-210292BCFA48A-13631093-0"}' command is executed.
14:15:07 INFO  : Device configured successfully with "C:/Users/ranchen/Documents/GitHub/cs153a/vitis/lab3a_vitis/lab3a_application/_ide/bitstream/design_1_wrapper.bit"
14:15:07 INFO  : Context for processor 'microblaze_0' is selected.
14:15:07 INFO  : Hardware design and registers information is loaded from 'C:/Users/ranchen/Documents/GitHub/cs153a/vitis/lab3a_vitis/lab3a_platform/export/lab3a_platform/hw/design_1_wrapper.xsa'.
14:15:07 INFO  : 'configparams mdm-detect-bscan-mask 2' command is executed.
14:15:07 INFO  : Context for processor 'microblaze_0' is selected.
14:15:07 INFO  : System reset is completed.
14:15:10 INFO  : 'after 3000' command is executed.
14:15:10 INFO  : Context for processor 'microblaze_0' is selected.
14:15:10 INFO  : The application 'C:/Users/ranchen/Documents/GitHub/cs153a/vitis/lab3a_vitis/lab3a_application/Debug/lab3a_application.elf' is downloaded to processor 'microblaze_0'.
14:15:10 INFO  : ----------------XSDB Script----------------
connect -url tcp:127.0.0.1:3121
targets -set -filter {jtag_cable_name =~ "Digilent Nexys A7 -100T 210292BCFA48A" && level==0 && jtag_device_ctx=="jsn-Nexys A7 -100T-210292BCFA48A-13631093-0"}
fpga -file C:/Users/ranchen/Documents/GitHub/cs153a/vitis/lab3a_vitis/lab3a_application/_ide/bitstream/design_1_wrapper.bit
targets -set -nocase -filter {name =~ "*microblaze*#0" && bscan=="USER2" }
loadhw -hw C:/Users/ranchen/Documents/GitHub/cs153a/vitis/lab3a_vitis/lab3a_platform/export/lab3a_platform/hw/design_1_wrapper.xsa -regs
configparams mdm-detect-bscan-mask 2
targets -set -nocase -filter {name =~ "*microblaze*#0" && bscan=="USER2" }
rst -system
after 3000
targets -set -nocase -filter {name =~ "*microblaze*#0" && bscan=="USER2" }
dow C:/Users/ranchen/Documents/GitHub/cs153a/vitis/lab3a_vitis/lab3a_application/Debug/lab3a_application.elf
----------------End of Script----------------

14:15:10 INFO  : Connected to target on host '127.0.0.1' and port '3121'.
14:15:10 INFO  : Context for processor 'microblaze_0' is selected.
14:15:10 INFO  : 'con' command is executed.
14:15:10 INFO  : ----------------XSDB Script (After Launch)----------------
targets -set -nocase -filter {name =~ "*microblaze*#0" && bscan=="USER2" }
con
----------------End of Script----------------

14:15:10 INFO  : Launch script is exported to file 'C:\Users\ranchen\Documents\GitHub\cs153a\vitis\lab3a_vitis\lab3a_system\_ide\scripts\debugger_lab3a_application-default.tcl'
14:15:10 INFO  : Jtag cable 'Digilent Nexys A7 -100T 210292BCFA48A' is selected.
14:15:10 INFO  : 'jtag frequency' command is executed.
14:15:10 INFO  : 'targets -set -filter {jtag_cable_name =~ "Digilent Nexys A7 -100T 210292BCFA48A" && level==0 && jtag_device_ctx=="jsn-Nexys A7 -100T-210292BCFA48A-13631093-0"}' command is executed.
14:15:13 INFO  : Device configured successfully with "C:/Users/ranchen/Documents/GitHub/cs153a/vitis/lab3a_vitis/lab3a_application/_ide/bitstream/design_1_wrapper.bit"
14:15:13 INFO  : Context for processor 'microblaze_0' is selected.
14:15:13 INFO  : Hardware design and registers information is loaded from 'C:/Users/ranchen/Documents/GitHub/cs153a/vitis/lab3a_vitis/lab3a_platform/export/lab3a_platform/hw/design_1_wrapper.xsa'.
14:15:13 INFO  : 'configparams mdm-detect-bscan-mask 2' command is executed.
14:15:13 INFO  : Context for processor 'microblaze_0' is selected.
14:15:13 INFO  : System reset is completed.
14:15:16 INFO  : 'after 3000' command is executed.
14:15:16 INFO  : Context for processor 'microblaze_0' is selected.
14:15:16 INFO  : The application 'C:/Users/ranchen/Documents/GitHub/cs153a/vitis/lab3a_vitis/lab3a_application/Debug/lab3a_application.elf' is downloaded to processor 'microblaze_0'.
14:15:16 INFO  : ----------------XSDB Script----------------
connect -url tcp:127.0.0.1:3121
targets -set -filter {jtag_cable_name =~ "Digilent Nexys A7 -100T 210292BCFA48A" && level==0 && jtag_device_ctx=="jsn-Nexys A7 -100T-210292BCFA48A-13631093-0"}
fpga -file C:/Users/ranchen/Documents/GitHub/cs153a/vitis/lab3a_vitis/lab3a_application/_ide/bitstream/design_1_wrapper.bit
targets -set -nocase -filter {name =~ "*microblaze*#0" && bscan=="USER2" }
loadhw -hw C:/Users/ranchen/Documents/GitHub/cs153a/vitis/lab3a_vitis/lab3a_platform/export/lab3a_platform/hw/design_1_wrapper.xsa -regs
configparams mdm-detect-bscan-mask 2
targets -set -nocase -filter {name =~ "*microblaze*#0" && bscan=="USER2" }
rst -system
after 3000
targets -set -nocase -filter {name =~ "*microblaze*#0" && bscan=="USER2" }
dow C:/Users/ranchen/Documents/GitHub/cs153a/vitis/lab3a_vitis/lab3a_application/Debug/lab3a_application.elf
----------------End of Script----------------

14:15:16 INFO  : Context for processor 'microblaze_0' is selected.
14:15:16 INFO  : 'con' command is executed.
14:15:16 INFO  : ----------------XSDB Script (After Launch)----------------
targets -set -nocase -filter {name =~ "*microblaze*#0" && bscan=="USER2" }
con
----------------End of Script----------------

14:15:16 INFO  : Launch script is exported to file 'C:\Users\ranchen\Documents\GitHub\cs153a\vitis\lab3a_vitis\lab3a_system\_ide\scripts\debugger_lab3a_application-default.tcl'
14:16:05 INFO  : Checking for BSP changes to sync application flags for project 'lab3a_application'...
14:16:07 INFO  : Disconnected from the channel tcfchan#10.
14:16:08 INFO  : Connected to target on host '127.0.0.1' and port '3121'.
14:16:08 INFO  : Jtag cable 'Digilent Nexys A7 -100T 210292BCFA48A' is selected.
14:16:08 INFO  : 'jtag frequency' command is executed.
14:16:08 INFO  : 'targets -set -filter {jtag_cable_name =~ "Digilent Nexys A7 -100T 210292BCFA48A" && level==0 && jtag_device_ctx=="jsn-Nexys A7 -100T-210292BCFA48A-13631093-0"}' command is executed.
14:16:11 INFO  : Device configured successfully with "C:/Users/ranchen/Documents/GitHub/cs153a/vitis/lab3a_vitis/lab3a_application/_ide/bitstream/design_1_wrapper.bit"
14:16:11 INFO  : Context for processor 'microblaze_0' is selected.
14:16:11 INFO  : Hardware design and registers information is loaded from 'C:/Users/ranchen/Documents/GitHub/cs153a/vitis/lab3a_vitis/lab3a_platform/export/lab3a_platform/hw/design_1_wrapper.xsa'.
14:16:11 INFO  : 'configparams mdm-detect-bscan-mask 2' command is executed.
14:16:11 INFO  : Context for processor 'microblaze_0' is selected.
14:16:11 INFO  : System reset is completed.
14:16:14 INFO  : 'after 3000' command is executed.
14:16:14 INFO  : Context for processor 'microblaze_0' is selected.
14:16:14 INFO  : The application 'C:/Users/ranchen/Documents/GitHub/cs153a/vitis/lab3a_vitis/lab3a_application/Debug/lab3a_application.elf' is downloaded to processor 'microblaze_0'.
14:16:14 INFO  : ----------------XSDB Script----------------
connect -url tcp:127.0.0.1:3121
targets -set -filter {jtag_cable_name =~ "Digilent Nexys A7 -100T 210292BCFA48A" && level==0 && jtag_device_ctx=="jsn-Nexys A7 -100T-210292BCFA48A-13631093-0"}
fpga -file C:/Users/ranchen/Documents/GitHub/cs153a/vitis/lab3a_vitis/lab3a_application/_ide/bitstream/design_1_wrapper.bit
targets -set -nocase -filter {name =~ "*microblaze*#0" && bscan=="USER2" }
loadhw -hw C:/Users/ranchen/Documents/GitHub/cs153a/vitis/lab3a_vitis/lab3a_platform/export/lab3a_platform/hw/design_1_wrapper.xsa -regs
configparams mdm-detect-bscan-mask 2
targets -set -nocase -filter {name =~ "*microblaze*#0" && bscan=="USER2" }
rst -system
after 3000
targets -set -nocase -filter {name =~ "*microblaze*#0" && bscan=="USER2" }
dow C:/Users/ranchen/Documents/GitHub/cs153a/vitis/lab3a_vitis/lab3a_application/Debug/lab3a_application.elf
----------------End of Script----------------

14:16:14 INFO  : Context for processor 'microblaze_0' is selected.
14:16:14 INFO  : 'con' command is executed.
14:16:14 INFO  : ----------------XSDB Script (After Launch)----------------
targets -set -nocase -filter {name =~ "*microblaze*#0" && bscan=="USER2" }
con
----------------End of Script----------------

14:16:14 INFO  : Launch script is exported to file 'C:\Users\ranchen\Documents\GitHub\cs153a\vitis\lab3a_vitis\lab3a_system\_ide\scripts\debugger_lab3a_application-default.tcl'
14:18:43 INFO  : Checking for BSP changes to sync application flags for project 'lab3a_application'...
14:18:45 INFO  : Disconnected from the channel tcfchan#11.
14:18:46 INFO  : Connected to target on host '127.0.0.1' and port '3121'.
14:18:46 INFO  : Jtag cable 'Digilent Nexys A7 -100T 210292BCFA48A' is selected.
14:18:46 INFO  : 'jtag frequency' command is executed.
14:18:47 INFO  : 'targets -set -filter {jtag_cable_name =~ "Digilent Nexys A7 -100T 210292BCFA48A" && level==0 && jtag_device_ctx=="jsn-Nexys A7 -100T-210292BCFA48A-13631093-0"}' command is executed.
14:18:49 INFO  : Device configured successfully with "C:/Users/ranchen/Documents/GitHub/cs153a/vitis/lab3a_vitis/lab3a_application/_ide/bitstream/design_1_wrapper.bit"
14:18:49 INFO  : Context for processor 'microblaze_0' is selected.
14:18:49 INFO  : Hardware design and registers information is loaded from 'C:/Users/ranchen/Documents/GitHub/cs153a/vitis/lab3a_vitis/lab3a_platform/export/lab3a_platform/hw/design_1_wrapper.xsa'.
14:18:49 INFO  : 'configparams mdm-detect-bscan-mask 2' command is executed.
14:18:49 INFO  : Context for processor 'microblaze_0' is selected.
14:18:49 INFO  : System reset is completed.
14:18:52 INFO  : 'after 3000' command is executed.
14:18:52 INFO  : Context for processor 'microblaze_0' is selected.
14:18:52 INFO  : The application 'C:/Users/ranchen/Documents/GitHub/cs153a/vitis/lab3a_vitis/lab3a_application/Debug/lab3a_application.elf' is downloaded to processor 'microblaze_0'.
14:18:52 INFO  : ----------------XSDB Script----------------
connect -url tcp:127.0.0.1:3121
targets -set -filter {jtag_cable_name =~ "Digilent Nexys A7 -100T 210292BCFA48A" && level==0 && jtag_device_ctx=="jsn-Nexys A7 -100T-210292BCFA48A-13631093-0"}
fpga -file C:/Users/ranchen/Documents/GitHub/cs153a/vitis/lab3a_vitis/lab3a_application/_ide/bitstream/design_1_wrapper.bit
targets -set -nocase -filter {name =~ "*microblaze*#0" && bscan=="USER2" }
loadhw -hw C:/Users/ranchen/Documents/GitHub/cs153a/vitis/lab3a_vitis/lab3a_platform/export/lab3a_platform/hw/design_1_wrapper.xsa -regs
configparams mdm-detect-bscan-mask 2
targets -set -nocase -filter {name =~ "*microblaze*#0" && bscan=="USER2" }
rst -system
after 3000
targets -set -nocase -filter {name =~ "*microblaze*#0" && bscan=="USER2" }
dow C:/Users/ranchen/Documents/GitHub/cs153a/vitis/lab3a_vitis/lab3a_application/Debug/lab3a_application.elf
----------------End of Script----------------

14:18:52 INFO  : Context for processor 'microblaze_0' is selected.
14:18:52 INFO  : 'con' command is executed.
14:18:52 INFO  : ----------------XSDB Script (After Launch)----------------
targets -set -nocase -filter {name =~ "*microblaze*#0" && bscan=="USER2" }
con
----------------End of Script----------------

14:18:52 INFO  : Launch script is exported to file 'C:\Users\ranchen\Documents\GitHub\cs153a\vitis\lab3a_vitis\lab3a_system\_ide\scripts\debugger_lab3a_application-default.tcl'
14:19:37 INFO  : Checking for BSP changes to sync application flags for project 'lab3a_application'...
14:19:43 INFO  : Disconnected from the channel tcfchan#12.
14:19:44 INFO  : Connected to target on host '127.0.0.1' and port '3121'.
14:19:45 INFO  : Jtag cable 'Digilent Nexys A7 -100T 210292BCFA48A' is selected.
14:19:45 INFO  : 'jtag frequency' command is executed.
14:19:45 INFO  : 'targets -set -filter {jtag_cable_name =~ "Digilent Nexys A7 -100T 210292BCFA48A" && level==0 && jtag_device_ctx=="jsn-Nexys A7 -100T-210292BCFA48A-13631093-0"}' command is executed.
14:19:47 INFO  : Device configured successfully with "C:/Users/ranchen/Documents/GitHub/cs153a/vitis/lab3a_vitis/lab3a_application/_ide/bitstream/design_1_wrapper.bit"
14:19:47 INFO  : Context for processor 'microblaze_0' is selected.
14:19:47 INFO  : Hardware design and registers information is loaded from 'C:/Users/ranchen/Documents/GitHub/cs153a/vitis/lab3a_vitis/lab3a_platform/export/lab3a_platform/hw/design_1_wrapper.xsa'.
14:19:47 INFO  : 'configparams mdm-detect-bscan-mask 2' command is executed.
14:19:47 INFO  : Context for processor 'microblaze_0' is selected.
14:19:47 INFO  : System reset is completed.
14:19:50 INFO  : 'after 3000' command is executed.
14:19:50 INFO  : Context for processor 'microblaze_0' is selected.
14:19:50 INFO  : The application 'C:/Users/ranchen/Documents/GitHub/cs153a/vitis/lab3a_vitis/lab3a_application/Debug/lab3a_application.elf' is downloaded to processor 'microblaze_0'.
14:19:50 INFO  : ----------------XSDB Script----------------
connect -url tcp:127.0.0.1:3121
targets -set -filter {jtag_cable_name =~ "Digilent Nexys A7 -100T 210292BCFA48A" && level==0 && jtag_device_ctx=="jsn-Nexys A7 -100T-210292BCFA48A-13631093-0"}
fpga -file C:/Users/ranchen/Documents/GitHub/cs153a/vitis/lab3a_vitis/lab3a_application/_ide/bitstream/design_1_wrapper.bit
targets -set -nocase -filter {name =~ "*microblaze*#0" && bscan=="USER2" }
loadhw -hw C:/Users/ranchen/Documents/GitHub/cs153a/vitis/lab3a_vitis/lab3a_platform/export/lab3a_platform/hw/design_1_wrapper.xsa -regs
configparams mdm-detect-bscan-mask 2
targets -set -nocase -filter {name =~ "*microblaze*#0" && bscan=="USER2" }
rst -system
after 3000
targets -set -nocase -filter {name =~ "*microblaze*#0" && bscan=="USER2" }
dow C:/Users/ranchen/Documents/GitHub/cs153a/vitis/lab3a_vitis/lab3a_application/Debug/lab3a_application.elf
----------------End of Script----------------

14:19:50 INFO  : Context for processor 'microblaze_0' is selected.
14:19:50 INFO  : 'con' command is executed.
14:19:50 INFO  : ----------------XSDB Script (After Launch)----------------
targets -set -nocase -filter {name =~ "*microblaze*#0" && bscan=="USER2" }
con
----------------End of Script----------------

14:19:50 INFO  : Launch script is exported to file 'C:\Users\ranchen\Documents\GitHub\cs153a\vitis\lab3a_vitis\lab3a_system\_ide\scripts\debugger_lab3a_application-default.tcl'
14:21:18 INFO  : Checking for BSP changes to sync application flags for project 'lab3a_application'...
14:21:20 INFO  : Disconnected from the channel tcfchan#13.
14:21:21 INFO  : Connected to target on host '127.0.0.1' and port '3121'.
14:21:21 INFO  : Jtag cable 'Digilent Nexys A7 -100T 210292BCFA48A' is selected.
14:21:21 INFO  : 'jtag frequency' command is executed.
14:21:21 INFO  : 'targets -set -filter {jtag_cable_name =~ "Digilent Nexys A7 -100T 210292BCFA48A" && level==0 && jtag_device_ctx=="jsn-Nexys A7 -100T-210292BCFA48A-13631093-0"}' command is executed.
14:21:24 INFO  : Device configured successfully with "C:/Users/ranchen/Documents/GitHub/cs153a/vitis/lab3a_vitis/lab3a_application/_ide/bitstream/design_1_wrapper.bit"
14:21:24 INFO  : Context for processor 'microblaze_0' is selected.
14:21:24 INFO  : Hardware design and registers information is loaded from 'C:/Users/ranchen/Documents/GitHub/cs153a/vitis/lab3a_vitis/lab3a_platform/export/lab3a_platform/hw/design_1_wrapper.xsa'.
14:21:24 INFO  : 'configparams mdm-detect-bscan-mask 2' command is executed.
14:21:24 INFO  : Context for processor 'microblaze_0' is selected.
14:21:24 INFO  : System reset is completed.
14:21:27 INFO  : 'after 3000' command is executed.
14:21:27 INFO  : Context for processor 'microblaze_0' is selected.
14:21:27 INFO  : The application 'C:/Users/ranchen/Documents/GitHub/cs153a/vitis/lab3a_vitis/lab3a_application/Debug/lab3a_application.elf' is downloaded to processor 'microblaze_0'.
14:21:27 INFO  : ----------------XSDB Script----------------
connect -url tcp:127.0.0.1:3121
targets -set -filter {jtag_cable_name =~ "Digilent Nexys A7 -100T 210292BCFA48A" && level==0 && jtag_device_ctx=="jsn-Nexys A7 -100T-210292BCFA48A-13631093-0"}
fpga -file C:/Users/ranchen/Documents/GitHub/cs153a/vitis/lab3a_vitis/lab3a_application/_ide/bitstream/design_1_wrapper.bit
targets -set -nocase -filter {name =~ "*microblaze*#0" && bscan=="USER2" }
loadhw -hw C:/Users/ranchen/Documents/GitHub/cs153a/vitis/lab3a_vitis/lab3a_platform/export/lab3a_platform/hw/design_1_wrapper.xsa -regs
configparams mdm-detect-bscan-mask 2
targets -set -nocase -filter {name =~ "*microblaze*#0" && bscan=="USER2" }
rst -system
after 3000
targets -set -nocase -filter {name =~ "*microblaze*#0" && bscan=="USER2" }
dow C:/Users/ranchen/Documents/GitHub/cs153a/vitis/lab3a_vitis/lab3a_application/Debug/lab3a_application.elf
----------------End of Script----------------

14:21:27 INFO  : Context for processor 'microblaze_0' is selected.
14:21:27 INFO  : 'con' command is executed.
14:21:27 INFO  : ----------------XSDB Script (After Launch)----------------
targets -set -nocase -filter {name =~ "*microblaze*#0" && bscan=="USER2" }
con
----------------End of Script----------------

14:21:27 INFO  : Launch script is exported to file 'C:\Users\ranchen\Documents\GitHub\cs153a\vitis\lab3a_vitis\lab3a_system\_ide\scripts\debugger_lab3a_application-default.tcl'
14:22:17 INFO  : Checking for BSP changes to sync application flags for project 'lab3a_application'...
14:22:22 INFO  : Disconnected from the channel tcfchan#14.
14:22:23 INFO  : Connected to target on host '127.0.0.1' and port '3121'.
14:22:23 INFO  : Jtag cable 'Digilent Nexys A7 -100T 210292BCFA48A' is selected.
14:22:23 INFO  : 'jtag frequency' command is executed.
14:22:23 INFO  : 'targets -set -filter {jtag_cable_name =~ "Digilent Nexys A7 -100T 210292BCFA48A" && level==0 && jtag_device_ctx=="jsn-Nexys A7 -100T-210292BCFA48A-13631093-0"}' command is executed.
14:22:25 INFO  : Device configured successfully with "C:/Users/ranchen/Documents/GitHub/cs153a/vitis/lab3a_vitis/lab3a_application/_ide/bitstream/design_1_wrapper.bit"
14:22:25 INFO  : Context for processor 'microblaze_0' is selected.
14:22:25 INFO  : Hardware design and registers information is loaded from 'C:/Users/ranchen/Documents/GitHub/cs153a/vitis/lab3a_vitis/lab3a_platform/export/lab3a_platform/hw/design_1_wrapper.xsa'.
14:22:25 INFO  : 'configparams mdm-detect-bscan-mask 2' command is executed.
14:22:25 INFO  : Context for processor 'microblaze_0' is selected.
14:22:25 INFO  : System reset is completed.
14:22:28 INFO  : 'after 3000' command is executed.
14:22:28 INFO  : Context for processor 'microblaze_0' is selected.
14:22:28 INFO  : The application 'C:/Users/ranchen/Documents/GitHub/cs153a/vitis/lab3a_vitis/lab3a_application/Debug/lab3a_application.elf' is downloaded to processor 'microblaze_0'.
14:22:28 INFO  : ----------------XSDB Script----------------
connect -url tcp:127.0.0.1:3121
targets -set -filter {jtag_cable_name =~ "Digilent Nexys A7 -100T 210292BCFA48A" && level==0 && jtag_device_ctx=="jsn-Nexys A7 -100T-210292BCFA48A-13631093-0"}
fpga -file C:/Users/ranchen/Documents/GitHub/cs153a/vitis/lab3a_vitis/lab3a_application/_ide/bitstream/design_1_wrapper.bit
targets -set -nocase -filter {name =~ "*microblaze*#0" && bscan=="USER2" }
loadhw -hw C:/Users/ranchen/Documents/GitHub/cs153a/vitis/lab3a_vitis/lab3a_platform/export/lab3a_platform/hw/design_1_wrapper.xsa -regs
configparams mdm-detect-bscan-mask 2
targets -set -nocase -filter {name =~ "*microblaze*#0" && bscan=="USER2" }
rst -system
after 3000
targets -set -nocase -filter {name =~ "*microblaze*#0" && bscan=="USER2" }
dow C:/Users/ranchen/Documents/GitHub/cs153a/vitis/lab3a_vitis/lab3a_application/Debug/lab3a_application.elf
----------------End of Script----------------

14:22:28 INFO  : Context for processor 'microblaze_0' is selected.
14:22:28 INFO  : 'con' command is executed.
14:22:28 INFO  : ----------------XSDB Script (After Launch)----------------
targets -set -nocase -filter {name =~ "*microblaze*#0" && bscan=="USER2" }
con
----------------End of Script----------------

14:22:28 INFO  : Launch script is exported to file 'C:\Users\ranchen\Documents\GitHub\cs153a\vitis\lab3a_vitis\lab3a_system\_ide\scripts\debugger_lab3a_application-default.tcl'
14:22:56 INFO  : Disconnected from the channel tcfchan#15.
14:22:57 INFO  : Connected to target on host '127.0.0.1' and port '3121'.
14:22:57 INFO  : Jtag cable 'Digilent Nexys A7 -100T 210292BCFA48A' is selected.
14:22:57 INFO  : 'jtag frequency' command is executed.
14:22:57 INFO  : 'targets -set -filter {jtag_cable_name =~ "Digilent Nexys A7 -100T 210292BCFA48A" && level==0 && jtag_device_ctx=="jsn-Nexys A7 -100T-210292BCFA48A-13631093-0"}' command is executed.
14:22:59 INFO  : Device configured successfully with "C:/Users/ranchen/Documents/GitHub/cs153a/vitis/lab3a_vitis/lab3a_application/_ide/bitstream/design_1_wrapper.bit"
14:22:59 INFO  : Context for processor 'microblaze_0' is selected.
14:22:59 INFO  : Hardware design and registers information is loaded from 'C:/Users/ranchen/Documents/GitHub/cs153a/vitis/lab3a_vitis/lab3a_platform/export/lab3a_platform/hw/design_1_wrapper.xsa'.
14:22:59 INFO  : 'configparams mdm-detect-bscan-mask 2' command is executed.
14:22:59 INFO  : Context for processor 'microblaze_0' is selected.
14:22:59 INFO  : System reset is completed.
14:23:02 INFO  : 'after 3000' command is executed.
14:23:02 INFO  : Context for processor 'microblaze_0' is selected.
14:23:02 INFO  : The application 'C:/Users/ranchen/Documents/GitHub/cs153a/vitis/lab3a_vitis/lab3a_application/Debug/lab3a_application.elf' is downloaded to processor 'microblaze_0'.
14:23:02 INFO  : ----------------XSDB Script----------------
connect -url tcp:127.0.0.1:3121
targets -set -filter {jtag_cable_name =~ "Digilent Nexys A7 -100T 210292BCFA48A" && level==0 && jtag_device_ctx=="jsn-Nexys A7 -100T-210292BCFA48A-13631093-0"}
fpga -file C:/Users/ranchen/Documents/GitHub/cs153a/vitis/lab3a_vitis/lab3a_application/_ide/bitstream/design_1_wrapper.bit
targets -set -nocase -filter {name =~ "*microblaze*#0" && bscan=="USER2" }
loadhw -hw C:/Users/ranchen/Documents/GitHub/cs153a/vitis/lab3a_vitis/lab3a_platform/export/lab3a_platform/hw/design_1_wrapper.xsa -regs
configparams mdm-detect-bscan-mask 2
targets -set -nocase -filter {name =~ "*microblaze*#0" && bscan=="USER2" }
rst -system
after 3000
targets -set -nocase -filter {name =~ "*microblaze*#0" && bscan=="USER2" }
dow C:/Users/ranchen/Documents/GitHub/cs153a/vitis/lab3a_vitis/lab3a_application/Debug/lab3a_application.elf
----------------End of Script----------------

14:23:02 INFO  : Context for processor 'microblaze_0' is selected.
14:23:02 INFO  : 'con' command is executed.
14:23:02 INFO  : ----------------XSDB Script (After Launch)----------------
targets -set -nocase -filter {name =~ "*microblaze*#0" && bscan=="USER2" }
con
----------------End of Script----------------

14:23:02 INFO  : Launch script is exported to file 'C:\Users\ranchen\Documents\GitHub\cs153a\vitis\lab3a_vitis\lab3a_system\_ide\scripts\debugger_lab3a_application-default.tcl'
14:26:49 INFO  : Checking for BSP changes to sync application flags for project 'lab3a_application'...
14:26:53 INFO  : Disconnected from the channel tcfchan#16.
14:26:54 INFO  : Connected to target on host '127.0.0.1' and port '3121'.
14:26:54 INFO  : Jtag cable 'Digilent Nexys A7 -100T 210292BCFA48A' is selected.
14:26:54 INFO  : 'jtag frequency' command is executed.
14:26:54 INFO  : 'targets -set -filter {jtag_cable_name =~ "Digilent Nexys A7 -100T 210292BCFA48A" && level==0 && jtag_device_ctx=="jsn-Nexys A7 -100T-210292BCFA48A-13631093-0"}' command is executed.
14:26:56 INFO  : Device configured successfully with "C:/Users/ranchen/Documents/GitHub/cs153a/vitis/lab3a_vitis/lab3a_application/_ide/bitstream/design_1_wrapper.bit"
14:26:56 INFO  : Context for processor 'microblaze_0' is selected.
14:26:56 INFO  : Hardware design and registers information is loaded from 'C:/Users/ranchen/Documents/GitHub/cs153a/vitis/lab3a_vitis/lab3a_platform/export/lab3a_platform/hw/design_1_wrapper.xsa'.
14:26:56 INFO  : 'configparams mdm-detect-bscan-mask 2' command is executed.
14:26:56 INFO  : Context for processor 'microblaze_0' is selected.
14:26:56 INFO  : System reset is completed.
14:26:59 INFO  : 'after 3000' command is executed.
14:26:59 INFO  : Context for processor 'microblaze_0' is selected.
14:26:59 INFO  : The application 'C:/Users/ranchen/Documents/GitHub/cs153a/vitis/lab3a_vitis/lab3a_application/Debug/lab3a_application.elf' is downloaded to processor 'microblaze_0'.
14:26:59 INFO  : ----------------XSDB Script----------------
connect -url tcp:127.0.0.1:3121
targets -set -filter {jtag_cable_name =~ "Digilent Nexys A7 -100T 210292BCFA48A" && level==0 && jtag_device_ctx=="jsn-Nexys A7 -100T-210292BCFA48A-13631093-0"}
fpga -file C:/Users/ranchen/Documents/GitHub/cs153a/vitis/lab3a_vitis/lab3a_application/_ide/bitstream/design_1_wrapper.bit
targets -set -nocase -filter {name =~ "*microblaze*#0" && bscan=="USER2" }
loadhw -hw C:/Users/ranchen/Documents/GitHub/cs153a/vitis/lab3a_vitis/lab3a_platform/export/lab3a_platform/hw/design_1_wrapper.xsa -regs
configparams mdm-detect-bscan-mask 2
targets -set -nocase -filter {name =~ "*microblaze*#0" && bscan=="USER2" }
rst -system
after 3000
targets -set -nocase -filter {name =~ "*microblaze*#0" && bscan=="USER2" }
dow C:/Users/ranchen/Documents/GitHub/cs153a/vitis/lab3a_vitis/lab3a_application/Debug/lab3a_application.elf
----------------End of Script----------------

14:26:59 INFO  : Context for processor 'microblaze_0' is selected.
14:26:59 INFO  : 'con' command is executed.
14:26:59 INFO  : ----------------XSDB Script (After Launch)----------------
targets -set -nocase -filter {name =~ "*microblaze*#0" && bscan=="USER2" }
con
----------------End of Script----------------

14:26:59 INFO  : Launch script is exported to file 'C:\Users\ranchen\Documents\GitHub\cs153a\vitis\lab3a_vitis\lab3a_system\_ide\scripts\debugger_lab3a_application-default.tcl'
14:31:07 INFO  : Checking for BSP changes to sync application flags for project 'lab3a_application'...
14:31:11 INFO  : Disconnected from the channel tcfchan#17.
14:31:12 INFO  : Connected to target on host '127.0.0.1' and port '3121'.
14:31:12 INFO  : Jtag cable 'Digilent Nexys A7 -100T 210292BCFA48A' is selected.
14:31:12 INFO  : 'jtag frequency' command is executed.
14:31:12 INFO  : 'targets -set -filter {jtag_cable_name =~ "Digilent Nexys A7 -100T 210292BCFA48A" && level==0 && jtag_device_ctx=="jsn-Nexys A7 -100T-210292BCFA48A-13631093-0"}' command is executed.
14:31:14 INFO  : Device configured successfully with "C:/Users/ranchen/Documents/GitHub/cs153a/vitis/lab3a_vitis/lab3a_application/_ide/bitstream/design_1_wrapper.bit"
14:31:14 INFO  : Context for processor 'microblaze_0' is selected.
14:31:14 INFO  : Hardware design and registers information is loaded from 'C:/Users/ranchen/Documents/GitHub/cs153a/vitis/lab3a_vitis/lab3a_platform/export/lab3a_platform/hw/design_1_wrapper.xsa'.
14:31:14 INFO  : 'configparams mdm-detect-bscan-mask 2' command is executed.
14:31:14 INFO  : Context for processor 'microblaze_0' is selected.
14:31:14 INFO  : System reset is completed.
14:31:17 INFO  : 'after 3000' command is executed.
14:31:17 INFO  : Context for processor 'microblaze_0' is selected.
14:31:17 INFO  : The application 'C:/Users/ranchen/Documents/GitHub/cs153a/vitis/lab3a_vitis/lab3a_application/Debug/lab3a_application.elf' is downloaded to processor 'microblaze_0'.
14:31:17 INFO  : ----------------XSDB Script----------------
connect -url tcp:127.0.0.1:3121
targets -set -filter {jtag_cable_name =~ "Digilent Nexys A7 -100T 210292BCFA48A" && level==0 && jtag_device_ctx=="jsn-Nexys A7 -100T-210292BCFA48A-13631093-0"}
fpga -file C:/Users/ranchen/Documents/GitHub/cs153a/vitis/lab3a_vitis/lab3a_application/_ide/bitstream/design_1_wrapper.bit
targets -set -nocase -filter {name =~ "*microblaze*#0" && bscan=="USER2" }
loadhw -hw C:/Users/ranchen/Documents/GitHub/cs153a/vitis/lab3a_vitis/lab3a_platform/export/lab3a_platform/hw/design_1_wrapper.xsa -regs
configparams mdm-detect-bscan-mask 2
targets -set -nocase -filter {name =~ "*microblaze*#0" && bscan=="USER2" }
rst -system
after 3000
targets -set -nocase -filter {name =~ "*microblaze*#0" && bscan=="USER2" }
dow C:/Users/ranchen/Documents/GitHub/cs153a/vitis/lab3a_vitis/lab3a_application/Debug/lab3a_application.elf
----------------End of Script----------------

14:31:18 INFO  : Context for processor 'microblaze_0' is selected.
14:31:18 INFO  : 'con' command is executed.
14:31:18 INFO  : ----------------XSDB Script (After Launch)----------------
targets -set -nocase -filter {name =~ "*microblaze*#0" && bscan=="USER2" }
con
----------------End of Script----------------

14:31:18 INFO  : Launch script is exported to file 'C:\Users\ranchen\Documents\GitHub\cs153a\vitis\lab3a_vitis\lab3a_system\_ide\scripts\debugger_lab3a_application-default.tcl'
14:32:42 INFO  : Checking for BSP changes to sync application flags for project 'lab3a_application'...
14:32:46 INFO  : Disconnected from the channel tcfchan#18.
14:32:47 INFO  : Connected to target on host '127.0.0.1' and port '3121'.
14:32:47 INFO  : Jtag cable 'Digilent Nexys A7 -100T 210292BCFA48A' is selected.
14:32:47 INFO  : 'jtag frequency' command is executed.
14:32:47 INFO  : 'targets -set -filter {jtag_cable_name =~ "Digilent Nexys A7 -100T 210292BCFA48A" && level==0 && jtag_device_ctx=="jsn-Nexys A7 -100T-210292BCFA48A-13631093-0"}' command is executed.
14:32:49 INFO  : Device configured successfully with "C:/Users/ranchen/Documents/GitHub/cs153a/vitis/lab3a_vitis/lab3a_application/_ide/bitstream/design_1_wrapper.bit"
14:32:49 INFO  : Context for processor 'microblaze_0' is selected.
14:32:49 INFO  : Hardware design and registers information is loaded from 'C:/Users/ranchen/Documents/GitHub/cs153a/vitis/lab3a_vitis/lab3a_platform/export/lab3a_platform/hw/design_1_wrapper.xsa'.
14:32:49 INFO  : 'configparams mdm-detect-bscan-mask 2' command is executed.
14:32:49 INFO  : Context for processor 'microblaze_0' is selected.
14:32:49 INFO  : System reset is completed.
14:32:52 INFO  : 'after 3000' command is executed.
14:32:52 INFO  : Context for processor 'microblaze_0' is selected.
14:32:52 INFO  : The application 'C:/Users/ranchen/Documents/GitHub/cs153a/vitis/lab3a_vitis/lab3a_application/Debug/lab3a_application.elf' is downloaded to processor 'microblaze_0'.
14:32:52 INFO  : ----------------XSDB Script----------------
connect -url tcp:127.0.0.1:3121
targets -set -filter {jtag_cable_name =~ "Digilent Nexys A7 -100T 210292BCFA48A" && level==0 && jtag_device_ctx=="jsn-Nexys A7 -100T-210292BCFA48A-13631093-0"}
fpga -file C:/Users/ranchen/Documents/GitHub/cs153a/vitis/lab3a_vitis/lab3a_application/_ide/bitstream/design_1_wrapper.bit
targets -set -nocase -filter {name =~ "*microblaze*#0" && bscan=="USER2" }
loadhw -hw C:/Users/ranchen/Documents/GitHub/cs153a/vitis/lab3a_vitis/lab3a_platform/export/lab3a_platform/hw/design_1_wrapper.xsa -regs
configparams mdm-detect-bscan-mask 2
targets -set -nocase -filter {name =~ "*microblaze*#0" && bscan=="USER2" }
rst -system
after 3000
targets -set -nocase -filter {name =~ "*microblaze*#0" && bscan=="USER2" }
dow C:/Users/ranchen/Documents/GitHub/cs153a/vitis/lab3a_vitis/lab3a_application/Debug/lab3a_application.elf
----------------End of Script----------------

14:32:52 INFO  : Context for processor 'microblaze_0' is selected.
14:32:52 INFO  : 'con' command is executed.
14:32:52 INFO  : ----------------XSDB Script (After Launch)----------------
targets -set -nocase -filter {name =~ "*microblaze*#0" && bscan=="USER2" }
con
----------------End of Script----------------

14:32:52 INFO  : Launch script is exported to file 'C:\Users\ranchen\Documents\GitHub\cs153a\vitis\lab3a_vitis\lab3a_system\_ide\scripts\debugger_lab3a_application-default.tcl'
16:22:53 INFO  : Checking for BSP changes to sync application flags for project 'lab3a_application'...
16:25:36 INFO  : Checking for BSP changes to sync application flags for project 'lab3a_application'...
16:25:39 INFO  : Disconnected from the channel tcfchan#19.
16:25:40 INFO  : Connected to target on host '127.0.0.1' and port '3121'.
16:25:40 INFO  : Jtag cable 'Digilent Nexys A7 -100T 210292BCFA48A' is selected.
16:25:40 INFO  : 'jtag frequency' command is executed.
16:25:40 INFO  : 'targets -set -filter {jtag_cable_name =~ "Digilent Nexys A7 -100T 210292BCFA48A" && level==0 && jtag_device_ctx=="jsn-Nexys A7 -100T-210292BCFA48A-13631093-0"}' command is executed.
16:25:42 INFO  : Device configured successfully with "C:/Users/ranchen/Documents/GitHub/cs153a/vitis/lab3a_vitis/lab3a_application/_ide/bitstream/design_1_wrapper.bit"
16:25:42 INFO  : Context for processor 'microblaze_0' is selected.
16:25:42 INFO  : Hardware design and registers information is loaded from 'C:/Users/ranchen/Documents/GitHub/cs153a/vitis/lab3a_vitis/lab3a_platform/export/lab3a_platform/hw/design_1_wrapper.xsa'.
16:25:42 INFO  : 'configparams mdm-detect-bscan-mask 2' command is executed.
16:25:42 INFO  : Context for processor 'microblaze_0' is selected.
16:25:42 INFO  : System reset is completed.
16:25:45 INFO  : 'after 3000' command is executed.
16:25:45 INFO  : Context for processor 'microblaze_0' is selected.
16:25:45 INFO  : The application 'C:/Users/ranchen/Documents/GitHub/cs153a/vitis/lab3a_vitis/lab3a_application/Debug/lab3a_application.elf' is downloaded to processor 'microblaze_0'.
16:25:45 INFO  : ----------------XSDB Script----------------
connect -url tcp:127.0.0.1:3121
targets -set -filter {jtag_cable_name =~ "Digilent Nexys A7 -100T 210292BCFA48A" && level==0 && jtag_device_ctx=="jsn-Nexys A7 -100T-210292BCFA48A-13631093-0"}
fpga -file C:/Users/ranchen/Documents/GitHub/cs153a/vitis/lab3a_vitis/lab3a_application/_ide/bitstream/design_1_wrapper.bit
targets -set -nocase -filter {name =~ "*microblaze*#0" && bscan=="USER2" }
loadhw -hw C:/Users/ranchen/Documents/GitHub/cs153a/vitis/lab3a_vitis/lab3a_platform/export/lab3a_platform/hw/design_1_wrapper.xsa -regs
configparams mdm-detect-bscan-mask 2
targets -set -nocase -filter {name =~ "*microblaze*#0" && bscan=="USER2" }
rst -system
after 3000
targets -set -nocase -filter {name =~ "*microblaze*#0" && bscan=="USER2" }
dow C:/Users/ranchen/Documents/GitHub/cs153a/vitis/lab3a_vitis/lab3a_application/Debug/lab3a_application.elf
----------------End of Script----------------

16:25:45 INFO  : Context for processor 'microblaze_0' is selected.
16:25:46 INFO  : 'con' command is executed.
16:25:46 INFO  : ----------------XSDB Script (After Launch)----------------
targets -set -nocase -filter {name =~ "*microblaze*#0" && bscan=="USER2" }
con
----------------End of Script----------------

16:25:46 INFO  : Launch script is exported to file 'C:\Users\ranchen\Documents\GitHub\cs153a\vitis\lab3a_vitis\lab3a_system\_ide\scripts\debugger_lab3a_application-default.tcl'
16:26:45 INFO  : Checking for BSP changes to sync application flags for project 'lab3a_application'...
16:26:55 INFO  : Disconnected from the channel tcfchan#20.
16:26:56 INFO  : Connected to target on host '127.0.0.1' and port '3121'.
16:26:56 INFO  : Jtag cable 'Digilent Nexys A7 -100T 210292BCFA48A' is selected.
16:26:56 INFO  : 'jtag frequency' command is executed.
16:26:56 INFO  : 'targets -set -filter {jtag_cable_name =~ "Digilent Nexys A7 -100T 210292BCFA48A" && level==0 && jtag_device_ctx=="jsn-Nexys A7 -100T-210292BCFA48A-13631093-0"}' command is executed.
16:26:58 INFO  : Device configured successfully with "C:/Users/ranchen/Documents/GitHub/cs153a/vitis/lab3a_vitis/lab3a_application/_ide/bitstream/design_1_wrapper.bit"
16:26:58 INFO  : Context for processor 'microblaze_0' is selected.
16:26:58 INFO  : Hardware design and registers information is loaded from 'C:/Users/ranchen/Documents/GitHub/cs153a/vitis/lab3a_vitis/lab3a_platform/export/lab3a_platform/hw/design_1_wrapper.xsa'.
16:26:58 INFO  : 'configparams mdm-detect-bscan-mask 2' command is executed.
16:26:58 INFO  : Context for processor 'microblaze_0' is selected.
16:26:58 INFO  : System reset is completed.
16:27:01 INFO  : 'after 3000' command is executed.
16:27:01 INFO  : Context for processor 'microblaze_0' is selected.
16:27:01 INFO  : The application 'C:/Users/ranchen/Documents/GitHub/cs153a/vitis/lab3a_vitis/lab3a_application/Debug/lab3a_application.elf' is downloaded to processor 'microblaze_0'.
16:27:01 INFO  : ----------------XSDB Script----------------
connect -url tcp:127.0.0.1:3121
targets -set -filter {jtag_cable_name =~ "Digilent Nexys A7 -100T 210292BCFA48A" && level==0 && jtag_device_ctx=="jsn-Nexys A7 -100T-210292BCFA48A-13631093-0"}
fpga -file C:/Users/ranchen/Documents/GitHub/cs153a/vitis/lab3a_vitis/lab3a_application/_ide/bitstream/design_1_wrapper.bit
targets -set -nocase -filter {name =~ "*microblaze*#0" && bscan=="USER2" }
loadhw -hw C:/Users/ranchen/Documents/GitHub/cs153a/vitis/lab3a_vitis/lab3a_platform/export/lab3a_platform/hw/design_1_wrapper.xsa -regs
configparams mdm-detect-bscan-mask 2
targets -set -nocase -filter {name =~ "*microblaze*#0" && bscan=="USER2" }
rst -system
after 3000
targets -set -nocase -filter {name =~ "*microblaze*#0" && bscan=="USER2" }
dow C:/Users/ranchen/Documents/GitHub/cs153a/vitis/lab3a_vitis/lab3a_application/Debug/lab3a_application.elf
----------------End of Script----------------

16:27:01 INFO  : Context for processor 'microblaze_0' is selected.
16:27:02 INFO  : 'con' command is executed.
16:27:02 INFO  : ----------------XSDB Script (After Launch)----------------
targets -set -nocase -filter {name =~ "*microblaze*#0" && bscan=="USER2" }
con
----------------End of Script----------------

16:27:02 INFO  : Launch script is exported to file 'C:\Users\ranchen\Documents\GitHub\cs153a\vitis\lab3a_vitis\lab3a_system\_ide\scripts\debugger_lab3a_application-default.tcl'
16:27:48 INFO  : Checking for BSP changes to sync application flags for project 'lab3a_application'...
16:28:00 INFO  : Checking for BSP changes to sync application flags for project 'lab3a_application'...
16:28:04 INFO  : Disconnected from the channel tcfchan#21.
16:28:05 INFO  : Connected to target on host '127.0.0.1' and port '3121'.
16:28:05 INFO  : Jtag cable 'Digilent Nexys A7 -100T 210292BCFA48A' is selected.
16:28:05 INFO  : 'jtag frequency' command is executed.
16:28:05 INFO  : 'targets -set -filter {jtag_cable_name =~ "Digilent Nexys A7 -100T 210292BCFA48A" && level==0 && jtag_device_ctx=="jsn-Nexys A7 -100T-210292BCFA48A-13631093-0"}' command is executed.
16:28:07 INFO  : Device configured successfully with "C:/Users/ranchen/Documents/GitHub/cs153a/vitis/lab3a_vitis/lab3a_application/_ide/bitstream/design_1_wrapper.bit"
16:28:07 INFO  : Context for processor 'microblaze_0' is selected.
16:28:07 INFO  : Hardware design and registers information is loaded from 'C:/Users/ranchen/Documents/GitHub/cs153a/vitis/lab3a_vitis/lab3a_platform/export/lab3a_platform/hw/design_1_wrapper.xsa'.
16:28:07 INFO  : 'configparams mdm-detect-bscan-mask 2' command is executed.
16:28:07 INFO  : Context for processor 'microblaze_0' is selected.
16:28:07 INFO  : System reset is completed.
16:28:10 INFO  : 'after 3000' command is executed.
16:28:10 INFO  : Context for processor 'microblaze_0' is selected.
16:28:11 INFO  : The application 'C:/Users/ranchen/Documents/GitHub/cs153a/vitis/lab3a_vitis/lab3a_application/Debug/lab3a_application.elf' is downloaded to processor 'microblaze_0'.
16:28:11 INFO  : ----------------XSDB Script----------------
connect -url tcp:127.0.0.1:3121
targets -set -filter {jtag_cable_name =~ "Digilent Nexys A7 -100T 210292BCFA48A" && level==0 && jtag_device_ctx=="jsn-Nexys A7 -100T-210292BCFA48A-13631093-0"}
fpga -file C:/Users/ranchen/Documents/GitHub/cs153a/vitis/lab3a_vitis/lab3a_application/_ide/bitstream/design_1_wrapper.bit
targets -set -nocase -filter {name =~ "*microblaze*#0" && bscan=="USER2" }
loadhw -hw C:/Users/ranchen/Documents/GitHub/cs153a/vitis/lab3a_vitis/lab3a_platform/export/lab3a_platform/hw/design_1_wrapper.xsa -regs
configparams mdm-detect-bscan-mask 2
targets -set -nocase -filter {name =~ "*microblaze*#0" && bscan=="USER2" }
rst -system
after 3000
targets -set -nocase -filter {name =~ "*microblaze*#0" && bscan=="USER2" }
dow C:/Users/ranchen/Documents/GitHub/cs153a/vitis/lab3a_vitis/lab3a_application/Debug/lab3a_application.elf
----------------End of Script----------------

16:28:11 INFO  : Context for processor 'microblaze_0' is selected.
16:28:11 INFO  : 'con' command is executed.
16:28:11 INFO  : ----------------XSDB Script (After Launch)----------------
targets -set -nocase -filter {name =~ "*microblaze*#0" && bscan=="USER2" }
con
----------------End of Script----------------

16:28:11 INFO  : Launch script is exported to file 'C:\Users\ranchen\Documents\GitHub\cs153a\vitis\lab3a_vitis\lab3a_system\_ide\scripts\debugger_lab3a_application-default.tcl'
16:29:03 INFO  : Checking for BSP changes to sync application flags for project 'lab3a_application'...
16:29:13 INFO  : Disconnected from the channel tcfchan#22.
16:29:14 INFO  : Connected to target on host '127.0.0.1' and port '3121'.
16:29:14 INFO  : Jtag cable 'Digilent Nexys A7 -100T 210292BCFA48A' is selected.
16:29:14 INFO  : 'jtag frequency' command is executed.
16:29:15 INFO  : 'targets -set -filter {jtag_cable_name =~ "Digilent Nexys A7 -100T 210292BCFA48A" && level==0 && jtag_device_ctx=="jsn-Nexys A7 -100T-210292BCFA48A-13631093-0"}' command is executed.
16:29:17 INFO  : Device configured successfully with "C:/Users/ranchen/Documents/GitHub/cs153a/vitis/lab3a_vitis/lab3a_application/_ide/bitstream/design_1_wrapper.bit"
16:29:17 INFO  : Context for processor 'microblaze_0' is selected.
16:29:17 INFO  : Hardware design and registers information is loaded from 'C:/Users/ranchen/Documents/GitHub/cs153a/vitis/lab3a_vitis/lab3a_platform/export/lab3a_platform/hw/design_1_wrapper.xsa'.
16:29:17 INFO  : 'configparams mdm-detect-bscan-mask 2' command is executed.
16:29:17 INFO  : Context for processor 'microblaze_0' is selected.
16:29:17 INFO  : System reset is completed.
16:29:20 INFO  : 'after 3000' command is executed.
16:29:20 INFO  : Context for processor 'microblaze_0' is selected.
16:29:20 INFO  : The application 'C:/Users/ranchen/Documents/GitHub/cs153a/vitis/lab3a_vitis/lab3a_application/Debug/lab3a_application.elf' is downloaded to processor 'microblaze_0'.
16:29:20 INFO  : ----------------XSDB Script----------------
connect -url tcp:127.0.0.1:3121
targets -set -filter {jtag_cable_name =~ "Digilent Nexys A7 -100T 210292BCFA48A" && level==0 && jtag_device_ctx=="jsn-Nexys A7 -100T-210292BCFA48A-13631093-0"}
fpga -file C:/Users/ranchen/Documents/GitHub/cs153a/vitis/lab3a_vitis/lab3a_application/_ide/bitstream/design_1_wrapper.bit
targets -set -nocase -filter {name =~ "*microblaze*#0" && bscan=="USER2" }
loadhw -hw C:/Users/ranchen/Documents/GitHub/cs153a/vitis/lab3a_vitis/lab3a_platform/export/lab3a_platform/hw/design_1_wrapper.xsa -regs
configparams mdm-detect-bscan-mask 2
targets -set -nocase -filter {name =~ "*microblaze*#0" && bscan=="USER2" }
rst -system
after 3000
targets -set -nocase -filter {name =~ "*microblaze*#0" && bscan=="USER2" }
dow C:/Users/ranchen/Documents/GitHub/cs153a/vitis/lab3a_vitis/lab3a_application/Debug/lab3a_application.elf
----------------End of Script----------------

16:29:20 INFO  : Context for processor 'microblaze_0' is selected.
16:29:20 INFO  : 'con' command is executed.
16:29:20 INFO  : ----------------XSDB Script (After Launch)----------------
targets -set -nocase -filter {name =~ "*microblaze*#0" && bscan=="USER2" }
con
----------------End of Script----------------

16:29:20 INFO  : Launch script is exported to file 'C:\Users\ranchen\Documents\GitHub\cs153a\vitis\lab3a_vitis\lab3a_system\_ide\scripts\debugger_lab3a_application-default.tcl'
16:30:01 INFO  : Checking for BSP changes to sync application flags for project 'lab3a_application'...
16:30:03 INFO  : Disconnected from the channel tcfchan#23.
16:30:04 INFO  : Connected to target on host '127.0.0.1' and port '3121'.
16:30:04 INFO  : Jtag cable 'Digilent Nexys A7 -100T 210292BCFA48A' is selected.
16:30:04 INFO  : 'jtag frequency' command is executed.
16:30:04 INFO  : 'targets -set -filter {jtag_cable_name =~ "Digilent Nexys A7 -100T 210292BCFA48A" && level==0 && jtag_device_ctx=="jsn-Nexys A7 -100T-210292BCFA48A-13631093-0"}' command is executed.
16:30:07 INFO  : Device configured successfully with "C:/Users/ranchen/Documents/GitHub/cs153a/vitis/lab3a_vitis/lab3a_application/_ide/bitstream/design_1_wrapper.bit"
16:30:07 INFO  : Connected to target on host '127.0.0.1' and port '3121'.
16:30:07 INFO  : Context for processor 'microblaze_0' is selected.
16:30:07 INFO  : Hardware design and registers information is loaded from 'C:/Users/ranchen/Documents/GitHub/cs153a/vitis/lab3a_vitis/lab3a_platform/export/lab3a_platform/hw/design_1_wrapper.xsa'.
16:30:07 INFO  : 'configparams mdm-detect-bscan-mask 2' command is executed.
16:30:07 INFO  : Context for processor 'microblaze_0' is selected.
16:30:07 INFO  : System reset is completed.
16:30:10 INFO  : 'after 3000' command is executed.
16:30:10 INFO  : Context for processor 'microblaze_0' is selected.
16:30:10 INFO  : The application 'C:/Users/ranchen/Documents/GitHub/cs153a/vitis/lab3a_vitis/lab3a_application/Debug/lab3a_application.elf' is downloaded to processor 'microblaze_0'.
16:30:10 INFO  : ----------------XSDB Script----------------
connect -url tcp:127.0.0.1:3121
targets -set -filter {jtag_cable_name =~ "Digilent Nexys A7 -100T 210292BCFA48A" && level==0 && jtag_device_ctx=="jsn-Nexys A7 -100T-210292BCFA48A-13631093-0"}
fpga -file C:/Users/ranchen/Documents/GitHub/cs153a/vitis/lab3a_vitis/lab3a_application/_ide/bitstream/design_1_wrapper.bit
targets -set -nocase -filter {name =~ "*microblaze*#0" && bscan=="USER2" }
loadhw -hw C:/Users/ranchen/Documents/GitHub/cs153a/vitis/lab3a_vitis/lab3a_platform/export/lab3a_platform/hw/design_1_wrapper.xsa -regs
configparams mdm-detect-bscan-mask 2
targets -set -nocase -filter {name =~ "*microblaze*#0" && bscan=="USER2" }
rst -system
after 3000
targets -set -nocase -filter {name =~ "*microblaze*#0" && bscan=="USER2" }
dow C:/Users/ranchen/Documents/GitHub/cs153a/vitis/lab3a_vitis/lab3a_application/Debug/lab3a_application.elf
----------------End of Script----------------

16:30:10 INFO  : Context for processor 'microblaze_0' is selected.
16:30:10 INFO  : Jtag cable 'Digilent Nexys A7 -100T 210292BCFA48A' is selected.
16:30:10 INFO  : 'con' command is executed.
16:30:10 INFO  : ----------------XSDB Script (After Launch)----------------
targets -set -nocase -filter {name =~ "*microblaze*#0" && bscan=="USER2" }
con
----------------End of Script----------------

16:30:10 INFO  : Launch script is exported to file 'C:\Users\ranchen\Documents\GitHub\cs153a\vitis\lab3a_vitis\lab3a_system\_ide\scripts\debugger_lab3a_application-default.tcl'
16:30:10 INFO  : 'jtag frequency' command is executed.
16:30:10 INFO  : 'targets -set -filter {jtag_cable_name =~ "Digilent Nexys A7 -100T 210292BCFA48A" && level==0 && jtag_device_ctx=="jsn-Nexys A7 -100T-210292BCFA48A-13631093-0"}' command is executed.
16:30:13 INFO  : Device configured successfully with "C:/Users/ranchen/Documents/GitHub/cs153a/vitis/lab3a_vitis/lab3a_application/_ide/bitstream/design_1_wrapper.bit"
16:30:13 INFO  : Context for processor 'microblaze_0' is selected.
16:30:13 INFO  : Hardware design and registers information is loaded from 'C:/Users/ranchen/Documents/GitHub/cs153a/vitis/lab3a_vitis/lab3a_platform/export/lab3a_platform/hw/design_1_wrapper.xsa'.
16:30:13 INFO  : 'configparams mdm-detect-bscan-mask 2' command is executed.
16:30:13 INFO  : Context for processor 'microblaze_0' is selected.
16:30:13 INFO  : System reset is completed.
16:30:16 INFO  : 'after 3000' command is executed.
16:30:16 INFO  : Context for processor 'microblaze_0' is selected.
16:30:16 INFO  : The application 'C:/Users/ranchen/Documents/GitHub/cs153a/vitis/lab3a_vitis/lab3a_application/Debug/lab3a_application.elf' is downloaded to processor 'microblaze_0'.
16:30:16 INFO  : ----------------XSDB Script----------------
connect -url tcp:127.0.0.1:3121
targets -set -filter {jtag_cable_name =~ "Digilent Nexys A7 -100T 210292BCFA48A" && level==0 && jtag_device_ctx=="jsn-Nexys A7 -100T-210292BCFA48A-13631093-0"}
fpga -file C:/Users/ranchen/Documents/GitHub/cs153a/vitis/lab3a_vitis/lab3a_application/_ide/bitstream/design_1_wrapper.bit
targets -set -nocase -filter {name =~ "*microblaze*#0" && bscan=="USER2" }
loadhw -hw C:/Users/ranchen/Documents/GitHub/cs153a/vitis/lab3a_vitis/lab3a_platform/export/lab3a_platform/hw/design_1_wrapper.xsa -regs
configparams mdm-detect-bscan-mask 2
targets -set -nocase -filter {name =~ "*microblaze*#0" && bscan=="USER2" }
rst -system
after 3000
targets -set -nocase -filter {name =~ "*microblaze*#0" && bscan=="USER2" }
dow C:/Users/ranchen/Documents/GitHub/cs153a/vitis/lab3a_vitis/lab3a_application/Debug/lab3a_application.elf
----------------End of Script----------------

16:30:16 INFO  : Context for processor 'microblaze_0' is selected.
16:30:16 INFO  : 'con' command is executed.
16:30:16 INFO  : ----------------XSDB Script (After Launch)----------------
targets -set -nocase -filter {name =~ "*microblaze*#0" && bscan=="USER2" }
con
----------------End of Script----------------

16:30:16 INFO  : Launch script is exported to file 'C:\Users\ranchen\Documents\GitHub\cs153a\vitis\lab3a_vitis\lab3a_system\_ide\scripts\debugger_lab3a_application-default.tcl'
16:30:47 INFO  : Checking for BSP changes to sync application flags for project 'lab3a_application'...
16:30:50 INFO  : Disconnected from the channel tcfchan#24.
16:30:51 INFO  : Connected to target on host '127.0.0.1' and port '3121'.
16:30:51 INFO  : Jtag cable 'Digilent Nexys A7 -100T 210292BCFA48A' is selected.
16:30:51 INFO  : 'jtag frequency' command is executed.
16:30:51 INFO  : 'targets -set -filter {jtag_cable_name =~ "Digilent Nexys A7 -100T 210292BCFA48A" && level==0 && jtag_device_ctx=="jsn-Nexys A7 -100T-210292BCFA48A-13631093-0"}' command is executed.
16:30:54 INFO  : Device configured successfully with "C:/Users/ranchen/Documents/GitHub/cs153a/vitis/lab3a_vitis/lab3a_application/_ide/bitstream/design_1_wrapper.bit"
16:30:54 INFO  : Context for processor 'microblaze_0' is selected.
16:30:54 INFO  : Hardware design and registers information is loaded from 'C:/Users/ranchen/Documents/GitHub/cs153a/vitis/lab3a_vitis/lab3a_platform/export/lab3a_platform/hw/design_1_wrapper.xsa'.
16:30:54 INFO  : 'configparams mdm-detect-bscan-mask 2' command is executed.
16:30:54 INFO  : Context for processor 'microblaze_0' is selected.
16:30:54 INFO  : System reset is completed.
16:30:57 INFO  : 'after 3000' command is executed.
16:30:57 INFO  : Context for processor 'microblaze_0' is selected.
16:30:57 INFO  : The application 'C:/Users/ranchen/Documents/GitHub/cs153a/vitis/lab3a_vitis/lab3a_application/Debug/lab3a_application.elf' is downloaded to processor 'microblaze_0'.
16:30:57 INFO  : ----------------XSDB Script----------------
connect -url tcp:127.0.0.1:3121
targets -set -filter {jtag_cable_name =~ "Digilent Nexys A7 -100T 210292BCFA48A" && level==0 && jtag_device_ctx=="jsn-Nexys A7 -100T-210292BCFA48A-13631093-0"}
fpga -file C:/Users/ranchen/Documents/GitHub/cs153a/vitis/lab3a_vitis/lab3a_application/_ide/bitstream/design_1_wrapper.bit
targets -set -nocase -filter {name =~ "*microblaze*#0" && bscan=="USER2" }
loadhw -hw C:/Users/ranchen/Documents/GitHub/cs153a/vitis/lab3a_vitis/lab3a_platform/export/lab3a_platform/hw/design_1_wrapper.xsa -regs
configparams mdm-detect-bscan-mask 2
targets -set -nocase -filter {name =~ "*microblaze*#0" && bscan=="USER2" }
rst -system
after 3000
targets -set -nocase -filter {name =~ "*microblaze*#0" && bscan=="USER2" }
dow C:/Users/ranchen/Documents/GitHub/cs153a/vitis/lab3a_vitis/lab3a_application/Debug/lab3a_application.elf
----------------End of Script----------------

16:30:57 INFO  : Context for processor 'microblaze_0' is selected.
16:30:57 INFO  : 'con' command is executed.
16:30:57 INFO  : ----------------XSDB Script (After Launch)----------------
targets -set -nocase -filter {name =~ "*microblaze*#0" && bscan=="USER2" }
con
----------------End of Script----------------

16:30:57 INFO  : Launch script is exported to file 'C:\Users\ranchen\Documents\GitHub\cs153a\vitis\lab3a_vitis\lab3a_system\_ide\scripts\debugger_lab3a_application-default.tcl'
16:32:08 INFO  : Checking for BSP changes to sync application flags for project 'lab3a_application'...
16:32:10 INFO  : Disconnected from the channel tcfchan#25.
16:32:11 INFO  : Connected to target on host '127.0.0.1' and port '3121'.
16:32:12 INFO  : Jtag cable 'Digilent Nexys A7 -100T 210292BCFA48A' is selected.
16:32:12 INFO  : 'jtag frequency' command is executed.
16:32:12 INFO  : 'targets -set -filter {jtag_cable_name =~ "Digilent Nexys A7 -100T 210292BCFA48A" && level==0 && jtag_device_ctx=="jsn-Nexys A7 -100T-210292BCFA48A-13631093-0"}' command is executed.
16:32:14 INFO  : Device configured successfully with "C:/Users/ranchen/Documents/GitHub/cs153a/vitis/lab3a_vitis/lab3a_application/_ide/bitstream/design_1_wrapper.bit"
16:32:14 INFO  : Context for processor 'microblaze_0' is selected.
16:32:14 INFO  : Hardware design and registers information is loaded from 'C:/Users/ranchen/Documents/GitHub/cs153a/vitis/lab3a_vitis/lab3a_platform/export/lab3a_platform/hw/design_1_wrapper.xsa'.
16:32:14 INFO  : 'configparams mdm-detect-bscan-mask 2' command is executed.
16:32:14 INFO  : Context for processor 'microblaze_0' is selected.
16:32:14 INFO  : System reset is completed.
16:32:17 INFO  : 'after 3000' command is executed.
16:32:17 INFO  : Context for processor 'microblaze_0' is selected.
16:32:17 INFO  : The application 'C:/Users/ranchen/Documents/GitHub/cs153a/vitis/lab3a_vitis/lab3a_application/Debug/lab3a_application.elf' is downloaded to processor 'microblaze_0'.
16:32:17 INFO  : ----------------XSDB Script----------------
connect -url tcp:127.0.0.1:3121
targets -set -filter {jtag_cable_name =~ "Digilent Nexys A7 -100T 210292BCFA48A" && level==0 && jtag_device_ctx=="jsn-Nexys A7 -100T-210292BCFA48A-13631093-0"}
fpga -file C:/Users/ranchen/Documents/GitHub/cs153a/vitis/lab3a_vitis/lab3a_application/_ide/bitstream/design_1_wrapper.bit
targets -set -nocase -filter {name =~ "*microblaze*#0" && bscan=="USER2" }
loadhw -hw C:/Users/ranchen/Documents/GitHub/cs153a/vitis/lab3a_vitis/lab3a_platform/export/lab3a_platform/hw/design_1_wrapper.xsa -regs
configparams mdm-detect-bscan-mask 2
targets -set -nocase -filter {name =~ "*microblaze*#0" && bscan=="USER2" }
rst -system
after 3000
targets -set -nocase -filter {name =~ "*microblaze*#0" && bscan=="USER2" }
dow C:/Users/ranchen/Documents/GitHub/cs153a/vitis/lab3a_vitis/lab3a_application/Debug/lab3a_application.elf
----------------End of Script----------------

16:32:17 INFO  : Context for processor 'microblaze_0' is selected.
16:32:17 INFO  : 'con' command is executed.
16:32:17 INFO  : ----------------XSDB Script (After Launch)----------------
targets -set -nocase -filter {name =~ "*microblaze*#0" && bscan=="USER2" }
con
----------------End of Script----------------

16:32:17 INFO  : Launch script is exported to file 'C:\Users\ranchen\Documents\GitHub\cs153a\vitis\lab3a_vitis\lab3a_system\_ide\scripts\debugger_lab3a_application-default.tcl'
16:32:44 INFO  : Checking for BSP changes to sync application flags for project 'lab3a_application'...
16:32:46 INFO  : Disconnected from the channel tcfchan#26.
16:32:47 INFO  : Connected to target on host '127.0.0.1' and port '3121'.
16:32:47 INFO  : Jtag cable 'Digilent Nexys A7 -100T 210292BCFA48A' is selected.
16:32:47 INFO  : 'jtag frequency' command is executed.
16:32:47 INFO  : 'targets -set -filter {jtag_cable_name =~ "Digilent Nexys A7 -100T 210292BCFA48A" && level==0 && jtag_device_ctx=="jsn-Nexys A7 -100T-210292BCFA48A-13631093-0"}' command is executed.
16:32:49 INFO  : Device configured successfully with "C:/Users/ranchen/Documents/GitHub/cs153a/vitis/lab3a_vitis/lab3a_application/_ide/bitstream/design_1_wrapper.bit"
16:32:49 INFO  : Context for processor 'microblaze_0' is selected.
16:32:49 INFO  : Hardware design and registers information is loaded from 'C:/Users/ranchen/Documents/GitHub/cs153a/vitis/lab3a_vitis/lab3a_platform/export/lab3a_platform/hw/design_1_wrapper.xsa'.
16:32:49 INFO  : 'configparams mdm-detect-bscan-mask 2' command is executed.
16:32:50 INFO  : Context for processor 'microblaze_0' is selected.
16:32:50 INFO  : System reset is completed.
16:32:53 INFO  : 'after 3000' command is executed.
16:32:53 INFO  : Context for processor 'microblaze_0' is selected.
16:32:53 INFO  : The application 'C:/Users/ranchen/Documents/GitHub/cs153a/vitis/lab3a_vitis/lab3a_application/Debug/lab3a_application.elf' is downloaded to processor 'microblaze_0'.
16:32:53 INFO  : ----------------XSDB Script----------------
connect -url tcp:127.0.0.1:3121
targets -set -filter {jtag_cable_name =~ "Digilent Nexys A7 -100T 210292BCFA48A" && level==0 && jtag_device_ctx=="jsn-Nexys A7 -100T-210292BCFA48A-13631093-0"}
fpga -file C:/Users/ranchen/Documents/GitHub/cs153a/vitis/lab3a_vitis/lab3a_application/_ide/bitstream/design_1_wrapper.bit
targets -set -nocase -filter {name =~ "*microblaze*#0" && bscan=="USER2" }
loadhw -hw C:/Users/ranchen/Documents/GitHub/cs153a/vitis/lab3a_vitis/lab3a_platform/export/lab3a_platform/hw/design_1_wrapper.xsa -regs
configparams mdm-detect-bscan-mask 2
targets -set -nocase -filter {name =~ "*microblaze*#0" && bscan=="USER2" }
rst -system
after 3000
targets -set -nocase -filter {name =~ "*microblaze*#0" && bscan=="USER2" }
dow C:/Users/ranchen/Documents/GitHub/cs153a/vitis/lab3a_vitis/lab3a_application/Debug/lab3a_application.elf
----------------End of Script----------------

16:32:53 INFO  : Context for processor 'microblaze_0' is selected.
16:32:53 INFO  : 'con' command is executed.
16:32:53 INFO  : ----------------XSDB Script (After Launch)----------------
targets -set -nocase -filter {name =~ "*microblaze*#0" && bscan=="USER2" }
con
----------------End of Script----------------

16:32:53 INFO  : Launch script is exported to file 'C:\Users\ranchen\Documents\GitHub\cs153a\vitis\lab3a_vitis\lab3a_system\_ide\scripts\debugger_lab3a_application-default.tcl'
16:38:15 INFO  : Checking for BSP changes to sync application flags for project 'lab3a_application'...
16:38:20 INFO  : Disconnected from the channel tcfchan#27.
16:38:21 INFO  : Connected to target on host '127.0.0.1' and port '3121'.
16:38:22 INFO  : Jtag cable 'Digilent Nexys A7 -100T 210292BCFA48A' is selected.
16:38:22 INFO  : 'jtag frequency' command is executed.
16:38:22 INFO  : 'targets -set -filter {jtag_cable_name =~ "Digilent Nexys A7 -100T 210292BCFA48A" && level==0 && jtag_device_ctx=="jsn-Nexys A7 -100T-210292BCFA48A-13631093-0"}' command is executed.
16:38:24 INFO  : Device configured successfully with "C:/Users/ranchen/Documents/GitHub/cs153a/vitis/lab3a_vitis/lab3a_application/_ide/bitstream/design_1_wrapper.bit"
16:38:24 INFO  : Context for processor 'microblaze_0' is selected.
16:38:24 INFO  : Hardware design and registers information is loaded from 'C:/Users/ranchen/Documents/GitHub/cs153a/vitis/lab3a_vitis/lab3a_platform/export/lab3a_platform/hw/design_1_wrapper.xsa'.
16:38:24 INFO  : 'configparams mdm-detect-bscan-mask 2' command is executed.
16:38:24 INFO  : Context for processor 'microblaze_0' is selected.
16:38:24 INFO  : System reset is completed.
16:38:27 INFO  : 'after 3000' command is executed.
16:38:27 INFO  : Context for processor 'microblaze_0' is selected.
16:38:27 INFO  : The application 'C:/Users/ranchen/Documents/GitHub/cs153a/vitis/lab3a_vitis/lab3a_application/Debug/lab3a_application.elf' is downloaded to processor 'microblaze_0'.
16:38:27 INFO  : ----------------XSDB Script----------------
connect -url tcp:127.0.0.1:3121
targets -set -filter {jtag_cable_name =~ "Digilent Nexys A7 -100T 210292BCFA48A" && level==0 && jtag_device_ctx=="jsn-Nexys A7 -100T-210292BCFA48A-13631093-0"}
fpga -file C:/Users/ranchen/Documents/GitHub/cs153a/vitis/lab3a_vitis/lab3a_application/_ide/bitstream/design_1_wrapper.bit
targets -set -nocase -filter {name =~ "*microblaze*#0" && bscan=="USER2" }
loadhw -hw C:/Users/ranchen/Documents/GitHub/cs153a/vitis/lab3a_vitis/lab3a_platform/export/lab3a_platform/hw/design_1_wrapper.xsa -regs
configparams mdm-detect-bscan-mask 2
targets -set -nocase -filter {name =~ "*microblaze*#0" && bscan=="USER2" }
rst -system
after 3000
targets -set -nocase -filter {name =~ "*microblaze*#0" && bscan=="USER2" }
dow C:/Users/ranchen/Documents/GitHub/cs153a/vitis/lab3a_vitis/lab3a_application/Debug/lab3a_application.elf
----------------End of Script----------------

16:38:27 INFO  : Context for processor 'microblaze_0' is selected.
16:38:27 INFO  : 'con' command is executed.
16:38:27 INFO  : ----------------XSDB Script (After Launch)----------------
targets -set -nocase -filter {name =~ "*microblaze*#0" && bscan=="USER2" }
con
----------------End of Script----------------

16:38:27 INFO  : Launch script is exported to file 'C:\Users\ranchen\Documents\GitHub\cs153a\vitis\lab3a_vitis\lab3a_system\_ide\scripts\debugger_lab3a_application-default.tcl'
16:38:58 INFO  : Checking for BSP changes to sync application flags for project 'lab3a_application'...
16:39:01 INFO  : Disconnected from the channel tcfchan#28.
16:39:02 INFO  : Connected to target on host '127.0.0.1' and port '3121'.
16:39:02 INFO  : Jtag cable 'Digilent Nexys A7 -100T 210292BCFA48A' is selected.
16:39:02 INFO  : 'jtag frequency' command is executed.
16:39:02 INFO  : 'targets -set -filter {jtag_cable_name =~ "Digilent Nexys A7 -100T 210292BCFA48A" && level==0 && jtag_device_ctx=="jsn-Nexys A7 -100T-210292BCFA48A-13631093-0"}' command is executed.
16:39:04 INFO  : Device configured successfully with "C:/Users/ranchen/Documents/GitHub/cs153a/vitis/lab3a_vitis/lab3a_application/_ide/bitstream/design_1_wrapper.bit"
16:39:04 INFO  : Context for processor 'microblaze_0' is selected.
16:39:04 INFO  : Hardware design and registers information is loaded from 'C:/Users/ranchen/Documents/GitHub/cs153a/vitis/lab3a_vitis/lab3a_platform/export/lab3a_platform/hw/design_1_wrapper.xsa'.
16:39:04 INFO  : 'configparams mdm-detect-bscan-mask 2' command is executed.
16:39:04 INFO  : Context for processor 'microblaze_0' is selected.
16:39:04 INFO  : System reset is completed.
16:39:07 INFO  : 'after 3000' command is executed.
16:39:07 INFO  : Context for processor 'microblaze_0' is selected.
16:39:07 INFO  : The application 'C:/Users/ranchen/Documents/GitHub/cs153a/vitis/lab3a_vitis/lab3a_application/Debug/lab3a_application.elf' is downloaded to processor 'microblaze_0'.
16:39:07 INFO  : ----------------XSDB Script----------------
connect -url tcp:127.0.0.1:3121
targets -set -filter {jtag_cable_name =~ "Digilent Nexys A7 -100T 210292BCFA48A" && level==0 && jtag_device_ctx=="jsn-Nexys A7 -100T-210292BCFA48A-13631093-0"}
fpga -file C:/Users/ranchen/Documents/GitHub/cs153a/vitis/lab3a_vitis/lab3a_application/_ide/bitstream/design_1_wrapper.bit
targets -set -nocase -filter {name =~ "*microblaze*#0" && bscan=="USER2" }
loadhw -hw C:/Users/ranchen/Documents/GitHub/cs153a/vitis/lab3a_vitis/lab3a_platform/export/lab3a_platform/hw/design_1_wrapper.xsa -regs
configparams mdm-detect-bscan-mask 2
targets -set -nocase -filter {name =~ "*microblaze*#0" && bscan=="USER2" }
rst -system
after 3000
targets -set -nocase -filter {name =~ "*microblaze*#0" && bscan=="USER2" }
dow C:/Users/ranchen/Documents/GitHub/cs153a/vitis/lab3a_vitis/lab3a_application/Debug/lab3a_application.elf
----------------End of Script----------------

16:39:07 INFO  : Context for processor 'microblaze_0' is selected.
16:39:07 INFO  : 'con' command is executed.
16:39:07 INFO  : ----------------XSDB Script (After Launch)----------------
targets -set -nocase -filter {name =~ "*microblaze*#0" && bscan=="USER2" }
con
----------------End of Script----------------

16:39:07 INFO  : Launch script is exported to file 'C:\Users\ranchen\Documents\GitHub\cs153a\vitis\lab3a_vitis\lab3a_system\_ide\scripts\debugger_lab3a_application-default.tcl'
16:39:19 INFO  : Checking for BSP changes to sync application flags for project 'lab3a_application'...
16:40:16 INFO  : Checking for BSP changes to sync application flags for project 'lab3a_application'...
16:40:22 INFO  : Disconnected from the channel tcfchan#29.
16:40:23 INFO  : Connected to target on host '127.0.0.1' and port '3121'.
16:40:23 INFO  : Jtag cable 'Digilent Nexys A7 -100T 210292BCFA48A' is selected.
16:40:23 INFO  : 'jtag frequency' command is executed.
16:40:23 INFO  : 'targets -set -filter {jtag_cable_name =~ "Digilent Nexys A7 -100T 210292BCFA48A" && level==0 && jtag_device_ctx=="jsn-Nexys A7 -100T-210292BCFA48A-13631093-0"}' command is executed.
16:40:25 INFO  : Device configured successfully with "C:/Users/ranchen/Documents/GitHub/cs153a/vitis/lab3a_vitis/lab3a_application/_ide/bitstream/design_1_wrapper.bit"
16:40:26 INFO  : Context for processor 'microblaze_0' is selected.
16:40:26 INFO  : Hardware design and registers information is loaded from 'C:/Users/ranchen/Documents/GitHub/cs153a/vitis/lab3a_vitis/lab3a_platform/export/lab3a_platform/hw/design_1_wrapper.xsa'.
16:40:26 INFO  : 'configparams mdm-detect-bscan-mask 2' command is executed.
16:40:26 INFO  : Context for processor 'microblaze_0' is selected.
16:40:26 INFO  : System reset is completed.
16:40:29 INFO  : 'after 3000' command is executed.
16:40:29 INFO  : Context for processor 'microblaze_0' is selected.
16:40:29 INFO  : The application 'C:/Users/ranchen/Documents/GitHub/cs153a/vitis/lab3a_vitis/lab3a_application/Debug/lab3a_application.elf' is downloaded to processor 'microblaze_0'.
16:40:29 INFO  : ----------------XSDB Script----------------
connect -url tcp:127.0.0.1:3121
targets -set -filter {jtag_cable_name =~ "Digilent Nexys A7 -100T 210292BCFA48A" && level==0 && jtag_device_ctx=="jsn-Nexys A7 -100T-210292BCFA48A-13631093-0"}
fpga -file C:/Users/ranchen/Documents/GitHub/cs153a/vitis/lab3a_vitis/lab3a_application/_ide/bitstream/design_1_wrapper.bit
targets -set -nocase -filter {name =~ "*microblaze*#0" && bscan=="USER2" }
loadhw -hw C:/Users/ranchen/Documents/GitHub/cs153a/vitis/lab3a_vitis/lab3a_platform/export/lab3a_platform/hw/design_1_wrapper.xsa -regs
configparams mdm-detect-bscan-mask 2
targets -set -nocase -filter {name =~ "*microblaze*#0" && bscan=="USER2" }
rst -system
after 3000
targets -set -nocase -filter {name =~ "*microblaze*#0" && bscan=="USER2" }
dow C:/Users/ranchen/Documents/GitHub/cs153a/vitis/lab3a_vitis/lab3a_application/Debug/lab3a_application.elf
----------------End of Script----------------

16:40:29 INFO  : Context for processor 'microblaze_0' is selected.
16:40:29 INFO  : 'con' command is executed.
16:40:29 INFO  : ----------------XSDB Script (After Launch)----------------
targets -set -nocase -filter {name =~ "*microblaze*#0" && bscan=="USER2" }
con
----------------End of Script----------------

16:40:29 INFO  : Launch script is exported to file 'C:\Users\ranchen\Documents\GitHub\cs153a\vitis\lab3a_vitis\lab3a_system\_ide\scripts\debugger_lab3a_application-default.tcl'
16:44:46 INFO  : Checking for BSP changes to sync application flags for project 'lab3a_application'...
16:44:51 INFO  : Disconnected from the channel tcfchan#30.
16:44:52 INFO  : Connected to target on host '127.0.0.1' and port '3121'.
16:44:53 INFO  : Jtag cable 'Digilent Nexys A7 -100T 210292BCFA48A' is selected.
16:44:53 INFO  : 'jtag frequency' command is executed.
16:44:53 INFO  : 'targets -set -filter {jtag_cable_name =~ "Digilent Nexys A7 -100T 210292BCFA48A" && level==0 && jtag_device_ctx=="jsn-Nexys A7 -100T-210292BCFA48A-13631093-0"}' command is executed.
16:44:55 INFO  : Device configured successfully with "C:/Users/ranchen/Documents/GitHub/cs153a/vitis/lab3a_vitis/lab3a_application/_ide/bitstream/design_1_wrapper.bit"
16:44:55 INFO  : Context for processor 'microblaze_0' is selected.
16:44:55 INFO  : Hardware design and registers information is loaded from 'C:/Users/ranchen/Documents/GitHub/cs153a/vitis/lab3a_vitis/lab3a_platform/export/lab3a_platform/hw/design_1_wrapper.xsa'.
16:44:55 INFO  : 'configparams mdm-detect-bscan-mask 2' command is executed.
16:44:55 INFO  : Context for processor 'microblaze_0' is selected.
16:44:55 INFO  : System reset is completed.
16:44:58 INFO  : 'after 3000' command is executed.
16:44:58 INFO  : Context for processor 'microblaze_0' is selected.
16:44:58 INFO  : The application 'C:/Users/ranchen/Documents/GitHub/cs153a/vitis/lab3a_vitis/lab3a_application/Debug/lab3a_application.elf' is downloaded to processor 'microblaze_0'.
16:44:58 INFO  : ----------------XSDB Script----------------
connect -url tcp:127.0.0.1:3121
targets -set -filter {jtag_cable_name =~ "Digilent Nexys A7 -100T 210292BCFA48A" && level==0 && jtag_device_ctx=="jsn-Nexys A7 -100T-210292BCFA48A-13631093-0"}
fpga -file C:/Users/ranchen/Documents/GitHub/cs153a/vitis/lab3a_vitis/lab3a_application/_ide/bitstream/design_1_wrapper.bit
targets -set -nocase -filter {name =~ "*microblaze*#0" && bscan=="USER2" }
loadhw -hw C:/Users/ranchen/Documents/GitHub/cs153a/vitis/lab3a_vitis/lab3a_platform/export/lab3a_platform/hw/design_1_wrapper.xsa -regs
configparams mdm-detect-bscan-mask 2
targets -set -nocase -filter {name =~ "*microblaze*#0" && bscan=="USER2" }
rst -system
after 3000
targets -set -nocase -filter {name =~ "*microblaze*#0" && bscan=="USER2" }
dow C:/Users/ranchen/Documents/GitHub/cs153a/vitis/lab3a_vitis/lab3a_application/Debug/lab3a_application.elf
----------------End of Script----------------

16:44:58 INFO  : Context for processor 'microblaze_0' is selected.
16:44:58 INFO  : 'con' command is executed.
16:44:58 INFO  : ----------------XSDB Script (After Launch)----------------
targets -set -nocase -filter {name =~ "*microblaze*#0" && bscan=="USER2" }
con
----------------End of Script----------------

16:44:58 INFO  : Launch script is exported to file 'C:\Users\ranchen\Documents\GitHub\cs153a\vitis\lab3a_vitis\lab3a_system\_ide\scripts\debugger_lab3a_application-default.tcl'
16:48:06 INFO  : Checking for BSP changes to sync application flags for project 'lab3a_application'...
16:48:11 INFO  : Disconnected from the channel tcfchan#31.
16:48:12 INFO  : Connected to target on host '127.0.0.1' and port '3121'.
16:48:12 INFO  : Jtag cable 'Digilent Nexys A7 -100T 210292BCFA48A' is selected.
16:48:12 INFO  : 'jtag frequency' command is executed.
16:48:12 INFO  : 'targets -set -filter {jtag_cable_name =~ "Digilent Nexys A7 -100T 210292BCFA48A" && level==0 && jtag_device_ctx=="jsn-Nexys A7 -100T-210292BCFA48A-13631093-0"}' command is executed.
16:48:14 INFO  : Device configured successfully with "C:/Users/ranchen/Documents/GitHub/cs153a/vitis/lab3a_vitis/lab3a_application/_ide/bitstream/design_1_wrapper.bit"
16:48:14 INFO  : Context for processor 'microblaze_0' is selected.
16:48:14 INFO  : Hardware design and registers information is loaded from 'C:/Users/ranchen/Documents/GitHub/cs153a/vitis/lab3a_vitis/lab3a_platform/export/lab3a_platform/hw/design_1_wrapper.xsa'.
16:48:14 INFO  : 'configparams mdm-detect-bscan-mask 2' command is executed.
16:48:14 INFO  : Context for processor 'microblaze_0' is selected.
16:48:14 INFO  : System reset is completed.
16:48:17 INFO  : 'after 3000' command is executed.
16:48:17 INFO  : Context for processor 'microblaze_0' is selected.
16:48:18 INFO  : The application 'C:/Users/ranchen/Documents/GitHub/cs153a/vitis/lab3a_vitis/lab3a_application/Debug/lab3a_application.elf' is downloaded to processor 'microblaze_0'.
16:48:18 INFO  : ----------------XSDB Script----------------
connect -url tcp:127.0.0.1:3121
targets -set -filter {jtag_cable_name =~ "Digilent Nexys A7 -100T 210292BCFA48A" && level==0 && jtag_device_ctx=="jsn-Nexys A7 -100T-210292BCFA48A-13631093-0"}
fpga -file C:/Users/ranchen/Documents/GitHub/cs153a/vitis/lab3a_vitis/lab3a_application/_ide/bitstream/design_1_wrapper.bit
targets -set -nocase -filter {name =~ "*microblaze*#0" && bscan=="USER2" }
loadhw -hw C:/Users/ranchen/Documents/GitHub/cs153a/vitis/lab3a_vitis/lab3a_platform/export/lab3a_platform/hw/design_1_wrapper.xsa -regs
configparams mdm-detect-bscan-mask 2
targets -set -nocase -filter {name =~ "*microblaze*#0" && bscan=="USER2" }
rst -system
after 3000
targets -set -nocase -filter {name =~ "*microblaze*#0" && bscan=="USER2" }
dow C:/Users/ranchen/Documents/GitHub/cs153a/vitis/lab3a_vitis/lab3a_application/Debug/lab3a_application.elf
----------------End of Script----------------

16:48:18 INFO  : Context for processor 'microblaze_0' is selected.
16:48:18 INFO  : 'con' command is executed.
16:48:18 INFO  : ----------------XSDB Script (After Launch)----------------
targets -set -nocase -filter {name =~ "*microblaze*#0" && bscan=="USER2" }
con
----------------End of Script----------------

16:48:18 INFO  : Launch script is exported to file 'C:\Users\ranchen\Documents\GitHub\cs153a\vitis\lab3a_vitis\lab3a_system\_ide\scripts\debugger_lab3a_application-default.tcl'
16:48:50 INFO  : Checking for BSP changes to sync application flags for project 'lab3a_application'...
16:48:53 INFO  : Disconnected from the channel tcfchan#32.
16:48:54 INFO  : Connected to target on host '127.0.0.1' and port '3121'.
16:48:55 INFO  : Jtag cable 'Digilent Nexys A7 -100T 210292BCFA48A' is selected.
16:48:55 INFO  : 'jtag frequency' command is executed.
16:48:55 INFO  : 'targets -set -filter {jtag_cable_name =~ "Digilent Nexys A7 -100T 210292BCFA48A" && level==0 && jtag_device_ctx=="jsn-Nexys A7 -100T-210292BCFA48A-13631093-0"}' command is executed.
16:48:57 INFO  : Device configured successfully with "C:/Users/ranchen/Documents/GitHub/cs153a/vitis/lab3a_vitis/lab3a_application/_ide/bitstream/design_1_wrapper.bit"
16:48:57 INFO  : Context for processor 'microblaze_0' is selected.
16:48:57 INFO  : Hardware design and registers information is loaded from 'C:/Users/ranchen/Documents/GitHub/cs153a/vitis/lab3a_vitis/lab3a_platform/export/lab3a_platform/hw/design_1_wrapper.xsa'.
16:48:57 INFO  : 'configparams mdm-detect-bscan-mask 2' command is executed.
16:48:57 INFO  : Context for processor 'microblaze_0' is selected.
16:48:57 INFO  : System reset is completed.
16:49:00 INFO  : 'after 3000' command is executed.
16:49:00 INFO  : Context for processor 'microblaze_0' is selected.
16:49:00 INFO  : The application 'C:/Users/ranchen/Documents/GitHub/cs153a/vitis/lab3a_vitis/lab3a_application/Debug/lab3a_application.elf' is downloaded to processor 'microblaze_0'.
16:49:00 INFO  : ----------------XSDB Script----------------
connect -url tcp:127.0.0.1:3121
targets -set -filter {jtag_cable_name =~ "Digilent Nexys A7 -100T 210292BCFA48A" && level==0 && jtag_device_ctx=="jsn-Nexys A7 -100T-210292BCFA48A-13631093-0"}
fpga -file C:/Users/ranchen/Documents/GitHub/cs153a/vitis/lab3a_vitis/lab3a_application/_ide/bitstream/design_1_wrapper.bit
targets -set -nocase -filter {name =~ "*microblaze*#0" && bscan=="USER2" }
loadhw -hw C:/Users/ranchen/Documents/GitHub/cs153a/vitis/lab3a_vitis/lab3a_platform/export/lab3a_platform/hw/design_1_wrapper.xsa -regs
configparams mdm-detect-bscan-mask 2
targets -set -nocase -filter {name =~ "*microblaze*#0" && bscan=="USER2" }
rst -system
after 3000
targets -set -nocase -filter {name =~ "*microblaze*#0" && bscan=="USER2" }
dow C:/Users/ranchen/Documents/GitHub/cs153a/vitis/lab3a_vitis/lab3a_application/Debug/lab3a_application.elf
----------------End of Script----------------

16:49:00 INFO  : Context for processor 'microblaze_0' is selected.
16:49:00 INFO  : 'con' command is executed.
16:49:00 INFO  : ----------------XSDB Script (After Launch)----------------
targets -set -nocase -filter {name =~ "*microblaze*#0" && bscan=="USER2" }
con
----------------End of Script----------------

16:49:00 INFO  : Launch script is exported to file 'C:\Users\ranchen\Documents\GitHub\cs153a\vitis\lab3a_vitis\lab3a_system\_ide\scripts\debugger_lab3a_application-default.tcl'
17:01:12 INFO  : Checking for BSP changes to sync application flags for project 'lab3a_application'...
17:01:15 INFO  : Disconnected from the channel tcfchan#33.
17:01:16 INFO  : Connected to target on host '127.0.0.1' and port '3121'.
17:01:17 INFO  : Jtag cable 'Digilent Nexys A7 -100T 210292BCFA48A' is selected.
17:01:17 INFO  : 'jtag frequency' command is executed.
17:01:17 INFO  : 'targets -set -filter {jtag_cable_name =~ "Digilent Nexys A7 -100T 210292BCFA48A" && level==0 && jtag_device_ctx=="jsn-Nexys A7 -100T-210292BCFA48A-13631093-0"}' command is executed.
17:01:19 INFO  : Device configured successfully with "C:/Users/ranchen/Documents/GitHub/cs153a/vitis/lab3a_vitis/lab3a_application/_ide/bitstream/design_1_wrapper.bit"
17:01:19 INFO  : Context for processor 'microblaze_0' is selected.
17:01:19 INFO  : Hardware design and registers information is loaded from 'C:/Users/ranchen/Documents/GitHub/cs153a/vitis/lab3a_vitis/lab3a_platform/export/lab3a_platform/hw/design_1_wrapper.xsa'.
17:01:19 INFO  : 'configparams mdm-detect-bscan-mask 2' command is executed.
17:01:19 INFO  : Context for processor 'microblaze_0' is selected.
17:01:19 INFO  : System reset is completed.
17:01:22 INFO  : 'after 3000' command is executed.
17:01:22 INFO  : Context for processor 'microblaze_0' is selected.
17:01:22 INFO  : The application 'C:/Users/ranchen/Documents/GitHub/cs153a/vitis/lab3a_vitis/lab3a_application/Debug/lab3a_application.elf' is downloaded to processor 'microblaze_0'.
17:01:22 INFO  : ----------------XSDB Script----------------
connect -url tcp:127.0.0.1:3121
targets -set -filter {jtag_cable_name =~ "Digilent Nexys A7 -100T 210292BCFA48A" && level==0 && jtag_device_ctx=="jsn-Nexys A7 -100T-210292BCFA48A-13631093-0"}
fpga -file C:/Users/ranchen/Documents/GitHub/cs153a/vitis/lab3a_vitis/lab3a_application/_ide/bitstream/design_1_wrapper.bit
targets -set -nocase -filter {name =~ "*microblaze*#0" && bscan=="USER2" }
loadhw -hw C:/Users/ranchen/Documents/GitHub/cs153a/vitis/lab3a_vitis/lab3a_platform/export/lab3a_platform/hw/design_1_wrapper.xsa -regs
configparams mdm-detect-bscan-mask 2
targets -set -nocase -filter {name =~ "*microblaze*#0" && bscan=="USER2" }
rst -system
after 3000
targets -set -nocase -filter {name =~ "*microblaze*#0" && bscan=="USER2" }
dow C:/Users/ranchen/Documents/GitHub/cs153a/vitis/lab3a_vitis/lab3a_application/Debug/lab3a_application.elf
----------------End of Script----------------

17:01:22 INFO  : Context for processor 'microblaze_0' is selected.
17:01:22 INFO  : 'con' command is executed.
17:01:22 INFO  : ----------------XSDB Script (After Launch)----------------
targets -set -nocase -filter {name =~ "*microblaze*#0" && bscan=="USER2" }
con
----------------End of Script----------------

17:01:22 INFO  : Launch script is exported to file 'C:\Users\ranchen\Documents\GitHub\cs153a\vitis\lab3a_vitis\lab3a_system\_ide\scripts\debugger_lab3a_application-default.tcl'
17:02:40 INFO  : Checking for BSP changes to sync application flags for project 'lab3a_application'...
17:02:44 INFO  : Disconnected from the channel tcfchan#34.
17:02:45 INFO  : Connected to target on host '127.0.0.1' and port '3121'.
17:02:46 INFO  : Jtag cable 'Digilent Nexys A7 -100T 210292BCFA48A' is selected.
17:02:46 INFO  : 'jtag frequency' command is executed.
17:02:46 INFO  : 'targets -set -filter {jtag_cable_name =~ "Digilent Nexys A7 -100T 210292BCFA48A" && level==0 && jtag_device_ctx=="jsn-Nexys A7 -100T-210292BCFA48A-13631093-0"}' command is executed.
17:02:48 INFO  : Device configured successfully with "C:/Users/ranchen/Documents/GitHub/cs153a/vitis/lab3a_vitis/lab3a_application/_ide/bitstream/design_1_wrapper.bit"
17:02:48 INFO  : Context for processor 'microblaze_0' is selected.
17:02:48 INFO  : Hardware design and registers information is loaded from 'C:/Users/ranchen/Documents/GitHub/cs153a/vitis/lab3a_vitis/lab3a_platform/export/lab3a_platform/hw/design_1_wrapper.xsa'.
17:02:48 INFO  : 'configparams mdm-detect-bscan-mask 2' command is executed.
17:02:48 INFO  : Context for processor 'microblaze_0' is selected.
17:02:48 INFO  : System reset is completed.
17:02:51 INFO  : 'after 3000' command is executed.
17:02:51 INFO  : Context for processor 'microblaze_0' is selected.
17:02:51 INFO  : The application 'C:/Users/ranchen/Documents/GitHub/cs153a/vitis/lab3a_vitis/lab3a_application/Debug/lab3a_application.elf' is downloaded to processor 'microblaze_0'.
17:02:51 INFO  : ----------------XSDB Script----------------
connect -url tcp:127.0.0.1:3121
targets -set -filter {jtag_cable_name =~ "Digilent Nexys A7 -100T 210292BCFA48A" && level==0 && jtag_device_ctx=="jsn-Nexys A7 -100T-210292BCFA48A-13631093-0"}
fpga -file C:/Users/ranchen/Documents/GitHub/cs153a/vitis/lab3a_vitis/lab3a_application/_ide/bitstream/design_1_wrapper.bit
targets -set -nocase -filter {name =~ "*microblaze*#0" && bscan=="USER2" }
loadhw -hw C:/Users/ranchen/Documents/GitHub/cs153a/vitis/lab3a_vitis/lab3a_platform/export/lab3a_platform/hw/design_1_wrapper.xsa -regs
configparams mdm-detect-bscan-mask 2
targets -set -nocase -filter {name =~ "*microblaze*#0" && bscan=="USER2" }
rst -system
after 3000
targets -set -nocase -filter {name =~ "*microblaze*#0" && bscan=="USER2" }
dow C:/Users/ranchen/Documents/GitHub/cs153a/vitis/lab3a_vitis/lab3a_application/Debug/lab3a_application.elf
----------------End of Script----------------

17:02:51 INFO  : Context for processor 'microblaze_0' is selected.
17:02:51 INFO  : 'con' command is executed.
17:02:51 INFO  : ----------------XSDB Script (After Launch)----------------
targets -set -nocase -filter {name =~ "*microblaze*#0" && bscan=="USER2" }
con
----------------End of Script----------------

17:02:51 INFO  : Launch script is exported to file 'C:\Users\ranchen\Documents\GitHub\cs153a\vitis\lab3a_vitis\lab3a_system\_ide\scripts\debugger_lab3a_application-default.tcl'
17:58:22 INFO  : Checking for BSP changes to sync application flags for project 'lab3a_application'...
15:23:08 DEBUG : Logs will be stored at 'C:/Users/tejasvissapragada/Documents/GitHub/cs153a/vitis/lab3a_vitis/IDE.log'.
15:23:09 INFO  : Launching XSCT server: xsct.bat -n  -interactive C:\Users\tejasvissapragada\Documents\GitHub\cs153a\vitis\lab3a_vitis\temp_xsdb_launch_script.tcl
15:23:15 INFO  : XSCT server has started successfully.
15:23:15 INFO  : plnx-install-location is set to ''
15:23:15 INFO  : Successfully done setting XSCT server connection channel  
15:23:15 INFO  : Successfully done setting workspace for the tool. 
15:23:21 INFO  : Registering command handlers for Vitis TCF services
15:23:22 INFO  : Platform repository initialization has completed.
15:23:26 INFO  : Successfully done query RDI_DATADIR 
15:28:15 INFO  : Result from executing command 'getProjects': lab3a_platform
15:28:15 INFO  : Result from executing command 'getPlatforms': lab3a_platform|C:/Users/tejasvissapragada/Documents/cs153a/vitis/lab3a_vitis/lab3a_platform/export/lab3a_platform/lab3a_platform.xpfm;xilinx_vck190_base_202210_1|C:/Xilinx/Vitis/2022.1/base_platforms/xilinx_vck190_base_202210_1/xilinx_vck190_base_202210_1.xpfm;xilinx_vck190_base_dfx_202210_1|C:/Xilinx/Vitis/2022.1/base_platforms/xilinx_vck190_base_dfx_202210_1/xilinx_vck190_base_dfx_202210_1.xpfm;xilinx_vmk180_base_202210_1|C:/Xilinx/Vitis/2022.1/base_platforms/xilinx_vmk180_base_202210_1/xilinx_vmk180_base_202210_1.xpfm;xilinx_zcu102_base_202210_1|C:/Xilinx/Vitis/2022.1/base_platforms/xilinx_zcu102_base_202210_1/xilinx_zcu102_base_202210_1.xpfm;xilinx_zcu102_base_dfx_202210_1|C:/Xilinx/Vitis/2022.1/base_platforms/xilinx_zcu102_base_dfx_202210_1/xilinx_zcu102_base_dfx_202210_1.xpfm;xilinx_zcu104_base_202210_1|C:/Xilinx/Vitis/2022.1/base_platforms/xilinx_zcu104_base_202210_1/xilinx_zcu104_base_202210_1.xpfm
15:28:16 INFO  : Checking for BSP changes to sync application flags for project 'lab3a_application'...
15:28:28 INFO  : Connected to target on host '127.0.0.1' and port '3121'.
15:28:29 INFO  : Jtag cable 'Digilent Nexys A7 -100T 210292BCFA48A' is selected.
15:28:29 INFO  : 'jtag frequency' command is executed.
15:28:31 INFO  : 'targets -set -filter {jtag_cable_name =~ "Digilent Nexys A7 -100T 210292BCFA48A" && level==0 && jtag_device_ctx=="jsn-Nexys A7 -100T-210292BCFA48A-13631093-0"}' command is executed.
15:28:33 INFO  : Device configured successfully with "C:/Users/tejasvissapragada/Documents/GitHub/cs153a/vitis/lab3a_vitis/lab3a_application/_ide/bitstream/design_1_wrapper.bit"
15:28:33 INFO  : Context for processor 'microblaze_0' is selected.
15:28:34 INFO  : Hardware design and registers information is loaded from 'C:/Users/tejasvissapragada/Documents/GitHub/cs153a/vitis/lab3a_vitis/lab3a_platform/export/lab3a_platform/hw/design_1_wrapper.xsa'.
15:28:34 INFO  : 'configparams mdm-detect-bscan-mask 2' command is executed.
15:28:34 INFO  : Context for processor 'microblaze_0' is selected.
15:28:34 INFO  : System reset is completed.
15:28:37 INFO  : 'after 3000' command is executed.
15:28:37 INFO  : Context for processor 'microblaze_0' is selected.
15:28:38 INFO  : The application 'C:/Users/tejasvissapragada/Documents/GitHub/cs153a/vitis/lab3a_vitis/lab3a_application/Debug/lab3a_application.elf' is downloaded to processor 'microblaze_0'.
15:28:38 INFO  : ----------------XSDB Script----------------
connect -url tcp:127.0.0.1:3121
targets -set -filter {jtag_cable_name =~ "Digilent Nexys A7 -100T 210292BCFA48A" && level==0 && jtag_device_ctx=="jsn-Nexys A7 -100T-210292BCFA48A-13631093-0"}
fpga -file C:/Users/tejasvissapragada/Documents/GitHub/cs153a/vitis/lab3a_vitis/lab3a_application/_ide/bitstream/design_1_wrapper.bit
targets -set -nocase -filter {name =~ "*microblaze*#0" && bscan=="USER2" }
loadhw -hw C:/Users/tejasvissapragada/Documents/GitHub/cs153a/vitis/lab3a_vitis/lab3a_platform/export/lab3a_platform/hw/design_1_wrapper.xsa -regs
configparams mdm-detect-bscan-mask 2
targets -set -nocase -filter {name =~ "*microblaze*#0" && bscan=="USER2" }
rst -system
after 3000
targets -set -nocase -filter {name =~ "*microblaze*#0" && bscan=="USER2" }
dow C:/Users/tejasvissapragada/Documents/GitHub/cs153a/vitis/lab3a_vitis/lab3a_application/Debug/lab3a_application.elf
----------------End of Script----------------

15:28:39 INFO  : Context for processor 'microblaze_0' is selected.
15:28:39 INFO  : 'con' command is executed.
15:28:39 INFO  : ----------------XSDB Script (After Launch)----------------
targets -set -nocase -filter {name =~ "*microblaze*#0" && bscan=="USER2" }
con
----------------End of Script----------------

15:28:39 INFO  : Launch script is exported to file 'C:\Users\tejasvissapragada\Documents\GitHub\cs153a\vitis\lab3a_vitis\lab3a_system\_ide\scripts\debugger_lab3a_application-default.tcl'
15:28:54 INFO  : Checking for BSP changes to sync application flags for project 'lab3a_application'...
15:28:58 INFO  : Disconnected from the channel tcfchan#2.
15:28:59 INFO  : Connected to target on host '127.0.0.1' and port '3121'.
15:29:08 INFO  : ----------------XSDB Script----------------
connect -url tcp:127.0.0.1:3121
----------------End of Script----------------

15:29:08 ERROR : Could not find FPGA device on the board for connection 'Local'.


Troubleshooting hints:
1. Check whether board is connected to system properly.
2. In case of zynq board, check whether Digilent/Xilinx cable switch settings are correct.
3. If you are using Xilinx Platform Cable USB, ensure that status LED is green.
15:29:12 INFO  : Connected to target on host '127.0.0.1' and port '3121'.
15:29:12 INFO  : Jtag cable 'Digilent Nexys A7 -100T 210292BCFA48A' is selected.
15:29:12 INFO  : 'jtag frequency' command is executed.
15:29:12 INFO  : 'targets -set -filter {jtag_cable_name =~ "Digilent Nexys A7 -100T 210292BCFA48A" && level==0 && jtag_device_ctx=="jsn-Nexys A7 -100T-210292BCFA48A-13631093-0"}' command is executed.
15:29:15 INFO  : Device configured successfully with "C:/Users/tejasvissapragada/Documents/GitHub/cs153a/vitis/lab3a_vitis/lab3a_application/_ide/bitstream/design_1_wrapper.bit"
15:29:15 INFO  : Context for processor 'microblaze_0' is selected.
15:29:15 INFO  : Hardware design and registers information is loaded from 'C:/Users/tejasvissapragada/Documents/GitHub/cs153a/vitis/lab3a_vitis/lab3a_platform/export/lab3a_platform/hw/design_1_wrapper.xsa'.
15:29:15 INFO  : 'configparams mdm-detect-bscan-mask 2' command is executed.
15:29:15 INFO  : Context for processor 'microblaze_0' is selected.
15:29:15 INFO  : System reset is completed.
15:29:18 INFO  : 'after 3000' command is executed.
15:29:18 INFO  : Context for processor 'microblaze_0' is selected.
15:29:18 INFO  : The application 'C:/Users/tejasvissapragada/Documents/GitHub/cs153a/vitis/lab3a_vitis/lab3a_application/Debug/lab3a_application.elf' is downloaded to processor 'microblaze_0'.
15:29:18 INFO  : ----------------XSDB Script----------------
connect -url tcp:127.0.0.1:3121
targets -set -filter {jtag_cable_name =~ "Digilent Nexys A7 -100T 210292BCFA48A" && level==0 && jtag_device_ctx=="jsn-Nexys A7 -100T-210292BCFA48A-13631093-0"}
fpga -file C:/Users/tejasvissapragada/Documents/GitHub/cs153a/vitis/lab3a_vitis/lab3a_application/_ide/bitstream/design_1_wrapper.bit
targets -set -nocase -filter {name =~ "*microblaze*#0" && bscan=="USER2" }
loadhw -hw C:/Users/tejasvissapragada/Documents/GitHub/cs153a/vitis/lab3a_vitis/lab3a_platform/export/lab3a_platform/hw/design_1_wrapper.xsa -regs
configparams mdm-detect-bscan-mask 2
targets -set -nocase -filter {name =~ "*microblaze*#0" && bscan=="USER2" }
rst -system
after 3000
targets -set -nocase -filter {name =~ "*microblaze*#0" && bscan=="USER2" }
dow C:/Users/tejasvissapragada/Documents/GitHub/cs153a/vitis/lab3a_vitis/lab3a_application/Debug/lab3a_application.elf
----------------End of Script----------------

15:29:18 INFO  : Context for processor 'microblaze_0' is selected.
15:29:18 INFO  : 'con' command is executed.
15:29:18 INFO  : ----------------XSDB Script (After Launch)----------------
targets -set -nocase -filter {name =~ "*microblaze*#0" && bscan=="USER2" }
con
----------------End of Script----------------

15:29:18 INFO  : Launch script is exported to file 'C:\Users\tejasvissapragada\Documents\GitHub\cs153a\vitis\lab3a_vitis\lab3a_system\_ide\scripts\debugger_lab3a_application-default.tcl'
15:30:41 INFO  : Checking for BSP changes to sync application flags for project 'lab3a_application'...
15:30:46 INFO  : Disconnected from the channel tcfchan#3.
15:30:47 INFO  : Connected to target on host '127.0.0.1' and port '3121'.
15:30:57 INFO  : ----------------XSDB Script----------------
connect -url tcp:127.0.0.1:3121
----------------End of Script----------------

15:30:57 ERROR : Could not find FPGA device on the board for connection 'Local'.


Troubleshooting hints:
1. Check whether board is connected to system properly.
2. In case of zynq board, check whether Digilent/Xilinx cable switch settings are correct.
3. If you are using Xilinx Platform Cable USB, ensure that status LED is green.
15:31:02 INFO  : Checking for BSP changes to sync application flags for project 'lab3a_application'...
15:31:04 INFO  : Connected to target on host '127.0.0.1' and port '3121'.
15:31:04 INFO  : Jtag cable 'Digilent Nexys A7 -100T 210292BCFA48A' is selected.
15:31:04 INFO  : 'jtag frequency' command is executed.
15:31:04 INFO  : 'targets -set -filter {jtag_cable_name =~ "Digilent Nexys A7 -100T 210292BCFA48A" && level==0 && jtag_device_ctx=="jsn-Nexys A7 -100T-210292BCFA48A-13631093-0"}' command is executed.
15:31:06 INFO  : Device configured successfully with "C:/Users/tejasvissapragada/Documents/GitHub/cs153a/vitis/lab3a_vitis/lab3a_application/_ide/bitstream/design_1_wrapper.bit"
15:31:06 INFO  : Context for processor 'microblaze_0' is selected.
15:31:07 INFO  : Hardware design and registers information is loaded from 'C:/Users/tejasvissapragada/Documents/GitHub/cs153a/vitis/lab3a_vitis/lab3a_platform/export/lab3a_platform/hw/design_1_wrapper.xsa'.
15:31:07 INFO  : 'configparams mdm-detect-bscan-mask 2' command is executed.
15:31:07 INFO  : Context for processor 'microblaze_0' is selected.
15:31:07 INFO  : System reset is completed.
15:31:10 INFO  : 'after 3000' command is executed.
15:31:10 INFO  : Context for processor 'microblaze_0' is selected.
15:31:10 INFO  : The application 'C:/Users/tejasvissapragada/Documents/GitHub/cs153a/vitis/lab3a_vitis/lab3a_application/Debug/lab3a_application.elf' is downloaded to processor 'microblaze_0'.
15:31:10 INFO  : ----------------XSDB Script----------------
connect -url tcp:127.0.0.1:3121
targets -set -filter {jtag_cable_name =~ "Digilent Nexys A7 -100T 210292BCFA48A" && level==0 && jtag_device_ctx=="jsn-Nexys A7 -100T-210292BCFA48A-13631093-0"}
fpga -file C:/Users/tejasvissapragada/Documents/GitHub/cs153a/vitis/lab3a_vitis/lab3a_application/_ide/bitstream/design_1_wrapper.bit
targets -set -nocase -filter {name =~ "*microblaze*#0" && bscan=="USER2" }
loadhw -hw C:/Users/tejasvissapragada/Documents/GitHub/cs153a/vitis/lab3a_vitis/lab3a_platform/export/lab3a_platform/hw/design_1_wrapper.xsa -regs
configparams mdm-detect-bscan-mask 2
targets -set -nocase -filter {name =~ "*microblaze*#0" && bscan=="USER2" }
rst -system
after 3000
targets -set -nocase -filter {name =~ "*microblaze*#0" && bscan=="USER2" }
dow C:/Users/tejasvissapragada/Documents/GitHub/cs153a/vitis/lab3a_vitis/lab3a_application/Debug/lab3a_application.elf
----------------End of Script----------------

15:31:10 INFO  : Context for processor 'microblaze_0' is selected.
15:31:10 INFO  : 'con' command is executed.
15:31:10 INFO  : ----------------XSDB Script (After Launch)----------------
targets -set -nocase -filter {name =~ "*microblaze*#0" && bscan=="USER2" }
con
----------------End of Script----------------

15:31:10 INFO  : Launch script is exported to file 'C:\Users\tejasvissapragada\Documents\GitHub\cs153a\vitis\lab3a_vitis\lab3a_system\_ide\scripts\debugger_lab3a_application-default.tcl'
15:43:28 DEBUG : Logs will be stored at 'C:/Users/tejasvissapragada/Documents/GitHub/cs153a/vitis/lab3a_vitis/IDE.log'.
15:43:29 INFO  : Launching XSCT server: xsct.bat -n  -interactive C:\Users\tejasvissapragada\Documents\GitHub\cs153a\vitis\lab3a_vitis\temp_xsdb_launch_script.tcl
15:43:35 INFO  : Registering command handlers for Vitis TCF services
15:43:36 INFO  : Platform repository initialization has completed.
15:43:36 INFO  : XSCT server has started successfully.
15:43:37 INFO  : plnx-install-location is set to ''
15:43:37 INFO  : Successfully done setting XSCT server connection channel  
15:43:37 INFO  : Successfully done query RDI_DATADIR 
15:43:37 INFO  : Successfully done setting workspace for the tool. 
15:43:54 INFO  : Result from executing command 'getProjects': lab3a_platform
15:43:54 INFO  : Result from executing command 'getPlatforms': lab3a_platform|C:/Users/tejasvissapragada/Documents/GitHub/cs153a/vitis/lab3a_vitis/lab3a_platform/export/lab3a_platform/lab3a_platform.xpfm;lab3a_platform|C:/Users/tejasvissapragada/Documents/cs153a/vitis/lab3a_vitis/lab3a_platform/export/lab3a_platform/lab3a_platform.xpfm;xilinx_vck190_base_202210_1|C:/Xilinx/Vitis/2022.1/base_platforms/xilinx_vck190_base_202210_1/xilinx_vck190_base_202210_1.xpfm;xilinx_vck190_base_dfx_202210_1|C:/Xilinx/Vitis/2022.1/base_platforms/xilinx_vck190_base_dfx_202210_1/xilinx_vck190_base_dfx_202210_1.xpfm;xilinx_vmk180_base_202210_1|C:/Xilinx/Vitis/2022.1/base_platforms/xilinx_vmk180_base_202210_1/xilinx_vmk180_base_202210_1.xpfm;xilinx_zcu102_base_202210_1|C:/Xilinx/Vitis/2022.1/base_platforms/xilinx_zcu102_base_202210_1/xilinx_zcu102_base_202210_1.xpfm;xilinx_zcu102_base_dfx_202210_1|C:/Xilinx/Vitis/2022.1/base_platforms/xilinx_zcu102_base_dfx_202210_1/xilinx_zcu102_base_dfx_202210_1.xpfm;xilinx_zcu104_base_202210_1|C:/Xilinx/Vitis/2022.1/base_platforms/xilinx_zcu104_base_202210_1/xilinx_zcu104_base_202210_1.xpfm
15:43:55 INFO  : Checking for BSP changes to sync application flags for project 'lab3a_application'...
15:44:28 INFO  : Checking for BSP changes to sync application flags for project 'lab3a_application'...
15:47:48 INFO  : Checking for BSP changes to sync application flags for project 'lab3a_application'...
15:49:43 INFO  : Checking for BSP changes to sync application flags for project 'lab3a_application'...
15:50:05 INFO  : Checking for BSP changes to sync application flags for project 'lab3a_application'...
15:50:10 INFO  : Connected to target on host '127.0.0.1' and port '3121'.
15:50:11 INFO  : Jtag cable 'Digilent Nexys A7 -100T 210292BCFA48A' is selected.
15:50:11 INFO  : 'jtag frequency' command is executed.
15:50:12 INFO  : 'targets -set -filter {jtag_cable_name =~ "Digilent Nexys A7 -100T 210292BCFA48A" && level==0 && jtag_device_ctx=="jsn-Nexys A7 -100T-210292BCFA48A-13631093-0"}' command is executed.
15:50:15 INFO  : Device configured successfully with "C:/Users/tejasvissapragada/Documents/GitHub/cs153a/vitis/lab3a_vitis/lab3a_application/_ide/bitstream/design_1_wrapper.bit"
15:50:15 INFO  : Context for processor 'microblaze_0' is selected.
15:50:16 INFO  : Hardware design and registers information is loaded from 'C:/Users/tejasvissapragada/Documents/GitHub/cs153a/vitis/lab3a_vitis/lab3a_platform/export/lab3a_platform/hw/design_1_wrapper.xsa'.
15:50:16 INFO  : 'configparams mdm-detect-bscan-mask 2' command is executed.
15:50:16 INFO  : Context for processor 'microblaze_0' is selected.
15:50:16 INFO  : System reset is completed.
15:50:19 INFO  : 'after 3000' command is executed.
15:50:19 INFO  : Context for processor 'microblaze_0' is selected.
15:50:20 INFO  : The application 'C:/Users/tejasvissapragada/Documents/GitHub/cs153a/vitis/lab3a_vitis/lab3a_application/Debug/lab3a_application.elf' is downloaded to processor 'microblaze_0'.
15:50:20 INFO  : ----------------XSDB Script----------------
connect -url tcp:127.0.0.1:3121
targets -set -filter {jtag_cable_name =~ "Digilent Nexys A7 -100T 210292BCFA48A" && level==0 && jtag_device_ctx=="jsn-Nexys A7 -100T-210292BCFA48A-13631093-0"}
fpga -file C:/Users/tejasvissapragada/Documents/GitHub/cs153a/vitis/lab3a_vitis/lab3a_application/_ide/bitstream/design_1_wrapper.bit
targets -set -nocase -filter {name =~ "*microblaze*#0" && bscan=="USER2" }
loadhw -hw C:/Users/tejasvissapragada/Documents/GitHub/cs153a/vitis/lab3a_vitis/lab3a_platform/export/lab3a_platform/hw/design_1_wrapper.xsa -regs
configparams mdm-detect-bscan-mask 2
targets -set -nocase -filter {name =~ "*microblaze*#0" && bscan=="USER2" }
rst -system
after 3000
targets -set -nocase -filter {name =~ "*microblaze*#0" && bscan=="USER2" }
dow C:/Users/tejasvissapragada/Documents/GitHub/cs153a/vitis/lab3a_vitis/lab3a_application/Debug/lab3a_application.elf
----------------End of Script----------------

15:50:20 INFO  : Context for processor 'microblaze_0' is selected.
15:50:20 INFO  : 'con' command is executed.
15:50:20 INFO  : ----------------XSDB Script (After Launch)----------------
targets -set -nocase -filter {name =~ "*microblaze*#0" && bscan=="USER2" }
con
----------------End of Script----------------

15:50:20 INFO  : Launch script is exported to file 'C:\Users\tejasvissapragada\Documents\GitHub\cs153a\vitis\lab3a_vitis\lab3a_system\_ide\scripts\debugger_lab3a_application-default.tcl'
15:58:07 INFO  : Checking for BSP changes to sync application flags for project 'lab3a_application'...
15:58:56 INFO  : Checking for BSP changes to sync application flags for project 'lab3a_application'...
15:59:46 INFO  : Checking for BSP changes to sync application flags for project 'lab3a_application'...
16:00:00 INFO  : Checking for BSP changes to sync application flags for project 'lab3a_application'...
16:00:04 INFO  : Disconnected from the channel tcfchan#2.
16:00:05 INFO  : Connected to target on host '127.0.0.1' and port '3121'.
16:00:14 INFO  : ----------------XSDB Script----------------
connect -url tcp:127.0.0.1:3121
----------------End of Script----------------

16:00:14 ERROR : Could not find FPGA device on the board for connection 'Local'.


Troubleshooting hints:
1. Check whether board is connected to system properly.
2. In case of zynq board, check whether Digilent/Xilinx cable switch settings are correct.
3. If you are using Xilinx Platform Cable USB, ensure that status LED is green.
16:01:26 INFO  : Connected to target on host '127.0.0.1' and port '3121'.
16:01:26 INFO  : Jtag cable 'Digilent Nexys A7 -100T 210292BCFA48A' is selected.
16:01:26 INFO  : 'jtag frequency' command is executed.
16:01:26 INFO  : 'targets -set -filter {jtag_cable_name =~ "Digilent Nexys A7 -100T 210292BCFA48A" && level==0 && jtag_device_ctx=="jsn-Nexys A7 -100T-210292BCFA48A-13631093-0"}' command is executed.
16:01:28 INFO  : Device configured successfully with "C:/Users/tejasvissapragada/Documents/GitHub/cs153a/vitis/lab3a_vitis/lab3a_application/_ide/bitstream/design_1_wrapper.bit"
16:01:28 INFO  : Context for processor 'microblaze_0' is selected.
16:01:28 INFO  : Hardware design and registers information is loaded from 'C:/Users/tejasvissapragada/Documents/GitHub/cs153a/vitis/lab3a_vitis/lab3a_platform/export/lab3a_platform/hw/design_1_wrapper.xsa'.
16:01:28 INFO  : 'configparams mdm-detect-bscan-mask 2' command is executed.
16:01:28 INFO  : Context for processor 'microblaze_0' is selected.
16:01:28 INFO  : System reset is completed.
16:01:31 INFO  : 'after 3000' command is executed.
16:01:31 INFO  : Context for processor 'microblaze_0' is selected.
16:01:31 INFO  : The application 'C:/Users/tejasvissapragada/Documents/GitHub/cs153a/vitis/lab3a_vitis/lab3a_application/Debug/lab3a_application.elf' is downloaded to processor 'microblaze_0'.
16:01:31 INFO  : ----------------XSDB Script----------------
connect -url tcp:127.0.0.1:3121
targets -set -filter {jtag_cable_name =~ "Digilent Nexys A7 -100T 210292BCFA48A" && level==0 && jtag_device_ctx=="jsn-Nexys A7 -100T-210292BCFA48A-13631093-0"}
fpga -file C:/Users/tejasvissapragada/Documents/GitHub/cs153a/vitis/lab3a_vitis/lab3a_application/_ide/bitstream/design_1_wrapper.bit
targets -set -nocase -filter {name =~ "*microblaze*#0" && bscan=="USER2" }
loadhw -hw C:/Users/tejasvissapragada/Documents/GitHub/cs153a/vitis/lab3a_vitis/lab3a_platform/export/lab3a_platform/hw/design_1_wrapper.xsa -regs
configparams mdm-detect-bscan-mask 2
targets -set -nocase -filter {name =~ "*microblaze*#0" && bscan=="USER2" }
rst -system
after 3000
targets -set -nocase -filter {name =~ "*microblaze*#0" && bscan=="USER2" }
dow C:/Users/tejasvissapragada/Documents/GitHub/cs153a/vitis/lab3a_vitis/lab3a_application/Debug/lab3a_application.elf
----------------End of Script----------------

16:01:31 INFO  : Context for processor 'microblaze_0' is selected.
16:01:32 INFO  : 'con' command is executed.
16:01:32 INFO  : ----------------XSDB Script (After Launch)----------------
targets -set -nocase -filter {name =~ "*microblaze*#0" && bscan=="USER2" }
con
----------------End of Script----------------

16:01:32 INFO  : Launch script is exported to file 'C:\Users\tejasvissapragada\Documents\GitHub\cs153a\vitis\lab3a_vitis\lab3a_system\_ide\scripts\debugger_lab3a_application-default.tcl'
16:06:29 INFO  : Checking for BSP changes to sync application flags for project 'lab3a_application'...
16:06:39 INFO  : Disconnected from the channel tcfchan#3.
16:06:40 INFO  : Connected to target on host '127.0.0.1' and port '3121'.
16:06:49 INFO  : ----------------XSDB Script----------------
connect -url tcp:127.0.0.1:3121
----------------End of Script----------------

16:06:49 ERROR : Could not find FPGA device on the board for connection 'Local'.


Troubleshooting hints:
1. Check whether board is connected to system properly.
2. In case of zynq board, check whether Digilent/Xilinx cable switch settings are correct.
3. If you are using Xilinx Platform Cable USB, ensure that status LED is green.
16:06:54 INFO  : Checking for BSP changes to sync application flags for project 'lab3a_application'...
16:07:50 INFO  : Connected to target on host '127.0.0.1' and port '3121'.
16:07:50 INFO  : Jtag cable 'Digilent Nexys A7 -100T 210292BCFA48A' is selected.
16:07:50 INFO  : 'jtag frequency' command is executed.
16:07:50 INFO  : 'targets -set -filter {jtag_cable_name =~ "Digilent Nexys A7 -100T 210292BCFA48A" && level==0 && jtag_device_ctx=="jsn-Nexys A7 -100T-210292BCFA48A-13631093-0"}' command is executed.
16:07:52 INFO  : Device configured successfully with "C:/Users/tejasvissapragada/Documents/GitHub/cs153a/vitis/lab3a_vitis/lab3a_application/_ide/bitstream/design_1_wrapper.bit"
16:07:52 INFO  : Context for processor 'microblaze_0' is selected.
16:07:52 INFO  : Hardware design and registers information is loaded from 'C:/Users/tejasvissapragada/Documents/GitHub/cs153a/vitis/lab3a_vitis/lab3a_platform/export/lab3a_platform/hw/design_1_wrapper.xsa'.
16:07:52 INFO  : 'configparams mdm-detect-bscan-mask 2' command is executed.
16:07:53 INFO  : Context for processor 'microblaze_0' is selected.
16:07:53 INFO  : System reset is completed.
16:07:56 INFO  : 'after 3000' command is executed.
16:07:56 INFO  : Context for processor 'microblaze_0' is selected.
16:07:56 INFO  : The application 'C:/Users/tejasvissapragada/Documents/GitHub/cs153a/vitis/lab3a_vitis/lab3a_application/Debug/lab3a_application.elf' is downloaded to processor 'microblaze_0'.
16:07:56 INFO  : ----------------XSDB Script----------------
connect -url tcp:127.0.0.1:3121
targets -set -filter {jtag_cable_name =~ "Digilent Nexys A7 -100T 210292BCFA48A" && level==0 && jtag_device_ctx=="jsn-Nexys A7 -100T-210292BCFA48A-13631093-0"}
fpga -file C:/Users/tejasvissapragada/Documents/GitHub/cs153a/vitis/lab3a_vitis/lab3a_application/_ide/bitstream/design_1_wrapper.bit
targets -set -nocase -filter {name =~ "*microblaze*#0" && bscan=="USER2" }
loadhw -hw C:/Users/tejasvissapragada/Documents/GitHub/cs153a/vitis/lab3a_vitis/lab3a_platform/export/lab3a_platform/hw/design_1_wrapper.xsa -regs
configparams mdm-detect-bscan-mask 2
targets -set -nocase -filter {name =~ "*microblaze*#0" && bscan=="USER2" }
rst -system
after 3000
targets -set -nocase -filter {name =~ "*microblaze*#0" && bscan=="USER2" }
dow C:/Users/tejasvissapragada/Documents/GitHub/cs153a/vitis/lab3a_vitis/lab3a_application/Debug/lab3a_application.elf
----------------End of Script----------------

16:07:56 INFO  : Context for processor 'microblaze_0' is selected.
16:07:56 INFO  : 'con' command is executed.
16:07:56 INFO  : ----------------XSDB Script (After Launch)----------------
targets -set -nocase -filter {name =~ "*microblaze*#0" && bscan=="USER2" }
con
----------------End of Script----------------

16:07:56 INFO  : Launch script is exported to file 'C:\Users\tejasvissapragada\Documents\GitHub\cs153a\vitis\lab3a_vitis\lab3a_system\_ide\scripts\debugger_lab3a_application-default.tcl'
16:12:47 INFO  : Checking for BSP changes to sync application flags for project 'lab3a_application'...
16:13:14 INFO  : Disconnected from the channel tcfchan#4.
16:13:15 INFO  : Connected to target on host '127.0.0.1' and port '3121'.
16:13:15 INFO  : Jtag cable 'Digilent Nexys A7 -100T 210292BCFA48A' is selected.
16:13:15 INFO  : 'jtag frequency' command is executed.
16:13:15 INFO  : 'targets -set -filter {jtag_cable_name =~ "Digilent Nexys A7 -100T 210292BCFA48A" && level==0 && jtag_device_ctx=="jsn-Nexys A7 -100T-210292BCFA48A-13631093-0"}' command is executed.
16:13:17 INFO  : Device configured successfully with "C:/Users/tejasvissapragada/Documents/GitHub/cs153a/vitis/lab3a_vitis/lab3a_application/_ide/bitstream/design_1_wrapper.bit"
16:13:17 INFO  : Context for processor 'microblaze_0' is selected.
16:13:17 INFO  : Hardware design and registers information is loaded from 'C:/Users/tejasvissapragada/Documents/GitHub/cs153a/vitis/lab3a_vitis/lab3a_platform/export/lab3a_platform/hw/design_1_wrapper.xsa'.
16:13:17 INFO  : 'configparams mdm-detect-bscan-mask 2' command is executed.
16:13:17 INFO  : Context for processor 'microblaze_0' is selected.
16:13:17 INFO  : System reset is completed.
16:13:20 INFO  : 'after 3000' command is executed.
16:13:20 INFO  : Context for processor 'microblaze_0' is selected.
16:13:21 INFO  : The application 'C:/Users/tejasvissapragada/Documents/GitHub/cs153a/vitis/lab3a_vitis/lab3a_application/Debug/lab3a_application.elf' is downloaded to processor 'microblaze_0'.
16:13:21 INFO  : ----------------XSDB Script----------------
connect -url tcp:127.0.0.1:3121
targets -set -filter {jtag_cable_name =~ "Digilent Nexys A7 -100T 210292BCFA48A" && level==0 && jtag_device_ctx=="jsn-Nexys A7 -100T-210292BCFA48A-13631093-0"}
fpga -file C:/Users/tejasvissapragada/Documents/GitHub/cs153a/vitis/lab3a_vitis/lab3a_application/_ide/bitstream/design_1_wrapper.bit
targets -set -nocase -filter {name =~ "*microblaze*#0" && bscan=="USER2" }
loadhw -hw C:/Users/tejasvissapragada/Documents/GitHub/cs153a/vitis/lab3a_vitis/lab3a_platform/export/lab3a_platform/hw/design_1_wrapper.xsa -regs
configparams mdm-detect-bscan-mask 2
targets -set -nocase -filter {name =~ "*microblaze*#0" && bscan=="USER2" }
rst -system
after 3000
targets -set -nocase -filter {name =~ "*microblaze*#0" && bscan=="USER2" }
dow C:/Users/tejasvissapragada/Documents/GitHub/cs153a/vitis/lab3a_vitis/lab3a_application/Debug/lab3a_application.elf
----------------End of Script----------------

16:13:21 INFO  : Context for processor 'microblaze_0' is selected.
16:13:21 INFO  : 'con' command is executed.
16:13:21 INFO  : ----------------XSDB Script (After Launch)----------------
targets -set -nocase -filter {name =~ "*microblaze*#0" && bscan=="USER2" }
con
----------------End of Script----------------

16:13:21 INFO  : Launch script is exported to file 'C:\Users\tejasvissapragada\Documents\GitHub\cs153a\vitis\lab3a_vitis\lab3a_system\_ide\scripts\debugger_lab3a_application-default.tcl'
16:22:46 INFO  : Checking for BSP changes to sync application flags for project 'lab3a_application'...
16:23:00 INFO  : Checking for BSP changes to sync application flags for project 'lab3a_application'...
16:23:07 INFO  : Disconnected from the channel tcfchan#5.
16:23:08 INFO  : Connected to target on host '127.0.0.1' and port '3121'.
16:23:17 INFO  : ----------------XSDB Script----------------
connect -url tcp:127.0.0.1:3121
----------------End of Script----------------

16:23:17 ERROR : Could not find FPGA device on the board for connection 'Local'.


Troubleshooting hints:
1. Check whether board is connected to system properly.
2. In case of zynq board, check whether Digilent/Xilinx cable switch settings are correct.
3. If you are using Xilinx Platform Cable USB, ensure that status LED is green.
16:23:21 INFO  : Connected to target on host '127.0.0.1' and port '3121'.
16:23:21 INFO  : Jtag cable 'Digilent Nexys A7 -100T 210292BCFA48A' is selected.
16:23:21 INFO  : 'jtag frequency' command is executed.
16:23:21 INFO  : 'targets -set -filter {jtag_cable_name =~ "Digilent Nexys A7 -100T 210292BCFA48A" && level==0 && jtag_device_ctx=="jsn-Nexys A7 -100T-210292BCFA48A-13631093-0"}' command is executed.
16:23:23 INFO  : Device configured successfully with "C:/Users/tejasvissapragada/Documents/GitHub/cs153a/vitis/lab3a_vitis/lab3a_application/_ide/bitstream/design_1_wrapper.bit"
16:23:23 INFO  : Context for processor 'microblaze_0' is selected.
16:23:23 INFO  : Hardware design and registers information is loaded from 'C:/Users/tejasvissapragada/Documents/GitHub/cs153a/vitis/lab3a_vitis/lab3a_platform/export/lab3a_platform/hw/design_1_wrapper.xsa'.
16:23:23 INFO  : 'configparams mdm-detect-bscan-mask 2' command is executed.
16:23:23 INFO  : Context for processor 'microblaze_0' is selected.
16:23:23 INFO  : System reset is completed.
16:23:26 INFO  : 'after 3000' command is executed.
16:23:26 INFO  : Context for processor 'microblaze_0' is selected.
16:23:26 INFO  : The application 'C:/Users/tejasvissapragada/Documents/GitHub/cs153a/vitis/lab3a_vitis/lab3a_application/Debug/lab3a_application.elf' is downloaded to processor 'microblaze_0'.
16:23:26 INFO  : ----------------XSDB Script----------------
connect -url tcp:127.0.0.1:3121
targets -set -filter {jtag_cable_name =~ "Digilent Nexys A7 -100T 210292BCFA48A" && level==0 && jtag_device_ctx=="jsn-Nexys A7 -100T-210292BCFA48A-13631093-0"}
fpga -file C:/Users/tejasvissapragada/Documents/GitHub/cs153a/vitis/lab3a_vitis/lab3a_application/_ide/bitstream/design_1_wrapper.bit
targets -set -nocase -filter {name =~ "*microblaze*#0" && bscan=="USER2" }
loadhw -hw C:/Users/tejasvissapragada/Documents/GitHub/cs153a/vitis/lab3a_vitis/lab3a_platform/export/lab3a_platform/hw/design_1_wrapper.xsa -regs
configparams mdm-detect-bscan-mask 2
targets -set -nocase -filter {name =~ "*microblaze*#0" && bscan=="USER2" }
rst -system
after 3000
targets -set -nocase -filter {name =~ "*microblaze*#0" && bscan=="USER2" }
dow C:/Users/tejasvissapragada/Documents/GitHub/cs153a/vitis/lab3a_vitis/lab3a_application/Debug/lab3a_application.elf
----------------End of Script----------------

16:23:26 INFO  : Context for processor 'microblaze_0' is selected.
16:23:27 INFO  : 'con' command is executed.
16:23:27 INFO  : ----------------XSDB Script (After Launch)----------------
targets -set -nocase -filter {name =~ "*microblaze*#0" && bscan=="USER2" }
con
----------------End of Script----------------

16:23:27 INFO  : Launch script is exported to file 'C:\Users\tejasvissapragada\Documents\GitHub\cs153a\vitis\lab3a_vitis\lab3a_system\_ide\scripts\debugger_lab3a_application-default.tcl'
16:24:08 INFO  : Checking for BSP changes to sync application flags for project 'lab3a_application'...
16:24:11 INFO  : Disconnected from the channel tcfchan#6.
16:24:12 INFO  : Connected to target on host '127.0.0.1' and port '3121'.
16:24:21 INFO  : ----------------XSDB Script----------------
connect -url tcp:127.0.0.1:3121
----------------End of Script----------------

16:24:21 ERROR : Could not find FPGA device on the board for connection 'Local'.


Troubleshooting hints:
1. Check whether board is connected to system properly.
2. In case of zynq board, check whether Digilent/Xilinx cable switch settings are correct.
3. If you are using Xilinx Platform Cable USB, ensure that status LED is green.
16:25:01 INFO  : Checking for BSP changes to sync application flags for project 'lab3a_application'...
16:25:04 INFO  : Connected to target on host '127.0.0.1' and port '3121'.
16:25:04 INFO  : Jtag cable 'Digilent Nexys A7 -100T 210292BCFA48A' is selected.
16:25:04 INFO  : 'jtag frequency' command is executed.
16:25:04 INFO  : 'targets -set -filter {jtag_cable_name =~ "Digilent Nexys A7 -100T 210292BCFA48A" && level==0 && jtag_device_ctx=="jsn-Nexys A7 -100T-210292BCFA48A-13631093-0"}' command is executed.
16:25:06 INFO  : Device configured successfully with "C:/Users/tejasvissapragada/Documents/GitHub/cs153a/vitis/lab3a_vitis/lab3a_application/_ide/bitstream/design_1_wrapper.bit"
16:25:06 INFO  : Context for processor 'microblaze_0' is selected.
16:25:06 INFO  : Hardware design and registers information is loaded from 'C:/Users/tejasvissapragada/Documents/GitHub/cs153a/vitis/lab3a_vitis/lab3a_platform/export/lab3a_platform/hw/design_1_wrapper.xsa'.
16:25:06 INFO  : 'configparams mdm-detect-bscan-mask 2' command is executed.
16:25:07 INFO  : Context for processor 'microblaze_0' is selected.
16:25:07 INFO  : System reset is completed.
16:25:10 INFO  : 'after 3000' command is executed.
16:25:10 INFO  : Context for processor 'microblaze_0' is selected.
16:25:10 INFO  : The application 'C:/Users/tejasvissapragada/Documents/GitHub/cs153a/vitis/lab3a_vitis/lab3a_application/Debug/lab3a_application.elf' is downloaded to processor 'microblaze_0'.
16:25:10 INFO  : ----------------XSDB Script----------------
connect -url tcp:127.0.0.1:3121
targets -set -filter {jtag_cable_name =~ "Digilent Nexys A7 -100T 210292BCFA48A" && level==0 && jtag_device_ctx=="jsn-Nexys A7 -100T-210292BCFA48A-13631093-0"}
fpga -file C:/Users/tejasvissapragada/Documents/GitHub/cs153a/vitis/lab3a_vitis/lab3a_application/_ide/bitstream/design_1_wrapper.bit
targets -set -nocase -filter {name =~ "*microblaze*#0" && bscan=="USER2" }
loadhw -hw C:/Users/tejasvissapragada/Documents/GitHub/cs153a/vitis/lab3a_vitis/lab3a_platform/export/lab3a_platform/hw/design_1_wrapper.xsa -regs
configparams mdm-detect-bscan-mask 2
targets -set -nocase -filter {name =~ "*microblaze*#0" && bscan=="USER2" }
rst -system
after 3000
targets -set -nocase -filter {name =~ "*microblaze*#0" && bscan=="USER2" }
dow C:/Users/tejasvissapragada/Documents/GitHub/cs153a/vitis/lab3a_vitis/lab3a_application/Debug/lab3a_application.elf
----------------End of Script----------------

16:25:10 INFO  : Context for processor 'microblaze_0' is selected.
16:25:10 INFO  : 'con' command is executed.
16:25:10 INFO  : ----------------XSDB Script (After Launch)----------------
targets -set -nocase -filter {name =~ "*microblaze*#0" && bscan=="USER2" }
con
----------------End of Script----------------

16:25:10 INFO  : Launch script is exported to file 'C:\Users\tejasvissapragada\Documents\GitHub\cs153a\vitis\lab3a_vitis\lab3a_system\_ide\scripts\debugger_lab3a_application-default.tcl'
16:29:22 INFO  : Checking for BSP changes to sync application flags for project 'lab3a_application'...
16:29:31 INFO  : Disconnected from the channel tcfchan#7.
16:29:32 INFO  : Connected to target on host '127.0.0.1' and port '3121'.
16:29:32 INFO  : Jtag cable 'Digilent Nexys A7 -100T 210292BCFA48A' is selected.
16:29:32 INFO  : 'jtag frequency' command is executed.
16:29:32 INFO  : 'targets -set -filter {jtag_cable_name =~ "Digilent Nexys A7 -100T 210292BCFA48A" && level==0 && jtag_device_ctx=="jsn-Nexys A7 -100T-210292BCFA48A-13631093-0"}' command is executed.
16:29:35 INFO  : Device configured successfully with "C:/Users/tejasvissapragada/Documents/GitHub/cs153a/vitis/lab3a_vitis/lab3a_application/_ide/bitstream/design_1_wrapper.bit"
16:29:35 INFO  : Context for processor 'microblaze_0' is selected.
16:29:35 INFO  : Hardware design and registers information is loaded from 'C:/Users/tejasvissapragada/Documents/GitHub/cs153a/vitis/lab3a_vitis/lab3a_platform/export/lab3a_platform/hw/design_1_wrapper.xsa'.
16:29:35 INFO  : 'configparams mdm-detect-bscan-mask 2' command is executed.
16:29:35 INFO  : Context for processor 'microblaze_0' is selected.
16:29:35 INFO  : System reset is completed.
16:29:38 INFO  : 'after 3000' command is executed.
16:29:38 INFO  : Context for processor 'microblaze_0' is selected.
16:29:38 INFO  : The application 'C:/Users/tejasvissapragada/Documents/GitHub/cs153a/vitis/lab3a_vitis/lab3a_application/Debug/lab3a_application.elf' is downloaded to processor 'microblaze_0'.
16:29:38 INFO  : ----------------XSDB Script----------------
connect -url tcp:127.0.0.1:3121
targets -set -filter {jtag_cable_name =~ "Digilent Nexys A7 -100T 210292BCFA48A" && level==0 && jtag_device_ctx=="jsn-Nexys A7 -100T-210292BCFA48A-13631093-0"}
fpga -file C:/Users/tejasvissapragada/Documents/GitHub/cs153a/vitis/lab3a_vitis/lab3a_application/_ide/bitstream/design_1_wrapper.bit
targets -set -nocase -filter {name =~ "*microblaze*#0" && bscan=="USER2" }
loadhw -hw C:/Users/tejasvissapragada/Documents/GitHub/cs153a/vitis/lab3a_vitis/lab3a_platform/export/lab3a_platform/hw/design_1_wrapper.xsa -regs
configparams mdm-detect-bscan-mask 2
targets -set -nocase -filter {name =~ "*microblaze*#0" && bscan=="USER2" }
rst -system
after 3000
targets -set -nocase -filter {name =~ "*microblaze*#0" && bscan=="USER2" }
dow C:/Users/tejasvissapragada/Documents/GitHub/cs153a/vitis/lab3a_vitis/lab3a_application/Debug/lab3a_application.elf
----------------End of Script----------------

16:29:38 INFO  : Context for processor 'microblaze_0' is selected.
16:29:38 INFO  : 'con' command is executed.
16:29:38 INFO  : ----------------XSDB Script (After Launch)----------------
targets -set -nocase -filter {name =~ "*microblaze*#0" && bscan=="USER2" }
con
----------------End of Script----------------

16:29:38 INFO  : Launch script is exported to file 'C:\Users\tejasvissapragada\Documents\GitHub\cs153a\vitis\lab3a_vitis\lab3a_system\_ide\scripts\debugger_lab3a_application-default.tcl'
16:32:43 INFO  : Checking for BSP changes to sync application flags for project 'lab3a_application'...
16:32:49 INFO  : Disconnected from the channel tcfchan#8.
16:32:50 INFO  : Connected to target on host '127.0.0.1' and port '3121'.
16:32:59 INFO  : ----------------XSDB Script----------------
connect -url tcp:127.0.0.1:3121
----------------End of Script----------------

16:32:59 ERROR : Could not find FPGA device on the board for connection 'Local'.


Troubleshooting hints:
1. Check whether board is connected to system properly.
2. In case of zynq board, check whether Digilent/Xilinx cable switch settings are correct.
3. If you are using Xilinx Platform Cable USB, ensure that status LED is green.
16:33:11 INFO  : Connected to target on host '127.0.0.1' and port '3121'.
16:33:11 INFO  : Jtag cable 'Digilent Nexys A7 -100T 210292BCFA48A' is selected.
16:33:11 INFO  : 'jtag frequency' command is executed.
16:33:11 INFO  : 'targets -set -filter {jtag_cable_name =~ "Digilent Nexys A7 -100T 210292BCFA48A" && level==0 && jtag_device_ctx=="jsn-Nexys A7 -100T-210292BCFA48A-13631093-0"}' command is executed.
16:33:14 INFO  : Device configured successfully with "C:/Users/tejasvissapragada/Documents/GitHub/cs153a/vitis/lab3a_vitis/lab3a_application/_ide/bitstream/design_1_wrapper.bit"
16:33:14 INFO  : Context for processor 'microblaze_0' is selected.
16:33:14 INFO  : Hardware design and registers information is loaded from 'C:/Users/tejasvissapragada/Documents/GitHub/cs153a/vitis/lab3a_vitis/lab3a_platform/export/lab3a_platform/hw/design_1_wrapper.xsa'.
16:33:14 INFO  : 'configparams mdm-detect-bscan-mask 2' command is executed.
16:33:14 INFO  : Context for processor 'microblaze_0' is selected.
16:33:14 INFO  : System reset is completed.
16:33:17 INFO  : 'after 3000' command is executed.
16:33:17 INFO  : Context for processor 'microblaze_0' is selected.
16:33:17 INFO  : The application 'C:/Users/tejasvissapragada/Documents/GitHub/cs153a/vitis/lab3a_vitis/lab3a_application/Debug/lab3a_application.elf' is downloaded to processor 'microblaze_0'.
16:33:17 INFO  : ----------------XSDB Script----------------
connect -url tcp:127.0.0.1:3121
targets -set -filter {jtag_cable_name =~ "Digilent Nexys A7 -100T 210292BCFA48A" && level==0 && jtag_device_ctx=="jsn-Nexys A7 -100T-210292BCFA48A-13631093-0"}
fpga -file C:/Users/tejasvissapragada/Documents/GitHub/cs153a/vitis/lab3a_vitis/lab3a_application/_ide/bitstream/design_1_wrapper.bit
targets -set -nocase -filter {name =~ "*microblaze*#0" && bscan=="USER2" }
loadhw -hw C:/Users/tejasvissapragada/Documents/GitHub/cs153a/vitis/lab3a_vitis/lab3a_platform/export/lab3a_platform/hw/design_1_wrapper.xsa -regs
configparams mdm-detect-bscan-mask 2
targets -set -nocase -filter {name =~ "*microblaze*#0" && bscan=="USER2" }
rst -system
after 3000
targets -set -nocase -filter {name =~ "*microblaze*#0" && bscan=="USER2" }
dow C:/Users/tejasvissapragada/Documents/GitHub/cs153a/vitis/lab3a_vitis/lab3a_application/Debug/lab3a_application.elf
----------------End of Script----------------

16:33:17 INFO  : Context for processor 'microblaze_0' is selected.
16:33:17 INFO  : 'con' command is executed.
16:33:17 INFO  : ----------------XSDB Script (After Launch)----------------
targets -set -nocase -filter {name =~ "*microblaze*#0" && bscan=="USER2" }
con
----------------End of Script----------------

16:33:17 INFO  : Launch script is exported to file 'C:\Users\tejasvissapragada\Documents\GitHub\cs153a\vitis\lab3a_vitis\lab3a_system\_ide\scripts\debugger_lab3a_application-default.tcl'
17:00:20 INFO  : Checking for BSP changes to sync application flags for project 'lab3a_application'...
17:00:34 INFO  : Checking for BSP changes to sync application flags for project 'lab3a_application'...
17:00:39 INFO  : Disconnected from the channel tcfchan#9.
17:00:40 INFO  : Connected to target on host '127.0.0.1' and port '3121'.
17:00:49 INFO  : ----------------XSDB Script----------------
connect -url tcp:127.0.0.1:3121
----------------End of Script----------------

17:00:49 ERROR : Could not find FPGA device on the board for connection 'Local'.


Troubleshooting hints:
1. Check whether board is connected to system properly.
2. In case of zynq board, check whether Digilent/Xilinx cable switch settings are correct.
3. If you are using Xilinx Platform Cable USB, ensure that status LED is green.
17:00:53 INFO  : Connected to target on host '127.0.0.1' and port '3121'.
17:00:53 INFO  : Jtag cable 'Digilent Nexys A7 -100T 210292BCFA48A' is selected.
17:00:53 INFO  : 'jtag frequency' command is executed.
17:00:53 INFO  : 'targets -set -filter {jtag_cable_name =~ "Digilent Nexys A7 -100T 210292BCFA48A" && level==0 && jtag_device_ctx=="jsn-Nexys A7 -100T-210292BCFA48A-13631093-0"}' command is executed.
17:00:55 INFO  : Device configured successfully with "C:/Users/tejasvissapragada/Documents/GitHub/cs153a/vitis/lab3a_vitis/lab3a_application/_ide/bitstream/design_1_wrapper.bit"
17:00:55 INFO  : Context for processor 'microblaze_0' is selected.
17:00:55 INFO  : Hardware design and registers information is loaded from 'C:/Users/tejasvissapragada/Documents/GitHub/cs153a/vitis/lab3a_vitis/lab3a_platform/export/lab3a_platform/hw/design_1_wrapper.xsa'.
17:00:55 INFO  : 'configparams mdm-detect-bscan-mask 2' command is executed.
17:00:55 INFO  : Context for processor 'microblaze_0' is selected.
17:00:55 INFO  : System reset is completed.
17:00:58 INFO  : 'after 3000' command is executed.
17:00:58 INFO  : Context for processor 'microblaze_0' is selected.
17:00:58 INFO  : The application 'C:/Users/tejasvissapragada/Documents/GitHub/cs153a/vitis/lab3a_vitis/lab3a_application/Debug/lab3a_application.elf' is downloaded to processor 'microblaze_0'.
17:00:58 INFO  : ----------------XSDB Script----------------
connect -url tcp:127.0.0.1:3121
targets -set -filter {jtag_cable_name =~ "Digilent Nexys A7 -100T 210292BCFA48A" && level==0 && jtag_device_ctx=="jsn-Nexys A7 -100T-210292BCFA48A-13631093-0"}
fpga -file C:/Users/tejasvissapragada/Documents/GitHub/cs153a/vitis/lab3a_vitis/lab3a_application/_ide/bitstream/design_1_wrapper.bit
targets -set -nocase -filter {name =~ "*microblaze*#0" && bscan=="USER2" }
loadhw -hw C:/Users/tejasvissapragada/Documents/GitHub/cs153a/vitis/lab3a_vitis/lab3a_platform/export/lab3a_platform/hw/design_1_wrapper.xsa -regs
configparams mdm-detect-bscan-mask 2
targets -set -nocase -filter {name =~ "*microblaze*#0" && bscan=="USER2" }
rst -system
after 3000
targets -set -nocase -filter {name =~ "*microblaze*#0" && bscan=="USER2" }
dow C:/Users/tejasvissapragada/Documents/GitHub/cs153a/vitis/lab3a_vitis/lab3a_application/Debug/lab3a_application.elf
----------------End of Script----------------

17:00:58 INFO  : Context for processor 'microblaze_0' is selected.
17:00:58 INFO  : 'con' command is executed.
17:00:58 INFO  : ----------------XSDB Script (After Launch)----------------
targets -set -nocase -filter {name =~ "*microblaze*#0" && bscan=="USER2" }
con
----------------End of Script----------------

17:00:58 INFO  : Launch script is exported to file 'C:\Users\tejasvissapragada\Documents\GitHub\cs153a\vitis\lab3a_vitis\lab3a_system\_ide\scripts\debugger_lab3a_application-default.tcl'
17:05:06 INFO  : Checking for BSP changes to sync application flags for project 'lab3a_application'...
17:05:17 INFO  : Checking for BSP changes to sync application flags for project 'lab3a_application'...
17:05:22 INFO  : Disconnected from the channel tcfchan#10.
17:05:23 INFO  : Connected to target on host '127.0.0.1' and port '3121'.
17:05:33 INFO  : ----------------XSDB Script----------------
connect -url tcp:127.0.0.1:3121
----------------End of Script----------------

17:05:33 ERROR : Could not find FPGA device on the board for connection 'Local'.


Troubleshooting hints:
1. Check whether board is connected to system properly.
2. In case of zynq board, check whether Digilent/Xilinx cable switch settings are correct.
3. If you are using Xilinx Platform Cable USB, ensure that status LED is green.
17:05:36 INFO  : Connected to target on host '127.0.0.1' and port '3121'.
17:05:36 INFO  : Jtag cable 'Digilent Nexys A7 -100T 210292BCFA48A' is selected.
17:05:36 INFO  : 'jtag frequency' command is executed.
17:05:36 INFO  : 'targets -set -filter {jtag_cable_name =~ "Digilent Nexys A7 -100T 210292BCFA48A" && level==0 && jtag_device_ctx=="jsn-Nexys A7 -100T-210292BCFA48A-13631093-0"}' command is executed.
17:05:39 INFO  : Device configured successfully with "C:/Users/tejasvissapragada/Documents/GitHub/cs153a/vitis/lab3a_vitis/lab3a_application/_ide/bitstream/design_1_wrapper.bit"
17:05:39 INFO  : Context for processor 'microblaze_0' is selected.
17:05:39 INFO  : Hardware design and registers information is loaded from 'C:/Users/tejasvissapragada/Documents/GitHub/cs153a/vitis/lab3a_vitis/lab3a_platform/export/lab3a_platform/hw/design_1_wrapper.xsa'.
17:05:39 INFO  : 'configparams mdm-detect-bscan-mask 2' command is executed.
17:05:39 INFO  : Context for processor 'microblaze_0' is selected.
17:05:39 INFO  : System reset is completed.
17:05:42 INFO  : 'after 3000' command is executed.
17:05:42 INFO  : Context for processor 'microblaze_0' is selected.
17:05:42 INFO  : The application 'C:/Users/tejasvissapragada/Documents/GitHub/cs153a/vitis/lab3a_vitis/lab3a_application/Debug/lab3a_application.elf' is downloaded to processor 'microblaze_0'.
17:05:42 INFO  : ----------------XSDB Script----------------
connect -url tcp:127.0.0.1:3121
targets -set -filter {jtag_cable_name =~ "Digilent Nexys A7 -100T 210292BCFA48A" && level==0 && jtag_device_ctx=="jsn-Nexys A7 -100T-210292BCFA48A-13631093-0"}
fpga -file C:/Users/tejasvissapragada/Documents/GitHub/cs153a/vitis/lab3a_vitis/lab3a_application/_ide/bitstream/design_1_wrapper.bit
targets -set -nocase -filter {name =~ "*microblaze*#0" && bscan=="USER2" }
loadhw -hw C:/Users/tejasvissapragada/Documents/GitHub/cs153a/vitis/lab3a_vitis/lab3a_platform/export/lab3a_platform/hw/design_1_wrapper.xsa -regs
configparams mdm-detect-bscan-mask 2
targets -set -nocase -filter {name =~ "*microblaze*#0" && bscan=="USER2" }
rst -system
after 3000
targets -set -nocase -filter {name =~ "*microblaze*#0" && bscan=="USER2" }
dow C:/Users/tejasvissapragada/Documents/GitHub/cs153a/vitis/lab3a_vitis/lab3a_application/Debug/lab3a_application.elf
----------------End of Script----------------

17:05:42 INFO  : Context for processor 'microblaze_0' is selected.
17:05:42 INFO  : 'con' command is executed.
17:05:42 INFO  : ----------------XSDB Script (After Launch)----------------
targets -set -nocase -filter {name =~ "*microblaze*#0" && bscan=="USER2" }
con
----------------End of Script----------------

17:05:42 INFO  : Launch script is exported to file 'C:\Users\tejasvissapragada\Documents\GitHub\cs153a\vitis\lab3a_vitis\lab3a_system\_ide\scripts\debugger_lab3a_application-default.tcl'
17:06:46 INFO  : Checking for BSP changes to sync application flags for project 'lab3a_application'...
17:06:50 INFO  : Disconnected from the channel tcfchan#11.
17:06:51 INFO  : Connected to target on host '127.0.0.1' and port '3121'.
17:07:00 INFO  : ----------------XSDB Script----------------
connect -url tcp:127.0.0.1:3121
----------------End of Script----------------

17:07:00 ERROR : Could not find FPGA device on the board for connection 'Local'.


Troubleshooting hints:
1. Check whether board is connected to system properly.
2. In case of zynq board, check whether Digilent/Xilinx cable switch settings are correct.
3. If you are using Xilinx Platform Cable USB, ensure that status LED is green.
17:07:04 INFO  : Connected to target on host '127.0.0.1' and port '3121'.
17:07:04 INFO  : Jtag cable 'Digilent Nexys A7 -100T 210292BCFA48A' is selected.
17:07:04 INFO  : 'jtag frequency' command is executed.
17:07:04 INFO  : 'targets -set -filter {jtag_cable_name =~ "Digilent Nexys A7 -100T 210292BCFA48A" && level==0 && jtag_device_ctx=="jsn-Nexys A7 -100T-210292BCFA48A-13631093-0"}' command is executed.
17:07:06 INFO  : Device configured successfully with "C:/Users/tejasvissapragada/Documents/GitHub/cs153a/vitis/lab3a_vitis/lab3a_application/_ide/bitstream/design_1_wrapper.bit"
17:07:06 INFO  : Context for processor 'microblaze_0' is selected.
17:07:06 INFO  : Hardware design and registers information is loaded from 'C:/Users/tejasvissapragada/Documents/GitHub/cs153a/vitis/lab3a_vitis/lab3a_platform/export/lab3a_platform/hw/design_1_wrapper.xsa'.
17:07:06 INFO  : 'configparams mdm-detect-bscan-mask 2' command is executed.
17:07:06 INFO  : Context for processor 'microblaze_0' is selected.
17:07:06 INFO  : System reset is completed.
17:07:09 INFO  : 'after 3000' command is executed.
17:07:09 INFO  : Context for processor 'microblaze_0' is selected.
17:07:10 INFO  : The application 'C:/Users/tejasvissapragada/Documents/GitHub/cs153a/vitis/lab3a_vitis/lab3a_application/Debug/lab3a_application.elf' is downloaded to processor 'microblaze_0'.
17:07:10 INFO  : ----------------XSDB Script----------------
connect -url tcp:127.0.0.1:3121
targets -set -filter {jtag_cable_name =~ "Digilent Nexys A7 -100T 210292BCFA48A" && level==0 && jtag_device_ctx=="jsn-Nexys A7 -100T-210292BCFA48A-13631093-0"}
fpga -file C:/Users/tejasvissapragada/Documents/GitHub/cs153a/vitis/lab3a_vitis/lab3a_application/_ide/bitstream/design_1_wrapper.bit
targets -set -nocase -filter {name =~ "*microblaze*#0" && bscan=="USER2" }
loadhw -hw C:/Users/tejasvissapragada/Documents/GitHub/cs153a/vitis/lab3a_vitis/lab3a_platform/export/lab3a_platform/hw/design_1_wrapper.xsa -regs
configparams mdm-detect-bscan-mask 2
targets -set -nocase -filter {name =~ "*microblaze*#0" && bscan=="USER2" }
rst -system
after 3000
targets -set -nocase -filter {name =~ "*microblaze*#0" && bscan=="USER2" }
dow C:/Users/tejasvissapragada/Documents/GitHub/cs153a/vitis/lab3a_vitis/lab3a_application/Debug/lab3a_application.elf
----------------End of Script----------------

17:07:10 INFO  : Context for processor 'microblaze_0' is selected.
17:07:10 INFO  : 'con' command is executed.
17:07:10 INFO  : ----------------XSDB Script (After Launch)----------------
targets -set -nocase -filter {name =~ "*microblaze*#0" && bscan=="USER2" }
con
----------------End of Script----------------

17:07:10 INFO  : Launch script is exported to file 'C:\Users\tejasvissapragada\Documents\GitHub\cs153a\vitis\lab3a_vitis\lab3a_system\_ide\scripts\debugger_lab3a_application-default.tcl'
17:12:04 INFO  : Disconnected from the channel tcfchan#12.
17:12:05 INFO  : Connected to target on host '127.0.0.1' and port '3121'.
17:12:14 INFO  : ----------------XSDB Script----------------
connect -url tcp:127.0.0.1:3121
----------------End of Script----------------

17:12:14 ERROR : Could not find FPGA device on the board for connection 'Local'.


Troubleshooting hints:
1. Check whether board is connected to system properly.
2. In case of zynq board, check whether Digilent/Xilinx cable switch settings are correct.
3. If you are using Xilinx Platform Cable USB, ensure that status LED is green.
17:12:18 INFO  : Connected to target on host '127.0.0.1' and port '3121'.
17:12:18 INFO  : Jtag cable 'Digilent Nexys A7 -100T 210292BCFA48A' is selected.
17:12:18 INFO  : 'jtag frequency' command is executed.
17:12:18 INFO  : 'targets -set -filter {jtag_cable_name =~ "Digilent Nexys A7 -100T 210292BCFA48A" && level==0 && jtag_device_ctx=="jsn-Nexys A7 -100T-210292BCFA48A-13631093-0"}' command is executed.
17:12:21 INFO  : Device configured successfully with "C:/Users/tejasvissapragada/Documents/GitHub/cs153a/vitis/lab3a_vitis/lab3a_application/_ide/bitstream/design_1_wrapper.bit"
17:12:21 INFO  : Context for processor 'microblaze_0' is selected.
17:12:21 INFO  : Hardware design and registers information is loaded from 'C:/Users/tejasvissapragada/Documents/GitHub/cs153a/vitis/lab3a_vitis/lab3a_platform/export/lab3a_platform/hw/design_1_wrapper.xsa'.
17:12:21 INFO  : 'configparams mdm-detect-bscan-mask 2' command is executed.
17:12:21 INFO  : Context for processor 'microblaze_0' is selected.
17:12:21 INFO  : System reset is completed.
17:12:24 INFO  : 'after 3000' command is executed.
17:12:24 INFO  : Context for processor 'microblaze_0' is selected.
17:12:24 INFO  : The application 'C:/Users/tejasvissapragada/Documents/GitHub/cs153a/vitis/lab3a_vitis/lab3a_application/Debug/lab3a_application.elf' is downloaded to processor 'microblaze_0'.
17:12:24 INFO  : ----------------XSDB Script----------------
connect -url tcp:127.0.0.1:3121
targets -set -filter {jtag_cable_name =~ "Digilent Nexys A7 -100T 210292BCFA48A" && level==0 && jtag_device_ctx=="jsn-Nexys A7 -100T-210292BCFA48A-13631093-0"}
fpga -file C:/Users/tejasvissapragada/Documents/GitHub/cs153a/vitis/lab3a_vitis/lab3a_application/_ide/bitstream/design_1_wrapper.bit
targets -set -nocase -filter {name =~ "*microblaze*#0" && bscan=="USER2" }
loadhw -hw C:/Users/tejasvissapragada/Documents/GitHub/cs153a/vitis/lab3a_vitis/lab3a_platform/export/lab3a_platform/hw/design_1_wrapper.xsa -regs
configparams mdm-detect-bscan-mask 2
targets -set -nocase -filter {name =~ "*microblaze*#0" && bscan=="USER2" }
rst -system
after 3000
targets -set -nocase -filter {name =~ "*microblaze*#0" && bscan=="USER2" }
dow C:/Users/tejasvissapragada/Documents/GitHub/cs153a/vitis/lab3a_vitis/lab3a_application/Debug/lab3a_application.elf
----------------End of Script----------------

17:12:24 INFO  : Context for processor 'microblaze_0' is selected.
17:12:24 INFO  : 'con' command is executed.
17:12:24 INFO  : ----------------XSDB Script (After Launch)----------------
targets -set -nocase -filter {name =~ "*microblaze*#0" && bscan=="USER2" }
con
----------------End of Script----------------

17:12:24 INFO  : Launch script is exported to file 'C:\Users\tejasvissapragada\Documents\GitHub\cs153a\vitis\lab3a_vitis\lab3a_system\_ide\scripts\debugger_lab3a_application-default.tcl'
17:13:07 INFO  : Checking for BSP changes to sync application flags for project 'lab3a_application'...
17:13:12 INFO  : Disconnected from the channel tcfchan#13.
17:13:13 INFO  : Connected to target on host '127.0.0.1' and port '3121'.
17:13:22 INFO  : ----------------XSDB Script----------------
connect -url tcp:127.0.0.1:3121
----------------End of Script----------------

17:13:22 ERROR : Could not find FPGA device on the board for connection 'Local'.


Troubleshooting hints:
1. Check whether board is connected to system properly.
2. In case of zynq board, check whether Digilent/Xilinx cable switch settings are correct.
3. If you are using Xilinx Platform Cable USB, ensure that status LED is green.
17:13:25 INFO  : Connected to target on host '127.0.0.1' and port '3121'.
17:13:25 INFO  : Jtag cable 'Digilent Nexys A7 -100T 210292BCFA48A' is selected.
17:13:25 INFO  : 'jtag frequency' command is executed.
17:13:25 INFO  : 'targets -set -filter {jtag_cable_name =~ "Digilent Nexys A7 -100T 210292BCFA48A" && level==0 && jtag_device_ctx=="jsn-Nexys A7 -100T-210292BCFA48A-13631093-0"}' command is executed.
17:13:28 INFO  : Device configured successfully with "C:/Users/tejasvissapragada/Documents/GitHub/cs153a/vitis/lab3a_vitis/lab3a_application/_ide/bitstream/design_1_wrapper.bit"
17:13:28 INFO  : Context for processor 'microblaze_0' is selected.
17:13:28 INFO  : Hardware design and registers information is loaded from 'C:/Users/tejasvissapragada/Documents/GitHub/cs153a/vitis/lab3a_vitis/lab3a_platform/export/lab3a_platform/hw/design_1_wrapper.xsa'.
17:13:28 INFO  : 'configparams mdm-detect-bscan-mask 2' command is executed.
17:13:28 INFO  : Context for processor 'microblaze_0' is selected.
17:13:28 INFO  : System reset is completed.
17:13:31 INFO  : 'after 3000' command is executed.
17:13:31 INFO  : Context for processor 'microblaze_0' is selected.
17:13:31 INFO  : The application 'C:/Users/tejasvissapragada/Documents/GitHub/cs153a/vitis/lab3a_vitis/lab3a_application/Debug/lab3a_application.elf' is downloaded to processor 'microblaze_0'.
17:13:31 INFO  : ----------------XSDB Script----------------
connect -url tcp:127.0.0.1:3121
targets -set -filter {jtag_cable_name =~ "Digilent Nexys A7 -100T 210292BCFA48A" && level==0 && jtag_device_ctx=="jsn-Nexys A7 -100T-210292BCFA48A-13631093-0"}
fpga -file C:/Users/tejasvissapragada/Documents/GitHub/cs153a/vitis/lab3a_vitis/lab3a_application/_ide/bitstream/design_1_wrapper.bit
targets -set -nocase -filter {name =~ "*microblaze*#0" && bscan=="USER2" }
loadhw -hw C:/Users/tejasvissapragada/Documents/GitHub/cs153a/vitis/lab3a_vitis/lab3a_platform/export/lab3a_platform/hw/design_1_wrapper.xsa -regs
configparams mdm-detect-bscan-mask 2
targets -set -nocase -filter {name =~ "*microblaze*#0" && bscan=="USER2" }
rst -system
after 3000
targets -set -nocase -filter {name =~ "*microblaze*#0" && bscan=="USER2" }
dow C:/Users/tejasvissapragada/Documents/GitHub/cs153a/vitis/lab3a_vitis/lab3a_application/Debug/lab3a_application.elf
----------------End of Script----------------

17:13:31 INFO  : Context for processor 'microblaze_0' is selected.
17:13:31 INFO  : 'con' command is executed.
17:13:31 INFO  : ----------------XSDB Script (After Launch)----------------
targets -set -nocase -filter {name =~ "*microblaze*#0" && bscan=="USER2" }
con
----------------End of Script----------------

17:13:31 INFO  : Launch script is exported to file 'C:\Users\tejasvissapragada\Documents\GitHub\cs153a\vitis\lab3a_vitis\lab3a_system\_ide\scripts\debugger_lab3a_application-default.tcl'
17:15:52 INFO  : Checking for BSP changes to sync application flags for project 'lab3a_application'...
17:15:56 INFO  : Disconnected from the channel tcfchan#14.
17:15:57 INFO  : Connected to target on host '127.0.0.1' and port '3121'.
17:16:06 INFO  : ----------------XSDB Script----------------
connect -url tcp:127.0.0.1:3121
----------------End of Script----------------

17:16:06 ERROR : Could not find FPGA device on the board for connection 'Local'.


Troubleshooting hints:
1. Check whether board is connected to system properly.
2. In case of zynq board, check whether Digilent/Xilinx cable switch settings are correct.
3. If you are using Xilinx Platform Cable USB, ensure that status LED is green.
17:16:10 INFO  : Connected to target on host '127.0.0.1' and port '3121'.
17:16:10 INFO  : Jtag cable 'Digilent Nexys A7 -100T 210292BCFA48A' is selected.
17:16:10 INFO  : 'jtag frequency' command is executed.
17:16:10 INFO  : 'targets -set -filter {jtag_cable_name =~ "Digilent Nexys A7 -100T 210292BCFA48A" && level==0 && jtag_device_ctx=="jsn-Nexys A7 -100T-210292BCFA48A-13631093-0"}' command is executed.
17:16:13 INFO  : Device configured successfully with "C:/Users/tejasvissapragada/Documents/GitHub/cs153a/vitis/lab3a_vitis/lab3a_application/_ide/bitstream/design_1_wrapper.bit"
17:16:13 INFO  : Context for processor 'microblaze_0' is selected.
17:16:13 INFO  : Hardware design and registers information is loaded from 'C:/Users/tejasvissapragada/Documents/GitHub/cs153a/vitis/lab3a_vitis/lab3a_platform/export/lab3a_platform/hw/design_1_wrapper.xsa'.
17:16:13 INFO  : 'configparams mdm-detect-bscan-mask 2' command is executed.
17:16:13 INFO  : Context for processor 'microblaze_0' is selected.
17:16:13 INFO  : System reset is completed.
17:16:16 INFO  : 'after 3000' command is executed.
17:16:16 INFO  : Context for processor 'microblaze_0' is selected.
17:16:16 INFO  : The application 'C:/Users/tejasvissapragada/Documents/GitHub/cs153a/vitis/lab3a_vitis/lab3a_application/Debug/lab3a_application.elf' is downloaded to processor 'microblaze_0'.
17:16:16 INFO  : ----------------XSDB Script----------------
connect -url tcp:127.0.0.1:3121
targets -set -filter {jtag_cable_name =~ "Digilent Nexys A7 -100T 210292BCFA48A" && level==0 && jtag_device_ctx=="jsn-Nexys A7 -100T-210292BCFA48A-13631093-0"}
fpga -file C:/Users/tejasvissapragada/Documents/GitHub/cs153a/vitis/lab3a_vitis/lab3a_application/_ide/bitstream/design_1_wrapper.bit
targets -set -nocase -filter {name =~ "*microblaze*#0" && bscan=="USER2" }
loadhw -hw C:/Users/tejasvissapragada/Documents/GitHub/cs153a/vitis/lab3a_vitis/lab3a_platform/export/lab3a_platform/hw/design_1_wrapper.xsa -regs
configparams mdm-detect-bscan-mask 2
targets -set -nocase -filter {name =~ "*microblaze*#0" && bscan=="USER2" }
rst -system
after 3000
targets -set -nocase -filter {name =~ "*microblaze*#0" && bscan=="USER2" }
dow C:/Users/tejasvissapragada/Documents/GitHub/cs153a/vitis/lab3a_vitis/lab3a_application/Debug/lab3a_application.elf
----------------End of Script----------------

17:16:16 INFO  : Context for processor 'microblaze_0' is selected.
17:16:16 INFO  : 'con' command is executed.
17:16:16 INFO  : ----------------XSDB Script (After Launch)----------------
targets -set -nocase -filter {name =~ "*microblaze*#0" && bscan=="USER2" }
con
----------------End of Script----------------

17:16:16 INFO  : Launch script is exported to file 'C:\Users\tejasvissapragada\Documents\GitHub\cs153a\vitis\lab3a_vitis\lab3a_system\_ide\scripts\debugger_lab3a_application-default.tcl'
17:17:24 INFO  : Checking for BSP changes to sync application flags for project 'lab3a_application'...
17:17:28 INFO  : Disconnected from the channel tcfchan#15.
17:17:29 INFO  : Connected to target on host '127.0.0.1' and port '3121'.
17:17:38 INFO  : ----------------XSDB Script----------------
connect -url tcp:127.0.0.1:3121
----------------End of Script----------------

17:17:38 ERROR : Could not find FPGA device on the board for connection 'Local'.


Troubleshooting hints:
1. Check whether board is connected to system properly.
2. In case of zynq board, check whether Digilent/Xilinx cable switch settings are correct.
3. If you are using Xilinx Platform Cable USB, ensure that status LED is green.
17:17:42 INFO  : Connected to target on host '127.0.0.1' and port '3121'.
17:17:42 INFO  : Jtag cable 'Digilent Nexys A7 -100T 210292BCFA48A' is selected.
17:17:42 INFO  : 'jtag frequency' command is executed.
17:17:42 INFO  : 'targets -set -filter {jtag_cable_name =~ "Digilent Nexys A7 -100T 210292BCFA48A" && level==0 && jtag_device_ctx=="jsn-Nexys A7 -100T-210292BCFA48A-13631093-0"}' command is executed.
17:17:45 INFO  : Device configured successfully with "C:/Users/tejasvissapragada/Documents/GitHub/cs153a/vitis/lab3a_vitis/lab3a_application/_ide/bitstream/design_1_wrapper.bit"
17:17:45 INFO  : Context for processor 'microblaze_0' is selected.
17:17:45 INFO  : Hardware design and registers information is loaded from 'C:/Users/tejasvissapragada/Documents/GitHub/cs153a/vitis/lab3a_vitis/lab3a_platform/export/lab3a_platform/hw/design_1_wrapper.xsa'.
17:17:45 INFO  : 'configparams mdm-detect-bscan-mask 2' command is executed.
17:17:45 INFO  : Context for processor 'microblaze_0' is selected.
17:17:45 INFO  : System reset is completed.
17:17:48 INFO  : 'after 3000' command is executed.
17:17:48 INFO  : Context for processor 'microblaze_0' is selected.
17:17:48 INFO  : The application 'C:/Users/tejasvissapragada/Documents/GitHub/cs153a/vitis/lab3a_vitis/lab3a_application/Debug/lab3a_application.elf' is downloaded to processor 'microblaze_0'.
17:17:48 INFO  : ----------------XSDB Script----------------
connect -url tcp:127.0.0.1:3121
targets -set -filter {jtag_cable_name =~ "Digilent Nexys A7 -100T 210292BCFA48A" && level==0 && jtag_device_ctx=="jsn-Nexys A7 -100T-210292BCFA48A-13631093-0"}
fpga -file C:/Users/tejasvissapragada/Documents/GitHub/cs153a/vitis/lab3a_vitis/lab3a_application/_ide/bitstream/design_1_wrapper.bit
targets -set -nocase -filter {name =~ "*microblaze*#0" && bscan=="USER2" }
loadhw -hw C:/Users/tejasvissapragada/Documents/GitHub/cs153a/vitis/lab3a_vitis/lab3a_platform/export/lab3a_platform/hw/design_1_wrapper.xsa -regs
configparams mdm-detect-bscan-mask 2
targets -set -nocase -filter {name =~ "*microblaze*#0" && bscan=="USER2" }
rst -system
after 3000
targets -set -nocase -filter {name =~ "*microblaze*#0" && bscan=="USER2" }
dow C:/Users/tejasvissapragada/Documents/GitHub/cs153a/vitis/lab3a_vitis/lab3a_application/Debug/lab3a_application.elf
----------------End of Script----------------

17:17:48 INFO  : Context for processor 'microblaze_0' is selected.
17:17:48 INFO  : 'con' command is executed.
17:17:48 INFO  : ----------------XSDB Script (After Launch)----------------
targets -set -nocase -filter {name =~ "*microblaze*#0" && bscan=="USER2" }
con
----------------End of Script----------------

17:17:48 INFO  : Launch script is exported to file 'C:\Users\tejasvissapragada\Documents\GitHub\cs153a\vitis\lab3a_vitis\lab3a_system\_ide\scripts\debugger_lab3a_application-default.tcl'
17:19:21 INFO  : Checking for BSP changes to sync application flags for project 'lab3a_application'...
17:19:28 INFO  : Disconnected from the channel tcfchan#16.
17:19:29 INFO  : Connected to target on host '127.0.0.1' and port '3121'.
17:19:38 INFO  : ----------------XSDB Script----------------
connect -url tcp:127.0.0.1:3121
----------------End of Script----------------

17:19:38 ERROR : Could not find FPGA device on the board for connection 'Local'.


Troubleshooting hints:
1. Check whether board is connected to system properly.
2. In case of zynq board, check whether Digilent/Xilinx cable switch settings are correct.
3. If you are using Xilinx Platform Cable USB, ensure that status LED is green.
17:19:44 INFO  : Connected to target on host '127.0.0.1' and port '3121'.
17:19:44 INFO  : Jtag cable 'Digilent Nexys A7 -100T 210292BCFA48A' is selected.
17:19:44 INFO  : 'jtag frequency' command is executed.
17:19:45 INFO  : 'targets -set -filter {jtag_cable_name =~ "Digilent Nexys A7 -100T 210292BCFA48A" && level==0 && jtag_device_ctx=="jsn-Nexys A7 -100T-210292BCFA48A-13631093-0"}' command is executed.
17:19:47 INFO  : Device configured successfully with "C:/Users/tejasvissapragada/Documents/GitHub/cs153a/vitis/lab3a_vitis/lab3a_application/_ide/bitstream/design_1_wrapper.bit"
17:19:47 INFO  : Context for processor 'microblaze_0' is selected.
17:19:47 INFO  : Hardware design and registers information is loaded from 'C:/Users/tejasvissapragada/Documents/GitHub/cs153a/vitis/lab3a_vitis/lab3a_platform/export/lab3a_platform/hw/design_1_wrapper.xsa'.
17:19:47 INFO  : 'configparams mdm-detect-bscan-mask 2' command is executed.
17:19:47 INFO  : Context for processor 'microblaze_0' is selected.
17:19:47 INFO  : System reset is completed.
17:19:50 INFO  : 'after 3000' command is executed.
17:19:50 INFO  : Context for processor 'microblaze_0' is selected.
17:19:50 INFO  : The application 'C:/Users/tejasvissapragada/Documents/GitHub/cs153a/vitis/lab3a_vitis/lab3a_application/Debug/lab3a_application.elf' is downloaded to processor 'microblaze_0'.
17:19:50 INFO  : ----------------XSDB Script----------------
connect -url tcp:127.0.0.1:3121
targets -set -filter {jtag_cable_name =~ "Digilent Nexys A7 -100T 210292BCFA48A" && level==0 && jtag_device_ctx=="jsn-Nexys A7 -100T-210292BCFA48A-13631093-0"}
fpga -file C:/Users/tejasvissapragada/Documents/GitHub/cs153a/vitis/lab3a_vitis/lab3a_application/_ide/bitstream/design_1_wrapper.bit
targets -set -nocase -filter {name =~ "*microblaze*#0" && bscan=="USER2" }
loadhw -hw C:/Users/tejasvissapragada/Documents/GitHub/cs153a/vitis/lab3a_vitis/lab3a_platform/export/lab3a_platform/hw/design_1_wrapper.xsa -regs
configparams mdm-detect-bscan-mask 2
targets -set -nocase -filter {name =~ "*microblaze*#0" && bscan=="USER2" }
rst -system
after 3000
targets -set -nocase -filter {name =~ "*microblaze*#0" && bscan=="USER2" }
dow C:/Users/tejasvissapragada/Documents/GitHub/cs153a/vitis/lab3a_vitis/lab3a_application/Debug/lab3a_application.elf
----------------End of Script----------------

17:19:50 INFO  : Context for processor 'microblaze_0' is selected.
17:19:50 INFO  : 'con' command is executed.
17:19:50 INFO  : ----------------XSDB Script (After Launch)----------------
targets -set -nocase -filter {name =~ "*microblaze*#0" && bscan=="USER2" }
con
----------------End of Script----------------

17:19:50 INFO  : Launch script is exported to file 'C:\Users\tejasvissapragada\Documents\GitHub\cs153a\vitis\lab3a_vitis\lab3a_system\_ide\scripts\debugger_lab3a_application-default.tcl'
17:21:00 INFO  : Checking for BSP changes to sync application flags for project 'lab3a_application'...
17:21:04 INFO  : Disconnected from the channel tcfchan#17.
17:21:05 INFO  : Connected to target on host '127.0.0.1' and port '3121'.
17:21:14 INFO  : ----------------XSDB Script----------------
connect -url tcp:127.0.0.1:3121
----------------End of Script----------------

17:21:14 ERROR : Could not find FPGA device on the board for connection 'Local'.


Troubleshooting hints:
1. Check whether board is connected to system properly.
2. In case of zynq board, check whether Digilent/Xilinx cable switch settings are correct.
3. If you are using Xilinx Platform Cable USB, ensure that status LED is green.
17:21:18 INFO  : Connected to target on host '127.0.0.1' and port '3121'.
17:21:18 INFO  : Jtag cable 'Digilent Nexys A7 -100T 210292BCFA48A' is selected.
17:21:18 INFO  : 'jtag frequency' command is executed.
17:21:18 INFO  : 'targets -set -filter {jtag_cable_name =~ "Digilent Nexys A7 -100T 210292BCFA48A" && level==0 && jtag_device_ctx=="jsn-Nexys A7 -100T-210292BCFA48A-13631093-0"}' command is executed.
17:21:20 INFO  : Device configured successfully with "C:/Users/tejasvissapragada/Documents/GitHub/cs153a/vitis/lab3a_vitis/lab3a_application/_ide/bitstream/design_1_wrapper.bit"
17:21:20 INFO  : Context for processor 'microblaze_0' is selected.
17:21:20 INFO  : Hardware design and registers information is loaded from 'C:/Users/tejasvissapragada/Documents/GitHub/cs153a/vitis/lab3a_vitis/lab3a_platform/export/lab3a_platform/hw/design_1_wrapper.xsa'.
17:21:20 INFO  : 'configparams mdm-detect-bscan-mask 2' command is executed.
17:21:20 INFO  : Context for processor 'microblaze_0' is selected.
17:21:20 INFO  : System reset is completed.
17:21:23 INFO  : 'after 3000' command is executed.
17:21:23 INFO  : Context for processor 'microblaze_0' is selected.
17:21:24 INFO  : The application 'C:/Users/tejasvissapragada/Documents/GitHub/cs153a/vitis/lab3a_vitis/lab3a_application/Debug/lab3a_application.elf' is downloaded to processor 'microblaze_0'.
17:21:24 INFO  : ----------------XSDB Script----------------
connect -url tcp:127.0.0.1:3121
targets -set -filter {jtag_cable_name =~ "Digilent Nexys A7 -100T 210292BCFA48A" && level==0 && jtag_device_ctx=="jsn-Nexys A7 -100T-210292BCFA48A-13631093-0"}
fpga -file C:/Users/tejasvissapragada/Documents/GitHub/cs153a/vitis/lab3a_vitis/lab3a_application/_ide/bitstream/design_1_wrapper.bit
targets -set -nocase -filter {name =~ "*microblaze*#0" && bscan=="USER2" }
loadhw -hw C:/Users/tejasvissapragada/Documents/GitHub/cs153a/vitis/lab3a_vitis/lab3a_platform/export/lab3a_platform/hw/design_1_wrapper.xsa -regs
configparams mdm-detect-bscan-mask 2
targets -set -nocase -filter {name =~ "*microblaze*#0" && bscan=="USER2" }
rst -system
after 3000
targets -set -nocase -filter {name =~ "*microblaze*#0" && bscan=="USER2" }
dow C:/Users/tejasvissapragada/Documents/GitHub/cs153a/vitis/lab3a_vitis/lab3a_application/Debug/lab3a_application.elf
----------------End of Script----------------

17:21:24 INFO  : Context for processor 'microblaze_0' is selected.
17:21:24 INFO  : 'con' command is executed.
17:21:24 INFO  : ----------------XSDB Script (After Launch)----------------
targets -set -nocase -filter {name =~ "*microblaze*#0" && bscan=="USER2" }
con
----------------End of Script----------------

17:21:24 INFO  : Launch script is exported to file 'C:\Users\tejasvissapragada\Documents\GitHub\cs153a\vitis\lab3a_vitis\lab3a_system\_ide\scripts\debugger_lab3a_application-default.tcl'
17:22:06 INFO  : Checking for BSP changes to sync application flags for project 'lab3a_application'...
17:22:10 INFO  : Disconnected from the channel tcfchan#18.
17:22:11 INFO  : Connected to target on host '127.0.0.1' and port '3121'.
17:22:20 INFO  : ----------------XSDB Script----------------
connect -url tcp:127.0.0.1:3121
----------------End of Script----------------

17:22:20 ERROR : Could not find FPGA device on the board for connection 'Local'.


Troubleshooting hints:
1. Check whether board is connected to system properly.
2. In case of zynq board, check whether Digilent/Xilinx cable switch settings are correct.
3. If you are using Xilinx Platform Cable USB, ensure that status LED is green.
17:22:46 INFO  : Connected to target on host '127.0.0.1' and port '3121'.
17:22:47 INFO  : Jtag cable 'Digilent Nexys A7 -100T 210292BCFA48A' is selected.
17:22:47 INFO  : 'jtag frequency' command is executed.
17:22:47 INFO  : 'targets -set -filter {jtag_cable_name =~ "Digilent Nexys A7 -100T 210292BCFA48A" && level==0 && jtag_device_ctx=="jsn-Nexys A7 -100T-210292BCFA48A-13631093-0"}' command is executed.
17:22:49 INFO  : Device configured successfully with "C:/Users/tejasvissapragada/Documents/GitHub/cs153a/vitis/lab3a_vitis/lab3a_application/_ide/bitstream/design_1_wrapper.bit"
17:22:49 INFO  : Context for processor 'microblaze_0' is selected.
17:22:49 INFO  : Hardware design and registers information is loaded from 'C:/Users/tejasvissapragada/Documents/GitHub/cs153a/vitis/lab3a_vitis/lab3a_platform/export/lab3a_platform/hw/design_1_wrapper.xsa'.
17:22:49 INFO  : 'configparams mdm-detect-bscan-mask 2' command is executed.
17:22:49 INFO  : Context for processor 'microblaze_0' is selected.
17:22:49 INFO  : System reset is completed.
17:22:52 INFO  : 'after 3000' command is executed.
17:22:52 INFO  : Context for processor 'microblaze_0' is selected.
17:22:52 INFO  : The application 'C:/Users/tejasvissapragada/Documents/GitHub/cs153a/vitis/lab3a_vitis/lab3a_application/Debug/lab3a_application.elf' is downloaded to processor 'microblaze_0'.
17:22:52 INFO  : ----------------XSDB Script----------------
connect -url tcp:127.0.0.1:3121
targets -set -filter {jtag_cable_name =~ "Digilent Nexys A7 -100T 210292BCFA48A" && level==0 && jtag_device_ctx=="jsn-Nexys A7 -100T-210292BCFA48A-13631093-0"}
fpga -file C:/Users/tejasvissapragada/Documents/GitHub/cs153a/vitis/lab3a_vitis/lab3a_application/_ide/bitstream/design_1_wrapper.bit
targets -set -nocase -filter {name =~ "*microblaze*#0" && bscan=="USER2" }
loadhw -hw C:/Users/tejasvissapragada/Documents/GitHub/cs153a/vitis/lab3a_vitis/lab3a_platform/export/lab3a_platform/hw/design_1_wrapper.xsa -regs
configparams mdm-detect-bscan-mask 2
targets -set -nocase -filter {name =~ "*microblaze*#0" && bscan=="USER2" }
rst -system
after 3000
targets -set -nocase -filter {name =~ "*microblaze*#0" && bscan=="USER2" }
dow C:/Users/tejasvissapragada/Documents/GitHub/cs153a/vitis/lab3a_vitis/lab3a_application/Debug/lab3a_application.elf
----------------End of Script----------------

17:22:52 INFO  : Context for processor 'microblaze_0' is selected.
17:22:52 INFO  : 'con' command is executed.
17:22:52 INFO  : ----------------XSDB Script (After Launch)----------------
targets -set -nocase -filter {name =~ "*microblaze*#0" && bscan=="USER2" }
con
----------------End of Script----------------

17:22:52 INFO  : Launch script is exported to file 'C:\Users\tejasvissapragada\Documents\GitHub\cs153a\vitis\lab3a_vitis\lab3a_system\_ide\scripts\debugger_lab3a_application-default.tcl'
17:27:31 INFO  : Checking for BSP changes to sync application flags for project 'lab3a_application'...
17:27:36 INFO  : Disconnected from the channel tcfchan#19.
17:27:37 INFO  : Connected to target on host '127.0.0.1' and port '3121'.
17:27:46 INFO  : ----------------XSDB Script----------------
connect -url tcp:127.0.0.1:3121
----------------End of Script----------------

17:27:46 ERROR : Could not find FPGA device on the board for connection 'Local'.


Troubleshooting hints:
1. Check whether board is connected to system properly.
2. In case of zynq board, check whether Digilent/Xilinx cable switch settings are correct.
3. If you are using Xilinx Platform Cable USB, ensure that status LED is green.
17:27:53 INFO  : Connected to target on host '127.0.0.1' and port '3121'.
17:27:53 INFO  : Jtag cable 'Digilent Nexys A7 -100T 210292BCFA48A' is selected.
17:27:53 INFO  : 'jtag frequency' command is executed.
17:27:53 INFO  : 'targets -set -filter {jtag_cable_name =~ "Digilent Nexys A7 -100T 210292BCFA48A" && level==0 && jtag_device_ctx=="jsn-Nexys A7 -100T-210292BCFA48A-13631093-0"}' command is executed.
17:27:55 INFO  : Device configured successfully with "C:/Users/tejasvissapragada/Documents/GitHub/cs153a/vitis/lab3a_vitis/lab3a_application/_ide/bitstream/design_1_wrapper.bit"
17:27:55 INFO  : Context for processor 'microblaze_0' is selected.
17:27:55 INFO  : Hardware design and registers information is loaded from 'C:/Users/tejasvissapragada/Documents/GitHub/cs153a/vitis/lab3a_vitis/lab3a_platform/export/lab3a_platform/hw/design_1_wrapper.xsa'.
17:27:55 INFO  : 'configparams mdm-detect-bscan-mask 2' command is executed.
17:27:55 INFO  : Context for processor 'microblaze_0' is selected.
17:27:55 INFO  : System reset is completed.
17:27:58 INFO  : 'after 3000' command is executed.
17:27:58 INFO  : Context for processor 'microblaze_0' is selected.
17:27:59 INFO  : The application 'C:/Users/tejasvissapragada/Documents/GitHub/cs153a/vitis/lab3a_vitis/lab3a_application/Debug/lab3a_application.elf' is downloaded to processor 'microblaze_0'.
17:27:59 INFO  : ----------------XSDB Script----------------
connect -url tcp:127.0.0.1:3121
targets -set -filter {jtag_cable_name =~ "Digilent Nexys A7 -100T 210292BCFA48A" && level==0 && jtag_device_ctx=="jsn-Nexys A7 -100T-210292BCFA48A-13631093-0"}
fpga -file C:/Users/tejasvissapragada/Documents/GitHub/cs153a/vitis/lab3a_vitis/lab3a_application/_ide/bitstream/design_1_wrapper.bit
targets -set -nocase -filter {name =~ "*microblaze*#0" && bscan=="USER2" }
loadhw -hw C:/Users/tejasvissapragada/Documents/GitHub/cs153a/vitis/lab3a_vitis/lab3a_platform/export/lab3a_platform/hw/design_1_wrapper.xsa -regs
configparams mdm-detect-bscan-mask 2
targets -set -nocase -filter {name =~ "*microblaze*#0" && bscan=="USER2" }
rst -system
after 3000
targets -set -nocase -filter {name =~ "*microblaze*#0" && bscan=="USER2" }
dow C:/Users/tejasvissapragada/Documents/GitHub/cs153a/vitis/lab3a_vitis/lab3a_application/Debug/lab3a_application.elf
----------------End of Script----------------

17:27:59 INFO  : Context for processor 'microblaze_0' is selected.
17:27:59 INFO  : 'con' command is executed.
17:27:59 INFO  : ----------------XSDB Script (After Launch)----------------
targets -set -nocase -filter {name =~ "*microblaze*#0" && bscan=="USER2" }
con
----------------End of Script----------------

17:27:59 INFO  : Launch script is exported to file 'C:\Users\tejasvissapragada\Documents\GitHub\cs153a\vitis\lab3a_vitis\lab3a_system\_ide\scripts\debugger_lab3a_application-default.tcl'
17:31:02 INFO  : Checking for BSP changes to sync application flags for project 'lab3a_application'...
17:31:12 INFO  : Checking for BSP changes to sync application flags for project 'lab3a_application'...
17:31:16 INFO  : Disconnected from the channel tcfchan#20.
17:31:17 INFO  : Connected to target on host '127.0.0.1' and port '3121'.
17:31:26 INFO  : ----------------XSDB Script----------------
connect -url tcp:127.0.0.1:3121
----------------End of Script----------------

17:31:26 ERROR : Could not find FPGA device on the board for connection 'Local'.


Troubleshooting hints:
1. Check whether board is connected to system properly.
2. In case of zynq board, check whether Digilent/Xilinx cable switch settings are correct.
3. If you are using Xilinx Platform Cable USB, ensure that status LED is green.
17:31:32 INFO  : Connected to target on host '127.0.0.1' and port '3121'.
17:31:32 INFO  : Jtag cable 'Digilent Nexys A7 -100T 210292BCFA48A' is selected.
17:31:32 INFO  : 'jtag frequency' command is executed.
17:31:32 INFO  : 'targets -set -filter {jtag_cable_name =~ "Digilent Nexys A7 -100T 210292BCFA48A" && level==0 && jtag_device_ctx=="jsn-Nexys A7 -100T-210292BCFA48A-13631093-0"}' command is executed.
17:31:34 INFO  : Device configured successfully with "C:/Users/tejasvissapragada/Documents/GitHub/cs153a/vitis/lab3a_vitis/lab3a_application/_ide/bitstream/design_1_wrapper.bit"
17:31:34 INFO  : Context for processor 'microblaze_0' is selected.
17:31:34 INFO  : Hardware design and registers information is loaded from 'C:/Users/tejasvissapragada/Documents/GitHub/cs153a/vitis/lab3a_vitis/lab3a_platform/export/lab3a_platform/hw/design_1_wrapper.xsa'.
17:31:34 INFO  : 'configparams mdm-detect-bscan-mask 2' command is executed.
17:31:34 INFO  : Context for processor 'microblaze_0' is selected.
17:31:34 INFO  : System reset is completed.
17:31:37 INFO  : 'after 3000' command is executed.
17:31:37 INFO  : Context for processor 'microblaze_0' is selected.
17:31:38 INFO  : The application 'C:/Users/tejasvissapragada/Documents/GitHub/cs153a/vitis/lab3a_vitis/lab3a_application/Debug/lab3a_application.elf' is downloaded to processor 'microblaze_0'.
17:31:38 INFO  : ----------------XSDB Script----------------
connect -url tcp:127.0.0.1:3121
targets -set -filter {jtag_cable_name =~ "Digilent Nexys A7 -100T 210292BCFA48A" && level==0 && jtag_device_ctx=="jsn-Nexys A7 -100T-210292BCFA48A-13631093-0"}
fpga -file C:/Users/tejasvissapragada/Documents/GitHub/cs153a/vitis/lab3a_vitis/lab3a_application/_ide/bitstream/design_1_wrapper.bit
targets -set -nocase -filter {name =~ "*microblaze*#0" && bscan=="USER2" }
loadhw -hw C:/Users/tejasvissapragada/Documents/GitHub/cs153a/vitis/lab3a_vitis/lab3a_platform/export/lab3a_platform/hw/design_1_wrapper.xsa -regs
configparams mdm-detect-bscan-mask 2
targets -set -nocase -filter {name =~ "*microblaze*#0" && bscan=="USER2" }
rst -system
after 3000
targets -set -nocase -filter {name =~ "*microblaze*#0" && bscan=="USER2" }
dow C:/Users/tejasvissapragada/Documents/GitHub/cs153a/vitis/lab3a_vitis/lab3a_application/Debug/lab3a_application.elf
----------------End of Script----------------

17:31:38 INFO  : Context for processor 'microblaze_0' is selected.
17:31:38 INFO  : 'con' command is executed.
17:31:38 INFO  : ----------------XSDB Script (After Launch)----------------
targets -set -nocase -filter {name =~ "*microblaze*#0" && bscan=="USER2" }
con
----------------End of Script----------------

17:31:38 INFO  : Launch script is exported to file 'C:\Users\tejasvissapragada\Documents\GitHub\cs153a\vitis\lab3a_vitis\lab3a_system\_ide\scripts\debugger_lab3a_application-default.tcl'
17:36:46 INFO  : Checking for BSP changes to sync application flags for project 'lab3a_application'...
17:36:50 INFO  : Disconnected from the channel tcfchan#21.
17:36:51 INFO  : Connected to target on host '127.0.0.1' and port '3121'.
17:37:01 INFO  : ----------------XSDB Script----------------
connect -url tcp:127.0.0.1:3121
----------------End of Script----------------

17:37:01 ERROR : Could not find FPGA device on the board for connection 'Local'.


Troubleshooting hints:
1. Check whether board is connected to system properly.
2. In case of zynq board, check whether Digilent/Xilinx cable switch settings are correct.
3. If you are using Xilinx Platform Cable USB, ensure that status LED is green.
17:37:04 INFO  : Connected to target on host '127.0.0.1' and port '3121'.
17:37:04 INFO  : Jtag cable 'Digilent Nexys A7 -100T 210292BCFA48A' is selected.
17:37:04 INFO  : 'jtag frequency' command is executed.
17:37:04 INFO  : 'targets -set -filter {jtag_cable_name =~ "Digilent Nexys A7 -100T 210292BCFA48A" && level==0 && jtag_device_ctx=="jsn-Nexys A7 -100T-210292BCFA48A-13631093-0"}' command is executed.
17:37:06 INFO  : Device configured successfully with "C:/Users/tejasvissapragada/Documents/GitHub/cs153a/vitis/lab3a_vitis/lab3a_application/_ide/bitstream/design_1_wrapper.bit"
17:37:06 INFO  : Context for processor 'microblaze_0' is selected.
17:37:06 INFO  : Hardware design and registers information is loaded from 'C:/Users/tejasvissapragada/Documents/GitHub/cs153a/vitis/lab3a_vitis/lab3a_platform/export/lab3a_platform/hw/design_1_wrapper.xsa'.
17:37:06 INFO  : 'configparams mdm-detect-bscan-mask 2' command is executed.
17:37:06 INFO  : Context for processor 'microblaze_0' is selected.
17:37:06 INFO  : System reset is completed.
17:37:09 INFO  : 'after 3000' command is executed.
17:37:09 INFO  : Context for processor 'microblaze_0' is selected.
17:37:10 INFO  : The application 'C:/Users/tejasvissapragada/Documents/GitHub/cs153a/vitis/lab3a_vitis/lab3a_application/Debug/lab3a_application.elf' is downloaded to processor 'microblaze_0'.
17:37:10 INFO  : ----------------XSDB Script----------------
connect -url tcp:127.0.0.1:3121
targets -set -filter {jtag_cable_name =~ "Digilent Nexys A7 -100T 210292BCFA48A" && level==0 && jtag_device_ctx=="jsn-Nexys A7 -100T-210292BCFA48A-13631093-0"}
fpga -file C:/Users/tejasvissapragada/Documents/GitHub/cs153a/vitis/lab3a_vitis/lab3a_application/_ide/bitstream/design_1_wrapper.bit
targets -set -nocase -filter {name =~ "*microblaze*#0" && bscan=="USER2" }
loadhw -hw C:/Users/tejasvissapragada/Documents/GitHub/cs153a/vitis/lab3a_vitis/lab3a_platform/export/lab3a_platform/hw/design_1_wrapper.xsa -regs
configparams mdm-detect-bscan-mask 2
targets -set -nocase -filter {name =~ "*microblaze*#0" && bscan=="USER2" }
rst -system
after 3000
targets -set -nocase -filter {name =~ "*microblaze*#0" && bscan=="USER2" }
dow C:/Users/tejasvissapragada/Documents/GitHub/cs153a/vitis/lab3a_vitis/lab3a_application/Debug/lab3a_application.elf
----------------End of Script----------------

17:37:10 INFO  : Context for processor 'microblaze_0' is selected.
17:37:10 INFO  : 'con' command is executed.
17:37:10 INFO  : ----------------XSDB Script (After Launch)----------------
targets -set -nocase -filter {name =~ "*microblaze*#0" && bscan=="USER2" }
con
----------------End of Script----------------

17:37:10 INFO  : Launch script is exported to file 'C:\Users\tejasvissapragada\Documents\GitHub\cs153a\vitis\lab3a_vitis\lab3a_system\_ide\scripts\debugger_lab3a_application-default.tcl'
17:39:13 INFO  : Checking for BSP changes to sync application flags for project 'lab3a_application'...
17:39:19 INFO  : Disconnected from the channel tcfchan#22.
17:39:20 INFO  : Connected to target on host '127.0.0.1' and port '3121'.
17:39:29 INFO  : ----------------XSDB Script----------------
connect -url tcp:127.0.0.1:3121
----------------End of Script----------------

17:39:29 ERROR : Could not find FPGA device on the board for connection 'Local'.


Troubleshooting hints:
1. Check whether board is connected to system properly.
2. In case of zynq board, check whether Digilent/Xilinx cable switch settings are correct.
3. If you are using Xilinx Platform Cable USB, ensure that status LED is green.
17:41:09 INFO  : Connected to target on host '127.0.0.1' and port '3121'.
17:41:09 INFO  : Jtag cable 'Digilent Nexys A7 -100T 210292BCFA48A' is selected.
17:41:09 INFO  : 'jtag frequency' command is executed.
17:41:09 INFO  : 'targets -set -filter {jtag_cable_name =~ "Digilent Nexys A7 -100T 210292BCFA48A" && level==0 && jtag_device_ctx=="jsn-Nexys A7 -100T-210292BCFA48A-13631093-0"}' command is executed.
17:41:11 INFO  : Device configured successfully with "C:/Users/tejasvissapragada/Documents/GitHub/cs153a/vitis/lab3a_vitis/lab3a_application/_ide/bitstream/design_1_wrapper.bit"
17:41:11 INFO  : Context for processor 'microblaze_0' is selected.
17:41:11 INFO  : Hardware design and registers information is loaded from 'C:/Users/tejasvissapragada/Documents/GitHub/cs153a/vitis/lab3a_vitis/lab3a_platform/export/lab3a_platform/hw/design_1_wrapper.xsa'.
17:41:11 INFO  : 'configparams mdm-detect-bscan-mask 2' command is executed.
17:41:11 INFO  : Context for processor 'microblaze_0' is selected.
17:41:11 INFO  : System reset is completed.
17:41:14 INFO  : 'after 3000' command is executed.
17:41:14 INFO  : Context for processor 'microblaze_0' is selected.
17:41:15 INFO  : The application 'C:/Users/tejasvissapragada/Documents/GitHub/cs153a/vitis/lab3a_vitis/lab3a_application/Debug/lab3a_application.elf' is downloaded to processor 'microblaze_0'.
17:41:15 INFO  : ----------------XSDB Script----------------
connect -url tcp:127.0.0.1:3121
targets -set -filter {jtag_cable_name =~ "Digilent Nexys A7 -100T 210292BCFA48A" && level==0 && jtag_device_ctx=="jsn-Nexys A7 -100T-210292BCFA48A-13631093-0"}
fpga -file C:/Users/tejasvissapragada/Documents/GitHub/cs153a/vitis/lab3a_vitis/lab3a_application/_ide/bitstream/design_1_wrapper.bit
targets -set -nocase -filter {name =~ "*microblaze*#0" && bscan=="USER2" }
loadhw -hw C:/Users/tejasvissapragada/Documents/GitHub/cs153a/vitis/lab3a_vitis/lab3a_platform/export/lab3a_platform/hw/design_1_wrapper.xsa -regs
configparams mdm-detect-bscan-mask 2
targets -set -nocase -filter {name =~ "*microblaze*#0" && bscan=="USER2" }
rst -system
after 3000
targets -set -nocase -filter {name =~ "*microblaze*#0" && bscan=="USER2" }
dow C:/Users/tejasvissapragada/Documents/GitHub/cs153a/vitis/lab3a_vitis/lab3a_application/Debug/lab3a_application.elf
----------------End of Script----------------

17:41:15 INFO  : Context for processor 'microblaze_0' is selected.
17:41:15 INFO  : 'con' command is executed.
17:41:15 INFO  : ----------------XSDB Script (After Launch)----------------
targets -set -nocase -filter {name =~ "*microblaze*#0" && bscan=="USER2" }
con
----------------End of Script----------------

17:41:15 INFO  : Launch script is exported to file 'C:\Users\tejasvissapragada\Documents\GitHub\cs153a\vitis\lab3a_vitis\lab3a_system\_ide\scripts\debugger_lab3a_application-default.tcl'
17:48:46 INFO  : Checking for BSP changes to sync application flags for project 'lab3a_application'...
17:48:54 INFO  : Checking for BSP changes to sync application flags for project 'lab3a_application'...
17:49:00 INFO  : Disconnected from the channel tcfchan#23.
17:49:01 INFO  : Connected to target on host '127.0.0.1' and port '3121'.
17:49:01 INFO  : Jtag cable 'Digilent Nexys A7 -100T 210292BCFA48A' is selected.
17:49:01 INFO  : 'jtag frequency' command is executed.
17:49:01 INFO  : 'targets -set -filter {jtag_cable_name =~ "Digilent Nexys A7 -100T 210292BCFA48A" && level==0 && jtag_device_ctx=="jsn-Nexys A7 -100T-210292BCFA48A-13631093-0"}' command is executed.
17:49:03 INFO  : Device configured successfully with "C:/Users/tejasvissapragada/Documents/GitHub/cs153a/vitis/lab3a_vitis/lab3a_application/_ide/bitstream/design_1_wrapper.bit"
17:49:03 INFO  : Context for processor 'microblaze_0' is selected.
17:49:03 INFO  : Hardware design and registers information is loaded from 'C:/Users/tejasvissapragada/Documents/GitHub/cs153a/vitis/lab3a_vitis/lab3a_platform/export/lab3a_platform/hw/design_1_wrapper.xsa'.
17:49:03 INFO  : 'configparams mdm-detect-bscan-mask 2' command is executed.
17:49:03 INFO  : Context for processor 'microblaze_0' is selected.
17:49:03 INFO  : System reset is completed.
17:49:06 INFO  : 'after 3000' command is executed.
17:49:06 INFO  : Context for processor 'microblaze_0' is selected.
17:49:06 INFO  : The application 'C:/Users/tejasvissapragada/Documents/GitHub/cs153a/vitis/lab3a_vitis/lab3a_application/Debug/lab3a_application.elf' is downloaded to processor 'microblaze_0'.
17:49:06 INFO  : ----------------XSDB Script----------------
connect -url tcp:127.0.0.1:3121
targets -set -filter {jtag_cable_name =~ "Digilent Nexys A7 -100T 210292BCFA48A" && level==0 && jtag_device_ctx=="jsn-Nexys A7 -100T-210292BCFA48A-13631093-0"}
fpga -file C:/Users/tejasvissapragada/Documents/GitHub/cs153a/vitis/lab3a_vitis/lab3a_application/_ide/bitstream/design_1_wrapper.bit
targets -set -nocase -filter {name =~ "*microblaze*#0" && bscan=="USER2" }
loadhw -hw C:/Users/tejasvissapragada/Documents/GitHub/cs153a/vitis/lab3a_vitis/lab3a_platform/export/lab3a_platform/hw/design_1_wrapper.xsa -regs
configparams mdm-detect-bscan-mask 2
targets -set -nocase -filter {name =~ "*microblaze*#0" && bscan=="USER2" }
rst -system
after 3000
targets -set -nocase -filter {name =~ "*microblaze*#0" && bscan=="USER2" }
dow C:/Users/tejasvissapragada/Documents/GitHub/cs153a/vitis/lab3a_vitis/lab3a_application/Debug/lab3a_application.elf
----------------End of Script----------------

17:49:07 INFO  : Context for processor 'microblaze_0' is selected.
17:49:07 INFO  : 'con' command is executed.
17:49:07 INFO  : ----------------XSDB Script (After Launch)----------------
targets -set -nocase -filter {name =~ "*microblaze*#0" && bscan=="USER2" }
con
----------------End of Script----------------

17:49:07 INFO  : Launch script is exported to file 'C:\Users\tejasvissapragada\Documents\GitHub\cs153a\vitis\lab3a_vitis\lab3a_system\_ide\scripts\debugger_lab3a_application-default.tcl'
17:51:57 INFO  : Checking for BSP changes to sync application flags for project 'lab3a_application'...
17:52:02 INFO  : Disconnected from the channel tcfchan#24.
17:52:03 INFO  : Connected to target on host '127.0.0.1' and port '3121'.
17:52:12 INFO  : ----------------XSDB Script----------------
connect -url tcp:127.0.0.1:3121
----------------End of Script----------------

17:52:12 ERROR : Could not find FPGA device on the board for connection 'Local'.


Troubleshooting hints:
1. Check whether board is connected to system properly.
2. In case of zynq board, check whether Digilent/Xilinx cable switch settings are correct.
3. If you are using Xilinx Platform Cable USB, ensure that status LED is green.
17:52:16 INFO  : Connected to target on host '127.0.0.1' and port '3121'.
17:52:16 INFO  : Jtag cable 'Digilent Nexys A7 -100T 210292BCFA48A' is selected.
17:52:16 INFO  : 'jtag frequency' command is executed.
17:52:16 INFO  : 'targets -set -filter {jtag_cable_name =~ "Digilent Nexys A7 -100T 210292BCFA48A" && level==0 && jtag_device_ctx=="jsn-Nexys A7 -100T-210292BCFA48A-13631093-0"}' command is executed.
17:52:19 INFO  : Device configured successfully with "C:/Users/tejasvissapragada/Documents/GitHub/cs153a/vitis/lab3a_vitis/lab3a_application/_ide/bitstream/design_1_wrapper.bit"
17:52:19 INFO  : Context for processor 'microblaze_0' is selected.
17:52:19 INFO  : Hardware design and registers information is loaded from 'C:/Users/tejasvissapragada/Documents/GitHub/cs153a/vitis/lab3a_vitis/lab3a_platform/export/lab3a_platform/hw/design_1_wrapper.xsa'.
17:52:19 INFO  : 'configparams mdm-detect-bscan-mask 2' command is executed.
17:52:19 INFO  : Context for processor 'microblaze_0' is selected.
17:52:19 INFO  : System reset is completed.
17:52:22 INFO  : 'after 3000' command is executed.
17:52:22 INFO  : Context for processor 'microblaze_0' is selected.
17:52:22 INFO  : The application 'C:/Users/tejasvissapragada/Documents/GitHub/cs153a/vitis/lab3a_vitis/lab3a_application/Debug/lab3a_application.elf' is downloaded to processor 'microblaze_0'.
17:52:22 INFO  : ----------------XSDB Script----------------
connect -url tcp:127.0.0.1:3121
targets -set -filter {jtag_cable_name =~ "Digilent Nexys A7 -100T 210292BCFA48A" && level==0 && jtag_device_ctx=="jsn-Nexys A7 -100T-210292BCFA48A-13631093-0"}
fpga -file C:/Users/tejasvissapragada/Documents/GitHub/cs153a/vitis/lab3a_vitis/lab3a_application/_ide/bitstream/design_1_wrapper.bit
targets -set -nocase -filter {name =~ "*microblaze*#0" && bscan=="USER2" }
loadhw -hw C:/Users/tejasvissapragada/Documents/GitHub/cs153a/vitis/lab3a_vitis/lab3a_platform/export/lab3a_platform/hw/design_1_wrapper.xsa -regs
configparams mdm-detect-bscan-mask 2
targets -set -nocase -filter {name =~ "*microblaze*#0" && bscan=="USER2" }
rst -system
after 3000
targets -set -nocase -filter {name =~ "*microblaze*#0" && bscan=="USER2" }
dow C:/Users/tejasvissapragada/Documents/GitHub/cs153a/vitis/lab3a_vitis/lab3a_application/Debug/lab3a_application.elf
----------------End of Script----------------

17:52:22 INFO  : Context for processor 'microblaze_0' is selected.
17:52:22 INFO  : 'con' command is executed.
17:52:22 INFO  : ----------------XSDB Script (After Launch)----------------
targets -set -nocase -filter {name =~ "*microblaze*#0" && bscan=="USER2" }
con
----------------End of Script----------------

17:52:22 INFO  : Launch script is exported to file 'C:\Users\tejasvissapragada\Documents\GitHub\cs153a\vitis\lab3a_vitis\lab3a_system\_ide\scripts\debugger_lab3a_application-default.tcl'
17:52:47 INFO  : Checking for BSP changes to sync application flags for project 'lab3a_application'...
17:52:52 INFO  : Disconnected from the channel tcfchan#25.
17:52:53 INFO  : Connected to target on host '127.0.0.1' and port '3121'.
17:52:53 INFO  : Jtag cable 'Digilent Nexys A7 -100T 210292BCFA48A' is selected.
17:52:53 INFO  : 'jtag frequency' command is executed.
17:52:53 INFO  : 'targets -set -filter {jtag_cable_name =~ "Digilent Nexys A7 -100T 210292BCFA48A" && level==0 && jtag_device_ctx=="jsn-Nexys A7 -100T-210292BCFA48A-13631093-0"}' command is executed.
17:52:55 INFO  : Device configured successfully with "C:/Users/tejasvissapragada/Documents/GitHub/cs153a/vitis/lab3a_vitis/lab3a_application/_ide/bitstream/design_1_wrapper.bit"
17:52:55 INFO  : Context for processor 'microblaze_0' is selected.
17:52:55 INFO  : Hardware design and registers information is loaded from 'C:/Users/tejasvissapragada/Documents/GitHub/cs153a/vitis/lab3a_vitis/lab3a_platform/export/lab3a_platform/hw/design_1_wrapper.xsa'.
17:52:55 INFO  : 'configparams mdm-detect-bscan-mask 2' command is executed.
17:52:55 INFO  : Context for processor 'microblaze_0' is selected.
17:52:55 INFO  : System reset is completed.
17:52:58 INFO  : 'after 3000' command is executed.
17:52:58 INFO  : Context for processor 'microblaze_0' is selected.
17:52:59 INFO  : The application 'C:/Users/tejasvissapragada/Documents/GitHub/cs153a/vitis/lab3a_vitis/lab3a_application/Debug/lab3a_application.elf' is downloaded to processor 'microblaze_0'.
17:52:59 INFO  : ----------------XSDB Script----------------
connect -url tcp:127.0.0.1:3121
targets -set -filter {jtag_cable_name =~ "Digilent Nexys A7 -100T 210292BCFA48A" && level==0 && jtag_device_ctx=="jsn-Nexys A7 -100T-210292BCFA48A-13631093-0"}
fpga -file C:/Users/tejasvissapragada/Documents/GitHub/cs153a/vitis/lab3a_vitis/lab3a_application/_ide/bitstream/design_1_wrapper.bit
targets -set -nocase -filter {name =~ "*microblaze*#0" && bscan=="USER2" }
loadhw -hw C:/Users/tejasvissapragada/Documents/GitHub/cs153a/vitis/lab3a_vitis/lab3a_platform/export/lab3a_platform/hw/design_1_wrapper.xsa -regs
configparams mdm-detect-bscan-mask 2
targets -set -nocase -filter {name =~ "*microblaze*#0" && bscan=="USER2" }
rst -system
after 3000
targets -set -nocase -filter {name =~ "*microblaze*#0" && bscan=="USER2" }
dow C:/Users/tejasvissapragada/Documents/GitHub/cs153a/vitis/lab3a_vitis/lab3a_application/Debug/lab3a_application.elf
----------------End of Script----------------

17:52:59 INFO  : Context for processor 'microblaze_0' is selected.
17:52:59 INFO  : 'con' command is executed.
17:52:59 INFO  : ----------------XSDB Script (After Launch)----------------
targets -set -nocase -filter {name =~ "*microblaze*#0" && bscan=="USER2" }
con
----------------End of Script----------------

17:52:59 INFO  : Launch script is exported to file 'C:\Users\tejasvissapragada\Documents\GitHub\cs153a\vitis\lab3a_vitis\lab3a_system\_ide\scripts\debugger_lab3a_application-default.tcl'
17:53:43 INFO  : Checking for BSP changes to sync application flags for project 'lab3a_application'...
17:53:49 INFO  : Disconnected from the channel tcfchan#26.
17:53:50 INFO  : Connected to target on host '127.0.0.1' and port '3121'.
17:53:50 INFO  : Jtag cable 'Digilent Nexys A7 -100T 210292BCFA48A' is selected.
17:53:50 INFO  : 'jtag frequency' command is executed.
17:53:50 INFO  : 'targets -set -filter {jtag_cable_name =~ "Digilent Nexys A7 -100T 210292BCFA48A" && level==0 && jtag_device_ctx=="jsn-Nexys A7 -100T-210292BCFA48A-13631093-0"}' command is executed.
17:53:53 INFO  : Device configured successfully with "C:/Users/tejasvissapragada/Documents/GitHub/cs153a/vitis/lab3a_vitis/lab3a_application/_ide/bitstream/design_1_wrapper.bit"
17:53:53 INFO  : Context for processor 'microblaze_0' is selected.
17:53:53 INFO  : Hardware design and registers information is loaded from 'C:/Users/tejasvissapragada/Documents/GitHub/cs153a/vitis/lab3a_vitis/lab3a_platform/export/lab3a_platform/hw/design_1_wrapper.xsa'.
17:53:53 INFO  : 'configparams mdm-detect-bscan-mask 2' command is executed.
17:53:53 INFO  : Context for processor 'microblaze_0' is selected.
17:53:53 INFO  : System reset is completed.
17:53:56 INFO  : 'after 3000' command is executed.
17:53:56 INFO  : Context for processor 'microblaze_0' is selected.
17:53:56 INFO  : The application 'C:/Users/tejasvissapragada/Documents/GitHub/cs153a/vitis/lab3a_vitis/lab3a_application/Debug/lab3a_application.elf' is downloaded to processor 'microblaze_0'.
17:53:56 INFO  : ----------------XSDB Script----------------
connect -url tcp:127.0.0.1:3121
targets -set -filter {jtag_cable_name =~ "Digilent Nexys A7 -100T 210292BCFA48A" && level==0 && jtag_device_ctx=="jsn-Nexys A7 -100T-210292BCFA48A-13631093-0"}
fpga -file C:/Users/tejasvissapragada/Documents/GitHub/cs153a/vitis/lab3a_vitis/lab3a_application/_ide/bitstream/design_1_wrapper.bit
targets -set -nocase -filter {name =~ "*microblaze*#0" && bscan=="USER2" }
loadhw -hw C:/Users/tejasvissapragada/Documents/GitHub/cs153a/vitis/lab3a_vitis/lab3a_platform/export/lab3a_platform/hw/design_1_wrapper.xsa -regs
configparams mdm-detect-bscan-mask 2
targets -set -nocase -filter {name =~ "*microblaze*#0" && bscan=="USER2" }
rst -system
after 3000
targets -set -nocase -filter {name =~ "*microblaze*#0" && bscan=="USER2" }
dow C:/Users/tejasvissapragada/Documents/GitHub/cs153a/vitis/lab3a_vitis/lab3a_application/Debug/lab3a_application.elf
----------------End of Script----------------

17:53:56 INFO  : Context for processor 'microblaze_0' is selected.
17:53:56 INFO  : 'con' command is executed.
17:53:56 INFO  : ----------------XSDB Script (After Launch)----------------
targets -set -nocase -filter {name =~ "*microblaze*#0" && bscan=="USER2" }
con
----------------End of Script----------------

17:53:56 INFO  : Launch script is exported to file 'C:\Users\tejasvissapragada\Documents\GitHub\cs153a\vitis\lab3a_vitis\lab3a_system\_ide\scripts\debugger_lab3a_application-default.tcl'
18:03:07 INFO  : Checking for BSP changes to sync application flags for project 'lab3a_application'...
18:03:11 INFO  : Disconnected from the channel tcfchan#27.
18:03:12 INFO  : Connected to target on host '127.0.0.1' and port '3121'.
18:03:21 INFO  : ----------------XSDB Script----------------
connect -url tcp:127.0.0.1:3121
----------------End of Script----------------

18:03:21 ERROR : Could not find FPGA device on the board for connection 'Local'.


Troubleshooting hints:
1. Check whether board is connected to system properly.
2. In case of zynq board, check whether Digilent/Xilinx cable switch settings are correct.
3. If you are using Xilinx Platform Cable USB, ensure that status LED is green.
18:03:26 INFO  : Connected to target on host '127.0.0.1' and port '3121'.
18:03:26 INFO  : Jtag cable 'Digilent Nexys A7 -100T 210292BCFA48A' is selected.
18:03:26 INFO  : 'jtag frequency' command is executed.
18:03:26 INFO  : 'targets -set -filter {jtag_cable_name =~ "Digilent Nexys A7 -100T 210292BCFA48A" && level==0 && jtag_device_ctx=="jsn-Nexys A7 -100T-210292BCFA48A-13631093-0"}' command is executed.
18:03:29 INFO  : Device configured successfully with "C:/Users/tejasvissapragada/Documents/GitHub/cs153a/vitis/lab3a_vitis/lab3a_application/_ide/bitstream/design_1_wrapper.bit"
18:03:29 INFO  : Context for processor 'microblaze_0' is selected.
18:03:29 INFO  : Hardware design and registers information is loaded from 'C:/Users/tejasvissapragada/Documents/GitHub/cs153a/vitis/lab3a_vitis/lab3a_platform/export/lab3a_platform/hw/design_1_wrapper.xsa'.
18:03:29 INFO  : 'configparams mdm-detect-bscan-mask 2' command is executed.
18:03:29 INFO  : Context for processor 'microblaze_0' is selected.
18:03:29 INFO  : System reset is completed.
18:03:32 INFO  : 'after 3000' command is executed.
18:03:32 INFO  : Context for processor 'microblaze_0' is selected.
18:03:32 INFO  : The application 'C:/Users/tejasvissapragada/Documents/GitHub/cs153a/vitis/lab3a_vitis/lab3a_application/Debug/lab3a_application.elf' is downloaded to processor 'microblaze_0'.
18:03:32 INFO  : ----------------XSDB Script----------------
connect -url tcp:127.0.0.1:3121
targets -set -filter {jtag_cable_name =~ "Digilent Nexys A7 -100T 210292BCFA48A" && level==0 && jtag_device_ctx=="jsn-Nexys A7 -100T-210292BCFA48A-13631093-0"}
fpga -file C:/Users/tejasvissapragada/Documents/GitHub/cs153a/vitis/lab3a_vitis/lab3a_application/_ide/bitstream/design_1_wrapper.bit
targets -set -nocase -filter {name =~ "*microblaze*#0" && bscan=="USER2" }
loadhw -hw C:/Users/tejasvissapragada/Documents/GitHub/cs153a/vitis/lab3a_vitis/lab3a_platform/export/lab3a_platform/hw/design_1_wrapper.xsa -regs
configparams mdm-detect-bscan-mask 2
targets -set -nocase -filter {name =~ "*microblaze*#0" && bscan=="USER2" }
rst -system
after 3000
targets -set -nocase -filter {name =~ "*microblaze*#0" && bscan=="USER2" }
dow C:/Users/tejasvissapragada/Documents/GitHub/cs153a/vitis/lab3a_vitis/lab3a_application/Debug/lab3a_application.elf
----------------End of Script----------------

18:03:32 INFO  : Context for processor 'microblaze_0' is selected.
18:03:32 INFO  : 'con' command is executed.
18:03:32 INFO  : ----------------XSDB Script (After Launch)----------------
targets -set -nocase -filter {name =~ "*microblaze*#0" && bscan=="USER2" }
con
----------------End of Script----------------

18:03:32 INFO  : Launch script is exported to file 'C:\Users\tejasvissapragada\Documents\GitHub\cs153a\vitis\lab3a_vitis\lab3a_system\_ide\scripts\debugger_lab3a_application-default.tcl'
18:04:26 INFO  : Checking for BSP changes to sync application flags for project 'lab3a_application'...
18:05:27 INFO  : Checking for BSP changes to sync application flags for project 'lab3a_application'...
18:08:27 INFO  : Checking for BSP changes to sync application flags for project 'lab3a_application'...
18:08:34 INFO  : Disconnected from the channel tcfchan#28.
18:08:35 INFO  : Connected to target on host '127.0.0.1' and port '3121'.
18:08:44 INFO  : ----------------XSDB Script----------------
connect -url tcp:127.0.0.1:3121
----------------End of Script----------------

18:08:44 ERROR : Could not find FPGA device on the board for connection 'Local'.


Troubleshooting hints:
1. Check whether board is connected to system properly.
2. In case of zynq board, check whether Digilent/Xilinx cable switch settings are correct.
3. If you are using Xilinx Platform Cable USB, ensure that status LED is green.
18:09:02 INFO  : Connected to target on host '127.0.0.1' and port '3121'.
18:09:02 INFO  : Jtag cable 'Digilent Nexys A7 -100T 210292BCFA48A' is selected.
18:09:02 INFO  : 'jtag frequency' command is executed.
18:09:02 INFO  : 'targets -set -filter {jtag_cable_name =~ "Digilent Nexys A7 -100T 210292BCFA48A" && level==0 && jtag_device_ctx=="jsn-Nexys A7 -100T-210292BCFA48A-13631093-0"}' command is executed.
18:09:04 INFO  : Device configured successfully with "C:/Users/tejasvissapragada/Documents/GitHub/cs153a/vitis/lab3a_vitis/lab3a_application/_ide/bitstream/design_1_wrapper.bit"
18:09:04 INFO  : Context for processor 'microblaze_0' is selected.
18:09:04 INFO  : Hardware design and registers information is loaded from 'C:/Users/tejasvissapragada/Documents/GitHub/cs153a/vitis/lab3a_vitis/lab3a_platform/export/lab3a_platform/hw/design_1_wrapper.xsa'.
18:09:04 INFO  : 'configparams mdm-detect-bscan-mask 2' command is executed.
18:09:04 INFO  : Context for processor 'microblaze_0' is selected.
18:09:04 INFO  : System reset is completed.
18:09:08 INFO  : 'after 3000' command is executed.
18:09:08 INFO  : Context for processor 'microblaze_0' is selected.
18:09:08 INFO  : The application 'C:/Users/tejasvissapragada/Documents/GitHub/cs153a/vitis/lab3a_vitis/lab3a_application/Debug/lab3a_application.elf' is downloaded to processor 'microblaze_0'.
18:09:08 INFO  : ----------------XSDB Script----------------
connect -url tcp:127.0.0.1:3121
targets -set -filter {jtag_cable_name =~ "Digilent Nexys A7 -100T 210292BCFA48A" && level==0 && jtag_device_ctx=="jsn-Nexys A7 -100T-210292BCFA48A-13631093-0"}
fpga -file C:/Users/tejasvissapragada/Documents/GitHub/cs153a/vitis/lab3a_vitis/lab3a_application/_ide/bitstream/design_1_wrapper.bit
targets -set -nocase -filter {name =~ "*microblaze*#0" && bscan=="USER2" }
loadhw -hw C:/Users/tejasvissapragada/Documents/GitHub/cs153a/vitis/lab3a_vitis/lab3a_platform/export/lab3a_platform/hw/design_1_wrapper.xsa -regs
configparams mdm-detect-bscan-mask 2
targets -set -nocase -filter {name =~ "*microblaze*#0" && bscan=="USER2" }
rst -system
after 3000
targets -set -nocase -filter {name =~ "*microblaze*#0" && bscan=="USER2" }
dow C:/Users/tejasvissapragada/Documents/GitHub/cs153a/vitis/lab3a_vitis/lab3a_application/Debug/lab3a_application.elf
----------------End of Script----------------

18:09:08 INFO  : Context for processor 'microblaze_0' is selected.
18:09:08 INFO  : 'con' command is executed.
18:09:08 INFO  : ----------------XSDB Script (After Launch)----------------
targets -set -nocase -filter {name =~ "*microblaze*#0" && bscan=="USER2" }
con
----------------End of Script----------------

18:09:08 INFO  : Launch script is exported to file 'C:\Users\tejasvissapragada\Documents\GitHub\cs153a\vitis\lab3a_vitis\lab3a_system\_ide\scripts\debugger_lab3a_application-default.tcl'
18:11:48 INFO  : Checking for BSP changes to sync application flags for project 'lab3a_application'...
18:11:54 INFO  : Disconnected from the channel tcfchan#29.
18:11:55 INFO  : Connected to target on host '127.0.0.1' and port '3121'.
18:11:55 INFO  : Jtag cable 'Digilent Nexys A7 -100T 210292BCFA48A' is selected.
18:11:55 INFO  : 'jtag frequency' command is executed.
18:11:55 INFO  : 'targets -set -filter {jtag_cable_name =~ "Digilent Nexys A7 -100T 210292BCFA48A" && level==0 && jtag_device_ctx=="jsn-Nexys A7 -100T-210292BCFA48A-13631093-0"}' command is executed.
18:11:57 INFO  : Device configured successfully with "C:/Users/tejasvissapragada/Documents/GitHub/cs153a/vitis/lab3a_vitis/lab3a_application/_ide/bitstream/design_1_wrapper.bit"
18:11:57 INFO  : Context for processor 'microblaze_0' is selected.
18:11:57 INFO  : Hardware design and registers information is loaded from 'C:/Users/tejasvissapragada/Documents/GitHub/cs153a/vitis/lab3a_vitis/lab3a_platform/export/lab3a_platform/hw/design_1_wrapper.xsa'.
18:11:57 INFO  : 'configparams mdm-detect-bscan-mask 2' command is executed.
18:11:57 INFO  : Context for processor 'microblaze_0' is selected.
18:11:57 INFO  : System reset is completed.
18:12:00 INFO  : 'after 3000' command is executed.
18:12:00 INFO  : Context for processor 'microblaze_0' is selected.
18:12:00 INFO  : The application 'C:/Users/tejasvissapragada/Documents/GitHub/cs153a/vitis/lab3a_vitis/lab3a_application/Debug/lab3a_application.elf' is downloaded to processor 'microblaze_0'.
18:12:00 INFO  : ----------------XSDB Script----------------
connect -url tcp:127.0.0.1:3121
targets -set -filter {jtag_cable_name =~ "Digilent Nexys A7 -100T 210292BCFA48A" && level==0 && jtag_device_ctx=="jsn-Nexys A7 -100T-210292BCFA48A-13631093-0"}
fpga -file C:/Users/tejasvissapragada/Documents/GitHub/cs153a/vitis/lab3a_vitis/lab3a_application/_ide/bitstream/design_1_wrapper.bit
targets -set -nocase -filter {name =~ "*microblaze*#0" && bscan=="USER2" }
loadhw -hw C:/Users/tejasvissapragada/Documents/GitHub/cs153a/vitis/lab3a_vitis/lab3a_platform/export/lab3a_platform/hw/design_1_wrapper.xsa -regs
configparams mdm-detect-bscan-mask 2
targets -set -nocase -filter {name =~ "*microblaze*#0" && bscan=="USER2" }
rst -system
after 3000
targets -set -nocase -filter {name =~ "*microblaze*#0" && bscan=="USER2" }
dow C:/Users/tejasvissapragada/Documents/GitHub/cs153a/vitis/lab3a_vitis/lab3a_application/Debug/lab3a_application.elf
----------------End of Script----------------

18:12:00 INFO  : Context for processor 'microblaze_0' is selected.
18:12:01 INFO  : 'con' command is executed.
18:12:01 INFO  : ----------------XSDB Script (After Launch)----------------
targets -set -nocase -filter {name =~ "*microblaze*#0" && bscan=="USER2" }
con
----------------End of Script----------------

18:12:01 INFO  : Launch script is exported to file 'C:\Users\tejasvissapragada\Documents\GitHub\cs153a\vitis\lab3a_vitis\lab3a_system\_ide\scripts\debugger_lab3a_application-default.tcl'
18:18:09 INFO  : Checking for BSP changes to sync application flags for project 'lab3a_application'...
18:18:25 INFO  : Checking for BSP changes to sync application flags for project 'lab3a_application'...
18:18:31 INFO  : Disconnected from the channel tcfchan#30.
18:18:32 INFO  : Connected to target on host '127.0.0.1' and port '3121'.
18:18:41 INFO  : ----------------XSDB Script----------------
connect -url tcp:127.0.0.1:3121
----------------End of Script----------------

18:18:41 ERROR : Could not find FPGA device on the board for connection 'Local'.


Troubleshooting hints:
1. Check whether board is connected to system properly.
2. In case of zynq board, check whether Digilent/Xilinx cable switch settings are correct.
3. If you are using Xilinx Platform Cable USB, ensure that status LED is green.
18:18:45 INFO  : Connected to target on host '127.0.0.1' and port '3121'.
18:18:45 INFO  : Jtag cable 'Digilent Nexys A7 -100T 210292BCFA48A' is selected.
18:18:45 INFO  : 'jtag frequency' command is executed.
18:18:45 INFO  : 'targets -set -filter {jtag_cable_name =~ "Digilent Nexys A7 -100T 210292BCFA48A" && level==0 && jtag_device_ctx=="jsn-Nexys A7 -100T-210292BCFA48A-13631093-0"}' command is executed.
18:18:47 INFO  : Device configured successfully with "C:/Users/tejasvissapragada/Documents/GitHub/cs153a/vitis/lab3a_vitis/lab3a_application/_ide/bitstream/design_1_wrapper.bit"
18:18:48 INFO  : Context for processor 'microblaze_0' is selected.
18:18:48 INFO  : Hardware design and registers information is loaded from 'C:/Users/tejasvissapragada/Documents/GitHub/cs153a/vitis/lab3a_vitis/lab3a_platform/export/lab3a_platform/hw/design_1_wrapper.xsa'.
18:18:48 INFO  : 'configparams mdm-detect-bscan-mask 2' command is executed.
18:18:48 INFO  : Context for processor 'microblaze_0' is selected.
18:18:48 INFO  : System reset is completed.
18:18:51 INFO  : 'after 3000' command is executed.
18:18:51 INFO  : Context for processor 'microblaze_0' is selected.
18:18:51 INFO  : The application 'C:/Users/tejasvissapragada/Documents/GitHub/cs153a/vitis/lab3a_vitis/lab3a_application/Debug/lab3a_application.elf' is downloaded to processor 'microblaze_0'.
18:18:51 INFO  : ----------------XSDB Script----------------
connect -url tcp:127.0.0.1:3121
targets -set -filter {jtag_cable_name =~ "Digilent Nexys A7 -100T 210292BCFA48A" && level==0 && jtag_device_ctx=="jsn-Nexys A7 -100T-210292BCFA48A-13631093-0"}
fpga -file C:/Users/tejasvissapragada/Documents/GitHub/cs153a/vitis/lab3a_vitis/lab3a_application/_ide/bitstream/design_1_wrapper.bit
targets -set -nocase -filter {name =~ "*microblaze*#0" && bscan=="USER2" }
loadhw -hw C:/Users/tejasvissapragada/Documents/GitHub/cs153a/vitis/lab3a_vitis/lab3a_platform/export/lab3a_platform/hw/design_1_wrapper.xsa -regs
configparams mdm-detect-bscan-mask 2
targets -set -nocase -filter {name =~ "*microblaze*#0" && bscan=="USER2" }
rst -system
after 3000
targets -set -nocase -filter {name =~ "*microblaze*#0" && bscan=="USER2" }
dow C:/Users/tejasvissapragada/Documents/GitHub/cs153a/vitis/lab3a_vitis/lab3a_application/Debug/lab3a_application.elf
----------------End of Script----------------

18:18:51 INFO  : Context for processor 'microblaze_0' is selected.
18:18:51 INFO  : 'con' command is executed.
18:18:51 INFO  : ----------------XSDB Script (After Launch)----------------
targets -set -nocase -filter {name =~ "*microblaze*#0" && bscan=="USER2" }
con
----------------End of Script----------------

18:18:51 INFO  : Launch script is exported to file 'C:\Users\tejasvissapragada\Documents\GitHub\cs153a\vitis\lab3a_vitis\lab3a_system\_ide\scripts\debugger_lab3a_application-default.tcl'
18:22:29 INFO  : Checking for BSP changes to sync application flags for project 'lab3a_application'...
18:22:33 INFO  : Disconnected from the channel tcfchan#31.
18:22:34 INFO  : Connected to target on host '127.0.0.1' and port '3121'.
18:22:43 INFO  : ----------------XSDB Script----------------
connect -url tcp:127.0.0.1:3121
----------------End of Script----------------

18:22:43 ERROR : Could not find FPGA device on the board for connection 'Local'.


Troubleshooting hints:
1. Check whether board is connected to system properly.
2. In case of zynq board, check whether Digilent/Xilinx cable switch settings are correct.
3. If you are using Xilinx Platform Cable USB, ensure that status LED is green.
18:22:47 INFO  : Connected to target on host '127.0.0.1' and port '3121'.
18:22:48 INFO  : Jtag cable 'Digilent Nexys A7 -100T 210292BCFA48A' is selected.
18:22:48 INFO  : 'jtag frequency' command is executed.
18:22:48 INFO  : 'targets -set -filter {jtag_cable_name =~ "Digilent Nexys A7 -100T 210292BCFA48A" && level==0 && jtag_device_ctx=="jsn-Nexys A7 -100T-210292BCFA48A-13631093-0"}' command is executed.
18:22:50 INFO  : Device configured successfully with "C:/Users/tejasvissapragada/Documents/GitHub/cs153a/vitis/lab3a_vitis/lab3a_application/_ide/bitstream/design_1_wrapper.bit"
18:22:50 INFO  : Context for processor 'microblaze_0' is selected.
18:22:50 INFO  : Hardware design and registers information is loaded from 'C:/Users/tejasvissapragada/Documents/GitHub/cs153a/vitis/lab3a_vitis/lab3a_platform/export/lab3a_platform/hw/design_1_wrapper.xsa'.
18:22:50 INFO  : 'configparams mdm-detect-bscan-mask 2' command is executed.
18:22:50 INFO  : Context for processor 'microblaze_0' is selected.
18:22:50 INFO  : System reset is completed.
18:22:53 INFO  : 'after 3000' command is executed.
18:22:53 INFO  : Context for processor 'microblaze_0' is selected.
18:22:53 INFO  : The application 'C:/Users/tejasvissapragada/Documents/GitHub/cs153a/vitis/lab3a_vitis/lab3a_application/Debug/lab3a_application.elf' is downloaded to processor 'microblaze_0'.
18:22:53 INFO  : ----------------XSDB Script----------------
connect -url tcp:127.0.0.1:3121
targets -set -filter {jtag_cable_name =~ "Digilent Nexys A7 -100T 210292BCFA48A" && level==0 && jtag_device_ctx=="jsn-Nexys A7 -100T-210292BCFA48A-13631093-0"}
fpga -file C:/Users/tejasvissapragada/Documents/GitHub/cs153a/vitis/lab3a_vitis/lab3a_application/_ide/bitstream/design_1_wrapper.bit
targets -set -nocase -filter {name =~ "*microblaze*#0" && bscan=="USER2" }
loadhw -hw C:/Users/tejasvissapragada/Documents/GitHub/cs153a/vitis/lab3a_vitis/lab3a_platform/export/lab3a_platform/hw/design_1_wrapper.xsa -regs
configparams mdm-detect-bscan-mask 2
targets -set -nocase -filter {name =~ "*microblaze*#0" && bscan=="USER2" }
rst -system
after 3000
targets -set -nocase -filter {name =~ "*microblaze*#0" && bscan=="USER2" }
dow C:/Users/tejasvissapragada/Documents/GitHub/cs153a/vitis/lab3a_vitis/lab3a_application/Debug/lab3a_application.elf
----------------End of Script----------------

18:22:53 INFO  : Context for processor 'microblaze_0' is selected.
18:22:53 INFO  : 'con' command is executed.
18:22:53 INFO  : ----------------XSDB Script (After Launch)----------------
targets -set -nocase -filter {name =~ "*microblaze*#0" && bscan=="USER2" }
con
----------------End of Script----------------

18:22:53 INFO  : Launch script is exported to file 'C:\Users\tejasvissapragada\Documents\GitHub\cs153a\vitis\lab3a_vitis\lab3a_system\_ide\scripts\debugger_lab3a_application-default.tcl'
18:26:05 INFO  : Checking for BSP changes to sync application flags for project 'lab3a_application'...
18:26:09 INFO  : Disconnected from the channel tcfchan#32.
18:26:10 INFO  : Connected to target on host '127.0.0.1' and port '3121'.
18:26:19 INFO  : ----------------XSDB Script----------------
connect -url tcp:127.0.0.1:3121
----------------End of Script----------------

18:26:19 ERROR : Could not find FPGA device on the board for connection 'Local'.


Troubleshooting hints:
1. Check whether board is connected to system properly.
2. In case of zynq board, check whether Digilent/Xilinx cable switch settings are correct.
3. If you are using Xilinx Platform Cable USB, ensure that status LED is green.
18:26:25 INFO  : Connected to target on host '127.0.0.1' and port '3121'.
18:26:25 INFO  : Jtag cable 'Digilent Nexys A7 -100T 210292BCFA48A' is selected.
18:26:25 INFO  : 'jtag frequency' command is executed.
18:26:25 INFO  : 'targets -set -filter {jtag_cable_name =~ "Digilent Nexys A7 -100T 210292BCFA48A" && level==0 && jtag_device_ctx=="jsn-Nexys A7 -100T-210292BCFA48A-13631093-0"}' command is executed.
18:26:27 INFO  : Device configured successfully with "C:/Users/tejasvissapragada/Documents/GitHub/cs153a/vitis/lab3a_vitis/lab3a_application/_ide/bitstream/design_1_wrapper.bit"
18:26:27 INFO  : Context for processor 'microblaze_0' is selected.
18:26:27 INFO  : Hardware design and registers information is loaded from 'C:/Users/tejasvissapragada/Documents/GitHub/cs153a/vitis/lab3a_vitis/lab3a_platform/export/lab3a_platform/hw/design_1_wrapper.xsa'.
18:26:27 INFO  : 'configparams mdm-detect-bscan-mask 2' command is executed.
18:26:27 INFO  : Context for processor 'microblaze_0' is selected.
18:26:27 INFO  : System reset is completed.
18:26:30 INFO  : 'after 3000' command is executed.
18:26:30 INFO  : Context for processor 'microblaze_0' is selected.
18:26:31 INFO  : The application 'C:/Users/tejasvissapragada/Documents/GitHub/cs153a/vitis/lab3a_vitis/lab3a_application/Debug/lab3a_application.elf' is downloaded to processor 'microblaze_0'.
18:26:31 INFO  : ----------------XSDB Script----------------
connect -url tcp:127.0.0.1:3121
targets -set -filter {jtag_cable_name =~ "Digilent Nexys A7 -100T 210292BCFA48A" && level==0 && jtag_device_ctx=="jsn-Nexys A7 -100T-210292BCFA48A-13631093-0"}
fpga -file C:/Users/tejasvissapragada/Documents/GitHub/cs153a/vitis/lab3a_vitis/lab3a_application/_ide/bitstream/design_1_wrapper.bit
targets -set -nocase -filter {name =~ "*microblaze*#0" && bscan=="USER2" }
loadhw -hw C:/Users/tejasvissapragada/Documents/GitHub/cs153a/vitis/lab3a_vitis/lab3a_platform/export/lab3a_platform/hw/design_1_wrapper.xsa -regs
configparams mdm-detect-bscan-mask 2
targets -set -nocase -filter {name =~ "*microblaze*#0" && bscan=="USER2" }
rst -system
after 3000
targets -set -nocase -filter {name =~ "*microblaze*#0" && bscan=="USER2" }
dow C:/Users/tejasvissapragada/Documents/GitHub/cs153a/vitis/lab3a_vitis/lab3a_application/Debug/lab3a_application.elf
----------------End of Script----------------

18:26:31 INFO  : Context for processor 'microblaze_0' is selected.
18:26:31 INFO  : 'con' command is executed.
18:26:31 INFO  : ----------------XSDB Script (After Launch)----------------
targets -set -nocase -filter {name =~ "*microblaze*#0" && bscan=="USER2" }
con
----------------End of Script----------------

18:26:31 INFO  : Launch script is exported to file 'C:\Users\tejasvissapragada\Documents\GitHub\cs153a\vitis\lab3a_vitis\lab3a_system\_ide\scripts\debugger_lab3a_application-default.tcl'
18:27:59 INFO  : Checking for BSP changes to sync application flags for project 'lab3a_application'...
18:28:03 INFO  : Disconnected from the channel tcfchan#33.
18:28:04 INFO  : Connected to target on host '127.0.0.1' and port '3121'.
18:28:13 INFO  : ----------------XSDB Script----------------
connect -url tcp:127.0.0.1:3121
----------------End of Script----------------

18:28:13 ERROR : Could not find FPGA device on the board for connection 'Local'.


Troubleshooting hints:
1. Check whether board is connected to system properly.
2. In case of zynq board, check whether Digilent/Xilinx cable switch settings are correct.
3. If you are using Xilinx Platform Cable USB, ensure that status LED is green.
18:28:17 INFO  : Connected to target on host '127.0.0.1' and port '3121'.
18:28:17 INFO  : Jtag cable 'Digilent Nexys A7 -100T 210292BCFA48A' is selected.
18:28:17 INFO  : 'jtag frequency' command is executed.
18:28:17 INFO  : 'targets -set -filter {jtag_cable_name =~ "Digilent Nexys A7 -100T 210292BCFA48A" && level==0 && jtag_device_ctx=="jsn-Nexys A7 -100T-210292BCFA48A-13631093-0"}' command is executed.
18:28:19 INFO  : Device configured successfully with "C:/Users/tejasvissapragada/Documents/GitHub/cs153a/vitis/lab3a_vitis/lab3a_application/_ide/bitstream/design_1_wrapper.bit"
18:28:19 INFO  : Context for processor 'microblaze_0' is selected.
18:28:19 INFO  : Hardware design and registers information is loaded from 'C:/Users/tejasvissapragada/Documents/GitHub/cs153a/vitis/lab3a_vitis/lab3a_platform/export/lab3a_platform/hw/design_1_wrapper.xsa'.
18:28:19 INFO  : 'configparams mdm-detect-bscan-mask 2' command is executed.
18:28:19 INFO  : Context for processor 'microblaze_0' is selected.
18:28:19 INFO  : System reset is completed.
18:28:22 INFO  : 'after 3000' command is executed.
18:28:22 INFO  : Context for processor 'microblaze_0' is selected.
18:28:23 INFO  : The application 'C:/Users/tejasvissapragada/Documents/GitHub/cs153a/vitis/lab3a_vitis/lab3a_application/Debug/lab3a_application.elf' is downloaded to processor 'microblaze_0'.
18:28:23 INFO  : ----------------XSDB Script----------------
connect -url tcp:127.0.0.1:3121
targets -set -filter {jtag_cable_name =~ "Digilent Nexys A7 -100T 210292BCFA48A" && level==0 && jtag_device_ctx=="jsn-Nexys A7 -100T-210292BCFA48A-13631093-0"}
fpga -file C:/Users/tejasvissapragada/Documents/GitHub/cs153a/vitis/lab3a_vitis/lab3a_application/_ide/bitstream/design_1_wrapper.bit
targets -set -nocase -filter {name =~ "*microblaze*#0" && bscan=="USER2" }
loadhw -hw C:/Users/tejasvissapragada/Documents/GitHub/cs153a/vitis/lab3a_vitis/lab3a_platform/export/lab3a_platform/hw/design_1_wrapper.xsa -regs
configparams mdm-detect-bscan-mask 2
targets -set -nocase -filter {name =~ "*microblaze*#0" && bscan=="USER2" }
rst -system
after 3000
targets -set -nocase -filter {name =~ "*microblaze*#0" && bscan=="USER2" }
dow C:/Users/tejasvissapragada/Documents/GitHub/cs153a/vitis/lab3a_vitis/lab3a_application/Debug/lab3a_application.elf
----------------End of Script----------------

18:28:23 INFO  : Context for processor 'microblaze_0' is selected.
18:28:23 INFO  : 'con' command is executed.
18:28:23 INFO  : ----------------XSDB Script (After Launch)----------------
targets -set -nocase -filter {name =~ "*microblaze*#0" && bscan=="USER2" }
con
----------------End of Script----------------

18:28:23 INFO  : Launch script is exported to file 'C:\Users\tejasvissapragada\Documents\GitHub\cs153a\vitis\lab3a_vitis\lab3a_system\_ide\scripts\debugger_lab3a_application-default.tcl'
18:30:28 INFO  : Checking for BSP changes to sync application flags for project 'lab3a_application'...
18:30:36 INFO  : Disconnected from the channel tcfchan#34.
18:30:37 INFO  : Connected to target on host '127.0.0.1' and port '3121'.
18:30:37 INFO  : Jtag cable 'Digilent Nexys A7 -100T 210292BCFA48A' is selected.
18:30:37 INFO  : 'jtag frequency' command is executed.
18:30:37 INFO  : 'targets -set -filter {jtag_cable_name =~ "Digilent Nexys A7 -100T 210292BCFA48A" && level==0 && jtag_device_ctx=="jsn-Nexys A7 -100T-210292BCFA48A-13631093-0"}' command is executed.
18:30:39 INFO  : Device configured successfully with "C:/Users/tejasvissapragada/Documents/GitHub/cs153a/vitis/lab3a_vitis/lab3a_application/_ide/bitstream/design_1_wrapper.bit"
18:30:39 INFO  : Context for processor 'microblaze_0' is selected.
18:30:39 INFO  : Hardware design and registers information is loaded from 'C:/Users/tejasvissapragada/Documents/GitHub/cs153a/vitis/lab3a_vitis/lab3a_platform/export/lab3a_platform/hw/design_1_wrapper.xsa'.
18:30:39 INFO  : 'configparams mdm-detect-bscan-mask 2' command is executed.
18:30:39 INFO  : Context for processor 'microblaze_0' is selected.
18:30:39 INFO  : System reset is completed.
18:30:42 INFO  : 'after 3000' command is executed.
18:30:42 INFO  : Context for processor 'microblaze_0' is selected.
18:30:43 INFO  : The application 'C:/Users/tejasvissapragada/Documents/GitHub/cs153a/vitis/lab3a_vitis/lab3a_application/Debug/lab3a_application.elf' is downloaded to processor 'microblaze_0'.
18:30:43 INFO  : ----------------XSDB Script----------------
connect -url tcp:127.0.0.1:3121
targets -set -filter {jtag_cable_name =~ "Digilent Nexys A7 -100T 210292BCFA48A" && level==0 && jtag_device_ctx=="jsn-Nexys A7 -100T-210292BCFA48A-13631093-0"}
fpga -file C:/Users/tejasvissapragada/Documents/GitHub/cs153a/vitis/lab3a_vitis/lab3a_application/_ide/bitstream/design_1_wrapper.bit
targets -set -nocase -filter {name =~ "*microblaze*#0" && bscan=="USER2" }
loadhw -hw C:/Users/tejasvissapragada/Documents/GitHub/cs153a/vitis/lab3a_vitis/lab3a_platform/export/lab3a_platform/hw/design_1_wrapper.xsa -regs
configparams mdm-detect-bscan-mask 2
targets -set -nocase -filter {name =~ "*microblaze*#0" && bscan=="USER2" }
rst -system
after 3000
targets -set -nocase -filter {name =~ "*microblaze*#0" && bscan=="USER2" }
dow C:/Users/tejasvissapragada/Documents/GitHub/cs153a/vitis/lab3a_vitis/lab3a_application/Debug/lab3a_application.elf
----------------End of Script----------------

18:30:43 INFO  : Context for processor 'microblaze_0' is selected.
18:30:43 INFO  : 'con' command is executed.
18:30:43 INFO  : ----------------XSDB Script (After Launch)----------------
targets -set -nocase -filter {name =~ "*microblaze*#0" && bscan=="USER2" }
con
----------------End of Script----------------

18:30:43 INFO  : Launch script is exported to file 'C:\Users\tejasvissapragada\Documents\GitHub\cs153a\vitis\lab3a_vitis\lab3a_system\_ide\scripts\debugger_lab3a_application-default.tcl'
18:32:20 INFO  : Checking for BSP changes to sync application flags for project 'lab3a_application'...
18:32:37 INFO  : Checking for BSP changes to sync application flags for project 'lab3a_application'...
18:32:40 INFO  : Disconnected from the channel tcfchan#35.
18:32:41 INFO  : Connected to target on host '127.0.0.1' and port '3121'.
18:32:50 INFO  : ----------------XSDB Script----------------
connect -url tcp:127.0.0.1:3121
----------------End of Script----------------

18:32:50 ERROR : Could not find FPGA device on the board for connection 'Local'.


Troubleshooting hints:
1. Check whether board is connected to system properly.
2. In case of zynq board, check whether Digilent/Xilinx cable switch settings are correct.
3. If you are using Xilinx Platform Cable USB, ensure that status LED is green.
18:33:04 INFO  : Connected to target on host '127.0.0.1' and port '3121'.
18:33:04 INFO  : Jtag cable 'Digilent Nexys A7 -100T 210292BCFA48A' is selected.
18:33:04 INFO  : 'jtag frequency' command is executed.
18:33:04 INFO  : 'targets -set -filter {jtag_cable_name =~ "Digilent Nexys A7 -100T 210292BCFA48A" && level==0 && jtag_device_ctx=="jsn-Nexys A7 -100T-210292BCFA48A-13631093-0"}' command is executed.
18:33:06 INFO  : Device configured successfully with "C:/Users/tejasvissapragada/Documents/GitHub/cs153a/vitis/lab3a_vitis/lab3a_application/_ide/bitstream/design_1_wrapper.bit"
18:33:06 INFO  : Context for processor 'microblaze_0' is selected.
18:33:06 INFO  : Hardware design and registers information is loaded from 'C:/Users/tejasvissapragada/Documents/GitHub/cs153a/vitis/lab3a_vitis/lab3a_platform/export/lab3a_platform/hw/design_1_wrapper.xsa'.
18:33:06 INFO  : 'configparams mdm-detect-bscan-mask 2' command is executed.
18:33:06 INFO  : Context for processor 'microblaze_0' is selected.
18:33:06 INFO  : System reset is completed.
18:33:09 INFO  : 'after 3000' command is executed.
18:33:09 INFO  : Context for processor 'microblaze_0' is selected.
18:33:10 INFO  : The application 'C:/Users/tejasvissapragada/Documents/GitHub/cs153a/vitis/lab3a_vitis/lab3a_application/Debug/lab3a_application.elf' is downloaded to processor 'microblaze_0'.
18:33:10 INFO  : ----------------XSDB Script----------------
connect -url tcp:127.0.0.1:3121
targets -set -filter {jtag_cable_name =~ "Digilent Nexys A7 -100T 210292BCFA48A" && level==0 && jtag_device_ctx=="jsn-Nexys A7 -100T-210292BCFA48A-13631093-0"}
fpga -file C:/Users/tejasvissapragada/Documents/GitHub/cs153a/vitis/lab3a_vitis/lab3a_application/_ide/bitstream/design_1_wrapper.bit
targets -set -nocase -filter {name =~ "*microblaze*#0" && bscan=="USER2" }
loadhw -hw C:/Users/tejasvissapragada/Documents/GitHub/cs153a/vitis/lab3a_vitis/lab3a_platform/export/lab3a_platform/hw/design_1_wrapper.xsa -regs
configparams mdm-detect-bscan-mask 2
targets -set -nocase -filter {name =~ "*microblaze*#0" && bscan=="USER2" }
rst -system
after 3000
targets -set -nocase -filter {name =~ "*microblaze*#0" && bscan=="USER2" }
dow C:/Users/tejasvissapragada/Documents/GitHub/cs153a/vitis/lab3a_vitis/lab3a_application/Debug/lab3a_application.elf
----------------End of Script----------------

18:33:10 INFO  : Context for processor 'microblaze_0' is selected.
18:33:10 INFO  : 'con' command is executed.
18:33:10 INFO  : ----------------XSDB Script (After Launch)----------------
targets -set -nocase -filter {name =~ "*microblaze*#0" && bscan=="USER2" }
con
----------------End of Script----------------

18:33:10 INFO  : Launch script is exported to file 'C:\Users\tejasvissapragada\Documents\GitHub\cs153a\vitis\lab3a_vitis\lab3a_system\_ide\scripts\debugger_lab3a_application-default.tcl'
18:34:10 INFO  : Checking for BSP changes to sync application flags for project 'lab3a_application'...
18:34:14 INFO  : Disconnected from the channel tcfchan#36.
18:34:15 INFO  : Connected to target on host '127.0.0.1' and port '3121'.
18:34:24 INFO  : ----------------XSDB Script----------------
connect -url tcp:127.0.0.1:3121
----------------End of Script----------------

18:34:24 ERROR : Could not find FPGA device on the board for connection 'Local'.


Troubleshooting hints:
1. Check whether board is connected to system properly.
2. In case of zynq board, check whether Digilent/Xilinx cable switch settings are correct.
3. If you are using Xilinx Platform Cable USB, ensure that status LED is green.
18:34:28 INFO  : Connected to target on host '127.0.0.1' and port '3121'.
18:34:28 INFO  : Jtag cable 'Digilent Nexys A7 -100T 210292BCFA48A' is selected.
18:34:28 INFO  : 'jtag frequency' command is executed.
18:34:28 INFO  : 'targets -set -filter {jtag_cable_name =~ "Digilent Nexys A7 -100T 210292BCFA48A" && level==0 && jtag_device_ctx=="jsn-Nexys A7 -100T-210292BCFA48A-13631093-0"}' command is executed.
18:34:30 INFO  : Device configured successfully with "C:/Users/tejasvissapragada/Documents/GitHub/cs153a/vitis/lab3a_vitis/lab3a_application/_ide/bitstream/design_1_wrapper.bit"
18:34:30 INFO  : Context for processor 'microblaze_0' is selected.
18:34:30 INFO  : Hardware design and registers information is loaded from 'C:/Users/tejasvissapragada/Documents/GitHub/cs153a/vitis/lab3a_vitis/lab3a_platform/export/lab3a_platform/hw/design_1_wrapper.xsa'.
18:34:30 INFO  : 'configparams mdm-detect-bscan-mask 2' command is executed.
18:34:30 INFO  : Context for processor 'microblaze_0' is selected.
18:34:30 INFO  : System reset is completed.
18:34:33 INFO  : 'after 3000' command is executed.
18:34:33 INFO  : Context for processor 'microblaze_0' is selected.
18:34:33 INFO  : The application 'C:/Users/tejasvissapragada/Documents/GitHub/cs153a/vitis/lab3a_vitis/lab3a_application/Debug/lab3a_application.elf' is downloaded to processor 'microblaze_0'.
18:34:33 INFO  : ----------------XSDB Script----------------
connect -url tcp:127.0.0.1:3121
targets -set -filter {jtag_cable_name =~ "Digilent Nexys A7 -100T 210292BCFA48A" && level==0 && jtag_device_ctx=="jsn-Nexys A7 -100T-210292BCFA48A-13631093-0"}
fpga -file C:/Users/tejasvissapragada/Documents/GitHub/cs153a/vitis/lab3a_vitis/lab3a_application/_ide/bitstream/design_1_wrapper.bit
targets -set -nocase -filter {name =~ "*microblaze*#0" && bscan=="USER2" }
loadhw -hw C:/Users/tejasvissapragada/Documents/GitHub/cs153a/vitis/lab3a_vitis/lab3a_platform/export/lab3a_platform/hw/design_1_wrapper.xsa -regs
configparams mdm-detect-bscan-mask 2
targets -set -nocase -filter {name =~ "*microblaze*#0" && bscan=="USER2" }
rst -system
after 3000
targets -set -nocase -filter {name =~ "*microblaze*#0" && bscan=="USER2" }
dow C:/Users/tejasvissapragada/Documents/GitHub/cs153a/vitis/lab3a_vitis/lab3a_application/Debug/lab3a_application.elf
----------------End of Script----------------

18:34:33 INFO  : Context for processor 'microblaze_0' is selected.
18:34:34 INFO  : 'con' command is executed.
18:34:34 INFO  : ----------------XSDB Script (After Launch)----------------
targets -set -nocase -filter {name =~ "*microblaze*#0" && bscan=="USER2" }
con
----------------End of Script----------------

18:34:34 INFO  : Launch script is exported to file 'C:\Users\tejasvissapragada\Documents\GitHub\cs153a\vitis\lab3a_vitis\lab3a_system\_ide\scripts\debugger_lab3a_application-default.tcl'
18:35:17 INFO  : Checking for BSP changes to sync application flags for project 'lab3a_application'...
18:35:22 INFO  : Disconnected from the channel tcfchan#37.
18:35:23 INFO  : Connected to target on host '127.0.0.1' and port '3121'.
18:35:32 INFO  : ----------------XSDB Script----------------
connect -url tcp:127.0.0.1:3121
----------------End of Script----------------

18:35:32 ERROR : Could not find FPGA device on the board for connection 'Local'.


Troubleshooting hints:
1. Check whether board is connected to system properly.
2. In case of zynq board, check whether Digilent/Xilinx cable switch settings are correct.
3. If you are using Xilinx Platform Cable USB, ensure that status LED is green.
18:35:38 INFO  : Connected to target on host '127.0.0.1' and port '3121'.
18:35:38 INFO  : Jtag cable 'Digilent Nexys A7 -100T 210292BCFA48A' is selected.
18:35:38 INFO  : 'jtag frequency' command is executed.
18:35:38 INFO  : 'targets -set -filter {jtag_cable_name =~ "Digilent Nexys A7 -100T 210292BCFA48A" && level==0 && jtag_device_ctx=="jsn-Nexys A7 -100T-210292BCFA48A-13631093-0"}' command is executed.
18:35:41 INFO  : Device configured successfully with "C:/Users/tejasvissapragada/Documents/GitHub/cs153a/vitis/lab3a_vitis/lab3a_application/_ide/bitstream/design_1_wrapper.bit"
18:35:41 INFO  : Context for processor 'microblaze_0' is selected.
18:35:41 INFO  : Hardware design and registers information is loaded from 'C:/Users/tejasvissapragada/Documents/GitHub/cs153a/vitis/lab3a_vitis/lab3a_platform/export/lab3a_platform/hw/design_1_wrapper.xsa'.
18:35:41 INFO  : 'configparams mdm-detect-bscan-mask 2' command is executed.
18:35:41 INFO  : Context for processor 'microblaze_0' is selected.
18:35:41 INFO  : System reset is completed.
18:35:44 INFO  : 'after 3000' command is executed.
18:35:44 INFO  : Context for processor 'microblaze_0' is selected.
18:35:44 INFO  : The application 'C:/Users/tejasvissapragada/Documents/GitHub/cs153a/vitis/lab3a_vitis/lab3a_application/Debug/lab3a_application.elf' is downloaded to processor 'microblaze_0'.
18:35:44 INFO  : ----------------XSDB Script----------------
connect -url tcp:127.0.0.1:3121
targets -set -filter {jtag_cable_name =~ "Digilent Nexys A7 -100T 210292BCFA48A" && level==0 && jtag_device_ctx=="jsn-Nexys A7 -100T-210292BCFA48A-13631093-0"}
fpga -file C:/Users/tejasvissapragada/Documents/GitHub/cs153a/vitis/lab3a_vitis/lab3a_application/_ide/bitstream/design_1_wrapper.bit
targets -set -nocase -filter {name =~ "*microblaze*#0" && bscan=="USER2" }
loadhw -hw C:/Users/tejasvissapragada/Documents/GitHub/cs153a/vitis/lab3a_vitis/lab3a_platform/export/lab3a_platform/hw/design_1_wrapper.xsa -regs
configparams mdm-detect-bscan-mask 2
targets -set -nocase -filter {name =~ "*microblaze*#0" && bscan=="USER2" }
rst -system
after 3000
targets -set -nocase -filter {name =~ "*microblaze*#0" && bscan=="USER2" }
dow C:/Users/tejasvissapragada/Documents/GitHub/cs153a/vitis/lab3a_vitis/lab3a_application/Debug/lab3a_application.elf
----------------End of Script----------------

18:35:44 INFO  : Context for processor 'microblaze_0' is selected.
18:35:44 INFO  : 'con' command is executed.
18:35:44 INFO  : ----------------XSDB Script (After Launch)----------------
targets -set -nocase -filter {name =~ "*microblaze*#0" && bscan=="USER2" }
con
----------------End of Script----------------

18:35:44 INFO  : Launch script is exported to file 'C:\Users\tejasvissapragada\Documents\GitHub\cs153a\vitis\lab3a_vitis\lab3a_system\_ide\scripts\debugger_lab3a_application-default.tcl'
18:36:22 INFO  : Checking for BSP changes to sync application flags for project 'lab3a_application'...
18:36:25 INFO  : Disconnected from the channel tcfchan#38.
18:36:26 INFO  : Connected to target on host '127.0.0.1' and port '3121'.
18:36:35 INFO  : ----------------XSDB Script----------------
connect -url tcp:127.0.0.1:3121
----------------End of Script----------------

18:36:35 ERROR : Could not find FPGA device on the board for connection 'Local'.


Troubleshooting hints:
1. Check whether board is connected to system properly.
2. In case of zynq board, check whether Digilent/Xilinx cable switch settings are correct.
3. If you are using Xilinx Platform Cable USB, ensure that status LED is green.
18:36:39 INFO  : Connected to target on host '127.0.0.1' and port '3121'.
18:36:39 INFO  : Jtag cable 'Digilent Nexys A7 -100T 210292BCFA48A' is selected.
18:36:39 INFO  : 'jtag frequency' command is executed.
18:36:39 INFO  : 'targets -set -filter {jtag_cable_name =~ "Digilent Nexys A7 -100T 210292BCFA48A" && level==0 && jtag_device_ctx=="jsn-Nexys A7 -100T-210292BCFA48A-13631093-0"}' command is executed.
18:36:41 INFO  : Device configured successfully with "C:/Users/tejasvissapragada/Documents/GitHub/cs153a/vitis/lab3a_vitis/lab3a_application/_ide/bitstream/design_1_wrapper.bit"
18:36:41 INFO  : Context for processor 'microblaze_0' is selected.
18:36:41 INFO  : Hardware design and registers information is loaded from 'C:/Users/tejasvissapragada/Documents/GitHub/cs153a/vitis/lab3a_vitis/lab3a_platform/export/lab3a_platform/hw/design_1_wrapper.xsa'.
18:36:41 INFO  : 'configparams mdm-detect-bscan-mask 2' command is executed.
18:36:41 INFO  : Context for processor 'microblaze_0' is selected.
18:36:41 INFO  : System reset is completed.
18:36:44 INFO  : 'after 3000' command is executed.
18:36:44 INFO  : Context for processor 'microblaze_0' is selected.
18:36:45 INFO  : The application 'C:/Users/tejasvissapragada/Documents/GitHub/cs153a/vitis/lab3a_vitis/lab3a_application/Debug/lab3a_application.elf' is downloaded to processor 'microblaze_0'.
18:36:45 INFO  : ----------------XSDB Script----------------
connect -url tcp:127.0.0.1:3121
targets -set -filter {jtag_cable_name =~ "Digilent Nexys A7 -100T 210292BCFA48A" && level==0 && jtag_device_ctx=="jsn-Nexys A7 -100T-210292BCFA48A-13631093-0"}
fpga -file C:/Users/tejasvissapragada/Documents/GitHub/cs153a/vitis/lab3a_vitis/lab3a_application/_ide/bitstream/design_1_wrapper.bit
targets -set -nocase -filter {name =~ "*microblaze*#0" && bscan=="USER2" }
loadhw -hw C:/Users/tejasvissapragada/Documents/GitHub/cs153a/vitis/lab3a_vitis/lab3a_platform/export/lab3a_platform/hw/design_1_wrapper.xsa -regs
configparams mdm-detect-bscan-mask 2
targets -set -nocase -filter {name =~ "*microblaze*#0" && bscan=="USER2" }
rst -system
after 3000
targets -set -nocase -filter {name =~ "*microblaze*#0" && bscan=="USER2" }
dow C:/Users/tejasvissapragada/Documents/GitHub/cs153a/vitis/lab3a_vitis/lab3a_application/Debug/lab3a_application.elf
----------------End of Script----------------

18:36:45 INFO  : Context for processor 'microblaze_0' is selected.
18:36:45 INFO  : 'con' command is executed.
18:36:45 INFO  : ----------------XSDB Script (After Launch)----------------
targets -set -nocase -filter {name =~ "*microblaze*#0" && bscan=="USER2" }
con
----------------End of Script----------------

18:36:45 INFO  : Launch script is exported to file 'C:\Users\tejasvissapragada\Documents\GitHub\cs153a\vitis\lab3a_vitis\lab3a_system\_ide\scripts\debugger_lab3a_application-default.tcl'
18:37:01 INFO  : Checking for BSP changes to sync application flags for project 'lab3a_application'...
18:37:05 INFO  : Disconnected from the channel tcfchan#39.
18:37:06 INFO  : Connected to target on host '127.0.0.1' and port '3121'.
18:37:15 INFO  : ----------------XSDB Script----------------
connect -url tcp:127.0.0.1:3121
----------------End of Script----------------

18:37:15 ERROR : Could not find FPGA device on the board for connection 'Local'.


Troubleshooting hints:
1. Check whether board is connected to system properly.
2. In case of zynq board, check whether Digilent/Xilinx cable switch settings are correct.
3. If you are using Xilinx Platform Cable USB, ensure that status LED is green.
18:37:19 INFO  : Connected to target on host '127.0.0.1' and port '3121'.
18:37:19 INFO  : Jtag cable 'Digilent Nexys A7 -100T 210292BCFA48A' is selected.
18:37:19 INFO  : 'jtag frequency' command is executed.
18:37:19 INFO  : 'targets -set -filter {jtag_cable_name =~ "Digilent Nexys A7 -100T 210292BCFA48A" && level==0 && jtag_device_ctx=="jsn-Nexys A7 -100T-210292BCFA48A-13631093-0"}' command is executed.
18:37:22 INFO  : Device configured successfully with "C:/Users/tejasvissapragada/Documents/GitHub/cs153a/vitis/lab3a_vitis/lab3a_application/_ide/bitstream/design_1_wrapper.bit"
18:37:22 INFO  : Context for processor 'microblaze_0' is selected.
18:37:22 INFO  : Hardware design and registers information is loaded from 'C:/Users/tejasvissapragada/Documents/GitHub/cs153a/vitis/lab3a_vitis/lab3a_platform/export/lab3a_platform/hw/design_1_wrapper.xsa'.
18:37:22 INFO  : 'configparams mdm-detect-bscan-mask 2' command is executed.
18:37:22 INFO  : Context for processor 'microblaze_0' is selected.
18:37:22 INFO  : System reset is completed.
18:37:25 INFO  : 'after 3000' command is executed.
18:37:25 INFO  : Context for processor 'microblaze_0' is selected.
18:37:25 INFO  : The application 'C:/Users/tejasvissapragada/Documents/GitHub/cs153a/vitis/lab3a_vitis/lab3a_application/Debug/lab3a_application.elf' is downloaded to processor 'microblaze_0'.
18:37:25 INFO  : ----------------XSDB Script----------------
connect -url tcp:127.0.0.1:3121
targets -set -filter {jtag_cable_name =~ "Digilent Nexys A7 -100T 210292BCFA48A" && level==0 && jtag_device_ctx=="jsn-Nexys A7 -100T-210292BCFA48A-13631093-0"}
fpga -file C:/Users/tejasvissapragada/Documents/GitHub/cs153a/vitis/lab3a_vitis/lab3a_application/_ide/bitstream/design_1_wrapper.bit
targets -set -nocase -filter {name =~ "*microblaze*#0" && bscan=="USER2" }
loadhw -hw C:/Users/tejasvissapragada/Documents/GitHub/cs153a/vitis/lab3a_vitis/lab3a_platform/export/lab3a_platform/hw/design_1_wrapper.xsa -regs
configparams mdm-detect-bscan-mask 2
targets -set -nocase -filter {name =~ "*microblaze*#0" && bscan=="USER2" }
rst -system
after 3000
targets -set -nocase -filter {name =~ "*microblaze*#0" && bscan=="USER2" }
dow C:/Users/tejasvissapragada/Documents/GitHub/cs153a/vitis/lab3a_vitis/lab3a_application/Debug/lab3a_application.elf
----------------End of Script----------------

18:37:25 INFO  : Context for processor 'microblaze_0' is selected.
18:37:25 INFO  : 'con' command is executed.
18:37:25 INFO  : ----------------XSDB Script (After Launch)----------------
targets -set -nocase -filter {name =~ "*microblaze*#0" && bscan=="USER2" }
con
----------------End of Script----------------

18:37:25 INFO  : Launch script is exported to file 'C:\Users\tejasvissapragada\Documents\GitHub\cs153a\vitis\lab3a_vitis\lab3a_system\_ide\scripts\debugger_lab3a_application-default.tcl'
18:38:38 INFO  : Checking for BSP changes to sync application flags for project 'lab3a_application'...
18:38:47 INFO  : Disconnected from the channel tcfchan#40.
18:38:48 INFO  : Connected to target on host '127.0.0.1' and port '3121'.
18:38:57 INFO  : ----------------XSDB Script----------------
connect -url tcp:127.0.0.1:3121
----------------End of Script----------------

18:38:57 ERROR : Could not find FPGA device on the board for connection 'Local'.


Troubleshooting hints:
1. Check whether board is connected to system properly.
2. In case of zynq board, check whether Digilent/Xilinx cable switch settings are correct.
3. If you are using Xilinx Platform Cable USB, ensure that status LED is green.
18:39:57 INFO  : Connected to target on host '127.0.0.1' and port '3121'.
18:39:57 INFO  : Jtag cable 'Digilent Nexys A7 -100T 210292BCFA48A' is selected.
18:39:57 INFO  : 'jtag frequency' command is executed.
18:39:58 INFO  : 'targets -set -filter {jtag_cable_name =~ "Digilent Nexys A7 -100T 210292BCFA48A" && level==0 && jtag_device_ctx=="jsn-Nexys A7 -100T-210292BCFA48A-13631093-0"}' command is executed.
18:40:00 INFO  : Device configured successfully with "C:/Users/tejasvissapragada/Documents/GitHub/cs153a/vitis/lab3a_vitis/lab3a_application/_ide/bitstream/design_1_wrapper.bit"
18:40:00 INFO  : Context for processor 'microblaze_0' is selected.
18:40:00 INFO  : Hardware design and registers information is loaded from 'C:/Users/tejasvissapragada/Documents/GitHub/cs153a/vitis/lab3a_vitis/lab3a_platform/export/lab3a_platform/hw/design_1_wrapper.xsa'.
18:40:00 INFO  : 'configparams mdm-detect-bscan-mask 2' command is executed.
18:40:00 INFO  : Context for processor 'microblaze_0' is selected.
18:40:00 INFO  : System reset is completed.
18:40:03 INFO  : 'after 3000' command is executed.
18:40:03 INFO  : Context for processor 'microblaze_0' is selected.
18:40:03 INFO  : The application 'C:/Users/tejasvissapragada/Documents/GitHub/cs153a/vitis/lab3a_vitis/lab3a_application/Debug/lab3a_application.elf' is downloaded to processor 'microblaze_0'.
18:40:03 INFO  : ----------------XSDB Script----------------
connect -url tcp:127.0.0.1:3121
targets -set -filter {jtag_cable_name =~ "Digilent Nexys A7 -100T 210292BCFA48A" && level==0 && jtag_device_ctx=="jsn-Nexys A7 -100T-210292BCFA48A-13631093-0"}
fpga -file C:/Users/tejasvissapragada/Documents/GitHub/cs153a/vitis/lab3a_vitis/lab3a_application/_ide/bitstream/design_1_wrapper.bit
targets -set -nocase -filter {name =~ "*microblaze*#0" && bscan=="USER2" }
loadhw -hw C:/Users/tejasvissapragada/Documents/GitHub/cs153a/vitis/lab3a_vitis/lab3a_platform/export/lab3a_platform/hw/design_1_wrapper.xsa -regs
configparams mdm-detect-bscan-mask 2
targets -set -nocase -filter {name =~ "*microblaze*#0" && bscan=="USER2" }
rst -system
after 3000
targets -set -nocase -filter {name =~ "*microblaze*#0" && bscan=="USER2" }
dow C:/Users/tejasvissapragada/Documents/GitHub/cs153a/vitis/lab3a_vitis/lab3a_application/Debug/lab3a_application.elf
----------------End of Script----------------

18:40:03 INFO  : Context for processor 'microblaze_0' is selected.
18:40:03 INFO  : 'con' command is executed.
18:40:03 INFO  : ----------------XSDB Script (After Launch)----------------
targets -set -nocase -filter {name =~ "*microblaze*#0" && bscan=="USER2" }
con
----------------End of Script----------------

18:40:03 INFO  : Launch script is exported to file 'C:\Users\tejasvissapragada\Documents\GitHub\cs153a\vitis\lab3a_vitis\lab3a_system\_ide\scripts\debugger_lab3a_application-default.tcl'
18:41:08 INFO  : Checking for BSP changes to sync application flags for project 'lab3a_application'...
18:41:14 INFO  : Disconnected from the channel tcfchan#41.
18:41:15 INFO  : Connected to target on host '127.0.0.1' and port '3121'.
18:41:24 INFO  : ----------------XSDB Script----------------
connect -url tcp:127.0.0.1:3121
----------------End of Script----------------

18:41:24 ERROR : Could not find FPGA device on the board for connection 'Local'.


Troubleshooting hints:
1. Check whether board is connected to system properly.
2. In case of zynq board, check whether Digilent/Xilinx cable switch settings are correct.
3. If you are using Xilinx Platform Cable USB, ensure that status LED is green.
18:41:34 INFO  : Connected to target on host '127.0.0.1' and port '3121'.
18:41:34 INFO  : Jtag cable 'Digilent Nexys A7 -100T 210292BCFA48A' is selected.
18:41:34 INFO  : 'jtag frequency' command is executed.
18:41:35 INFO  : 'targets -set -filter {jtag_cable_name =~ "Digilent Nexys A7 -100T 210292BCFA48A" && level==0 && jtag_device_ctx=="jsn-Nexys A7 -100T-210292BCFA48A-13631093-0"}' command is executed.
18:41:37 INFO  : Device configured successfully with "C:/Users/tejasvissapragada/Documents/GitHub/cs153a/vitis/lab3a_vitis/lab3a_application/_ide/bitstream/design_1_wrapper.bit"
18:41:37 INFO  : Context for processor 'microblaze_0' is selected.
18:41:37 INFO  : Hardware design and registers information is loaded from 'C:/Users/tejasvissapragada/Documents/GitHub/cs153a/vitis/lab3a_vitis/lab3a_platform/export/lab3a_platform/hw/design_1_wrapper.xsa'.
18:41:37 INFO  : 'configparams mdm-detect-bscan-mask 2' command is executed.
18:41:37 INFO  : Context for processor 'microblaze_0' is selected.
18:41:37 INFO  : System reset is completed.
18:41:40 INFO  : 'after 3000' command is executed.
18:41:40 INFO  : Context for processor 'microblaze_0' is selected.
18:41:40 INFO  : The application 'C:/Users/tejasvissapragada/Documents/GitHub/cs153a/vitis/lab3a_vitis/lab3a_application/Debug/lab3a_application.elf' is downloaded to processor 'microblaze_0'.
18:41:40 INFO  : ----------------XSDB Script----------------
connect -url tcp:127.0.0.1:3121
targets -set -filter {jtag_cable_name =~ "Digilent Nexys A7 -100T 210292BCFA48A" && level==0 && jtag_device_ctx=="jsn-Nexys A7 -100T-210292BCFA48A-13631093-0"}
fpga -file C:/Users/tejasvissapragada/Documents/GitHub/cs153a/vitis/lab3a_vitis/lab3a_application/_ide/bitstream/design_1_wrapper.bit
targets -set -nocase -filter {name =~ "*microblaze*#0" && bscan=="USER2" }
loadhw -hw C:/Users/tejasvissapragada/Documents/GitHub/cs153a/vitis/lab3a_vitis/lab3a_platform/export/lab3a_platform/hw/design_1_wrapper.xsa -regs
configparams mdm-detect-bscan-mask 2
targets -set -nocase -filter {name =~ "*microblaze*#0" && bscan=="USER2" }
rst -system
after 3000
targets -set -nocase -filter {name =~ "*microblaze*#0" && bscan=="USER2" }
dow C:/Users/tejasvissapragada/Documents/GitHub/cs153a/vitis/lab3a_vitis/lab3a_application/Debug/lab3a_application.elf
----------------End of Script----------------

18:41:40 INFO  : Context for processor 'microblaze_0' is selected.
18:41:40 INFO  : 'con' command is executed.
18:41:40 INFO  : ----------------XSDB Script (After Launch)----------------
targets -set -nocase -filter {name =~ "*microblaze*#0" && bscan=="USER2" }
con
----------------End of Script----------------

18:41:40 INFO  : Launch script is exported to file 'C:\Users\tejasvissapragada\Documents\GitHub\cs153a\vitis\lab3a_vitis\lab3a_system\_ide\scripts\debugger_lab3a_application-default.tcl'
18:42:28 INFO  : Checking for BSP changes to sync application flags for project 'lab3a_application'...
18:42:35 INFO  : Disconnected from the channel tcfchan#42.
18:42:36 INFO  : Connected to target on host '127.0.0.1' and port '3121'.
18:42:45 INFO  : ----------------XSDB Script----------------
connect -url tcp:127.0.0.1:3121
----------------End of Script----------------

18:42:45 ERROR : Could not find FPGA device on the board for connection 'Local'.


Troubleshooting hints:
1. Check whether board is connected to system properly.
2. In case of zynq board, check whether Digilent/Xilinx cable switch settings are correct.
3. If you are using Xilinx Platform Cable USB, ensure that status LED is green.
18:43:07 INFO  : Connected to target on host '127.0.0.1' and port '3121'.
18:43:07 INFO  : Jtag cable 'Digilent Nexys A7 -100T 210292BCFA48A' is selected.
18:43:07 INFO  : 'jtag frequency' command is executed.
18:43:07 INFO  : 'targets -set -filter {jtag_cable_name =~ "Digilent Nexys A7 -100T 210292BCFA48A" && level==0 && jtag_device_ctx=="jsn-Nexys A7 -100T-210292BCFA48A-13631093-0"}' command is executed.
18:43:09 INFO  : Device configured successfully with "C:/Users/tejasvissapragada/Documents/GitHub/cs153a/vitis/lab3a_vitis/lab3a_application/_ide/bitstream/design_1_wrapper.bit"
18:43:10 INFO  : Context for processor 'microblaze_0' is selected.
18:43:10 INFO  : Hardware design and registers information is loaded from 'C:/Users/tejasvissapragada/Documents/GitHub/cs153a/vitis/lab3a_vitis/lab3a_platform/export/lab3a_platform/hw/design_1_wrapper.xsa'.
18:43:10 INFO  : 'configparams mdm-detect-bscan-mask 2' command is executed.
18:43:10 INFO  : Context for processor 'microblaze_0' is selected.
18:43:10 INFO  : System reset is completed.
18:43:13 INFO  : 'after 3000' command is executed.
18:43:13 INFO  : Context for processor 'microblaze_0' is selected.
18:43:13 INFO  : The application 'C:/Users/tejasvissapragada/Documents/GitHub/cs153a/vitis/lab3a_vitis/lab3a_application/Debug/lab3a_application.elf' is downloaded to processor 'microblaze_0'.
18:43:13 INFO  : ----------------XSDB Script----------------
connect -url tcp:127.0.0.1:3121
targets -set -filter {jtag_cable_name =~ "Digilent Nexys A7 -100T 210292BCFA48A" && level==0 && jtag_device_ctx=="jsn-Nexys A7 -100T-210292BCFA48A-13631093-0"}
fpga -file C:/Users/tejasvissapragada/Documents/GitHub/cs153a/vitis/lab3a_vitis/lab3a_application/_ide/bitstream/design_1_wrapper.bit
targets -set -nocase -filter {name =~ "*microblaze*#0" && bscan=="USER2" }
loadhw -hw C:/Users/tejasvissapragada/Documents/GitHub/cs153a/vitis/lab3a_vitis/lab3a_platform/export/lab3a_platform/hw/design_1_wrapper.xsa -regs
configparams mdm-detect-bscan-mask 2
targets -set -nocase -filter {name =~ "*microblaze*#0" && bscan=="USER2" }
rst -system
after 3000
targets -set -nocase -filter {name =~ "*microblaze*#0" && bscan=="USER2" }
dow C:/Users/tejasvissapragada/Documents/GitHub/cs153a/vitis/lab3a_vitis/lab3a_application/Debug/lab3a_application.elf
----------------End of Script----------------

18:43:13 INFO  : Context for processor 'microblaze_0' is selected.
18:43:13 INFO  : 'con' command is executed.
18:43:13 INFO  : ----------------XSDB Script (After Launch)----------------
targets -set -nocase -filter {name =~ "*microblaze*#0" && bscan=="USER2" }
con
----------------End of Script----------------

18:43:13 INFO  : Launch script is exported to file 'C:\Users\tejasvissapragada\Documents\GitHub\cs153a\vitis\lab3a_vitis\lab3a_system\_ide\scripts\debugger_lab3a_application-default.tcl'
18:47:55 INFO  : Checking for BSP changes to sync application flags for project 'lab3a_application'...
18:48:00 INFO  : Disconnected from the channel tcfchan#43.
18:48:01 INFO  : Connected to target on host '127.0.0.1' and port '3121'.
18:48:10 INFO  : ----------------XSDB Script----------------
connect -url tcp:127.0.0.1:3121
----------------End of Script----------------

18:48:10 ERROR : Could not find FPGA device on the board for connection 'Local'.


Troubleshooting hints:
1. Check whether board is connected to system properly.
2. In case of zynq board, check whether Digilent/Xilinx cable switch settings are correct.
3. If you are using Xilinx Platform Cable USB, ensure that status LED is green.
18:51:28 INFO  : Connected to target on host '127.0.0.1' and port '3121'.
18:51:28 INFO  : Jtag cable 'Digilent Nexys A7 -100T 210292BCFA48A' is selected.
18:51:28 INFO  : 'jtag frequency' command is executed.
18:51:28 INFO  : 'targets -set -filter {jtag_cable_name =~ "Digilent Nexys A7 -100T 210292BCFA48A" && level==0 && jtag_device_ctx=="jsn-Nexys A7 -100T-210292BCFA48A-13631093-0"}' command is executed.
18:51:30 INFO  : Device configured successfully with "C:/Users/tejasvissapragada/Documents/GitHub/cs153a/vitis/lab3a_vitis/lab3a_application/_ide/bitstream/design_1_wrapper.bit"
18:51:30 INFO  : Context for processor 'microblaze_0' is selected.
18:51:30 INFO  : Hardware design and registers information is loaded from 'C:/Users/tejasvissapragada/Documents/GitHub/cs153a/vitis/lab3a_vitis/lab3a_platform/export/lab3a_platform/hw/design_1_wrapper.xsa'.
18:51:30 INFO  : 'configparams mdm-detect-bscan-mask 2' command is executed.
18:51:30 INFO  : Context for processor 'microblaze_0' is selected.
18:51:30 INFO  : System reset is completed.
18:51:33 INFO  : 'after 3000' command is executed.
18:51:33 INFO  : Context for processor 'microblaze_0' is selected.
18:51:33 INFO  : The application 'C:/Users/tejasvissapragada/Documents/GitHub/cs153a/vitis/lab3a_vitis/lab3a_application/Debug/lab3a_application.elf' is downloaded to processor 'microblaze_0'.
18:51:33 INFO  : ----------------XSDB Script----------------
connect -url tcp:127.0.0.1:3121
targets -set -filter {jtag_cable_name =~ "Digilent Nexys A7 -100T 210292BCFA48A" && level==0 && jtag_device_ctx=="jsn-Nexys A7 -100T-210292BCFA48A-13631093-0"}
fpga -file C:/Users/tejasvissapragada/Documents/GitHub/cs153a/vitis/lab3a_vitis/lab3a_application/_ide/bitstream/design_1_wrapper.bit
targets -set -nocase -filter {name =~ "*microblaze*#0" && bscan=="USER2" }
loadhw -hw C:/Users/tejasvissapragada/Documents/GitHub/cs153a/vitis/lab3a_vitis/lab3a_platform/export/lab3a_platform/hw/design_1_wrapper.xsa -regs
configparams mdm-detect-bscan-mask 2
targets -set -nocase -filter {name =~ "*microblaze*#0" && bscan=="USER2" }
rst -system
after 3000
targets -set -nocase -filter {name =~ "*microblaze*#0" && bscan=="USER2" }
dow C:/Users/tejasvissapragada/Documents/GitHub/cs153a/vitis/lab3a_vitis/lab3a_application/Debug/lab3a_application.elf
----------------End of Script----------------

18:51:34 INFO  : Context for processor 'microblaze_0' is selected.
18:51:34 INFO  : 'con' command is executed.
18:51:34 INFO  : ----------------XSDB Script (After Launch)----------------
targets -set -nocase -filter {name =~ "*microblaze*#0" && bscan=="USER2" }
con
----------------End of Script----------------

18:51:34 INFO  : Launch script is exported to file 'C:\Users\tejasvissapragada\Documents\GitHub\cs153a\vitis\lab3a_vitis\lab3a_system\_ide\scripts\debugger_lab3a_application-default.tcl'
18:53:29 INFO  : Checking for BSP changes to sync application flags for project 'lab3a_application'...
18:53:37 INFO  : Disconnected from the channel tcfchan#44.
18:53:38 INFO  : Connected to target on host '127.0.0.1' and port '3121'.
18:53:47 INFO  : ----------------XSDB Script----------------
connect -url tcp:127.0.0.1:3121
----------------End of Script----------------

18:53:47 ERROR : Could not find FPGA device on the board for connection 'Local'.


Troubleshooting hints:
1. Check whether board is connected to system properly.
2. In case of zynq board, check whether Digilent/Xilinx cable switch settings are correct.
3. If you are using Xilinx Platform Cable USB, ensure that status LED is green.
18:53:50 INFO  : Connected to target on host '127.0.0.1' and port '3121'.
18:53:51 INFO  : Jtag cable 'Digilent Nexys A7 -100T 210292BCFA48A' is selected.
18:53:51 INFO  : 'jtag frequency' command is executed.
18:53:51 INFO  : 'targets -set -filter {jtag_cable_name =~ "Digilent Nexys A7 -100T 210292BCFA48A" && level==0 && jtag_device_ctx=="jsn-Nexys A7 -100T-210292BCFA48A-13631093-0"}' command is executed.
18:53:53 INFO  : Device configured successfully with "C:/Users/tejasvissapragada/Documents/GitHub/cs153a/vitis/lab3a_vitis/lab3a_application/_ide/bitstream/design_1_wrapper.bit"
18:53:53 INFO  : Context for processor 'microblaze_0' is selected.
18:53:53 INFO  : Hardware design and registers information is loaded from 'C:/Users/tejasvissapragada/Documents/GitHub/cs153a/vitis/lab3a_vitis/lab3a_platform/export/lab3a_platform/hw/design_1_wrapper.xsa'.
18:53:53 INFO  : 'configparams mdm-detect-bscan-mask 2' command is executed.
18:53:53 INFO  : Context for processor 'microblaze_0' is selected.
18:53:53 INFO  : System reset is completed.
18:53:56 INFO  : 'after 3000' command is executed.
18:53:56 INFO  : Context for processor 'microblaze_0' is selected.
18:53:56 INFO  : The application 'C:/Users/tejasvissapragada/Documents/GitHub/cs153a/vitis/lab3a_vitis/lab3a_application/Debug/lab3a_application.elf' is downloaded to processor 'microblaze_0'.
18:53:56 INFO  : ----------------XSDB Script----------------
connect -url tcp:127.0.0.1:3121
targets -set -filter {jtag_cable_name =~ "Digilent Nexys A7 -100T 210292BCFA48A" && level==0 && jtag_device_ctx=="jsn-Nexys A7 -100T-210292BCFA48A-13631093-0"}
fpga -file C:/Users/tejasvissapragada/Documents/GitHub/cs153a/vitis/lab3a_vitis/lab3a_application/_ide/bitstream/design_1_wrapper.bit
targets -set -nocase -filter {name =~ "*microblaze*#0" && bscan=="USER2" }
loadhw -hw C:/Users/tejasvissapragada/Documents/GitHub/cs153a/vitis/lab3a_vitis/lab3a_platform/export/lab3a_platform/hw/design_1_wrapper.xsa -regs
configparams mdm-detect-bscan-mask 2
targets -set -nocase -filter {name =~ "*microblaze*#0" && bscan=="USER2" }
rst -system
after 3000
targets -set -nocase -filter {name =~ "*microblaze*#0" && bscan=="USER2" }
dow C:/Users/tejasvissapragada/Documents/GitHub/cs153a/vitis/lab3a_vitis/lab3a_application/Debug/lab3a_application.elf
----------------End of Script----------------

18:53:56 INFO  : Context for processor 'microblaze_0' is selected.
18:53:56 INFO  : 'con' command is executed.
18:53:56 INFO  : ----------------XSDB Script (After Launch)----------------
targets -set -nocase -filter {name =~ "*microblaze*#0" && bscan=="USER2" }
con
----------------End of Script----------------

18:53:56 INFO  : Launch script is exported to file 'C:\Users\tejasvissapragada\Documents\GitHub\cs153a\vitis\lab3a_vitis\lab3a_system\_ide\scripts\debugger_lab3a_application-default.tcl'
18:59:06 INFO  : Checking for BSP changes to sync application flags for project 'lab3a_application'...
18:59:17 INFO  : Disconnected from the channel tcfchan#45.
18:59:18 INFO  : Connected to target on host '127.0.0.1' and port '3121'.
18:59:19 INFO  : Jtag cable 'Digilent Nexys A7 -100T 210292BCFA48A' is selected.
18:59:19 INFO  : 'jtag frequency' command is executed.
18:59:19 INFO  : 'targets -set -filter {jtag_cable_name =~ "Digilent Nexys A7 -100T 210292BCFA48A" && level==0 && jtag_device_ctx=="jsn-Nexys A7 -100T-210292BCFA48A-13631093-0"}' command is executed.
18:59:21 INFO  : Device configured successfully with "C:/Users/tejasvissapragada/Documents/GitHub/cs153a/vitis/lab3a_vitis/lab3a_application/_ide/bitstream/design_1_wrapper.bit"
18:59:21 INFO  : Context for processor 'microblaze_0' is selected.
18:59:21 INFO  : Hardware design and registers information is loaded from 'C:/Users/tejasvissapragada/Documents/GitHub/cs153a/vitis/lab3a_vitis/lab3a_platform/export/lab3a_platform/hw/design_1_wrapper.xsa'.
18:59:21 INFO  : 'configparams mdm-detect-bscan-mask 2' command is executed.
18:59:21 INFO  : Context for processor 'microblaze_0' is selected.
18:59:21 INFO  : System reset is completed.
18:59:24 INFO  : 'after 3000' command is executed.
18:59:24 INFO  : Context for processor 'microblaze_0' is selected.
18:59:24 INFO  : The application 'C:/Users/tejasvissapragada/Documents/GitHub/cs153a/vitis/lab3a_vitis/lab3a_application/Debug/lab3a_application.elf' is downloaded to processor 'microblaze_0'.
18:59:24 INFO  : ----------------XSDB Script----------------
connect -url tcp:127.0.0.1:3121
targets -set -filter {jtag_cable_name =~ "Digilent Nexys A7 -100T 210292BCFA48A" && level==0 && jtag_device_ctx=="jsn-Nexys A7 -100T-210292BCFA48A-13631093-0"}
fpga -file C:/Users/tejasvissapragada/Documents/GitHub/cs153a/vitis/lab3a_vitis/lab3a_application/_ide/bitstream/design_1_wrapper.bit
targets -set -nocase -filter {name =~ "*microblaze*#0" && bscan=="USER2" }
loadhw -hw C:/Users/tejasvissapragada/Documents/GitHub/cs153a/vitis/lab3a_vitis/lab3a_platform/export/lab3a_platform/hw/design_1_wrapper.xsa -regs
configparams mdm-detect-bscan-mask 2
targets -set -nocase -filter {name =~ "*microblaze*#0" && bscan=="USER2" }
rst -system
after 3000
targets -set -nocase -filter {name =~ "*microblaze*#0" && bscan=="USER2" }
dow C:/Users/tejasvissapragada/Documents/GitHub/cs153a/vitis/lab3a_vitis/lab3a_application/Debug/lab3a_application.elf
----------------End of Script----------------

18:59:24 INFO  : Context for processor 'microblaze_0' is selected.
18:59:24 INFO  : 'con' command is executed.
18:59:24 INFO  : ----------------XSDB Script (After Launch)----------------
targets -set -nocase -filter {name =~ "*microblaze*#0" && bscan=="USER2" }
con
----------------End of Script----------------

18:59:24 INFO  : Launch script is exported to file 'C:\Users\tejasvissapragada\Documents\GitHub\cs153a\vitis\lab3a_vitis\lab3a_system\_ide\scripts\debugger_lab3a_application-default.tcl'
19:00:57 INFO  : Disconnected from the channel tcfchan#46.
19:00:58 INFO  : Connected to target on host '127.0.0.1' and port '3121'.
19:01:07 INFO  : ----------------XSDB Script----------------
connect -url tcp:127.0.0.1:3121
----------------End of Script----------------

19:01:07 ERROR : Could not find FPGA device on the board for connection 'Local'.


Troubleshooting hints:
1. Check whether board is connected to system properly.
2. In case of zynq board, check whether Digilent/Xilinx cable switch settings are correct.
3. If you are using Xilinx Platform Cable USB, ensure that status LED is green.
19:01:40 INFO  : Checking for BSP changes to sync application flags for project 'lab3a_application'...
19:01:46 INFO  : Connected to target on host '127.0.0.1' and port '3121'.
19:01:46 INFO  : Jtag cable 'Digilent Nexys A7 -100T 210292BCFA48A' is selected.
19:01:46 INFO  : 'jtag frequency' command is executed.
19:01:46 INFO  : 'targets -set -filter {jtag_cable_name =~ "Digilent Nexys A7 -100T 210292BCFA48A" && level==0 && jtag_device_ctx=="jsn-Nexys A7 -100T-210292BCFA48A-13631093-0"}' command is executed.
19:01:48 INFO  : Device configured successfully with "C:/Users/tejasvissapragada/Documents/GitHub/cs153a/vitis/lab3a_vitis/lab3a_application/_ide/bitstream/design_1_wrapper.bit"
19:01:48 INFO  : Context for processor 'microblaze_0' is selected.
19:01:48 INFO  : Hardware design and registers information is loaded from 'C:/Users/tejasvissapragada/Documents/GitHub/cs153a/vitis/lab3a_vitis/lab3a_platform/export/lab3a_platform/hw/design_1_wrapper.xsa'.
19:01:48 INFO  : 'configparams mdm-detect-bscan-mask 2' command is executed.
19:01:48 INFO  : Context for processor 'microblaze_0' is selected.
19:01:48 INFO  : System reset is completed.
19:01:52 INFO  : 'after 3000' command is executed.
19:01:52 INFO  : Context for processor 'microblaze_0' is selected.
19:01:52 INFO  : The application 'C:/Users/tejasvissapragada/Documents/GitHub/cs153a/vitis/lab3a_vitis/lab3a_application/Debug/lab3a_application.elf' is downloaded to processor 'microblaze_0'.
19:01:52 INFO  : ----------------XSDB Script----------------
connect -url tcp:127.0.0.1:3121
targets -set -filter {jtag_cable_name =~ "Digilent Nexys A7 -100T 210292BCFA48A" && level==0 && jtag_device_ctx=="jsn-Nexys A7 -100T-210292BCFA48A-13631093-0"}
fpga -file C:/Users/tejasvissapragada/Documents/GitHub/cs153a/vitis/lab3a_vitis/lab3a_application/_ide/bitstream/design_1_wrapper.bit
targets -set -nocase -filter {name =~ "*microblaze*#0" && bscan=="USER2" }
loadhw -hw C:/Users/tejasvissapragada/Documents/GitHub/cs153a/vitis/lab3a_vitis/lab3a_platform/export/lab3a_platform/hw/design_1_wrapper.xsa -regs
configparams mdm-detect-bscan-mask 2
targets -set -nocase -filter {name =~ "*microblaze*#0" && bscan=="USER2" }
rst -system
after 3000
targets -set -nocase -filter {name =~ "*microblaze*#0" && bscan=="USER2" }
dow C:/Users/tejasvissapragada/Documents/GitHub/cs153a/vitis/lab3a_vitis/lab3a_application/Debug/lab3a_application.elf
----------------End of Script----------------

19:01:52 INFO  : Context for processor 'microblaze_0' is selected.
19:01:52 INFO  : 'con' command is executed.
19:01:52 INFO  : ----------------XSDB Script (After Launch)----------------
targets -set -nocase -filter {name =~ "*microblaze*#0" && bscan=="USER2" }
con
----------------End of Script----------------

19:01:52 INFO  : Launch script is exported to file 'C:\Users\tejasvissapragada\Documents\GitHub\cs153a\vitis\lab3a_vitis\lab3a_system\_ide\scripts\debugger_lab3a_application-default.tcl'
19:03:46 INFO  : Checking for BSP changes to sync application flags for project 'lab3a_application'...
19:03:58 INFO  : Checking for BSP changes to sync application flags for project 'lab3a_application'...
19:04:09 INFO  : Disconnected from the channel tcfchan#47.
19:04:10 INFO  : Connected to target on host '127.0.0.1' and port '3121'.
19:04:19 INFO  : ----------------XSDB Script----------------
connect -url tcp:127.0.0.1:3121
----------------End of Script----------------

19:04:19 ERROR : Could not find FPGA device on the board for connection 'Local'.


Troubleshooting hints:
1. Check whether board is connected to system properly.
2. In case of zynq board, check whether Digilent/Xilinx cable switch settings are correct.
3. If you are using Xilinx Platform Cable USB, ensure that status LED is green.
19:04:24 INFO  : Connected to target on host '127.0.0.1' and port '3121'.
19:04:24 INFO  : Jtag cable 'Digilent Nexys A7 -100T 210292BCFA48A' is selected.
19:04:24 INFO  : 'jtag frequency' command is executed.
19:04:24 INFO  : 'targets -set -filter {jtag_cable_name =~ "Digilent Nexys A7 -100T 210292BCFA48A" && level==0 && jtag_device_ctx=="jsn-Nexys A7 -100T-210292BCFA48A-13631093-0"}' command is executed.
19:04:26 INFO  : Device configured successfully with "C:/Users/tejasvissapragada/Documents/GitHub/cs153a/vitis/lab3a_vitis/lab3a_application/_ide/bitstream/design_1_wrapper.bit"
19:04:26 INFO  : Context for processor 'microblaze_0' is selected.
19:04:26 INFO  : Hardware design and registers information is loaded from 'C:/Users/tejasvissapragada/Documents/GitHub/cs153a/vitis/lab3a_vitis/lab3a_platform/export/lab3a_platform/hw/design_1_wrapper.xsa'.
19:04:26 INFO  : 'configparams mdm-detect-bscan-mask 2' command is executed.
19:04:26 INFO  : Context for processor 'microblaze_0' is selected.
19:04:26 INFO  : System reset is completed.
19:04:29 INFO  : 'after 3000' command is executed.
19:04:29 INFO  : Context for processor 'microblaze_0' is selected.
19:04:30 INFO  : The application 'C:/Users/tejasvissapragada/Documents/GitHub/cs153a/vitis/lab3a_vitis/lab3a_application/Debug/lab3a_application.elf' is downloaded to processor 'microblaze_0'.
19:04:30 INFO  : ----------------XSDB Script----------------
connect -url tcp:127.0.0.1:3121
targets -set -filter {jtag_cable_name =~ "Digilent Nexys A7 -100T 210292BCFA48A" && level==0 && jtag_device_ctx=="jsn-Nexys A7 -100T-210292BCFA48A-13631093-0"}
fpga -file C:/Users/tejasvissapragada/Documents/GitHub/cs153a/vitis/lab3a_vitis/lab3a_application/_ide/bitstream/design_1_wrapper.bit
targets -set -nocase -filter {name =~ "*microblaze*#0" && bscan=="USER2" }
loadhw -hw C:/Users/tejasvissapragada/Documents/GitHub/cs153a/vitis/lab3a_vitis/lab3a_platform/export/lab3a_platform/hw/design_1_wrapper.xsa -regs
configparams mdm-detect-bscan-mask 2
targets -set -nocase -filter {name =~ "*microblaze*#0" && bscan=="USER2" }
rst -system
after 3000
targets -set -nocase -filter {name =~ "*microblaze*#0" && bscan=="USER2" }
dow C:/Users/tejasvissapragada/Documents/GitHub/cs153a/vitis/lab3a_vitis/lab3a_application/Debug/lab3a_application.elf
----------------End of Script----------------

19:04:30 INFO  : Context for processor 'microblaze_0' is selected.
19:04:30 INFO  : 'con' command is executed.
19:04:30 INFO  : ----------------XSDB Script (After Launch)----------------
targets -set -nocase -filter {name =~ "*microblaze*#0" && bscan=="USER2" }
con
----------------End of Script----------------

19:04:30 INFO  : Launch script is exported to file 'C:\Users\tejasvissapragada\Documents\GitHub\cs153a\vitis\lab3a_vitis\lab3a_system\_ide\scripts\debugger_lab3a_application-default.tcl'
19:12:19 INFO  : Disconnected from the channel tcfchan#48.
15:36:48 DEBUG : Logs will be stored at 'C:/Users/tejasvissapragada/Documents/GitHub/cs153a/vitis/lab3b_vitis/IDE.log'.
15:36:48 INFO  : Launching XSCT server: xsct.bat -n  -interactive C:\Users\tejasvissapragada\Documents\GitHub\cs153a\vitis\lab3b_vitis\temp_xsdb_launch_script.tcl
15:36:57 INFO  : Registering command handlers for Vitis TCF services
15:36:59 INFO  : Platform repository initialization has completed.
15:37:01 INFO  : XSCT server has started successfully.
15:37:06 INFO  : Successfully done setting XSCT server connection channel  
15:37:06 INFO  : plnx-install-location is set to ''
15:37:06 INFO  : Successfully done query RDI_DATADIR 
15:37:06 INFO  : Successfully done setting workspace for the tool. 
15:40:02 INFO  : Result from executing command 'getProjects': lab3a_platform
15:40:03 INFO  : Result from executing command 'getPlatforms': xilinx_vck190_base_202210_1|C:/Xilinx/Vitis/2022.1/base_platforms/xilinx_vck190_base_202210_1/xilinx_vck190_base_202210_1.xpfm;xilinx_vck190_base_dfx_202210_1|C:/Xilinx/Vitis/2022.1/base_platforms/xilinx_vck190_base_dfx_202210_1/xilinx_vck190_base_dfx_202210_1.xpfm;xilinx_vmk180_base_202210_1|C:/Xilinx/Vitis/2022.1/base_platforms/xilinx_vmk180_base_202210_1/xilinx_vmk180_base_202210_1.xpfm;xilinx_zcu102_base_202210_1|C:/Xilinx/Vitis/2022.1/base_platforms/xilinx_zcu102_base_202210_1/xilinx_zcu102_base_202210_1.xpfm;xilinx_zcu102_base_dfx_202210_1|C:/Xilinx/Vitis/2022.1/base_platforms/xilinx_zcu102_base_dfx_202210_1/xilinx_zcu102_base_dfx_202210_1.xpfm;xilinx_zcu104_base_202210_1|C:/Xilinx/Vitis/2022.1/base_platforms/xilinx_zcu104_base_202210_1/xilinx_zcu104_base_202210_1.xpfm
15:40:04 INFO  : Checking for BSP changes to sync application flags for project 'lab3a_application'...
15:43:43 INFO  : Connected to target on host '127.0.0.1' and port '3121'.
15:43:45 INFO  : Jtag cable 'Digilent Nexys A7 -100T 210292BCFA48A' is selected.
15:43:45 INFO  : 'jtag frequency' command is executed.
15:43:45 INFO  : 'targets -set -filter {jtag_cable_name =~ "Digilent Nexys A7 -100T 210292BCFA48A" && level==0 && jtag_device_ctx=="jsn-Nexys A7 -100T-210292BCFA48A-13631093-0"}' command is executed.
15:43:48 INFO  : Device configured successfully with "C:/Users/tejasvissapragada/Documents/GitHub/cs153a/vitis/lab3b_vitis/lab3a_application/_ide/bitstream/design_1_wrapper.bit"
15:43:48 INFO  : Context for processor 'microblaze_0' is selected.
15:43:49 INFO  : Hardware design and registers information is loaded from 'C:/Users/tejasvissapragada/Documents/GitHub/cs153a/vitis/lab3b_vitis/lab3a_platform/export/lab3a_platform/hw/design_1_wrapper.xsa'.
15:43:49 INFO  : 'configparams mdm-detect-bscan-mask 2' command is executed.
15:43:49 INFO  : Context for processor 'microblaze_0' is selected.
15:43:49 INFO  : System reset is completed.
15:43:52 INFO  : 'after 3000' command is executed.
15:43:52 INFO  : Context for processor 'microblaze_0' is selected.
15:43:53 INFO  : The application 'C:/Users/tejasvissapragada/Documents/GitHub/cs153a/vitis/lab3b_vitis/lab3a_application/Debug/lab3a_application.elf' is downloaded to processor 'microblaze_0'.
15:43:53 INFO  : ----------------XSDB Script----------------
connect -url tcp:127.0.0.1:3121
targets -set -filter {jtag_cable_name =~ "Digilent Nexys A7 -100T 210292BCFA48A" && level==0 && jtag_device_ctx=="jsn-Nexys A7 -100T-210292BCFA48A-13631093-0"}
fpga -file C:/Users/tejasvissapragada/Documents/GitHub/cs153a/vitis/lab3b_vitis/lab3a_application/_ide/bitstream/design_1_wrapper.bit
targets -set -nocase -filter {name =~ "*microblaze*#0" && bscan=="USER2" }
loadhw -hw C:/Users/tejasvissapragada/Documents/GitHub/cs153a/vitis/lab3b_vitis/lab3a_platform/export/lab3a_platform/hw/design_1_wrapper.xsa -regs
configparams mdm-detect-bscan-mask 2
targets -set -nocase -filter {name =~ "*microblaze*#0" && bscan=="USER2" }
rst -system
after 3000
targets -set -nocase -filter {name =~ "*microblaze*#0" && bscan=="USER2" }
dow C:/Users/tejasvissapragada/Documents/GitHub/cs153a/vitis/lab3b_vitis/lab3a_application/Debug/lab3a_application.elf
----------------End of Script----------------

15:43:53 INFO  : Context for processor 'microblaze_0' is selected.
15:43:53 INFO  : 'con' command is executed.
15:43:53 INFO  : ----------------XSDB Script (After Launch)----------------
targets -set -nocase -filter {name =~ "*microblaze*#0" && bscan=="USER2" }
con
----------------End of Script----------------

15:43:53 INFO  : Launch script is exported to file 'C:\Users\tejasvissapragada\Documents\GitHub\cs153a\vitis\lab3b_vitis\lab3a_system\_ide\scripts\debugger_lab3a_application-default.tcl'
15:47:25 INFO  : Checking for BSP changes to sync application flags for project 'lab3a_application'...
15:49:25 INFO  : Checking for BSP changes to sync application flags for project 'lab3a_application'...
15:50:18 INFO  : Checking for BSP changes to sync application flags for project 'lab3a_application'...
15:50:56 INFO  : Checking for BSP changes to sync application flags for project 'lab3a_application'...
15:51:01 INFO  : Disconnected from the channel tcfchan#2.
15:51:02 INFO  : Connected to target on host '127.0.0.1' and port '3121'.
15:51:12 INFO  : ----------------XSDB Script----------------
connect -url tcp:127.0.0.1:3121
----------------End of Script----------------

15:51:12 ERROR : Could not find FPGA device on the board for connection 'Local'.


Troubleshooting hints:
1. Check whether board is connected to system properly.
2. In case of zynq board, check whether Digilent/Xilinx cable switch settings are correct.
3. If you are using Xilinx Platform Cable USB, ensure that status LED is green.
15:51:36 INFO  : Checking for BSP changes to sync application flags for project 'lab3a_application'...
15:51:44 INFO  : Connected to target on host '127.0.0.1' and port '3121'.
15:51:44 INFO  : Jtag cable 'Digilent Nexys A7 -100T 210292BCFA48A' is selected.
15:51:44 INFO  : 'jtag frequency' command is executed.
15:51:44 INFO  : 'targets -set -filter {jtag_cable_name =~ "Digilent Nexys A7 -100T 210292BCFA48A" && level==0 && jtag_device_ctx=="jsn-Nexys A7 -100T-210292BCFA48A-13631093-0"}' command is executed.
15:51:47 INFO  : Device configured successfully with "C:/Users/tejasvissapragada/Documents/GitHub/cs153a/vitis/lab3b_vitis/lab3a_application/_ide/bitstream/design_1_wrapper.bit"
15:51:47 INFO  : Context for processor 'microblaze_0' is selected.
15:51:47 INFO  : Hardware design and registers information is loaded from 'C:/Users/tejasvissapragada/Documents/GitHub/cs153a/vitis/lab3b_vitis/lab3a_platform/export/lab3a_platform/hw/design_1_wrapper.xsa'.
15:51:47 INFO  : 'configparams mdm-detect-bscan-mask 2' command is executed.
15:51:47 INFO  : Context for processor 'microblaze_0' is selected.
15:51:47 INFO  : System reset is completed.
15:51:50 INFO  : 'after 3000' command is executed.
15:51:50 INFO  : Context for processor 'microblaze_0' is selected.
15:51:50 INFO  : The application 'C:/Users/tejasvissapragada/Documents/GitHub/cs153a/vitis/lab3b_vitis/lab3a_application/Debug/lab3a_application.elf' is downloaded to processor 'microblaze_0'.
15:51:50 INFO  : ----------------XSDB Script----------------
connect -url tcp:127.0.0.1:3121
targets -set -filter {jtag_cable_name =~ "Digilent Nexys A7 -100T 210292BCFA48A" && level==0 && jtag_device_ctx=="jsn-Nexys A7 -100T-210292BCFA48A-13631093-0"}
fpga -file C:/Users/tejasvissapragada/Documents/GitHub/cs153a/vitis/lab3b_vitis/lab3a_application/_ide/bitstream/design_1_wrapper.bit
targets -set -nocase -filter {name =~ "*microblaze*#0" && bscan=="USER2" }
loadhw -hw C:/Users/tejasvissapragada/Documents/GitHub/cs153a/vitis/lab3b_vitis/lab3a_platform/export/lab3a_platform/hw/design_1_wrapper.xsa -regs
configparams mdm-detect-bscan-mask 2
targets -set -nocase -filter {name =~ "*microblaze*#0" && bscan=="USER2" }
rst -system
after 3000
targets -set -nocase -filter {name =~ "*microblaze*#0" && bscan=="USER2" }
dow C:/Users/tejasvissapragada/Documents/GitHub/cs153a/vitis/lab3b_vitis/lab3a_application/Debug/lab3a_application.elf
----------------End of Script----------------

15:51:50 INFO  : Context for processor 'microblaze_0' is selected.
15:51:50 INFO  : 'con' command is executed.
15:51:50 INFO  : ----------------XSDB Script (After Launch)----------------
targets -set -nocase -filter {name =~ "*microblaze*#0" && bscan=="USER2" }
con
----------------End of Script----------------

15:51:50 INFO  : Launch script is exported to file 'C:\Users\tejasvissapragada\Documents\GitHub\cs153a\vitis\lab3b_vitis\lab3a_system\_ide\scripts\debugger_lab3a_application-default.tcl'
15:55:33 INFO  : Checking for BSP changes to sync application flags for project 'lab3a_application'...
15:55:38 INFO  : Disconnected from the channel tcfchan#3.
15:55:39 INFO  : Connected to target on host '127.0.0.1' and port '3121'.
15:55:48 INFO  : ----------------XSDB Script----------------
connect -url tcp:127.0.0.1:3121
----------------End of Script----------------

15:55:48 ERROR : Could not find FPGA device on the board for connection 'Local'.


Troubleshooting hints:
1. Check whether board is connected to system properly.
2. In case of zynq board, check whether Digilent/Xilinx cable switch settings are correct.
3. If you are using Xilinx Platform Cable USB, ensure that status LED is green.
15:55:53 INFO  : Connected to target on host '127.0.0.1' and port '3121'.
15:55:53 INFO  : Jtag cable 'Digilent Nexys A7 -100T 210292BCFA48A' is selected.
15:55:53 INFO  : 'jtag frequency' command is executed.
15:55:53 INFO  : 'targets -set -filter {jtag_cable_name =~ "Digilent Nexys A7 -100T 210292BCFA48A" && level==0 && jtag_device_ctx=="jsn-Nexys A7 -100T-210292BCFA48A-13631093-0"}' command is executed.
15:55:55 INFO  : Device configured successfully with "C:/Users/tejasvissapragada/Documents/GitHub/cs153a/vitis/lab3b_vitis/lab3a_application/_ide/bitstream/design_1_wrapper.bit"
15:55:55 INFO  : Context for processor 'microblaze_0' is selected.
15:55:55 INFO  : Hardware design and registers information is loaded from 'C:/Users/tejasvissapragada/Documents/GitHub/cs153a/vitis/lab3b_vitis/lab3a_platform/export/lab3a_platform/hw/design_1_wrapper.xsa'.
15:55:55 INFO  : 'configparams mdm-detect-bscan-mask 2' command is executed.
15:55:55 INFO  : Context for processor 'microblaze_0' is selected.
15:55:55 INFO  : System reset is completed.
15:55:58 INFO  : 'after 3000' command is executed.
15:55:58 INFO  : Context for processor 'microblaze_0' is selected.
15:55:58 INFO  : The application 'C:/Users/tejasvissapragada/Documents/GitHub/cs153a/vitis/lab3b_vitis/lab3a_application/Debug/lab3a_application.elf' is downloaded to processor 'microblaze_0'.
15:55:58 INFO  : ----------------XSDB Script----------------
connect -url tcp:127.0.0.1:3121
targets -set -filter {jtag_cable_name =~ "Digilent Nexys A7 -100T 210292BCFA48A" && level==0 && jtag_device_ctx=="jsn-Nexys A7 -100T-210292BCFA48A-13631093-0"}
fpga -file C:/Users/tejasvissapragada/Documents/GitHub/cs153a/vitis/lab3b_vitis/lab3a_application/_ide/bitstream/design_1_wrapper.bit
targets -set -nocase -filter {name =~ "*microblaze*#0" && bscan=="USER2" }
loadhw -hw C:/Users/tejasvissapragada/Documents/GitHub/cs153a/vitis/lab3b_vitis/lab3a_platform/export/lab3a_platform/hw/design_1_wrapper.xsa -regs
configparams mdm-detect-bscan-mask 2
targets -set -nocase -filter {name =~ "*microblaze*#0" && bscan=="USER2" }
rst -system
after 3000
targets -set -nocase -filter {name =~ "*microblaze*#0" && bscan=="USER2" }
dow C:/Users/tejasvissapragada/Documents/GitHub/cs153a/vitis/lab3b_vitis/lab3a_application/Debug/lab3a_application.elf
----------------End of Script----------------

15:55:58 INFO  : Context for processor 'microblaze_0' is selected.
15:55:58 INFO  : 'con' command is executed.
15:55:58 INFO  : ----------------XSDB Script (After Launch)----------------
targets -set -nocase -filter {name =~ "*microblaze*#0" && bscan=="USER2" }
con
----------------End of Script----------------

15:55:58 INFO  : Launch script is exported to file 'C:\Users\tejasvissapragada\Documents\GitHub\cs153a\vitis\lab3b_vitis\lab3a_system\_ide\scripts\debugger_lab3a_application-default.tcl'
16:13:21 INFO  : Checking for BSP changes to sync application flags for project 'lab3a_application'...
16:13:51 INFO  : Checking for BSP changes to sync application flags for project 'lab3a_application'...
16:15:10 INFO  : Checking for BSP changes to sync application flags for project 'lab3a_application'...
16:15:15 INFO  : Disconnected from the channel tcfchan#4.
16:15:16 INFO  : Connected to target on host '127.0.0.1' and port '3121'.
16:15:26 INFO  : ----------------XSDB Script----------------
connect -url tcp:127.0.0.1:3121
----------------End of Script----------------

16:15:26 ERROR : Could not find FPGA device on the board for connection 'Local'.


Troubleshooting hints:
1. Check whether board is connected to system properly.
2. In case of zynq board, check whether Digilent/Xilinx cable switch settings are correct.
3. If you are using Xilinx Platform Cable USB, ensure that status LED is green.
16:15:53 INFO  : Connected to target on host '127.0.0.1' and port '3121'.
16:15:53 INFO  : Jtag cable 'Digilent Nexys A7 -100T 210292BCFA48A' is selected.
16:15:53 INFO  : 'jtag frequency' command is executed.
16:15:53 INFO  : 'targets -set -filter {jtag_cable_name =~ "Digilent Nexys A7 -100T 210292BCFA48A" && level==0 && jtag_device_ctx=="jsn-Nexys A7 -100T-210292BCFA48A-13631093-0"}' command is executed.
16:15:56 INFO  : Device configured successfully with "C:/Users/tejasvissapragada/Documents/GitHub/cs153a/vitis/lab3b_vitis/lab3a_application/_ide/bitstream/design_1_wrapper.bit"
16:15:56 INFO  : Context for processor 'microblaze_0' is selected.
16:15:56 INFO  : Hardware design and registers information is loaded from 'C:/Users/tejasvissapragada/Documents/GitHub/cs153a/vitis/lab3b_vitis/lab3a_platform/export/lab3a_platform/hw/design_1_wrapper.xsa'.
16:15:56 INFO  : 'configparams mdm-detect-bscan-mask 2' command is executed.
16:15:56 INFO  : Context for processor 'microblaze_0' is selected.
16:15:56 INFO  : System reset is completed.
16:15:59 INFO  : 'after 3000' command is executed.
16:15:59 INFO  : Context for processor 'microblaze_0' is selected.
16:15:59 INFO  : The application 'C:/Users/tejasvissapragada/Documents/GitHub/cs153a/vitis/lab3b_vitis/lab3a_application/Debug/lab3a_application.elf' is downloaded to processor 'microblaze_0'.
16:15:59 INFO  : ----------------XSDB Script----------------
connect -url tcp:127.0.0.1:3121
targets -set -filter {jtag_cable_name =~ "Digilent Nexys A7 -100T 210292BCFA48A" && level==0 && jtag_device_ctx=="jsn-Nexys A7 -100T-210292BCFA48A-13631093-0"}
fpga -file C:/Users/tejasvissapragada/Documents/GitHub/cs153a/vitis/lab3b_vitis/lab3a_application/_ide/bitstream/design_1_wrapper.bit
targets -set -nocase -filter {name =~ "*microblaze*#0" && bscan=="USER2" }
loadhw -hw C:/Users/tejasvissapragada/Documents/GitHub/cs153a/vitis/lab3b_vitis/lab3a_platform/export/lab3a_platform/hw/design_1_wrapper.xsa -regs
configparams mdm-detect-bscan-mask 2
targets -set -nocase -filter {name =~ "*microblaze*#0" && bscan=="USER2" }
rst -system
after 3000
targets -set -nocase -filter {name =~ "*microblaze*#0" && bscan=="USER2" }
dow C:/Users/tejasvissapragada/Documents/GitHub/cs153a/vitis/lab3b_vitis/lab3a_application/Debug/lab3a_application.elf
----------------End of Script----------------

16:15:59 INFO  : Context for processor 'microblaze_0' is selected.
16:15:59 INFO  : 'con' command is executed.
16:15:59 INFO  : ----------------XSDB Script (After Launch)----------------
targets -set -nocase -filter {name =~ "*microblaze*#0" && bscan=="USER2" }
con
----------------End of Script----------------

16:15:59 INFO  : Launch script is exported to file 'C:\Users\tejasvissapragada\Documents\GitHub\cs153a\vitis\lab3b_vitis\lab3a_system\_ide\scripts\debugger_lab3a_application-default.tcl'
16:17:45 INFO  : Disconnected from the channel tcfchan#5.
16:17:46 INFO  : Connected to target on host '127.0.0.1' and port '3121'.
16:17:46 INFO  : Jtag cable 'Digilent Nexys A7 -100T 210292BCFA48A' is selected.
16:17:46 INFO  : 'jtag frequency' command is executed.
16:17:46 INFO  : 'targets -set -filter {jtag_cable_name =~ "Digilent Nexys A7 -100T 210292BCFA48A" && level==0 && jtag_device_ctx=="jsn-Nexys A7 -100T-210292BCFA48A-13631093-0"}' command is executed.
16:17:48 INFO  : Device configured successfully with "C:/Users/tejasvissapragada/Documents/GitHub/cs153a/vitis/lab3b_vitis/lab3a_application/_ide/bitstream/design_1_wrapper.bit"
16:17:48 INFO  : Context for processor 'microblaze_0' is selected.
16:17:48 INFO  : Hardware design and registers information is loaded from 'C:/Users/tejasvissapragada/Documents/GitHub/cs153a/vitis/lab3b_vitis/lab3a_platform/export/lab3a_platform/hw/design_1_wrapper.xsa'.
16:17:48 INFO  : 'configparams mdm-detect-bscan-mask 2' command is executed.
16:17:48 INFO  : Context for processor 'microblaze_0' is selected.
16:17:48 INFO  : System reset is completed.
16:17:51 INFO  : 'after 3000' command is executed.
16:17:51 INFO  : Context for processor 'microblaze_0' is selected.
16:17:51 INFO  : The application 'C:/Users/tejasvissapragada/Documents/GitHub/cs153a/vitis/lab3b_vitis/lab3a_application/Debug/lab3a_application.elf' is downloaded to processor 'microblaze_0'.
16:17:51 INFO  : ----------------XSDB Script----------------
connect -url tcp:127.0.0.1:3121
targets -set -filter {jtag_cable_name =~ "Digilent Nexys A7 -100T 210292BCFA48A" && level==0 && jtag_device_ctx=="jsn-Nexys A7 -100T-210292BCFA48A-13631093-0"}
fpga -file C:/Users/tejasvissapragada/Documents/GitHub/cs153a/vitis/lab3b_vitis/lab3a_application/_ide/bitstream/design_1_wrapper.bit
targets -set -nocase -filter {name =~ "*microblaze*#0" && bscan=="USER2" }
loadhw -hw C:/Users/tejasvissapragada/Documents/GitHub/cs153a/vitis/lab3b_vitis/lab3a_platform/export/lab3a_platform/hw/design_1_wrapper.xsa -regs
configparams mdm-detect-bscan-mask 2
targets -set -nocase -filter {name =~ "*microblaze*#0" && bscan=="USER2" }
rst -system
after 3000
targets -set -nocase -filter {name =~ "*microblaze*#0" && bscan=="USER2" }
dow C:/Users/tejasvissapragada/Documents/GitHub/cs153a/vitis/lab3b_vitis/lab3a_application/Debug/lab3a_application.elf
----------------End of Script----------------

16:17:51 INFO  : Context for processor 'microblaze_0' is selected.
16:17:52 INFO  : 'con' command is executed.
16:17:52 INFO  : ----------------XSDB Script (After Launch)----------------
targets -set -nocase -filter {name =~ "*microblaze*#0" && bscan=="USER2" }
con
----------------End of Script----------------

16:17:52 INFO  : Launch script is exported to file 'C:\Users\tejasvissapragada\Documents\GitHub\cs153a\vitis\lab3b_vitis\lab3a_system\_ide\scripts\debugger_lab3a_application-default.tcl'
17:34:12 INFO  : Checking for BSP changes to sync application flags for project 'lab3a_application'...
17:37:58 INFO  : Checking for BSP changes to sync application flags for project 'lab3a_application'...
17:38:44 INFO  : Checking for BSP changes to sync application flags for project 'lab3a_application'...
17:39:03 INFO  : Checking for BSP changes to sync application flags for project 'lab3a_application'...
17:43:05 INFO  : Checking for BSP changes to sync application flags for project 'lab3a_application'...
17:44:18 INFO  : Checking for BSP changes to sync application flags for project 'lab3a_application'...
17:45:07 INFO  : Checking for BSP changes to sync application flags for project 'lab3a_application'...
17:45:48 INFO  : Checking for BSP changes to sync application flags for project 'lab3a_application'...
17:45:56 INFO  : Disconnected from the channel tcfchan#6.
17:45:57 INFO  : Connected to target on host '127.0.0.1' and port '3121'.
17:46:06 INFO  : ----------------XSDB Script----------------
connect -url tcp:127.0.0.1:3121
----------------End of Script----------------

17:46:06 ERROR : Could not find FPGA device on the board for connection 'Local'.


Troubleshooting hints:
1. Check whether board is connected to system properly.
2. In case of zynq board, check whether Digilent/Xilinx cable switch settings are correct.
3. If you are using Xilinx Platform Cable USB, ensure that status LED is green.
17:46:24 INFO  : Connected to target on host '127.0.0.1' and port '3121'.
17:46:24 INFO  : Jtag cable 'Digilent Nexys A7 -100T 210292BCFA48A' is selected.
17:46:24 INFO  : 'jtag frequency' command is executed.
17:46:25 INFO  : 'targets -set -filter {jtag_cable_name =~ "Digilent Nexys A7 -100T 210292BCFA48A" && level==0 && jtag_device_ctx=="jsn-Nexys A7 -100T-210292BCFA48A-13631093-0"}' command is executed.
17:46:27 INFO  : Device configured successfully with "C:/Users/tejasvissapragada/Documents/GitHub/cs153a/vitis/lab3b_vitis/lab3a_application/_ide/bitstream/design_1_wrapper.bit"
17:46:27 INFO  : Context for processor 'microblaze_0' is selected.
17:46:27 INFO  : Hardware design and registers information is loaded from 'C:/Users/tejasvissapragada/Documents/GitHub/cs153a/vitis/lab3b_vitis/lab3a_platform/export/lab3a_platform/hw/design_1_wrapper.xsa'.
17:46:27 INFO  : 'configparams mdm-detect-bscan-mask 2' command is executed.
17:46:27 INFO  : Context for processor 'microblaze_0' is selected.
17:46:27 INFO  : System reset is completed.
17:46:30 INFO  : 'after 3000' command is executed.
17:46:30 INFO  : Context for processor 'microblaze_0' is selected.
17:46:30 INFO  : The application 'C:/Users/tejasvissapragada/Documents/GitHub/cs153a/vitis/lab3b_vitis/lab3a_application/Debug/lab3a_application.elf' is downloaded to processor 'microblaze_0'.
17:46:30 INFO  : ----------------XSDB Script----------------
connect -url tcp:127.0.0.1:3121
targets -set -filter {jtag_cable_name =~ "Digilent Nexys A7 -100T 210292BCFA48A" && level==0 && jtag_device_ctx=="jsn-Nexys A7 -100T-210292BCFA48A-13631093-0"}
fpga -file C:/Users/tejasvissapragada/Documents/GitHub/cs153a/vitis/lab3b_vitis/lab3a_application/_ide/bitstream/design_1_wrapper.bit
targets -set -nocase -filter {name =~ "*microblaze*#0" && bscan=="USER2" }
loadhw -hw C:/Users/tejasvissapragada/Documents/GitHub/cs153a/vitis/lab3b_vitis/lab3a_platform/export/lab3a_platform/hw/design_1_wrapper.xsa -regs
configparams mdm-detect-bscan-mask 2
targets -set -nocase -filter {name =~ "*microblaze*#0" && bscan=="USER2" }
rst -system
after 3000
targets -set -nocase -filter {name =~ "*microblaze*#0" && bscan=="USER2" }
dow C:/Users/tejasvissapragada/Documents/GitHub/cs153a/vitis/lab3b_vitis/lab3a_application/Debug/lab3a_application.elf
----------------End of Script----------------

17:46:30 INFO  : Context for processor 'microblaze_0' is selected.
17:46:30 INFO  : 'con' command is executed.
17:46:30 INFO  : ----------------XSDB Script (After Launch)----------------
targets -set -nocase -filter {name =~ "*microblaze*#0" && bscan=="USER2" }
con
----------------End of Script----------------

17:46:30 INFO  : Launch script is exported to file 'C:\Users\tejasvissapragada\Documents\GitHub\cs153a\vitis\lab3b_vitis\lab3a_system\_ide\scripts\debugger_lab3a_application-default.tcl'
17:48:22 INFO  : Checking for BSP changes to sync application flags for project 'lab3a_application'...
17:48:25 INFO  : Disconnected from the channel tcfchan#7.
17:48:26 INFO  : Connected to target on host '127.0.0.1' and port '3121'.
17:48:35 INFO  : ----------------XSDB Script----------------
connect -url tcp:127.0.0.1:3121
----------------End of Script----------------

17:48:35 ERROR : Could not find FPGA device on the board for connection 'Local'.


Troubleshooting hints:
1. Check whether board is connected to system properly.
2. In case of zynq board, check whether Digilent/Xilinx cable switch settings are correct.
3. If you are using Xilinx Platform Cable USB, ensure that status LED is green.
17:50:10 INFO  : Connected to target on host '127.0.0.1' and port '3121'.
17:50:10 INFO  : Jtag cable 'Digilent Nexys A7 -100T 210292BCFA48A' is selected.
17:50:10 INFO  : 'jtag frequency' command is executed.
17:50:10 INFO  : 'targets -set -filter {jtag_cable_name =~ "Digilent Nexys A7 -100T 210292BCFA48A" && level==0 && jtag_device_ctx=="jsn-Nexys A7 -100T-210292BCFA48A-13631093-0"}' command is executed.
17:50:12 INFO  : Device configured successfully with "C:/Users/tejasvissapragada/Documents/GitHub/cs153a/vitis/lab3b_vitis/lab3a_application/_ide/bitstream/design_1_wrapper.bit"
17:50:12 INFO  : Context for processor 'microblaze_0' is selected.
17:50:12 INFO  : Hardware design and registers information is loaded from 'C:/Users/tejasvissapragada/Documents/GitHub/cs153a/vitis/lab3b_vitis/lab3a_platform/export/lab3a_platform/hw/design_1_wrapper.xsa'.
17:50:12 INFO  : 'configparams mdm-detect-bscan-mask 2' command is executed.
17:50:12 INFO  : Context for processor 'microblaze_0' is selected.
17:50:12 INFO  : System reset is completed.
17:50:16 INFO  : 'after 3000' command is executed.
17:50:16 INFO  : Context for processor 'microblaze_0' is selected.
17:50:16 INFO  : The application 'C:/Users/tejasvissapragada/Documents/GitHub/cs153a/vitis/lab3b_vitis/lab3a_application/Debug/lab3a_application.elf' is downloaded to processor 'microblaze_0'.
17:50:16 INFO  : ----------------XSDB Script----------------
connect -url tcp:127.0.0.1:3121
targets -set -filter {jtag_cable_name =~ "Digilent Nexys A7 -100T 210292BCFA48A" && level==0 && jtag_device_ctx=="jsn-Nexys A7 -100T-210292BCFA48A-13631093-0"}
fpga -file C:/Users/tejasvissapragada/Documents/GitHub/cs153a/vitis/lab3b_vitis/lab3a_application/_ide/bitstream/design_1_wrapper.bit
targets -set -nocase -filter {name =~ "*microblaze*#0" && bscan=="USER2" }
loadhw -hw C:/Users/tejasvissapragada/Documents/GitHub/cs153a/vitis/lab3b_vitis/lab3a_platform/export/lab3a_platform/hw/design_1_wrapper.xsa -regs
configparams mdm-detect-bscan-mask 2
targets -set -nocase -filter {name =~ "*microblaze*#0" && bscan=="USER2" }
rst -system
after 3000
targets -set -nocase -filter {name =~ "*microblaze*#0" && bscan=="USER2" }
dow C:/Users/tejasvissapragada/Documents/GitHub/cs153a/vitis/lab3b_vitis/lab3a_application/Debug/lab3a_application.elf
----------------End of Script----------------

17:50:16 INFO  : Context for processor 'microblaze_0' is selected.
17:50:16 INFO  : 'con' command is executed.
17:50:16 INFO  : ----------------XSDB Script (After Launch)----------------
targets -set -nocase -filter {name =~ "*microblaze*#0" && bscan=="USER2" }
con
----------------End of Script----------------

17:50:16 INFO  : Launch script is exported to file 'C:\Users\tejasvissapragada\Documents\GitHub\cs153a\vitis\lab3b_vitis\lab3a_system\_ide\scripts\debugger_lab3a_application-default.tcl'
17:50:47 INFO  : Checking for BSP changes to sync application flags for project 'lab3a_application'...
17:50:53 INFO  : Disconnected from the channel tcfchan#8.
17:50:54 INFO  : Connected to target on host '127.0.0.1' and port '3121'.
17:50:55 INFO  : Jtag cable 'Digilent Nexys A7 -100T 210292BCFA48A' is selected.
17:50:55 INFO  : 'jtag frequency' command is executed.
17:50:55 INFO  : 'targets -set -filter {jtag_cable_name =~ "Digilent Nexys A7 -100T 210292BCFA48A" && level==0 && jtag_device_ctx=="jsn-Nexys A7 -100T-210292BCFA48A-13631093-0"}' command is executed.
17:50:57 INFO  : Device configured successfully with "C:/Users/tejasvissapragada/Documents/GitHub/cs153a/vitis/lab3b_vitis/lab3a_application/_ide/bitstream/design_1_wrapper.bit"
17:50:57 INFO  : Context for processor 'microblaze_0' is selected.
17:50:57 INFO  : Hardware design and registers information is loaded from 'C:/Users/tejasvissapragada/Documents/GitHub/cs153a/vitis/lab3b_vitis/lab3a_platform/export/lab3a_platform/hw/design_1_wrapper.xsa'.
17:50:57 INFO  : 'configparams mdm-detect-bscan-mask 2' command is executed.
17:50:57 INFO  : Context for processor 'microblaze_0' is selected.
17:50:57 INFO  : System reset is completed.
17:51:00 INFO  : 'after 3000' command is executed.
17:51:00 INFO  : Context for processor 'microblaze_0' is selected.
17:51:00 INFO  : The application 'C:/Users/tejasvissapragada/Documents/GitHub/cs153a/vitis/lab3b_vitis/lab3a_application/Debug/lab3a_application.elf' is downloaded to processor 'microblaze_0'.
17:51:00 INFO  : ----------------XSDB Script----------------
connect -url tcp:127.0.0.1:3121
targets -set -filter {jtag_cable_name =~ "Digilent Nexys A7 -100T 210292BCFA48A" && level==0 && jtag_device_ctx=="jsn-Nexys A7 -100T-210292BCFA48A-13631093-0"}
fpga -file C:/Users/tejasvissapragada/Documents/GitHub/cs153a/vitis/lab3b_vitis/lab3a_application/_ide/bitstream/design_1_wrapper.bit
targets -set -nocase -filter {name =~ "*microblaze*#0" && bscan=="USER2" }
loadhw -hw C:/Users/tejasvissapragada/Documents/GitHub/cs153a/vitis/lab3b_vitis/lab3a_platform/export/lab3a_platform/hw/design_1_wrapper.xsa -regs
configparams mdm-detect-bscan-mask 2
targets -set -nocase -filter {name =~ "*microblaze*#0" && bscan=="USER2" }
rst -system
after 3000
targets -set -nocase -filter {name =~ "*microblaze*#0" && bscan=="USER2" }
dow C:/Users/tejasvissapragada/Documents/GitHub/cs153a/vitis/lab3b_vitis/lab3a_application/Debug/lab3a_application.elf
----------------End of Script----------------

17:51:00 INFO  : Context for processor 'microblaze_0' is selected.
17:51:00 INFO  : 'con' command is executed.
17:51:00 INFO  : ----------------XSDB Script (After Launch)----------------
targets -set -nocase -filter {name =~ "*microblaze*#0" && bscan=="USER2" }
con
----------------End of Script----------------

17:51:00 INFO  : Launch script is exported to file 'C:\Users\tejasvissapragada\Documents\GitHub\cs153a\vitis\lab3b_vitis\lab3a_system\_ide\scripts\debugger_lab3a_application-default.tcl'
17:52:30 INFO  : Checking for BSP changes to sync application flags for project 'lab3a_application'...
17:52:35 INFO  : Disconnected from the channel tcfchan#9.
17:52:36 INFO  : Connected to target on host '127.0.0.1' and port '3121'.
17:52:45 INFO  : ----------------XSDB Script----------------
connect -url tcp:127.0.0.1:3121
----------------End of Script----------------

17:52:45 ERROR : Could not find FPGA device on the board for connection 'Local'.


Troubleshooting hints:
1. Check whether board is connected to system properly.
2. In case of zynq board, check whether Digilent/Xilinx cable switch settings are correct.
3. If you are using Xilinx Platform Cable USB, ensure that status LED is green.
17:52:50 INFO  : Connected to target on host '127.0.0.1' and port '3121'.
17:52:50 INFO  : Jtag cable 'Digilent Nexys A7 -100T 210292BCFA48A' is selected.
17:52:50 INFO  : 'jtag frequency' command is executed.
17:52:50 INFO  : 'targets -set -filter {jtag_cable_name =~ "Digilent Nexys A7 -100T 210292BCFA48A" && level==0 && jtag_device_ctx=="jsn-Nexys A7 -100T-210292BCFA48A-13631093-0"}' command is executed.
17:52:52 INFO  : Device configured successfully with "C:/Users/tejasvissapragada/Documents/GitHub/cs153a/vitis/lab3b_vitis/lab3a_application/_ide/bitstream/design_1_wrapper.bit"
17:52:52 INFO  : Context for processor 'microblaze_0' is selected.
17:52:52 INFO  : Hardware design and registers information is loaded from 'C:/Users/tejasvissapragada/Documents/GitHub/cs153a/vitis/lab3b_vitis/lab3a_platform/export/lab3a_platform/hw/design_1_wrapper.xsa'.
17:52:52 INFO  : 'configparams mdm-detect-bscan-mask 2' command is executed.
17:52:52 INFO  : Context for processor 'microblaze_0' is selected.
17:52:52 INFO  : System reset is completed.
17:52:55 INFO  : 'after 3000' command is executed.
17:52:55 INFO  : Context for processor 'microblaze_0' is selected.
17:52:55 INFO  : The application 'C:/Users/tejasvissapragada/Documents/GitHub/cs153a/vitis/lab3b_vitis/lab3a_application/Debug/lab3a_application.elf' is downloaded to processor 'microblaze_0'.
17:52:55 INFO  : ----------------XSDB Script----------------
connect -url tcp:127.0.0.1:3121
targets -set -filter {jtag_cable_name =~ "Digilent Nexys A7 -100T 210292BCFA48A" && level==0 && jtag_device_ctx=="jsn-Nexys A7 -100T-210292BCFA48A-13631093-0"}
fpga -file C:/Users/tejasvissapragada/Documents/GitHub/cs153a/vitis/lab3b_vitis/lab3a_application/_ide/bitstream/design_1_wrapper.bit
targets -set -nocase -filter {name =~ "*microblaze*#0" && bscan=="USER2" }
loadhw -hw C:/Users/tejasvissapragada/Documents/GitHub/cs153a/vitis/lab3b_vitis/lab3a_platform/export/lab3a_platform/hw/design_1_wrapper.xsa -regs
configparams mdm-detect-bscan-mask 2
targets -set -nocase -filter {name =~ "*microblaze*#0" && bscan=="USER2" }
rst -system
after 3000
targets -set -nocase -filter {name =~ "*microblaze*#0" && bscan=="USER2" }
dow C:/Users/tejasvissapragada/Documents/GitHub/cs153a/vitis/lab3b_vitis/lab3a_application/Debug/lab3a_application.elf
----------------End of Script----------------

17:52:56 INFO  : Context for processor 'microblaze_0' is selected.
17:52:56 INFO  : 'con' command is executed.
17:52:56 INFO  : ----------------XSDB Script (After Launch)----------------
targets -set -nocase -filter {name =~ "*microblaze*#0" && bscan=="USER2" }
con
----------------End of Script----------------

17:52:56 INFO  : Launch script is exported to file 'C:\Users\tejasvissapragada\Documents\GitHub\cs153a\vitis\lab3b_vitis\lab3a_system\_ide\scripts\debugger_lab3a_application-default.tcl'
18:03:46 INFO  : Checking for BSP changes to sync application flags for project 'lab3a_application'...
18:04:21 INFO  : Checking for BSP changes to sync application flags for project 'lab3a_application'...
18:04:26 INFO  : Disconnected from the channel tcfchan#10.
18:04:27 INFO  : Connected to target on host '127.0.0.1' and port '3121'.
18:04:36 INFO  : ----------------XSDB Script----------------
connect -url tcp:127.0.0.1:3121
----------------End of Script----------------

18:04:36 ERROR : Could not find FPGA device on the board for connection 'Local'.


Troubleshooting hints:
1. Check whether board is connected to system properly.
2. In case of zynq board, check whether Digilent/Xilinx cable switch settings are correct.
3. If you are using Xilinx Platform Cable USB, ensure that status LED is green.
18:04:42 INFO  : Connected to target on host '127.0.0.1' and port '3121'.
18:04:42 INFO  : Jtag cable 'Digilent Nexys A7 -100T 210292BCFA48A' is selected.
18:04:42 INFO  : 'jtag frequency' command is executed.
18:04:42 INFO  : 'targets -set -filter {jtag_cable_name =~ "Digilent Nexys A7 -100T 210292BCFA48A" && level==0 && jtag_device_ctx=="jsn-Nexys A7 -100T-210292BCFA48A-13631093-0"}' command is executed.
18:04:45 INFO  : Device configured successfully with "C:/Users/tejasvissapragada/Documents/GitHub/cs153a/vitis/lab3b_vitis/lab3a_application/_ide/bitstream/design_1_wrapper.bit"
18:04:45 INFO  : Context for processor 'microblaze_0' is selected.
18:04:45 INFO  : Hardware design and registers information is loaded from 'C:/Users/tejasvissapragada/Documents/GitHub/cs153a/vitis/lab3b_vitis/lab3a_platform/export/lab3a_platform/hw/design_1_wrapper.xsa'.
18:04:45 INFO  : 'configparams mdm-detect-bscan-mask 2' command is executed.
18:04:45 INFO  : Context for processor 'microblaze_0' is selected.
18:04:45 INFO  : System reset is completed.
18:04:48 INFO  : 'after 3000' command is executed.
18:04:48 INFO  : Context for processor 'microblaze_0' is selected.
18:04:48 INFO  : The application 'C:/Users/tejasvissapragada/Documents/GitHub/cs153a/vitis/lab3b_vitis/lab3a_application/Debug/lab3a_application.elf' is downloaded to processor 'microblaze_0'.
18:04:48 INFO  : ----------------XSDB Script----------------
connect -url tcp:127.0.0.1:3121
targets -set -filter {jtag_cable_name =~ "Digilent Nexys A7 -100T 210292BCFA48A" && level==0 && jtag_device_ctx=="jsn-Nexys A7 -100T-210292BCFA48A-13631093-0"}
fpga -file C:/Users/tejasvissapragada/Documents/GitHub/cs153a/vitis/lab3b_vitis/lab3a_application/_ide/bitstream/design_1_wrapper.bit
targets -set -nocase -filter {name =~ "*microblaze*#0" && bscan=="USER2" }
loadhw -hw C:/Users/tejasvissapragada/Documents/GitHub/cs153a/vitis/lab3b_vitis/lab3a_platform/export/lab3a_platform/hw/design_1_wrapper.xsa -regs
configparams mdm-detect-bscan-mask 2
targets -set -nocase -filter {name =~ "*microblaze*#0" && bscan=="USER2" }
rst -system
after 3000
targets -set -nocase -filter {name =~ "*microblaze*#0" && bscan=="USER2" }
dow C:/Users/tejasvissapragada/Documents/GitHub/cs153a/vitis/lab3b_vitis/lab3a_application/Debug/lab3a_application.elf
----------------End of Script----------------

18:04:48 INFO  : Context for processor 'microblaze_0' is selected.
18:04:48 INFO  : 'con' command is executed.
18:04:48 INFO  : ----------------XSDB Script (After Launch)----------------
targets -set -nocase -filter {name =~ "*microblaze*#0" && bscan=="USER2" }
con
----------------End of Script----------------

18:04:48 INFO  : Launch script is exported to file 'C:\Users\tejasvissapragada\Documents\GitHub\cs153a\vitis\lab3b_vitis\lab3a_system\_ide\scripts\debugger_lab3a_application-default.tcl'
17:25:13 DEBUG : Logs will be stored at 'C:/Users/tejasvissapragada/Documents/GitHub/cs153a/vitis/lab3b_vitis/IDE.log'.
17:25:14 INFO  : Launching XSCT server: xsct.bat -n  -interactive C:\Users\tejasvissapragada\Documents\GitHub\cs153a\vitis\lab3b_vitis\temp_xsdb_launch_script.tcl
17:25:21 INFO  : Registering command handlers for Vitis TCF services
17:25:22 INFO  : Platform repository initialization has completed.
17:25:23 INFO  : XSCT server has started successfully.
17:25:28 INFO  : plnx-install-location is set to ''
17:25:28 INFO  : Successfully done setting XSCT server connection channel  
17:25:28 INFO  : Successfully done query RDI_DATADIR 
17:25:28 INFO  : Successfully done setting workspace for the tool. 
17:35:02 INFO  : Result from executing command 'getProjects': lab3a_platform
17:35:02 INFO  : Result from executing command 'getPlatforms': xilinx_vck190_base_202210_1|C:/Xilinx/Vitis/2022.1/base_platforms/xilinx_vck190_base_202210_1/xilinx_vck190_base_202210_1.xpfm;xilinx_vck190_base_dfx_202210_1|C:/Xilinx/Vitis/2022.1/base_platforms/xilinx_vck190_base_dfx_202210_1/xilinx_vck190_base_dfx_202210_1.xpfm;xilinx_vmk180_base_202210_1|C:/Xilinx/Vitis/2022.1/base_platforms/xilinx_vmk180_base_202210_1/xilinx_vmk180_base_202210_1.xpfm;xilinx_zcu102_base_202210_1|C:/Xilinx/Vitis/2022.1/base_platforms/xilinx_zcu102_base_202210_1/xilinx_zcu102_base_202210_1.xpfm;xilinx_zcu102_base_dfx_202210_1|C:/Xilinx/Vitis/2022.1/base_platforms/xilinx_zcu102_base_dfx_202210_1/xilinx_zcu102_base_dfx_202210_1.xpfm;xilinx_zcu104_base_202210_1|C:/Xilinx/Vitis/2022.1/base_platforms/xilinx_zcu104_base_202210_1/xilinx_zcu104_base_202210_1.xpfm
17:35:03 INFO  : Checking for BSP changes to sync application flags for project 'lab3a_application'...
17:35:31 INFO  : Connected to target on host '127.0.0.1' and port '3121'.
17:35:32 INFO  : Jtag cable 'Digilent Nexys A7 -100T 210292BCFA48A' is selected.
17:35:32 INFO  : 'jtag frequency' command is executed.
17:35:33 INFO  : 'targets -set -filter {jtag_cable_name =~ "Digilent Nexys A7 -100T 210292BCFA48A" && level==0 && jtag_device_ctx=="jsn-Nexys A7 -100T-210292BCFA48A-13631093-0"}' command is executed.
17:35:36 INFO  : Device configured successfully with "C:/Users/tejasvissapragada/Documents/GitHub/cs153a/vitis/lab3b_vitis/lab3a_application/_ide/bitstream/design_1_wrapper.bit"
17:35:36 INFO  : Context for processor 'microblaze_0' is selected.
17:35:37 INFO  : Hardware design and registers information is loaded from 'C:/Users/tejasvissapragada/Documents/GitHub/cs153a/vitis/lab3b_vitis/lab3a_platform/export/lab3a_platform/hw/design_1_wrapper.xsa'.
17:35:37 INFO  : 'configparams mdm-detect-bscan-mask 2' command is executed.
17:35:37 INFO  : Context for processor 'microblaze_0' is selected.
17:35:37 INFO  : System reset is completed.
17:35:40 INFO  : 'after 3000' command is executed.
17:35:41 INFO  : Context for processor 'microblaze_0' is selected.
17:35:41 INFO  : The application 'C:/Users/tejasvissapragada/Documents/GitHub/cs153a/vitis/lab3b_vitis/lab3a_application/Debug/lab3a_application.elf' is downloaded to processor 'microblaze_0'.
17:35:41 INFO  : ----------------XSDB Script----------------
connect -url tcp:127.0.0.1:3121
targets -set -filter {jtag_cable_name =~ "Digilent Nexys A7 -100T 210292BCFA48A" && level==0 && jtag_device_ctx=="jsn-Nexys A7 -100T-210292BCFA48A-13631093-0"}
fpga -file C:/Users/tejasvissapragada/Documents/GitHub/cs153a/vitis/lab3b_vitis/lab3a_application/_ide/bitstream/design_1_wrapper.bit
targets -set -nocase -filter {name =~ "*microblaze*#0" && bscan=="USER2" }
loadhw -hw C:/Users/tejasvissapragada/Documents/GitHub/cs153a/vitis/lab3b_vitis/lab3a_platform/export/lab3a_platform/hw/design_1_wrapper.xsa -regs
configparams mdm-detect-bscan-mask 2
targets -set -nocase -filter {name =~ "*microblaze*#0" && bscan=="USER2" }
rst -system
after 3000
targets -set -nocase -filter {name =~ "*microblaze*#0" && bscan=="USER2" }
dow C:/Users/tejasvissapragada/Documents/GitHub/cs153a/vitis/lab3b_vitis/lab3a_application/Debug/lab3a_application.elf
----------------End of Script----------------

17:35:42 INFO  : Context for processor 'microblaze_0' is selected.
17:35:42 INFO  : 'con' command is executed.
17:35:42 INFO  : ----------------XSDB Script (After Launch)----------------
targets -set -nocase -filter {name =~ "*microblaze*#0" && bscan=="USER2" }
con
----------------End of Script----------------

17:35:42 INFO  : Launch script is exported to file 'C:\Users\tejasvissapragada\Documents\GitHub\cs153a\vitis\lab3b_vitis\lab3a_system\_ide\scripts\debugger_lab3a_application-default.tcl'
18:00:50 INFO  : Checking for BSP changes to sync application flags for project 'lab3a_application'...
18:01:29 INFO  : Checking for BSP changes to sync application flags for project 'lab3a_application'...
18:01:57 INFO  : Checking for BSP changes to sync application flags for project 'lab3a_application'...
18:02:07 INFO  : Disconnected from the channel tcfchan#2.
18:02:08 INFO  : Connected to target on host '127.0.0.1' and port '3121'.
18:02:18 INFO  : ----------------XSDB Script----------------
connect -url tcp:127.0.0.1:3121
----------------End of Script----------------

18:02:18 ERROR : Could not find FPGA device on the board for connection 'Local'.


Troubleshooting hints:
1. Check whether board is connected to system properly.
2. In case of zynq board, check whether Digilent/Xilinx cable switch settings are correct.
3. If you are using Xilinx Platform Cable USB, ensure that status LED is green.
18:02:21 INFO  : Connected to target on host '127.0.0.1' and port '3121'.
18:02:21 INFO  : Jtag cable 'Digilent Nexys A7 -100T 210292BCFA48A' is selected.
18:02:21 INFO  : 'jtag frequency' command is executed.
18:02:21 INFO  : 'targets -set -filter {jtag_cable_name =~ "Digilent Nexys A7 -100T 210292BCFA48A" && level==0 && jtag_device_ctx=="jsn-Nexys A7 -100T-210292BCFA48A-13631093-0"}' command is executed.
18:02:23 INFO  : Device configured successfully with "C:/Users/tejasvissapragada/Documents/GitHub/cs153a/vitis/lab3b_vitis/lab3a_application/_ide/bitstream/design_1_wrapper.bit"
18:02:24 INFO  : Context for processor 'microblaze_0' is selected.
18:02:24 INFO  : Hardware design and registers information is loaded from 'C:/Users/tejasvissapragada/Documents/GitHub/cs153a/vitis/lab3b_vitis/lab3a_platform/export/lab3a_platform/hw/design_1_wrapper.xsa'.
18:02:24 INFO  : 'configparams mdm-detect-bscan-mask 2' command is executed.
18:02:24 INFO  : Context for processor 'microblaze_0' is selected.
18:02:24 INFO  : System reset is completed.
18:02:27 INFO  : 'after 3000' command is executed.
18:02:27 INFO  : Context for processor 'microblaze_0' is selected.
18:02:27 INFO  : The application 'C:/Users/tejasvissapragada/Documents/GitHub/cs153a/vitis/lab3b_vitis/lab3a_application/Debug/lab3a_application.elf' is downloaded to processor 'microblaze_0'.
18:02:27 INFO  : ----------------XSDB Script----------------
connect -url tcp:127.0.0.1:3121
targets -set -filter {jtag_cable_name =~ "Digilent Nexys A7 -100T 210292BCFA48A" && level==0 && jtag_device_ctx=="jsn-Nexys A7 -100T-210292BCFA48A-13631093-0"}
fpga -file C:/Users/tejasvissapragada/Documents/GitHub/cs153a/vitis/lab3b_vitis/lab3a_application/_ide/bitstream/design_1_wrapper.bit
targets -set -nocase -filter {name =~ "*microblaze*#0" && bscan=="USER2" }
loadhw -hw C:/Users/tejasvissapragada/Documents/GitHub/cs153a/vitis/lab3b_vitis/lab3a_platform/export/lab3a_platform/hw/design_1_wrapper.xsa -regs
configparams mdm-detect-bscan-mask 2
targets -set -nocase -filter {name =~ "*microblaze*#0" && bscan=="USER2" }
rst -system
after 3000
targets -set -nocase -filter {name =~ "*microblaze*#0" && bscan=="USER2" }
dow C:/Users/tejasvissapragada/Documents/GitHub/cs153a/vitis/lab3b_vitis/lab3a_application/Debug/lab3a_application.elf
----------------End of Script----------------

18:02:27 INFO  : Context for processor 'microblaze_0' is selected.
18:02:27 INFO  : 'con' command is executed.
18:02:27 INFO  : ----------------XSDB Script (After Launch)----------------
targets -set -nocase -filter {name =~ "*microblaze*#0" && bscan=="USER2" }
con
----------------End of Script----------------

18:02:27 INFO  : Launch script is exported to file 'C:\Users\tejasvissapragada\Documents\GitHub\cs153a\vitis\lab3b_vitis\lab3a_system\_ide\scripts\debugger_lab3a_application-default.tcl'
18:08:53 INFO  : Checking for BSP changes to sync application flags for project 'lab3a_application'...
18:10:34 INFO  : Checking for BSP changes to sync application flags for project 'lab3a_application'...
18:10:38 INFO  : Disconnected from the channel tcfchan#3.
18:10:39 INFO  : Connected to target on host '127.0.0.1' and port '3121'.
18:10:49 INFO  : ----------------XSDB Script----------------
connect -url tcp:127.0.0.1:3121
----------------End of Script----------------

18:10:49 ERROR : Could not find FPGA device on the board for connection 'Local'.


Troubleshooting hints:
1. Check whether board is connected to system properly.
2. In case of zynq board, check whether Digilent/Xilinx cable switch settings are correct.
3. If you are using Xilinx Platform Cable USB, ensure that status LED is green.
18:10:52 INFO  : Connected to target on host '127.0.0.1' and port '3121'.
18:10:52 INFO  : Jtag cable 'Digilent Nexys A7 -100T 210292BCFA48A' is selected.
18:10:52 INFO  : 'jtag frequency' command is executed.
18:10:52 INFO  : 'targets -set -filter {jtag_cable_name =~ "Digilent Nexys A7 -100T 210292BCFA48A" && level==0 && jtag_device_ctx=="jsn-Nexys A7 -100T-210292BCFA48A-13631093-0"}' command is executed.
18:10:55 INFO  : Device configured successfully with "C:/Users/tejasvissapragada/Documents/GitHub/cs153a/vitis/lab3b_vitis/lab3a_application/_ide/bitstream/design_1_wrapper.bit"
18:10:55 INFO  : Context for processor 'microblaze_0' is selected.
18:10:55 INFO  : Hardware design and registers information is loaded from 'C:/Users/tejasvissapragada/Documents/GitHub/cs153a/vitis/lab3b_vitis/lab3a_platform/export/lab3a_platform/hw/design_1_wrapper.xsa'.
18:10:55 INFO  : 'configparams mdm-detect-bscan-mask 2' command is executed.
18:10:55 INFO  : Context for processor 'microblaze_0' is selected.
18:10:55 INFO  : System reset is completed.
18:10:58 INFO  : 'after 3000' command is executed.
18:10:58 INFO  : Context for processor 'microblaze_0' is selected.
18:10:58 INFO  : The application 'C:/Users/tejasvissapragada/Documents/GitHub/cs153a/vitis/lab3b_vitis/lab3a_application/Debug/lab3a_application.elf' is downloaded to processor 'microblaze_0'.
18:10:58 INFO  : ----------------XSDB Script----------------
connect -url tcp:127.0.0.1:3121
targets -set -filter {jtag_cable_name =~ "Digilent Nexys A7 -100T 210292BCFA48A" && level==0 && jtag_device_ctx=="jsn-Nexys A7 -100T-210292BCFA48A-13631093-0"}
fpga -file C:/Users/tejasvissapragada/Documents/GitHub/cs153a/vitis/lab3b_vitis/lab3a_application/_ide/bitstream/design_1_wrapper.bit
targets -set -nocase -filter {name =~ "*microblaze*#0" && bscan=="USER2" }
loadhw -hw C:/Users/tejasvissapragada/Documents/GitHub/cs153a/vitis/lab3b_vitis/lab3a_platform/export/lab3a_platform/hw/design_1_wrapper.xsa -regs
configparams mdm-detect-bscan-mask 2
targets -set -nocase -filter {name =~ "*microblaze*#0" && bscan=="USER2" }
rst -system
after 3000
targets -set -nocase -filter {name =~ "*microblaze*#0" && bscan=="USER2" }
dow C:/Users/tejasvissapragada/Documents/GitHub/cs153a/vitis/lab3b_vitis/lab3a_application/Debug/lab3a_application.elf
----------------End of Script----------------

18:10:58 INFO  : Context for processor 'microblaze_0' is selected.
18:10:58 INFO  : 'con' command is executed.
18:10:58 INFO  : ----------------XSDB Script (After Launch)----------------
targets -set -nocase -filter {name =~ "*microblaze*#0" && bscan=="USER2" }
con
----------------End of Script----------------

18:10:58 INFO  : Launch script is exported to file 'C:\Users\tejasvissapragada\Documents\GitHub\cs153a\vitis\lab3b_vitis\lab3a_system\_ide\scripts\debugger_lab3a_application-default.tcl'
18:12:52 INFO  : Checking for BSP changes to sync application flags for project 'lab3a_application'...
18:12:57 INFO  : Disconnected from the channel tcfchan#4.
18:12:58 INFO  : Connected to target on host '127.0.0.1' and port '3121'.
18:13:07 INFO  : ----------------XSDB Script----------------
connect -url tcp:127.0.0.1:3121
----------------End of Script----------------

18:13:07 ERROR : Could not find FPGA device on the board for connection 'Local'.


Troubleshooting hints:
1. Check whether board is connected to system properly.
2. In case of zynq board, check whether Digilent/Xilinx cable switch settings are correct.
3. If you are using Xilinx Platform Cable USB, ensure that status LED is green.
18:13:23 INFO  : Connected to target on host '127.0.0.1' and port '3121'.
18:13:23 INFO  : Jtag cable 'Digilent Nexys A7 -100T 210292BCFA48A' is selected.
18:13:23 INFO  : 'jtag frequency' command is executed.
18:13:23 INFO  : 'targets -set -filter {jtag_cable_name =~ "Digilent Nexys A7 -100T 210292BCFA48A" && level==0 && jtag_device_ctx=="jsn-Nexys A7 -100T-210292BCFA48A-13631093-0"}' command is executed.
18:13:25 INFO  : Device configured successfully with "C:/Users/tejasvissapragada/Documents/GitHub/cs153a/vitis/lab3b_vitis/lab3a_application/_ide/bitstream/design_1_wrapper.bit"
18:13:25 INFO  : Context for processor 'microblaze_0' is selected.
18:13:25 INFO  : Hardware design and registers information is loaded from 'C:/Users/tejasvissapragada/Documents/GitHub/cs153a/vitis/lab3b_vitis/lab3a_platform/export/lab3a_platform/hw/design_1_wrapper.xsa'.
18:13:25 INFO  : 'configparams mdm-detect-bscan-mask 2' command is executed.
18:13:25 INFO  : Context for processor 'microblaze_0' is selected.
18:13:25 INFO  : System reset is completed.
18:13:28 INFO  : 'after 3000' command is executed.
18:13:28 INFO  : Context for processor 'microblaze_0' is selected.
18:13:28 INFO  : The application 'C:/Users/tejasvissapragada/Documents/GitHub/cs153a/vitis/lab3b_vitis/lab3a_application/Debug/lab3a_application.elf' is downloaded to processor 'microblaze_0'.
18:13:28 INFO  : ----------------XSDB Script----------------
connect -url tcp:127.0.0.1:3121
targets -set -filter {jtag_cable_name =~ "Digilent Nexys A7 -100T 210292BCFA48A" && level==0 && jtag_device_ctx=="jsn-Nexys A7 -100T-210292BCFA48A-13631093-0"}
fpga -file C:/Users/tejasvissapragada/Documents/GitHub/cs153a/vitis/lab3b_vitis/lab3a_application/_ide/bitstream/design_1_wrapper.bit
targets -set -nocase -filter {name =~ "*microblaze*#0" && bscan=="USER2" }
loadhw -hw C:/Users/tejasvissapragada/Documents/GitHub/cs153a/vitis/lab3b_vitis/lab3a_platform/export/lab3a_platform/hw/design_1_wrapper.xsa -regs
configparams mdm-detect-bscan-mask 2
targets -set -nocase -filter {name =~ "*microblaze*#0" && bscan=="USER2" }
rst -system
after 3000
targets -set -nocase -filter {name =~ "*microblaze*#0" && bscan=="USER2" }
dow C:/Users/tejasvissapragada/Documents/GitHub/cs153a/vitis/lab3b_vitis/lab3a_application/Debug/lab3a_application.elf
----------------End of Script----------------

18:13:29 INFO  : Context for processor 'microblaze_0' is selected.
18:13:29 INFO  : 'con' command is executed.
18:13:29 INFO  : ----------------XSDB Script (After Launch)----------------
targets -set -nocase -filter {name =~ "*microblaze*#0" && bscan=="USER2" }
con
----------------End of Script----------------

18:13:29 INFO  : Launch script is exported to file 'C:\Users\tejasvissapragada\Documents\GitHub\cs153a\vitis\lab3b_vitis\lab3a_system\_ide\scripts\debugger_lab3a_application-default.tcl'
18:17:53 INFO  : Checking for BSP changes to sync application flags for project 'lab3a_application'...
18:17:56 INFO  : Disconnected from the channel tcfchan#5.
18:17:57 INFO  : Connected to target on host '127.0.0.1' and port '3121'.
18:18:06 INFO  : ----------------XSDB Script----------------
connect -url tcp:127.0.0.1:3121
----------------End of Script----------------

18:18:06 ERROR : Could not find FPGA device on the board for connection 'Local'.


Troubleshooting hints:
1. Check whether board is connected to system properly.
2. In case of zynq board, check whether Digilent/Xilinx cable switch settings are correct.
3. If you are using Xilinx Platform Cable USB, ensure that status LED is green.
18:18:36 INFO  : Connected to target on host '127.0.0.1' and port '3121'.
18:18:36 INFO  : Jtag cable 'Digilent Nexys A7 -100T 210292BCFA48A' is selected.
18:18:36 INFO  : 'jtag frequency' command is executed.
18:18:36 INFO  : 'targets -set -filter {jtag_cable_name =~ "Digilent Nexys A7 -100T 210292BCFA48A" && level==0 && jtag_device_ctx=="jsn-Nexys A7 -100T-210292BCFA48A-13631093-0"}' command is executed.
18:18:38 INFO  : Device configured successfully with "C:/Users/tejasvissapragada/Documents/GitHub/cs153a/vitis/lab3b_vitis/lab3a_application/_ide/bitstream/design_1_wrapper.bit"
18:18:38 INFO  : Context for processor 'microblaze_0' is selected.
18:18:38 INFO  : Hardware design and registers information is loaded from 'C:/Users/tejasvissapragada/Documents/GitHub/cs153a/vitis/lab3b_vitis/lab3a_platform/export/lab3a_platform/hw/design_1_wrapper.xsa'.
18:18:38 INFO  : 'configparams mdm-detect-bscan-mask 2' command is executed.
18:18:38 INFO  : Context for processor 'microblaze_0' is selected.
18:18:38 INFO  : System reset is completed.
18:18:41 INFO  : 'after 3000' command is executed.
18:18:41 INFO  : Context for processor 'microblaze_0' is selected.
18:18:42 INFO  : The application 'C:/Users/tejasvissapragada/Documents/GitHub/cs153a/vitis/lab3b_vitis/lab3a_application/Debug/lab3a_application.elf' is downloaded to processor 'microblaze_0'.
18:18:42 INFO  : ----------------XSDB Script----------------
connect -url tcp:127.0.0.1:3121
targets -set -filter {jtag_cable_name =~ "Digilent Nexys A7 -100T 210292BCFA48A" && level==0 && jtag_device_ctx=="jsn-Nexys A7 -100T-210292BCFA48A-13631093-0"}
fpga -file C:/Users/tejasvissapragada/Documents/GitHub/cs153a/vitis/lab3b_vitis/lab3a_application/_ide/bitstream/design_1_wrapper.bit
targets -set -nocase -filter {name =~ "*microblaze*#0" && bscan=="USER2" }
loadhw -hw C:/Users/tejasvissapragada/Documents/GitHub/cs153a/vitis/lab3b_vitis/lab3a_platform/export/lab3a_platform/hw/design_1_wrapper.xsa -regs
configparams mdm-detect-bscan-mask 2
targets -set -nocase -filter {name =~ "*microblaze*#0" && bscan=="USER2" }
rst -system
after 3000
targets -set -nocase -filter {name =~ "*microblaze*#0" && bscan=="USER2" }
dow C:/Users/tejasvissapragada/Documents/GitHub/cs153a/vitis/lab3b_vitis/lab3a_application/Debug/lab3a_application.elf
----------------End of Script----------------

18:18:42 INFO  : Context for processor 'microblaze_0' is selected.
18:18:42 INFO  : 'con' command is executed.
18:18:42 INFO  : ----------------XSDB Script (After Launch)----------------
targets -set -nocase -filter {name =~ "*microblaze*#0" && bscan=="USER2" }
con
----------------End of Script----------------

18:18:42 INFO  : Launch script is exported to file 'C:\Users\tejasvissapragada\Documents\GitHub\cs153a\vitis\lab3b_vitis\lab3a_system\_ide\scripts\debugger_lab3a_application-default.tcl'
18:20:00 INFO  : Checking for BSP changes to sync application flags for project 'lab3a_application'...
18:20:04 INFO  : Disconnected from the channel tcfchan#6.
18:20:05 INFO  : Connected to target on host '127.0.0.1' and port '3121'.
18:20:05 INFO  : Jtag cable 'Digilent Nexys A7 -100T 210292BCFA48A' is selected.
18:20:05 INFO  : 'jtag frequency' command is executed.
18:20:05 INFO  : 'targets -set -filter {jtag_cable_name =~ "Digilent Nexys A7 -100T 210292BCFA48A" && level==0 && jtag_device_ctx=="jsn-Nexys A7 -100T-210292BCFA48A-13631093-0"}' command is executed.
18:20:07 INFO  : Device configured successfully with "C:/Users/tejasvissapragada/Documents/GitHub/cs153a/vitis/lab3b_vitis/lab3a_application/_ide/bitstream/design_1_wrapper.bit"
18:20:08 INFO  : Context for processor 'microblaze_0' is selected.
18:20:08 INFO  : Hardware design and registers information is loaded from 'C:/Users/tejasvissapragada/Documents/GitHub/cs153a/vitis/lab3b_vitis/lab3a_platform/export/lab3a_platform/hw/design_1_wrapper.xsa'.
18:20:08 INFO  : 'configparams mdm-detect-bscan-mask 2' command is executed.
18:20:08 INFO  : Context for processor 'microblaze_0' is selected.
18:20:08 INFO  : System reset is completed.
18:20:11 INFO  : 'after 3000' command is executed.
18:20:11 INFO  : Context for processor 'microblaze_0' is selected.
18:20:11 INFO  : The application 'C:/Users/tejasvissapragada/Documents/GitHub/cs153a/vitis/lab3b_vitis/lab3a_application/Debug/lab3a_application.elf' is downloaded to processor 'microblaze_0'.
18:20:11 INFO  : ----------------XSDB Script----------------
connect -url tcp:127.0.0.1:3121
targets -set -filter {jtag_cable_name =~ "Digilent Nexys A7 -100T 210292BCFA48A" && level==0 && jtag_device_ctx=="jsn-Nexys A7 -100T-210292BCFA48A-13631093-0"}
fpga -file C:/Users/tejasvissapragada/Documents/GitHub/cs153a/vitis/lab3b_vitis/lab3a_application/_ide/bitstream/design_1_wrapper.bit
targets -set -nocase -filter {name =~ "*microblaze*#0" && bscan=="USER2" }
loadhw -hw C:/Users/tejasvissapragada/Documents/GitHub/cs153a/vitis/lab3b_vitis/lab3a_platform/export/lab3a_platform/hw/design_1_wrapper.xsa -regs
configparams mdm-detect-bscan-mask 2
targets -set -nocase -filter {name =~ "*microblaze*#0" && bscan=="USER2" }
rst -system
after 3000
targets -set -nocase -filter {name =~ "*microblaze*#0" && bscan=="USER2" }
dow C:/Users/tejasvissapragada/Documents/GitHub/cs153a/vitis/lab3b_vitis/lab3a_application/Debug/lab3a_application.elf
----------------End of Script----------------

18:20:11 INFO  : Context for processor 'microblaze_0' is selected.
18:20:11 INFO  : 'con' command is executed.
18:20:11 INFO  : ----------------XSDB Script (After Launch)----------------
targets -set -nocase -filter {name =~ "*microblaze*#0" && bscan=="USER2" }
con
----------------End of Script----------------

18:20:11 INFO  : Launch script is exported to file 'C:\Users\tejasvissapragada\Documents\GitHub\cs153a\vitis\lab3b_vitis\lab3a_system\_ide\scripts\debugger_lab3a_application-default.tcl'
18:20:58 INFO  : Checking for BSP changes to sync application flags for project 'lab3a_application'...
18:21:19 INFO  : Disconnected from the channel tcfchan#7.
18:21:20 INFO  : Connected to target on host '127.0.0.1' and port '3121'.
18:21:29 INFO  : ----------------XSDB Script----------------
connect -url tcp:127.0.0.1:3121
----------------End of Script----------------

18:21:29 ERROR : Could not find FPGA device on the board for connection 'Local'.


Troubleshooting hints:
1. Check whether board is connected to system properly.
2. In case of zynq board, check whether Digilent/Xilinx cable switch settings are correct.
3. If you are using Xilinx Platform Cable USB, ensure that status LED is green.
18:21:35 INFO  : Connected to target on host '127.0.0.1' and port '3121'.
18:21:35 INFO  : Jtag cable 'Digilent Nexys A7 -100T 210292BCFA48A' is selected.
18:21:35 INFO  : 'jtag frequency' command is executed.
18:21:35 INFO  : 'targets -set -filter {jtag_cable_name =~ "Digilent Nexys A7 -100T 210292BCFA48A" && level==0 && jtag_device_ctx=="jsn-Nexys A7 -100T-210292BCFA48A-13631093-0"}' command is executed.
18:21:38 INFO  : Device configured successfully with "C:/Users/tejasvissapragada/Documents/GitHub/cs153a/vitis/lab3b_vitis/lab3a_application/_ide/bitstream/design_1_wrapper.bit"
18:21:38 INFO  : Context for processor 'microblaze_0' is selected.
18:21:38 INFO  : Hardware design and registers information is loaded from 'C:/Users/tejasvissapragada/Documents/GitHub/cs153a/vitis/lab3b_vitis/lab3a_platform/export/lab3a_platform/hw/design_1_wrapper.xsa'.
18:21:38 INFO  : 'configparams mdm-detect-bscan-mask 2' command is executed.
18:21:38 INFO  : Context for processor 'microblaze_0' is selected.
18:21:38 INFO  : System reset is completed.
18:21:41 INFO  : 'after 3000' command is executed.
18:21:41 INFO  : Context for processor 'microblaze_0' is selected.
18:21:41 INFO  : The application 'C:/Users/tejasvissapragada/Documents/GitHub/cs153a/vitis/lab3b_vitis/lab3a_application/Debug/lab3a_application.elf' is downloaded to processor 'microblaze_0'.
18:21:41 INFO  : ----------------XSDB Script----------------
connect -url tcp:127.0.0.1:3121
targets -set -filter {jtag_cable_name =~ "Digilent Nexys A7 -100T 210292BCFA48A" && level==0 && jtag_device_ctx=="jsn-Nexys A7 -100T-210292BCFA48A-13631093-0"}
fpga -file C:/Users/tejasvissapragada/Documents/GitHub/cs153a/vitis/lab3b_vitis/lab3a_application/_ide/bitstream/design_1_wrapper.bit
targets -set -nocase -filter {name =~ "*microblaze*#0" && bscan=="USER2" }
loadhw -hw C:/Users/tejasvissapragada/Documents/GitHub/cs153a/vitis/lab3b_vitis/lab3a_platform/export/lab3a_platform/hw/design_1_wrapper.xsa -regs
configparams mdm-detect-bscan-mask 2
targets -set -nocase -filter {name =~ "*microblaze*#0" && bscan=="USER2" }
rst -system
after 3000
targets -set -nocase -filter {name =~ "*microblaze*#0" && bscan=="USER2" }
dow C:/Users/tejasvissapragada/Documents/GitHub/cs153a/vitis/lab3b_vitis/lab3a_application/Debug/lab3a_application.elf
----------------End of Script----------------

18:21:41 INFO  : Context for processor 'microblaze_0' is selected.
18:21:41 INFO  : 'con' command is executed.
18:21:41 INFO  : ----------------XSDB Script (After Launch)----------------
targets -set -nocase -filter {name =~ "*microblaze*#0" && bscan=="USER2" }
con
----------------End of Script----------------

18:21:41 INFO  : Launch script is exported to file 'C:\Users\tejasvissapragada\Documents\GitHub\cs153a\vitis\lab3b_vitis\lab3a_system\_ide\scripts\debugger_lab3a_application-default.tcl'
18:30:50 INFO  : Checking for BSP changes to sync application flags for project 'lab3a_application'...
18:32:49 INFO  : Checking for BSP changes to sync application flags for project 'lab3a_application'...
18:33:41 INFO  : Checking for BSP changes to sync application flags for project 'lab3a_application'...
18:33:56 INFO  : Checking for BSP changes to sync application flags for project 'lab3a_application'...
18:34:23 INFO  : Checking for BSP changes to sync application flags for project 'lab3a_application'...
18:34:35 INFO  : Checking for BSP changes to sync application flags for project 'lab3a_application'...
18:37:20 INFO  : Checking for BSP changes to sync application flags for project 'lab3a_application'...
18:38:52 INFO  : Checking for BSP changes to sync application flags for project 'lab3a_application'...
18:39:07 INFO  : Checking for BSP changes to sync application flags for project 'lab3a_application'...
18:40:37 INFO  : Checking for BSP changes to sync application flags for project 'lab3a_application'...
18:45:52 INFO  : Checking for BSP changes to sync application flags for project 'lab3a_application'...
18:45:57 INFO  : Disconnected from the channel tcfchan#8.
18:45:58 INFO  : Connected to target on host '127.0.0.1' and port '3121'.
18:46:07 INFO  : ----------------XSDB Script----------------
connect -url tcp:127.0.0.1:3121
----------------End of Script----------------

18:46:07 ERROR : Could not find FPGA device on the board for connection 'Local'.


Troubleshooting hints:
1. Check whether board is connected to system properly.
2. In case of zynq board, check whether Digilent/Xilinx cable switch settings are correct.
3. If you are using Xilinx Platform Cable USB, ensure that status LED is green.
18:46:10 INFO  : Connected to target on host '127.0.0.1' and port '3121'.
18:46:11 INFO  : Jtag cable 'Digilent Nexys A7 -100T 210292BCFA48A' is selected.
18:46:11 INFO  : 'jtag frequency' command is executed.
18:46:11 INFO  : 'targets -set -filter {jtag_cable_name =~ "Digilent Nexys A7 -100T 210292BCFA48A" && level==0 && jtag_device_ctx=="jsn-Nexys A7 -100T-210292BCFA48A-13631093-0"}' command is executed.
18:46:13 INFO  : Device configured successfully with "C:/Users/tejasvissapragada/Documents/GitHub/cs153a/vitis/lab3b_vitis/lab3a_application/_ide/bitstream/design_1_wrapper.bit"
18:46:13 INFO  : Context for processor 'microblaze_0' is selected.
18:46:13 INFO  : Hardware design and registers information is loaded from 'C:/Users/tejasvissapragada/Documents/GitHub/cs153a/vitis/lab3b_vitis/lab3a_platform/export/lab3a_platform/hw/design_1_wrapper.xsa'.
18:46:13 INFO  : 'configparams mdm-detect-bscan-mask 2' command is executed.
18:46:13 INFO  : Context for processor 'microblaze_0' is selected.
18:46:13 INFO  : System reset is completed.
18:46:16 INFO  : 'after 3000' command is executed.
18:46:16 INFO  : Context for processor 'microblaze_0' is selected.
18:46:16 INFO  : The application 'C:/Users/tejasvissapragada/Documents/GitHub/cs153a/vitis/lab3b_vitis/lab3a_application/Debug/lab3a_application.elf' is downloaded to processor 'microblaze_0'.
18:46:16 INFO  : ----------------XSDB Script----------------
connect -url tcp:127.0.0.1:3121
targets -set -filter {jtag_cable_name =~ "Digilent Nexys A7 -100T 210292BCFA48A" && level==0 && jtag_device_ctx=="jsn-Nexys A7 -100T-210292BCFA48A-13631093-0"}
fpga -file C:/Users/tejasvissapragada/Documents/GitHub/cs153a/vitis/lab3b_vitis/lab3a_application/_ide/bitstream/design_1_wrapper.bit
targets -set -nocase -filter {name =~ "*microblaze*#0" && bscan=="USER2" }
loadhw -hw C:/Users/tejasvissapragada/Documents/GitHub/cs153a/vitis/lab3b_vitis/lab3a_platform/export/lab3a_platform/hw/design_1_wrapper.xsa -regs
configparams mdm-detect-bscan-mask 2
targets -set -nocase -filter {name =~ "*microblaze*#0" && bscan=="USER2" }
rst -system
after 3000
targets -set -nocase -filter {name =~ "*microblaze*#0" && bscan=="USER2" }
dow C:/Users/tejasvissapragada/Documents/GitHub/cs153a/vitis/lab3b_vitis/lab3a_application/Debug/lab3a_application.elf
----------------End of Script----------------

18:46:16 INFO  : Context for processor 'microblaze_0' is selected.
18:46:16 INFO  : 'con' command is executed.
18:46:16 INFO  : ----------------XSDB Script (After Launch)----------------
targets -set -nocase -filter {name =~ "*microblaze*#0" && bscan=="USER2" }
con
----------------End of Script----------------

18:46:16 INFO  : Launch script is exported to file 'C:\Users\tejasvissapragada\Documents\GitHub\cs153a\vitis\lab3b_vitis\lab3a_system\_ide\scripts\debugger_lab3a_application-default.tcl'
19:01:11 DEBUG : Logs will be stored at 'C:/Users/tejasvissapragada/Documents/GitHub/cs153a/vitis/lab3b_vitis/IDE.log'.
19:01:12 INFO  : Launching XSCT server: xsct.bat -n  -interactive C:\Users\tejasvissapragada\Documents\GitHub\cs153a\vitis\lab3b_vitis\temp_xsdb_launch_script.tcl
19:01:18 INFO  : Registering command handlers for Vitis TCF services
19:01:19 INFO  : Platform repository initialization has completed.
19:01:20 INFO  : XSCT server has started successfully.
19:01:20 INFO  : plnx-install-location is set to ''
19:01:20 INFO  : Successfully done setting XSCT server connection channel  
19:01:20 INFO  : Successfully done query RDI_DATADIR 
19:01:20 INFO  : Successfully done setting workspace for the tool. 
19:11:19 INFO  : Result from executing command 'getProjects': lab3a_platform
19:11:19 INFO  : Result from executing command 'getPlatforms': xilinx_vck190_base_202210_1|C:/Xilinx/Vitis/2022.1/base_platforms/xilinx_vck190_base_202210_1/xilinx_vck190_base_202210_1.xpfm;xilinx_vck190_base_dfx_202210_1|C:/Xilinx/Vitis/2022.1/base_platforms/xilinx_vck190_base_dfx_202210_1/xilinx_vck190_base_dfx_202210_1.xpfm;xilinx_vmk180_base_202210_1|C:/Xilinx/Vitis/2022.1/base_platforms/xilinx_vmk180_base_202210_1/xilinx_vmk180_base_202210_1.xpfm;xilinx_zcu102_base_202210_1|C:/Xilinx/Vitis/2022.1/base_platforms/xilinx_zcu102_base_202210_1/xilinx_zcu102_base_202210_1.xpfm;xilinx_zcu102_base_dfx_202210_1|C:/Xilinx/Vitis/2022.1/base_platforms/xilinx_zcu102_base_dfx_202210_1/xilinx_zcu102_base_dfx_202210_1.xpfm;xilinx_zcu104_base_202210_1|C:/Xilinx/Vitis/2022.1/base_platforms/xilinx_zcu104_base_202210_1/xilinx_zcu104_base_202210_1.xpfm
19:11:21 INFO  : Checking for BSP changes to sync application flags for project 'lab3a_application'...
19:11:36 INFO  : Connected to target on host '127.0.0.1' and port '3121'.
19:11:38 INFO  : Jtag cable 'Digilent Nexys A7 -100T 210292BCFA48A' is selected.
19:11:38 INFO  : 'jtag frequency' command is executed.
19:11:39 INFO  : 'targets -set -filter {jtag_cable_name =~ "Digilent Nexys A7 -100T 210292BCFA48A" && level==0 && jtag_device_ctx=="jsn-Nexys A7 -100T-210292BCFA48A-13631093-0"}' command is executed.
19:11:41 INFO  : Device configured successfully with "C:/Users/tejasvissapragada/Documents/GitHub/cs153a/vitis/lab3b_vitis/lab3a_application/_ide/bitstream/design_1_wrapper.bit"
19:11:41 INFO  : Context for processor 'microblaze_0' is selected.
19:11:42 INFO  : Hardware design and registers information is loaded from 'C:/Users/tejasvissapragada/Documents/GitHub/cs153a/vitis/lab3b_vitis/lab3a_platform/export/lab3a_platform/hw/design_1_wrapper.xsa'.
19:11:42 INFO  : 'configparams mdm-detect-bscan-mask 2' command is executed.
19:11:42 INFO  : Context for processor 'microblaze_0' is selected.
19:11:42 INFO  : System reset is completed.
19:11:45 INFO  : 'after 3000' command is executed.
19:11:46 INFO  : Context for processor 'microblaze_0' is selected.
19:11:47 INFO  : The application 'C:/Users/tejasvissapragada/Documents/GitHub/cs153a/vitis/lab3b_vitis/lab3a_application/Debug/lab3a_application.elf' is downloaded to processor 'microblaze_0'.
19:11:47 INFO  : ----------------XSDB Script----------------
connect -url tcp:127.0.0.1:3121
targets -set -filter {jtag_cable_name =~ "Digilent Nexys A7 -100T 210292BCFA48A" && level==0 && jtag_device_ctx=="jsn-Nexys A7 -100T-210292BCFA48A-13631093-0"}
fpga -file C:/Users/tejasvissapragada/Documents/GitHub/cs153a/vitis/lab3b_vitis/lab3a_application/_ide/bitstream/design_1_wrapper.bit
targets -set -nocase -filter {name =~ "*microblaze*#0" && bscan=="USER2" }
loadhw -hw C:/Users/tejasvissapragada/Documents/GitHub/cs153a/vitis/lab3b_vitis/lab3a_platform/export/lab3a_platform/hw/design_1_wrapper.xsa -regs
configparams mdm-detect-bscan-mask 2
targets -set -nocase -filter {name =~ "*microblaze*#0" && bscan=="USER2" }
rst -system
after 3000
targets -set -nocase -filter {name =~ "*microblaze*#0" && bscan=="USER2" }
dow C:/Users/tejasvissapragada/Documents/GitHub/cs153a/vitis/lab3b_vitis/lab3a_application/Debug/lab3a_application.elf
----------------End of Script----------------

19:11:47 INFO  : Context for processor 'microblaze_0' is selected.
19:11:47 INFO  : 'con' command is executed.
19:11:47 INFO  : ----------------XSDB Script (After Launch)----------------
targets -set -nocase -filter {name =~ "*microblaze*#0" && bscan=="USER2" }
con
----------------End of Script----------------

19:11:47 INFO  : Launch script is exported to file 'C:\Users\tejasvissapragada\Documents\GitHub\cs153a\vitis\lab3b_vitis\lab3a_system\_ide\scripts\debugger_lab3a_application-default.tcl'
19:12:28 INFO  : Disconnected from the channel tcfchan#2.
19:12:29 INFO  : Connected to target on host '127.0.0.1' and port '3121'.
19:12:38 INFO  : ----------------XSDB Script----------------
connect -url tcp:127.0.0.1:3121
----------------End of Script----------------

19:12:38 ERROR : Could not find FPGA device on the board for connection 'Local'.


Troubleshooting hints:
1. Check whether board is connected to system properly.
2. In case of zynq board, check whether Digilent/Xilinx cable switch settings are correct.
3. If you are using Xilinx Platform Cable USB, ensure that status LED is green.
19:12:41 INFO  : Connected to target on host '127.0.0.1' and port '3121'.
19:12:41 INFO  : Jtag cable 'Digilent Nexys A7 -100T 210292BCFA48A' is selected.
19:12:41 INFO  : 'jtag frequency' command is executed.
19:12:41 INFO  : 'targets -set -filter {jtag_cable_name =~ "Digilent Nexys A7 -100T 210292BCFA48A" && level==0 && jtag_device_ctx=="jsn-Nexys A7 -100T-210292BCFA48A-13631093-0"}' command is executed.
19:12:44 INFO  : Device configured successfully with "C:/Users/tejasvissapragada/Documents/GitHub/cs153a/vitis/lab3b_vitis/lab3a_application/_ide/bitstream/design_1_wrapper.bit"
19:12:44 INFO  : Context for processor 'microblaze_0' is selected.
19:12:44 INFO  : Hardware design and registers information is loaded from 'C:/Users/tejasvissapragada/Documents/GitHub/cs153a/vitis/lab3b_vitis/lab3a_platform/export/lab3a_platform/hw/design_1_wrapper.xsa'.
19:12:44 INFO  : 'configparams mdm-detect-bscan-mask 2' command is executed.
19:12:44 INFO  : Context for processor 'microblaze_0' is selected.
19:12:44 INFO  : System reset is completed.
19:12:47 INFO  : 'after 3000' command is executed.
19:12:47 INFO  : Context for processor 'microblaze_0' is selected.
19:12:47 INFO  : The application 'C:/Users/tejasvissapragada/Documents/GitHub/cs153a/vitis/lab3b_vitis/lab3a_application/Debug/lab3a_application.elf' is downloaded to processor 'microblaze_0'.
19:12:47 INFO  : ----------------XSDB Script----------------
connect -url tcp:127.0.0.1:3121
targets -set -filter {jtag_cable_name =~ "Digilent Nexys A7 -100T 210292BCFA48A" && level==0 && jtag_device_ctx=="jsn-Nexys A7 -100T-210292BCFA48A-13631093-0"}
fpga -file C:/Users/tejasvissapragada/Documents/GitHub/cs153a/vitis/lab3b_vitis/lab3a_application/_ide/bitstream/design_1_wrapper.bit
targets -set -nocase -filter {name =~ "*microblaze*#0" && bscan=="USER2" }
loadhw -hw C:/Users/tejasvissapragada/Documents/GitHub/cs153a/vitis/lab3b_vitis/lab3a_platform/export/lab3a_platform/hw/design_1_wrapper.xsa -regs
configparams mdm-detect-bscan-mask 2
targets -set -nocase -filter {name =~ "*microblaze*#0" && bscan=="USER2" }
rst -system
after 3000
targets -set -nocase -filter {name =~ "*microblaze*#0" && bscan=="USER2" }
dow C:/Users/tejasvissapragada/Documents/GitHub/cs153a/vitis/lab3b_vitis/lab3a_application/Debug/lab3a_application.elf
----------------End of Script----------------

19:12:47 INFO  : Context for processor 'microblaze_0' is selected.
19:12:47 INFO  : 'con' command is executed.
19:12:47 INFO  : ----------------XSDB Script (After Launch)----------------
targets -set -nocase -filter {name =~ "*microblaze*#0" && bscan=="USER2" }
con
----------------End of Script----------------

19:12:47 INFO  : Launch script is exported to file 'C:\Users\tejasvissapragada\Documents\GitHub\cs153a\vitis\lab3b_vitis\lab3a_system\_ide\scripts\debugger_lab3a_application-default.tcl'
19:20:26 INFO  : Checking for BSP changes to sync application flags for project 'lab3a_application'...
19:20:31 INFO  : Disconnected from the channel tcfchan#3.
19:20:32 INFO  : Connected to target on host '127.0.0.1' and port '3121'.
19:20:32 INFO  : Jtag cable 'Digilent Nexys A7 -100T 210292BCFA48A' is selected.
19:20:32 INFO  : 'jtag frequency' command is executed.
19:20:32 INFO  : 'targets -set -filter {jtag_cable_name =~ "Digilent Nexys A7 -100T 210292BCFA48A" && level==0 && jtag_device_ctx=="jsn-Nexys A7 -100T-210292BCFA48A-13631093-0"}' command is executed.
19:20:34 INFO  : Device configured successfully with "C:/Users/tejasvissapragada/Documents/GitHub/cs153a/vitis/lab3b_vitis/lab3a_application/_ide/bitstream/design_1_wrapper.bit"
19:20:34 INFO  : Context for processor 'microblaze_0' is selected.
19:20:34 INFO  : Hardware design and registers information is loaded from 'C:/Users/tejasvissapragada/Documents/GitHub/cs153a/vitis/lab3b_vitis/lab3a_platform/export/lab3a_platform/hw/design_1_wrapper.xsa'.
19:20:34 INFO  : 'configparams mdm-detect-bscan-mask 2' command is executed.
19:20:34 INFO  : Context for processor 'microblaze_0' is selected.
19:20:34 INFO  : System reset is completed.
19:20:37 INFO  : 'after 3000' command is executed.
19:20:37 INFO  : Context for processor 'microblaze_0' is selected.
19:20:38 INFO  : The application 'C:/Users/tejasvissapragada/Documents/GitHub/cs153a/vitis/lab3b_vitis/lab3a_application/Debug/lab3a_application.elf' is downloaded to processor 'microblaze_0'.
19:20:38 INFO  : ----------------XSDB Script----------------
connect -url tcp:127.0.0.1:3121
targets -set -filter {jtag_cable_name =~ "Digilent Nexys A7 -100T 210292BCFA48A" && level==0 && jtag_device_ctx=="jsn-Nexys A7 -100T-210292BCFA48A-13631093-0"}
fpga -file C:/Users/tejasvissapragada/Documents/GitHub/cs153a/vitis/lab3b_vitis/lab3a_application/_ide/bitstream/design_1_wrapper.bit
targets -set -nocase -filter {name =~ "*microblaze*#0" && bscan=="USER2" }
loadhw -hw C:/Users/tejasvissapragada/Documents/GitHub/cs153a/vitis/lab3b_vitis/lab3a_platform/export/lab3a_platform/hw/design_1_wrapper.xsa -regs
configparams mdm-detect-bscan-mask 2
targets -set -nocase -filter {name =~ "*microblaze*#0" && bscan=="USER2" }
rst -system
after 3000
targets -set -nocase -filter {name =~ "*microblaze*#0" && bscan=="USER2" }
dow C:/Users/tejasvissapragada/Documents/GitHub/cs153a/vitis/lab3b_vitis/lab3a_application/Debug/lab3a_application.elf
----------------End of Script----------------

19:20:38 INFO  : Context for processor 'microblaze_0' is selected.
19:20:38 INFO  : 'con' command is executed.
19:20:38 INFO  : ----------------XSDB Script (After Launch)----------------
targets -set -nocase -filter {name =~ "*microblaze*#0" && bscan=="USER2" }
con
----------------End of Script----------------

19:20:38 INFO  : Launch script is exported to file 'C:\Users\tejasvissapragada\Documents\GitHub\cs153a\vitis\lab3b_vitis\lab3a_system\_ide\scripts\debugger_lab3a_application-default.tcl'
19:24:06 INFO  : Checking for BSP changes to sync application flags for project 'lab3a_application'...
19:24:12 INFO  : Disconnected from the channel tcfchan#4.
19:24:13 INFO  : Connected to target on host '127.0.0.1' and port '3121'.
19:24:22 INFO  : ----------------XSDB Script----------------
connect -url tcp:127.0.0.1:3121
----------------End of Script----------------

19:24:22 ERROR : Could not find FPGA device on the board for connection 'Local'.


Troubleshooting hints:
1. Check whether board is connected to system properly.
2. In case of zynq board, check whether Digilent/Xilinx cable switch settings are correct.
3. If you are using Xilinx Platform Cable USB, ensure that status LED is green.
19:24:25 INFO  : Connected to target on host '127.0.0.1' and port '3121'.
19:24:26 INFO  : Jtag cable 'Digilent Nexys A7 -100T 210292BCFA48A' is selected.
19:24:26 INFO  : 'jtag frequency' command is executed.
19:24:26 INFO  : 'targets -set -filter {jtag_cable_name =~ "Digilent Nexys A7 -100T 210292BCFA48A" && level==0 && jtag_device_ctx=="jsn-Nexys A7 -100T-210292BCFA48A-13631093-0"}' command is executed.
19:24:28 INFO  : Device configured successfully with "C:/Users/tejasvissapragada/Documents/GitHub/cs153a/vitis/lab3b_vitis/lab3a_application/_ide/bitstream/design_1_wrapper.bit"
19:24:28 INFO  : Context for processor 'microblaze_0' is selected.
19:24:28 INFO  : Hardware design and registers information is loaded from 'C:/Users/tejasvissapragada/Documents/GitHub/cs153a/vitis/lab3b_vitis/lab3a_platform/export/lab3a_platform/hw/design_1_wrapper.xsa'.
19:24:28 INFO  : 'configparams mdm-detect-bscan-mask 2' command is executed.
19:24:28 INFO  : Context for processor 'microblaze_0' is selected.
19:24:28 INFO  : System reset is completed.
19:24:31 INFO  : 'after 3000' command is executed.
19:24:31 INFO  : Context for processor 'microblaze_0' is selected.
19:24:31 INFO  : The application 'C:/Users/tejasvissapragada/Documents/GitHub/cs153a/vitis/lab3b_vitis/lab3a_application/Debug/lab3a_application.elf' is downloaded to processor 'microblaze_0'.
19:24:31 INFO  : ----------------XSDB Script----------------
connect -url tcp:127.0.0.1:3121
targets -set -filter {jtag_cable_name =~ "Digilent Nexys A7 -100T 210292BCFA48A" && level==0 && jtag_device_ctx=="jsn-Nexys A7 -100T-210292BCFA48A-13631093-0"}
fpga -file C:/Users/tejasvissapragada/Documents/GitHub/cs153a/vitis/lab3b_vitis/lab3a_application/_ide/bitstream/design_1_wrapper.bit
targets -set -nocase -filter {name =~ "*microblaze*#0" && bscan=="USER2" }
loadhw -hw C:/Users/tejasvissapragada/Documents/GitHub/cs153a/vitis/lab3b_vitis/lab3a_platform/export/lab3a_platform/hw/design_1_wrapper.xsa -regs
configparams mdm-detect-bscan-mask 2
targets -set -nocase -filter {name =~ "*microblaze*#0" && bscan=="USER2" }
rst -system
after 3000
targets -set -nocase -filter {name =~ "*microblaze*#0" && bscan=="USER2" }
dow C:/Users/tejasvissapragada/Documents/GitHub/cs153a/vitis/lab3b_vitis/lab3a_application/Debug/lab3a_application.elf
----------------End of Script----------------

19:24:32 INFO  : Context for processor 'microblaze_0' is selected.
19:24:32 INFO  : 'con' command is executed.
19:24:32 INFO  : ----------------XSDB Script (After Launch)----------------
targets -set -nocase -filter {name =~ "*microblaze*#0" && bscan=="USER2" }
con
----------------End of Script----------------

19:24:32 INFO  : Launch script is exported to file 'C:\Users\tejasvissapragada\Documents\GitHub\cs153a\vitis\lab3b_vitis\lab3a_system\_ide\scripts\debugger_lab3a_application-default.tcl'
19:31:52 INFO  : Checking for BSP changes to sync application flags for project 'lab3a_application'...
19:32:52 INFO  : Checking for BSP changes to sync application flags for project 'lab3a_application'...
19:33:00 INFO  : Checking for BSP changes to sync application flags for project 'lab3a_application'...
19:33:12 INFO  : Checking for BSP changes to sync application flags for project 'lab3a_application'...
19:33:16 INFO  : Disconnected from the channel tcfchan#5.
19:33:17 INFO  : Connected to target on host '127.0.0.1' and port '3121'.
19:33:26 INFO  : ----------------XSDB Script----------------
connect -url tcp:127.0.0.1:3121
----------------End of Script----------------

19:33:26 ERROR : Could not find FPGA device on the board for connection 'Local'.


Troubleshooting hints:
1. Check whether board is connected to system properly.
2. In case of zynq board, check whether Digilent/Xilinx cable switch settings are correct.
3. If you are using Xilinx Platform Cable USB, ensure that status LED is green.
19:33:31 INFO  : Connected to target on host '127.0.0.1' and port '3121'.
19:33:31 INFO  : Jtag cable 'Digilent Nexys A7 -100T 210292BCFA48A' is selected.
19:33:31 INFO  : 'jtag frequency' command is executed.
19:33:31 INFO  : 'targets -set -filter {jtag_cable_name =~ "Digilent Nexys A7 -100T 210292BCFA48A" && level==0 && jtag_device_ctx=="jsn-Nexys A7 -100T-210292BCFA48A-13631093-0"}' command is executed.
19:33:33 INFO  : Device configured successfully with "C:/Users/tejasvissapragada/Documents/GitHub/cs153a/vitis/lab3b_vitis/lab3a_application/_ide/bitstream/design_1_wrapper.bit"
19:33:33 INFO  : Context for processor 'microblaze_0' is selected.
19:33:33 INFO  : Hardware design and registers information is loaded from 'C:/Users/tejasvissapragada/Documents/GitHub/cs153a/vitis/lab3b_vitis/lab3a_platform/export/lab3a_platform/hw/design_1_wrapper.xsa'.
19:33:33 INFO  : 'configparams mdm-detect-bscan-mask 2' command is executed.
19:33:33 INFO  : Context for processor 'microblaze_0' is selected.
19:33:33 INFO  : System reset is completed.
19:33:36 INFO  : 'after 3000' command is executed.
19:33:36 INFO  : Context for processor 'microblaze_0' is selected.
19:33:37 INFO  : The application 'C:/Users/tejasvissapragada/Documents/GitHub/cs153a/vitis/lab3b_vitis/lab3a_application/Debug/lab3a_application.elf' is downloaded to processor 'microblaze_0'.
19:33:37 INFO  : ----------------XSDB Script----------------
connect -url tcp:127.0.0.1:3121
targets -set -filter {jtag_cable_name =~ "Digilent Nexys A7 -100T 210292BCFA48A" && level==0 && jtag_device_ctx=="jsn-Nexys A7 -100T-210292BCFA48A-13631093-0"}
fpga -file C:/Users/tejasvissapragada/Documents/GitHub/cs153a/vitis/lab3b_vitis/lab3a_application/_ide/bitstream/design_1_wrapper.bit
targets -set -nocase -filter {name =~ "*microblaze*#0" && bscan=="USER2" }
loadhw -hw C:/Users/tejasvissapragada/Documents/GitHub/cs153a/vitis/lab3b_vitis/lab3a_platform/export/lab3a_platform/hw/design_1_wrapper.xsa -regs
configparams mdm-detect-bscan-mask 2
targets -set -nocase -filter {name =~ "*microblaze*#0" && bscan=="USER2" }
rst -system
after 3000
targets -set -nocase -filter {name =~ "*microblaze*#0" && bscan=="USER2" }
dow C:/Users/tejasvissapragada/Documents/GitHub/cs153a/vitis/lab3b_vitis/lab3a_application/Debug/lab3a_application.elf
----------------End of Script----------------

19:33:37 INFO  : Context for processor 'microblaze_0' is selected.
19:33:37 INFO  : 'con' command is executed.
19:33:37 INFO  : ----------------XSDB Script (After Launch)----------------
targets -set -nocase -filter {name =~ "*microblaze*#0" && bscan=="USER2" }
con
----------------End of Script----------------

19:33:37 INFO  : Launch script is exported to file 'C:\Users\tejasvissapragada\Documents\GitHub\cs153a\vitis\lab3b_vitis\lab3a_system\_ide\scripts\debugger_lab3a_application-default.tcl'
19:37:10 INFO  : Checking for BSP changes to sync application flags for project 'lab3a_application'...
19:37:14 INFO  : Disconnected from the channel tcfchan#6.
19:37:15 INFO  : Connected to target on host '127.0.0.1' and port '3121'.
19:37:24 INFO  : ----------------XSDB Script----------------
connect -url tcp:127.0.0.1:3121
----------------End of Script----------------

19:37:24 ERROR : Could not find FPGA device on the board for connection 'Local'.


Troubleshooting hints:
1. Check whether board is connected to system properly.
2. In case of zynq board, check whether Digilent/Xilinx cable switch settings are correct.
3. If you are using Xilinx Platform Cable USB, ensure that status LED is green.
19:37:28 INFO  : Checking for BSP changes to sync application flags for project 'lab3a_application'...
19:38:00 INFO  : Connected to target on host '127.0.0.1' and port '3121'.
19:38:00 INFO  : Jtag cable 'Digilent Nexys A7 -100T 210292BCFA48A' is selected.
19:38:00 INFO  : 'jtag frequency' command is executed.
19:38:00 INFO  : 'targets -set -filter {jtag_cable_name =~ "Digilent Nexys A7 -100T 210292BCFA48A" && level==0 && jtag_device_ctx=="jsn-Nexys A7 -100T-210292BCFA48A-13631093-0"}' command is executed.
19:38:03 INFO  : Device configured successfully with "C:/Users/tejasvissapragada/Documents/GitHub/cs153a/vitis/lab3b_vitis/lab3a_application/_ide/bitstream/design_1_wrapper.bit"
19:38:03 INFO  : Context for processor 'microblaze_0' is selected.
19:38:03 INFO  : Hardware design and registers information is loaded from 'C:/Users/tejasvissapragada/Documents/GitHub/cs153a/vitis/lab3b_vitis/lab3a_platform/export/lab3a_platform/hw/design_1_wrapper.xsa'.
19:38:03 INFO  : 'configparams mdm-detect-bscan-mask 2' command is executed.
19:38:03 INFO  : Context for processor 'microblaze_0' is selected.
19:38:03 INFO  : System reset is completed.
19:38:06 INFO  : 'after 3000' command is executed.
19:38:06 INFO  : Context for processor 'microblaze_0' is selected.
19:38:06 INFO  : The application 'C:/Users/tejasvissapragada/Documents/GitHub/cs153a/vitis/lab3b_vitis/lab3a_application/Debug/lab3a_application.elf' is downloaded to processor 'microblaze_0'.
19:38:06 INFO  : ----------------XSDB Script----------------
connect -url tcp:127.0.0.1:3121
targets -set -filter {jtag_cable_name =~ "Digilent Nexys A7 -100T 210292BCFA48A" && level==0 && jtag_device_ctx=="jsn-Nexys A7 -100T-210292BCFA48A-13631093-0"}
fpga -file C:/Users/tejasvissapragada/Documents/GitHub/cs153a/vitis/lab3b_vitis/lab3a_application/_ide/bitstream/design_1_wrapper.bit
targets -set -nocase -filter {name =~ "*microblaze*#0" && bscan=="USER2" }
loadhw -hw C:/Users/tejasvissapragada/Documents/GitHub/cs153a/vitis/lab3b_vitis/lab3a_platform/export/lab3a_platform/hw/design_1_wrapper.xsa -regs
configparams mdm-detect-bscan-mask 2
targets -set -nocase -filter {name =~ "*microblaze*#0" && bscan=="USER2" }
rst -system
after 3000
targets -set -nocase -filter {name =~ "*microblaze*#0" && bscan=="USER2" }
dow C:/Users/tejasvissapragada/Documents/GitHub/cs153a/vitis/lab3b_vitis/lab3a_application/Debug/lab3a_application.elf
----------------End of Script----------------

19:38:06 INFO  : Context for processor 'microblaze_0' is selected.
19:38:06 INFO  : 'con' command is executed.
19:38:06 INFO  : ----------------XSDB Script (After Launch)----------------
targets -set -nocase -filter {name =~ "*microblaze*#0" && bscan=="USER2" }
con
----------------End of Script----------------

19:38:06 INFO  : Launch script is exported to file 'C:\Users\tejasvissapragada\Documents\GitHub\cs153a\vitis\lab3b_vitis\lab3a_system\_ide\scripts\debugger_lab3a_application-default.tcl'
19:40:03 INFO  : Checking for BSP changes to sync application flags for project 'lab3a_application'...
19:40:11 INFO  : Disconnected from the channel tcfchan#7.
19:40:12 INFO  : Connected to target on host '127.0.0.1' and port '3121'.
19:40:21 INFO  : ----------------XSDB Script----------------
connect -url tcp:127.0.0.1:3121
----------------End of Script----------------

19:40:21 ERROR : Could not find FPGA device on the board for connection 'Local'.


Troubleshooting hints:
1. Check whether board is connected to system properly.
2. In case of zynq board, check whether Digilent/Xilinx cable switch settings are correct.
3. If you are using Xilinx Platform Cable USB, ensure that status LED is green.
19:40:29 INFO  : Connected to target on host '127.0.0.1' and port '3121'.
19:40:30 INFO  : Jtag cable 'Digilent Nexys A7 -100T 210292BCFA48A' is selected.
19:40:30 INFO  : 'jtag frequency' command is executed.
19:40:30 INFO  : 'targets -set -filter {jtag_cable_name =~ "Digilent Nexys A7 -100T 210292BCFA48A" && level==0 && jtag_device_ctx=="jsn-Nexys A7 -100T-210292BCFA48A-13631093-0"}' command is executed.
19:40:32 INFO  : Device configured successfully with "C:/Users/tejasvissapragada/Documents/GitHub/cs153a/vitis/lab3b_vitis/lab3a_application/_ide/bitstream/design_1_wrapper.bit"
19:40:32 INFO  : Context for processor 'microblaze_0' is selected.
19:40:32 INFO  : Hardware design and registers information is loaded from 'C:/Users/tejasvissapragada/Documents/GitHub/cs153a/vitis/lab3b_vitis/lab3a_platform/export/lab3a_platform/hw/design_1_wrapper.xsa'.
19:40:32 INFO  : 'configparams mdm-detect-bscan-mask 2' command is executed.
19:40:32 INFO  : Context for processor 'microblaze_0' is selected.
19:40:32 INFO  : System reset is completed.
19:40:35 INFO  : 'after 3000' command is executed.
19:40:35 INFO  : Context for processor 'microblaze_0' is selected.
19:40:35 INFO  : The application 'C:/Users/tejasvissapragada/Documents/GitHub/cs153a/vitis/lab3b_vitis/lab3a_application/Debug/lab3a_application.elf' is downloaded to processor 'microblaze_0'.
19:40:35 INFO  : ----------------XSDB Script----------------
connect -url tcp:127.0.0.1:3121
targets -set -filter {jtag_cable_name =~ "Digilent Nexys A7 -100T 210292BCFA48A" && level==0 && jtag_device_ctx=="jsn-Nexys A7 -100T-210292BCFA48A-13631093-0"}
fpga -file C:/Users/tejasvissapragada/Documents/GitHub/cs153a/vitis/lab3b_vitis/lab3a_application/_ide/bitstream/design_1_wrapper.bit
targets -set -nocase -filter {name =~ "*microblaze*#0" && bscan=="USER2" }
loadhw -hw C:/Users/tejasvissapragada/Documents/GitHub/cs153a/vitis/lab3b_vitis/lab3a_platform/export/lab3a_platform/hw/design_1_wrapper.xsa -regs
configparams mdm-detect-bscan-mask 2
targets -set -nocase -filter {name =~ "*microblaze*#0" && bscan=="USER2" }
rst -system
after 3000
targets -set -nocase -filter {name =~ "*microblaze*#0" && bscan=="USER2" }
dow C:/Users/tejasvissapragada/Documents/GitHub/cs153a/vitis/lab3b_vitis/lab3a_application/Debug/lab3a_application.elf
----------------End of Script----------------

19:40:35 INFO  : Context for processor 'microblaze_0' is selected.
19:40:35 INFO  : 'con' command is executed.
19:40:35 INFO  : ----------------XSDB Script (After Launch)----------------
targets -set -nocase -filter {name =~ "*microblaze*#0" && bscan=="USER2" }
con
----------------End of Script----------------

19:40:35 INFO  : Launch script is exported to file 'C:\Users\tejasvissapragada\Documents\GitHub\cs153a\vitis\lab3b_vitis\lab3a_system\_ide\scripts\debugger_lab3a_application-default.tcl'
19:42:06 INFO  : Checking for BSP changes to sync application flags for project 'lab3a_application'...
19:42:23 INFO  : Disconnected from the channel tcfchan#8.
19:42:24 INFO  : Connected to target on host '127.0.0.1' and port '3121'.
19:42:33 INFO  : ----------------XSDB Script----------------
connect -url tcp:127.0.0.1:3121
----------------End of Script----------------

19:42:33 ERROR : Could not find FPGA device on the board for connection 'Local'.


Troubleshooting hints:
1. Check whether board is connected to system properly.
2. In case of zynq board, check whether Digilent/Xilinx cable switch settings are correct.
3. If you are using Xilinx Platform Cable USB, ensure that status LED is green.
19:42:36 INFO  : Connected to target on host '127.0.0.1' and port '3121'.
19:42:37 INFO  : Jtag cable 'Digilent Nexys A7 -100T 210292BCFA48A' is selected.
19:42:37 INFO  : 'jtag frequency' command is executed.
19:42:37 INFO  : 'targets -set -filter {jtag_cable_name =~ "Digilent Nexys A7 -100T 210292BCFA48A" && level==0 && jtag_device_ctx=="jsn-Nexys A7 -100T-210292BCFA48A-13631093-0"}' command is executed.
19:42:39 INFO  : Device configured successfully with "C:/Users/tejasvissapragada/Documents/GitHub/cs153a/vitis/lab3b_vitis/lab3a_application/_ide/bitstream/design_1_wrapper.bit"
19:42:39 INFO  : Context for processor 'microblaze_0' is selected.
19:42:39 INFO  : Hardware design and registers information is loaded from 'C:/Users/tejasvissapragada/Documents/GitHub/cs153a/vitis/lab3b_vitis/lab3a_platform/export/lab3a_platform/hw/design_1_wrapper.xsa'.
19:42:39 INFO  : 'configparams mdm-detect-bscan-mask 2' command is executed.
19:42:39 INFO  : Context for processor 'microblaze_0' is selected.
19:42:39 INFO  : System reset is completed.
19:42:42 INFO  : 'after 3000' command is executed.
19:42:42 INFO  : Context for processor 'microblaze_0' is selected.
19:42:42 INFO  : The application 'C:/Users/tejasvissapragada/Documents/GitHub/cs153a/vitis/lab3b_vitis/lab3a_application/Debug/lab3a_application.elf' is downloaded to processor 'microblaze_0'.
19:42:42 INFO  : ----------------XSDB Script----------------
connect -url tcp:127.0.0.1:3121
targets -set -filter {jtag_cable_name =~ "Digilent Nexys A7 -100T 210292BCFA48A" && level==0 && jtag_device_ctx=="jsn-Nexys A7 -100T-210292BCFA48A-13631093-0"}
fpga -file C:/Users/tejasvissapragada/Documents/GitHub/cs153a/vitis/lab3b_vitis/lab3a_application/_ide/bitstream/design_1_wrapper.bit
targets -set -nocase -filter {name =~ "*microblaze*#0" && bscan=="USER2" }
loadhw -hw C:/Users/tejasvissapragada/Documents/GitHub/cs153a/vitis/lab3b_vitis/lab3a_platform/export/lab3a_platform/hw/design_1_wrapper.xsa -regs
configparams mdm-detect-bscan-mask 2
targets -set -nocase -filter {name =~ "*microblaze*#0" && bscan=="USER2" }
rst -system
after 3000
targets -set -nocase -filter {name =~ "*microblaze*#0" && bscan=="USER2" }
dow C:/Users/tejasvissapragada/Documents/GitHub/cs153a/vitis/lab3b_vitis/lab3a_application/Debug/lab3a_application.elf
----------------End of Script----------------

19:42:43 INFO  : Context for processor 'microblaze_0' is selected.
19:42:43 INFO  : 'con' command is executed.
19:42:43 INFO  : ----------------XSDB Script (After Launch)----------------
targets -set -nocase -filter {name =~ "*microblaze*#0" && bscan=="USER2" }
con
----------------End of Script----------------

19:42:43 INFO  : Launch script is exported to file 'C:\Users\tejasvissapragada\Documents\GitHub\cs153a\vitis\lab3b_vitis\lab3a_system\_ide\scripts\debugger_lab3a_application-default.tcl'
19:44:14 INFO  : Checking for BSP changes to sync application flags for project 'lab3a_application'...
19:44:18 INFO  : Disconnected from the channel tcfchan#9.
19:44:19 INFO  : Connected to target on host '127.0.0.1' and port '3121'.
19:44:28 INFO  : ----------------XSDB Script----------------
connect -url tcp:127.0.0.1:3121
----------------End of Script----------------

19:44:28 ERROR : Could not find FPGA device on the board for connection 'Local'.


Troubleshooting hints:
1. Check whether board is connected to system properly.
2. In case of zynq board, check whether Digilent/Xilinx cable switch settings are correct.
3. If you are using Xilinx Platform Cable USB, ensure that status LED is green.
19:44:33 INFO  : Connected to target on host '127.0.0.1' and port '3121'.
19:44:33 INFO  : Jtag cable 'Digilent Nexys A7 -100T 210292BCFA48A' is selected.
19:44:33 INFO  : 'jtag frequency' command is executed.
19:44:33 INFO  : 'targets -set -filter {jtag_cable_name =~ "Digilent Nexys A7 -100T 210292BCFA48A" && level==0 && jtag_device_ctx=="jsn-Nexys A7 -100T-210292BCFA48A-13631093-0"}' command is executed.
19:44:35 INFO  : Device configured successfully with "C:/Users/tejasvissapragada/Documents/GitHub/cs153a/vitis/lab3b_vitis/lab3a_application/_ide/bitstream/design_1_wrapper.bit"
19:44:35 INFO  : Context for processor 'microblaze_0' is selected.
19:44:35 INFO  : Hardware design and registers information is loaded from 'C:/Users/tejasvissapragada/Documents/GitHub/cs153a/vitis/lab3b_vitis/lab3a_platform/export/lab3a_platform/hw/design_1_wrapper.xsa'.
19:44:35 INFO  : 'configparams mdm-detect-bscan-mask 2' command is executed.
19:44:35 INFO  : Context for processor 'microblaze_0' is selected.
19:44:35 INFO  : System reset is completed.
19:44:38 INFO  : 'after 3000' command is executed.
19:44:38 INFO  : Context for processor 'microblaze_0' is selected.
19:44:39 INFO  : The application 'C:/Users/tejasvissapragada/Documents/GitHub/cs153a/vitis/lab3b_vitis/lab3a_application/Debug/lab3a_application.elf' is downloaded to processor 'microblaze_0'.
19:44:39 INFO  : ----------------XSDB Script----------------
connect -url tcp:127.0.0.1:3121
targets -set -filter {jtag_cable_name =~ "Digilent Nexys A7 -100T 210292BCFA48A" && level==0 && jtag_device_ctx=="jsn-Nexys A7 -100T-210292BCFA48A-13631093-0"}
fpga -file C:/Users/tejasvissapragada/Documents/GitHub/cs153a/vitis/lab3b_vitis/lab3a_application/_ide/bitstream/design_1_wrapper.bit
targets -set -nocase -filter {name =~ "*microblaze*#0" && bscan=="USER2" }
loadhw -hw C:/Users/tejasvissapragada/Documents/GitHub/cs153a/vitis/lab3b_vitis/lab3a_platform/export/lab3a_platform/hw/design_1_wrapper.xsa -regs
configparams mdm-detect-bscan-mask 2
targets -set -nocase -filter {name =~ "*microblaze*#0" && bscan=="USER2" }
rst -system
after 3000
targets -set -nocase -filter {name =~ "*microblaze*#0" && bscan=="USER2" }
dow C:/Users/tejasvissapragada/Documents/GitHub/cs153a/vitis/lab3b_vitis/lab3a_application/Debug/lab3a_application.elf
----------------End of Script----------------

19:44:39 INFO  : Context for processor 'microblaze_0' is selected.
19:44:39 INFO  : 'con' command is executed.
19:44:39 INFO  : ----------------XSDB Script (After Launch)----------------
targets -set -nocase -filter {name =~ "*microblaze*#0" && bscan=="USER2" }
con
----------------End of Script----------------

19:44:39 INFO  : Launch script is exported to file 'C:\Users\tejasvissapragada\Documents\GitHub\cs153a\vitis\lab3b_vitis\lab3a_system\_ide\scripts\debugger_lab3a_application-default.tcl'
19:51:35 INFO  : Checking for BSP changes to sync application flags for project 'lab3a_application'...
19:52:29 INFO  : Checking for BSP changes to sync application flags for project 'lab3a_application'...
19:53:08 INFO  : Checking for BSP changes to sync application flags for project 'lab3a_application'...
19:53:13 INFO  : Disconnected from the channel tcfchan#10.
19:53:14 INFO  : Connected to target on host '127.0.0.1' and port '3121'.
19:53:23 INFO  : ----------------XSDB Script----------------
connect -url tcp:127.0.0.1:3121
----------------End of Script----------------

19:53:23 ERROR : Could not find FPGA device on the board for connection 'Local'.


Troubleshooting hints:
1. Check whether board is connected to system properly.
2. In case of zynq board, check whether Digilent/Xilinx cable switch settings are correct.
3. If you are using Xilinx Platform Cable USB, ensure that status LED is green.
19:53:26 INFO  : Connected to target on host '127.0.0.1' and port '3121'.
19:53:26 INFO  : Jtag cable 'Digilent Nexys A7 -100T 210292BCFA48A' is selected.
19:53:26 INFO  : 'jtag frequency' command is executed.
19:53:26 INFO  : 'targets -set -filter {jtag_cable_name =~ "Digilent Nexys A7 -100T 210292BCFA48A" && level==0 && jtag_device_ctx=="jsn-Nexys A7 -100T-210292BCFA48A-13631093-0"}' command is executed.
19:53:29 INFO  : Device configured successfully with "C:/Users/tejasvissapragada/Documents/GitHub/cs153a/vitis/lab3b_vitis/lab3a_application/_ide/bitstream/design_1_wrapper.bit"
19:53:29 INFO  : Context for processor 'microblaze_0' is selected.
19:53:29 INFO  : Hardware design and registers information is loaded from 'C:/Users/tejasvissapragada/Documents/GitHub/cs153a/vitis/lab3b_vitis/lab3a_platform/export/lab3a_platform/hw/design_1_wrapper.xsa'.
19:53:29 INFO  : 'configparams mdm-detect-bscan-mask 2' command is executed.
19:53:29 INFO  : Context for processor 'microblaze_0' is selected.
19:53:29 INFO  : System reset is completed.
19:53:32 INFO  : 'after 3000' command is executed.
19:53:32 INFO  : Context for processor 'microblaze_0' is selected.
19:53:32 INFO  : The application 'C:/Users/tejasvissapragada/Documents/GitHub/cs153a/vitis/lab3b_vitis/lab3a_application/Debug/lab3a_application.elf' is downloaded to processor 'microblaze_0'.
19:53:32 INFO  : ----------------XSDB Script----------------
connect -url tcp:127.0.0.1:3121
targets -set -filter {jtag_cable_name =~ "Digilent Nexys A7 -100T 210292BCFA48A" && level==0 && jtag_device_ctx=="jsn-Nexys A7 -100T-210292BCFA48A-13631093-0"}
fpga -file C:/Users/tejasvissapragada/Documents/GitHub/cs153a/vitis/lab3b_vitis/lab3a_application/_ide/bitstream/design_1_wrapper.bit
targets -set -nocase -filter {name =~ "*microblaze*#0" && bscan=="USER2" }
loadhw -hw C:/Users/tejasvissapragada/Documents/GitHub/cs153a/vitis/lab3b_vitis/lab3a_platform/export/lab3a_platform/hw/design_1_wrapper.xsa -regs
configparams mdm-detect-bscan-mask 2
targets -set -nocase -filter {name =~ "*microblaze*#0" && bscan=="USER2" }
rst -system
after 3000
targets -set -nocase -filter {name =~ "*microblaze*#0" && bscan=="USER2" }
dow C:/Users/tejasvissapragada/Documents/GitHub/cs153a/vitis/lab3b_vitis/lab3a_application/Debug/lab3a_application.elf
----------------End of Script----------------

19:53:32 INFO  : Context for processor 'microblaze_0' is selected.
19:53:32 INFO  : 'con' command is executed.
19:53:32 INFO  : ----------------XSDB Script (After Launch)----------------
targets -set -nocase -filter {name =~ "*microblaze*#0" && bscan=="USER2" }
con
----------------End of Script----------------

19:53:32 INFO  : Launch script is exported to file 'C:\Users\tejasvissapragada\Documents\GitHub\cs153a\vitis\lab3b_vitis\lab3a_system\_ide\scripts\debugger_lab3a_application-default.tcl'
19:55:29 INFO  : Checking for BSP changes to sync application flags for project 'lab3a_application'...
19:55:35 INFO  : Disconnected from the channel tcfchan#11.
19:55:36 INFO  : Connected to target on host '127.0.0.1' and port '3121'.
19:55:45 INFO  : ----------------XSDB Script----------------
connect -url tcp:127.0.0.1:3121
----------------End of Script----------------

19:55:45 ERROR : Could not find FPGA device on the board for connection 'Local'.


Troubleshooting hints:
1. Check whether board is connected to system properly.
2. In case of zynq board, check whether Digilent/Xilinx cable switch settings are correct.
3. If you are using Xilinx Platform Cable USB, ensure that status LED is green.
19:55:50 INFO  : Checking for BSP changes to sync application flags for project 'lab3a_application'...
19:56:47 INFO  : Checking for BSP changes to sync application flags for project 'lab3a_application'...
19:56:50 INFO  : Connected to target on host '127.0.0.1' and port '3121'.
19:56:50 INFO  : Jtag cable 'Digilent Nexys A7 -100T 210292BCFA48A' is selected.
19:56:50 INFO  : 'jtag frequency' command is executed.
19:56:50 INFO  : 'targets -set -filter {jtag_cable_name =~ "Digilent Nexys A7 -100T 210292BCFA48A" && level==0 && jtag_device_ctx=="jsn-Nexys A7 -100T-210292BCFA48A-13631093-0"}' command is executed.
19:56:52 INFO  : Device configured successfully with "C:/Users/tejasvissapragada/Documents/GitHub/cs153a/vitis/lab3b_vitis/lab3a_application/_ide/bitstream/design_1_wrapper.bit"
19:56:53 INFO  : Context for processor 'microblaze_0' is selected.
19:56:53 INFO  : Hardware design and registers information is loaded from 'C:/Users/tejasvissapragada/Documents/GitHub/cs153a/vitis/lab3b_vitis/lab3a_platform/export/lab3a_platform/hw/design_1_wrapper.xsa'.
19:56:53 INFO  : 'configparams mdm-detect-bscan-mask 2' command is executed.
19:56:53 INFO  : Context for processor 'microblaze_0' is selected.
19:56:53 INFO  : System reset is completed.
19:56:56 INFO  : 'after 3000' command is executed.
19:56:56 INFO  : Context for processor 'microblaze_0' is selected.
19:56:56 INFO  : The application 'C:/Users/tejasvissapragada/Documents/GitHub/cs153a/vitis/lab3b_vitis/lab3a_application/Debug/lab3a_application.elf' is downloaded to processor 'microblaze_0'.
19:56:56 INFO  : ----------------XSDB Script----------------
connect -url tcp:127.0.0.1:3121
targets -set -filter {jtag_cable_name =~ "Digilent Nexys A7 -100T 210292BCFA48A" && level==0 && jtag_device_ctx=="jsn-Nexys A7 -100T-210292BCFA48A-13631093-0"}
fpga -file C:/Users/tejasvissapragada/Documents/GitHub/cs153a/vitis/lab3b_vitis/lab3a_application/_ide/bitstream/design_1_wrapper.bit
targets -set -nocase -filter {name =~ "*microblaze*#0" && bscan=="USER2" }
loadhw -hw C:/Users/tejasvissapragada/Documents/GitHub/cs153a/vitis/lab3b_vitis/lab3a_platform/export/lab3a_platform/hw/design_1_wrapper.xsa -regs
configparams mdm-detect-bscan-mask 2
targets -set -nocase -filter {name =~ "*microblaze*#0" && bscan=="USER2" }
rst -system
after 3000
targets -set -nocase -filter {name =~ "*microblaze*#0" && bscan=="USER2" }
dow C:/Users/tejasvissapragada/Documents/GitHub/cs153a/vitis/lab3b_vitis/lab3a_application/Debug/lab3a_application.elf
----------------End of Script----------------

19:56:56 INFO  : Context for processor 'microblaze_0' is selected.
19:56:56 INFO  : 'con' command is executed.
19:56:56 INFO  : ----------------XSDB Script (After Launch)----------------
targets -set -nocase -filter {name =~ "*microblaze*#0" && bscan=="USER2" }
con
----------------End of Script----------------

19:56:56 INFO  : Launch script is exported to file 'C:\Users\tejasvissapragada\Documents\GitHub\cs153a\vitis\lab3b_vitis\lab3a_system\_ide\scripts\debugger_lab3a_application-default.tcl'
19:58:13 INFO  : Checking for BSP changes to sync application flags for project 'lab3a_application'...
19:58:25 INFO  : Checking for BSP changes to sync application flags for project 'lab3a_application'...
19:58:30 INFO  : Disconnected from the channel tcfchan#12.
19:58:31 INFO  : Connected to target on host '127.0.0.1' and port '3121'.
19:58:40 INFO  : ----------------XSDB Script----------------
connect -url tcp:127.0.0.1:3121
----------------End of Script----------------

19:58:40 ERROR : Could not find FPGA device on the board for connection 'Local'.


Troubleshooting hints:
1. Check whether board is connected to system properly.
2. In case of zynq board, check whether Digilent/Xilinx cable switch settings are correct.
3. If you are using Xilinx Platform Cable USB, ensure that status LED is green.
19:58:43 INFO  : Connected to target on host '127.0.0.1' and port '3121'.
19:58:43 INFO  : Jtag cable 'Digilent Nexys A7 -100T 210292BCFA48A' is selected.
19:58:43 INFO  : 'jtag frequency' command is executed.
19:58:43 INFO  : 'targets -set -filter {jtag_cable_name =~ "Digilent Nexys A7 -100T 210292BCFA48A" && level==0 && jtag_device_ctx=="jsn-Nexys A7 -100T-210292BCFA48A-13631093-0"}' command is executed.
19:58:46 INFO  : Device configured successfully with "C:/Users/tejasvissapragada/Documents/GitHub/cs153a/vitis/lab3b_vitis/lab3a_application/_ide/bitstream/design_1_wrapper.bit"
19:58:46 INFO  : Context for processor 'microblaze_0' is selected.
19:58:46 INFO  : Hardware design and registers information is loaded from 'C:/Users/tejasvissapragada/Documents/GitHub/cs153a/vitis/lab3b_vitis/lab3a_platform/export/lab3a_platform/hw/design_1_wrapper.xsa'.
19:58:46 INFO  : 'configparams mdm-detect-bscan-mask 2' command is executed.
19:58:46 INFO  : Context for processor 'microblaze_0' is selected.
19:58:46 INFO  : System reset is completed.
19:58:49 INFO  : 'after 3000' command is executed.
19:58:49 INFO  : Context for processor 'microblaze_0' is selected.
19:58:49 INFO  : The application 'C:/Users/tejasvissapragada/Documents/GitHub/cs153a/vitis/lab3b_vitis/lab3a_application/Debug/lab3a_application.elf' is downloaded to processor 'microblaze_0'.
19:58:49 INFO  : ----------------XSDB Script----------------
connect -url tcp:127.0.0.1:3121
targets -set -filter {jtag_cable_name =~ "Digilent Nexys A7 -100T 210292BCFA48A" && level==0 && jtag_device_ctx=="jsn-Nexys A7 -100T-210292BCFA48A-13631093-0"}
fpga -file C:/Users/tejasvissapragada/Documents/GitHub/cs153a/vitis/lab3b_vitis/lab3a_application/_ide/bitstream/design_1_wrapper.bit
targets -set -nocase -filter {name =~ "*microblaze*#0" && bscan=="USER2" }
loadhw -hw C:/Users/tejasvissapragada/Documents/GitHub/cs153a/vitis/lab3b_vitis/lab3a_platform/export/lab3a_platform/hw/design_1_wrapper.xsa -regs
configparams mdm-detect-bscan-mask 2
targets -set -nocase -filter {name =~ "*microblaze*#0" && bscan=="USER2" }
rst -system
after 3000
targets -set -nocase -filter {name =~ "*microblaze*#0" && bscan=="USER2" }
dow C:/Users/tejasvissapragada/Documents/GitHub/cs153a/vitis/lab3b_vitis/lab3a_application/Debug/lab3a_application.elf
----------------End of Script----------------

19:58:49 INFO  : Context for processor 'microblaze_0' is selected.
19:58:49 INFO  : 'con' command is executed.
19:58:49 INFO  : ----------------XSDB Script (After Launch)----------------
targets -set -nocase -filter {name =~ "*microblaze*#0" && bscan=="USER2" }
con
----------------End of Script----------------

19:58:49 INFO  : Launch script is exported to file 'C:\Users\tejasvissapragada\Documents\GitHub\cs153a\vitis\lab3b_vitis\lab3a_system\_ide\scripts\debugger_lab3a_application-default.tcl'
20:00:44 INFO  : Checking for BSP changes to sync application flags for project 'lab3a_application'...
20:01:10 INFO  : Checking for BSP changes to sync application flags for project 'lab3a_application'...
20:01:15 INFO  : Disconnected from the channel tcfchan#13.
20:01:16 INFO  : Connected to target on host '127.0.0.1' and port '3121'.
20:01:25 INFO  : ----------------XSDB Script----------------
connect -url tcp:127.0.0.1:3121
----------------End of Script----------------

20:01:25 ERROR : Could not find FPGA device on the board for connection 'Local'.


Troubleshooting hints:
1. Check whether board is connected to system properly.
2. In case of zynq board, check whether Digilent/Xilinx cable switch settings are correct.
3. If you are using Xilinx Platform Cable USB, ensure that status LED is green.
20:01:28 INFO  : Connected to target on host '127.0.0.1' and port '3121'.
20:01:28 INFO  : Jtag cable 'Digilent Nexys A7 -100T 210292BCFA48A' is selected.
20:01:28 INFO  : 'jtag frequency' command is executed.
20:01:28 INFO  : 'targets -set -filter {jtag_cable_name =~ "Digilent Nexys A7 -100T 210292BCFA48A" && level==0 && jtag_device_ctx=="jsn-Nexys A7 -100T-210292BCFA48A-13631093-0"}' command is executed.
20:01:30 INFO  : Device configured successfully with "C:/Users/tejasvissapragada/Documents/GitHub/cs153a/vitis/lab3b_vitis/lab3a_application/_ide/bitstream/design_1_wrapper.bit"
20:01:30 INFO  : Context for processor 'microblaze_0' is selected.
20:01:30 INFO  : Hardware design and registers information is loaded from 'C:/Users/tejasvissapragada/Documents/GitHub/cs153a/vitis/lab3b_vitis/lab3a_platform/export/lab3a_platform/hw/design_1_wrapper.xsa'.
20:01:30 INFO  : 'configparams mdm-detect-bscan-mask 2' command is executed.
20:01:30 INFO  : Context for processor 'microblaze_0' is selected.
20:01:30 INFO  : System reset is completed.
20:01:33 INFO  : 'after 3000' command is executed.
20:01:33 INFO  : Context for processor 'microblaze_0' is selected.
20:01:34 INFO  : The application 'C:/Users/tejasvissapragada/Documents/GitHub/cs153a/vitis/lab3b_vitis/lab3a_application/Debug/lab3a_application.elf' is downloaded to processor 'microblaze_0'.
20:01:34 INFO  : ----------------XSDB Script----------------
connect -url tcp:127.0.0.1:3121
targets -set -filter {jtag_cable_name =~ "Digilent Nexys A7 -100T 210292BCFA48A" && level==0 && jtag_device_ctx=="jsn-Nexys A7 -100T-210292BCFA48A-13631093-0"}
fpga -file C:/Users/tejasvissapragada/Documents/GitHub/cs153a/vitis/lab3b_vitis/lab3a_application/_ide/bitstream/design_1_wrapper.bit
targets -set -nocase -filter {name =~ "*microblaze*#0" && bscan=="USER2" }
loadhw -hw C:/Users/tejasvissapragada/Documents/GitHub/cs153a/vitis/lab3b_vitis/lab3a_platform/export/lab3a_platform/hw/design_1_wrapper.xsa -regs
configparams mdm-detect-bscan-mask 2
targets -set -nocase -filter {name =~ "*microblaze*#0" && bscan=="USER2" }
rst -system
after 3000
targets -set -nocase -filter {name =~ "*microblaze*#0" && bscan=="USER2" }
dow C:/Users/tejasvissapragada/Documents/GitHub/cs153a/vitis/lab3b_vitis/lab3a_application/Debug/lab3a_application.elf
----------------End of Script----------------

20:01:34 INFO  : Context for processor 'microblaze_0' is selected.
20:01:34 INFO  : 'con' command is executed.
20:01:34 INFO  : ----------------XSDB Script (After Launch)----------------
targets -set -nocase -filter {name =~ "*microblaze*#0" && bscan=="USER2" }
con
----------------End of Script----------------

20:01:34 INFO  : Launch script is exported to file 'C:\Users\tejasvissapragada\Documents\GitHub\cs153a\vitis\lab3b_vitis\lab3a_system\_ide\scripts\debugger_lab3a_application-default.tcl'
20:02:40 INFO  : Checking for BSP changes to sync application flags for project 'lab3a_application'...
20:03:02 INFO  : Checking for BSP changes to sync application flags for project 'lab3a_application'...
20:03:16 INFO  : Disconnected from the channel tcfchan#14.
20:03:17 INFO  : Connected to target on host '127.0.0.1' and port '3121'.
20:03:27 INFO  : ----------------XSDB Script----------------
connect -url tcp:127.0.0.1:3121
----------------End of Script----------------

20:03:27 ERROR : Could not find FPGA device on the board for connection 'Local'.


Troubleshooting hints:
1. Check whether board is connected to system properly.
2. In case of zynq board, check whether Digilent/Xilinx cable switch settings are correct.
3. If you are using Xilinx Platform Cable USB, ensure that status LED is green.
20:03:31 INFO  : Connected to target on host '127.0.0.1' and port '3121'.
20:03:31 INFO  : Jtag cable 'Digilent Nexys A7 -100T 210292BCFA48A' is selected.
20:03:31 INFO  : 'jtag frequency' command is executed.
20:03:32 INFO  : 'targets -set -filter {jtag_cable_name =~ "Digilent Nexys A7 -100T 210292BCFA48A" && level==0 && jtag_device_ctx=="jsn-Nexys A7 -100T-210292BCFA48A-13631093-0"}' command is executed.
20:03:34 INFO  : Device configured successfully with "C:/Users/tejasvissapragada/Documents/GitHub/cs153a/vitis/lab3b_vitis/lab3a_application/_ide/bitstream/design_1_wrapper.bit"
20:03:34 INFO  : Context for processor 'microblaze_0' is selected.
20:03:34 INFO  : Hardware design and registers information is loaded from 'C:/Users/tejasvissapragada/Documents/GitHub/cs153a/vitis/lab3b_vitis/lab3a_platform/export/lab3a_platform/hw/design_1_wrapper.xsa'.
20:03:34 INFO  : 'configparams mdm-detect-bscan-mask 2' command is executed.
20:03:34 INFO  : Context for processor 'microblaze_0' is selected.
20:03:34 INFO  : System reset is completed.
20:03:37 INFO  : 'after 3000' command is executed.
20:03:37 INFO  : Context for processor 'microblaze_0' is selected.
20:03:37 INFO  : The application 'C:/Users/tejasvissapragada/Documents/GitHub/cs153a/vitis/lab3b_vitis/lab3a_application/Debug/lab3a_application.elf' is downloaded to processor 'microblaze_0'.
20:03:37 INFO  : ----------------XSDB Script----------------
connect -url tcp:127.0.0.1:3121
targets -set -filter {jtag_cable_name =~ "Digilent Nexys A7 -100T 210292BCFA48A" && level==0 && jtag_device_ctx=="jsn-Nexys A7 -100T-210292BCFA48A-13631093-0"}
fpga -file C:/Users/tejasvissapragada/Documents/GitHub/cs153a/vitis/lab3b_vitis/lab3a_application/_ide/bitstream/design_1_wrapper.bit
targets -set -nocase -filter {name =~ "*microblaze*#0" && bscan=="USER2" }
loadhw -hw C:/Users/tejasvissapragada/Documents/GitHub/cs153a/vitis/lab3b_vitis/lab3a_platform/export/lab3a_platform/hw/design_1_wrapper.xsa -regs
configparams mdm-detect-bscan-mask 2
targets -set -nocase -filter {name =~ "*microblaze*#0" && bscan=="USER2" }
rst -system
after 3000
targets -set -nocase -filter {name =~ "*microblaze*#0" && bscan=="USER2" }
dow C:/Users/tejasvissapragada/Documents/GitHub/cs153a/vitis/lab3b_vitis/lab3a_application/Debug/lab3a_application.elf
----------------End of Script----------------

20:03:37 INFO  : Context for processor 'microblaze_0' is selected.
20:03:37 INFO  : 'con' command is executed.
20:03:37 INFO  : ----------------XSDB Script (After Launch)----------------
targets -set -nocase -filter {name =~ "*microblaze*#0" && bscan=="USER2" }
con
----------------End of Script----------------

20:03:37 INFO  : Launch script is exported to file 'C:\Users\tejasvissapragada\Documents\GitHub\cs153a\vitis\lab3b_vitis\lab3a_system\_ide\scripts\debugger_lab3a_application-default.tcl'
20:04:43 INFO  : Checking for BSP changes to sync application flags for project 'lab3a_application'...
20:04:49 INFO  : Disconnected from the channel tcfchan#15.
20:04:50 INFO  : Connected to target on host '127.0.0.1' and port '3121'.
20:04:59 INFO  : ----------------XSDB Script----------------
connect -url tcp:127.0.0.1:3121
----------------End of Script----------------

20:04:59 ERROR : Could not find FPGA device on the board for connection 'Local'.


Troubleshooting hints:
1. Check whether board is connected to system properly.
2. In case of zynq board, check whether Digilent/Xilinx cable switch settings are correct.
3. If you are using Xilinx Platform Cable USB, ensure that status LED is green.
20:05:03 INFO  : Connected to target on host '127.0.0.1' and port '3121'.
20:05:03 INFO  : Jtag cable 'Digilent Nexys A7 -100T 210292BCFA48A' is selected.
20:05:03 INFO  : 'jtag frequency' command is executed.
20:05:03 INFO  : 'targets -set -filter {jtag_cable_name =~ "Digilent Nexys A7 -100T 210292BCFA48A" && level==0 && jtag_device_ctx=="jsn-Nexys A7 -100T-210292BCFA48A-13631093-0"}' command is executed.
20:05:05 INFO  : Device configured successfully with "C:/Users/tejasvissapragada/Documents/GitHub/cs153a/vitis/lab3b_vitis/lab3a_application/_ide/bitstream/design_1_wrapper.bit"
20:05:05 INFO  : Context for processor 'microblaze_0' is selected.
20:05:05 INFO  : Hardware design and registers information is loaded from 'C:/Users/tejasvissapragada/Documents/GitHub/cs153a/vitis/lab3b_vitis/lab3a_platform/export/lab3a_platform/hw/design_1_wrapper.xsa'.
20:05:05 INFO  : 'configparams mdm-detect-bscan-mask 2' command is executed.
20:05:05 INFO  : Context for processor 'microblaze_0' is selected.
20:05:05 INFO  : System reset is completed.
20:05:08 INFO  : 'after 3000' command is executed.
20:05:08 INFO  : Context for processor 'microblaze_0' is selected.
20:05:09 INFO  : The application 'C:/Users/tejasvissapragada/Documents/GitHub/cs153a/vitis/lab3b_vitis/lab3a_application/Debug/lab3a_application.elf' is downloaded to processor 'microblaze_0'.
20:05:09 INFO  : ----------------XSDB Script----------------
connect -url tcp:127.0.0.1:3121
targets -set -filter {jtag_cable_name =~ "Digilent Nexys A7 -100T 210292BCFA48A" && level==0 && jtag_device_ctx=="jsn-Nexys A7 -100T-210292BCFA48A-13631093-0"}
fpga -file C:/Users/tejasvissapragada/Documents/GitHub/cs153a/vitis/lab3b_vitis/lab3a_application/_ide/bitstream/design_1_wrapper.bit
targets -set -nocase -filter {name =~ "*microblaze*#0" && bscan=="USER2" }
loadhw -hw C:/Users/tejasvissapragada/Documents/GitHub/cs153a/vitis/lab3b_vitis/lab3a_platform/export/lab3a_platform/hw/design_1_wrapper.xsa -regs
configparams mdm-detect-bscan-mask 2
targets -set -nocase -filter {name =~ "*microblaze*#0" && bscan=="USER2" }
rst -system
after 3000
targets -set -nocase -filter {name =~ "*microblaze*#0" && bscan=="USER2" }
dow C:/Users/tejasvissapragada/Documents/GitHub/cs153a/vitis/lab3b_vitis/lab3a_application/Debug/lab3a_application.elf
----------------End of Script----------------

20:05:09 INFO  : Context for processor 'microblaze_0' is selected.
20:05:09 INFO  : 'con' command is executed.
20:05:09 INFO  : ----------------XSDB Script (After Launch)----------------
targets -set -nocase -filter {name =~ "*microblaze*#0" && bscan=="USER2" }
con
----------------End of Script----------------

20:05:09 INFO  : Launch script is exported to file 'C:\Users\tejasvissapragada\Documents\GitHub\cs153a\vitis\lab3b_vitis\lab3a_system\_ide\scripts\debugger_lab3a_application-default.tcl'
20:06:12 INFO  : Checking for BSP changes to sync application flags for project 'lab3a_application'...
20:06:19 INFO  : Disconnected from the channel tcfchan#16.
20:06:20 INFO  : Connected to target on host '127.0.0.1' and port '3121'.
20:06:20 INFO  : Jtag cable 'Digilent Nexys A7 -100T 210292BCFA48A' is selected.
20:06:20 INFO  : 'jtag frequency' command is executed.
20:06:20 INFO  : 'targets -set -filter {jtag_cable_name =~ "Digilent Nexys A7 -100T 210292BCFA48A" && level==0 && jtag_device_ctx=="jsn-Nexys A7 -100T-210292BCFA48A-13631093-0"}' command is executed.
20:06:23 INFO  : Device configured successfully with "C:/Users/tejasvissapragada/Documents/GitHub/cs153a/vitis/lab3b_vitis/lab3a_application/_ide/bitstream/design_1_wrapper.bit"
20:06:23 INFO  : Context for processor 'microblaze_0' is selected.
20:06:23 INFO  : Hardware design and registers information is loaded from 'C:/Users/tejasvissapragada/Documents/GitHub/cs153a/vitis/lab3b_vitis/lab3a_platform/export/lab3a_platform/hw/design_1_wrapper.xsa'.
20:06:23 INFO  : 'configparams mdm-detect-bscan-mask 2' command is executed.
20:06:23 INFO  : Context for processor 'microblaze_0' is selected.
20:06:23 INFO  : System reset is completed.
20:06:26 INFO  : 'after 3000' command is executed.
20:06:26 INFO  : Context for processor 'microblaze_0' is selected.
20:06:26 INFO  : The application 'C:/Users/tejasvissapragada/Documents/GitHub/cs153a/vitis/lab3b_vitis/lab3a_application/Debug/lab3a_application.elf' is downloaded to processor 'microblaze_0'.
20:06:26 INFO  : ----------------XSDB Script----------------
connect -url tcp:127.0.0.1:3121
targets -set -filter {jtag_cable_name =~ "Digilent Nexys A7 -100T 210292BCFA48A" && level==0 && jtag_device_ctx=="jsn-Nexys A7 -100T-210292BCFA48A-13631093-0"}
fpga -file C:/Users/tejasvissapragada/Documents/GitHub/cs153a/vitis/lab3b_vitis/lab3a_application/_ide/bitstream/design_1_wrapper.bit
targets -set -nocase -filter {name =~ "*microblaze*#0" && bscan=="USER2" }
loadhw -hw C:/Users/tejasvissapragada/Documents/GitHub/cs153a/vitis/lab3b_vitis/lab3a_platform/export/lab3a_platform/hw/design_1_wrapper.xsa -regs
configparams mdm-detect-bscan-mask 2
targets -set -nocase -filter {name =~ "*microblaze*#0" && bscan=="USER2" }
rst -system
after 3000
targets -set -nocase -filter {name =~ "*microblaze*#0" && bscan=="USER2" }
dow C:/Users/tejasvissapragada/Documents/GitHub/cs153a/vitis/lab3b_vitis/lab3a_application/Debug/lab3a_application.elf
----------------End of Script----------------

20:06:26 INFO  : Context for processor 'microblaze_0' is selected.
20:06:26 INFO  : 'con' command is executed.
20:06:26 INFO  : ----------------XSDB Script (After Launch)----------------
targets -set -nocase -filter {name =~ "*microblaze*#0" && bscan=="USER2" }
con
----------------End of Script----------------

20:06:26 INFO  : Launch script is exported to file 'C:\Users\tejasvissapragada\Documents\GitHub\cs153a\vitis\lab3b_vitis\lab3a_system\_ide\scripts\debugger_lab3a_application-default.tcl'
20:08:28 INFO  : Checking for BSP changes to sync application flags for project 'lab3a_application'...
20:08:33 INFO  : Disconnected from the channel tcfchan#17.
20:08:34 INFO  : Connected to target on host '127.0.0.1' and port '3121'.
20:08:43 INFO  : ----------------XSDB Script----------------
connect -url tcp:127.0.0.1:3121
----------------End of Script----------------

20:08:43 ERROR : Could not find FPGA device on the board for connection 'Local'.


Troubleshooting hints:
1. Check whether board is connected to system properly.
2. In case of zynq board, check whether Digilent/Xilinx cable switch settings are correct.
3. If you are using Xilinx Platform Cable USB, ensure that status LED is green.
20:08:47 INFO  : Connected to target on host '127.0.0.1' and port '3121'.
20:08:47 INFO  : Jtag cable 'Digilent Nexys A7 -100T 210292BCFA48A' is selected.
20:08:47 INFO  : 'jtag frequency' command is executed.
20:08:47 INFO  : 'targets -set -filter {jtag_cable_name =~ "Digilent Nexys A7 -100T 210292BCFA48A" && level==0 && jtag_device_ctx=="jsn-Nexys A7 -100T-210292BCFA48A-13631093-0"}' command is executed.
20:08:49 INFO  : Device configured successfully with "C:/Users/tejasvissapragada/Documents/GitHub/cs153a/vitis/lab3b_vitis/lab3a_application/_ide/bitstream/design_1_wrapper.bit"
20:08:49 INFO  : Context for processor 'microblaze_0' is selected.
20:08:49 INFO  : Hardware design and registers information is loaded from 'C:/Users/tejasvissapragada/Documents/GitHub/cs153a/vitis/lab3b_vitis/lab3a_platform/export/lab3a_platform/hw/design_1_wrapper.xsa'.
20:08:49 INFO  : 'configparams mdm-detect-bscan-mask 2' command is executed.
20:08:49 INFO  : Context for processor 'microblaze_0' is selected.
20:08:49 INFO  : System reset is completed.
20:08:52 INFO  : 'after 3000' command is executed.
20:08:52 INFO  : Context for processor 'microblaze_0' is selected.
20:08:53 INFO  : The application 'C:/Users/tejasvissapragada/Documents/GitHub/cs153a/vitis/lab3b_vitis/lab3a_application/Debug/lab3a_application.elf' is downloaded to processor 'microblaze_0'.
20:08:53 INFO  : ----------------XSDB Script----------------
connect -url tcp:127.0.0.1:3121
targets -set -filter {jtag_cable_name =~ "Digilent Nexys A7 -100T 210292BCFA48A" && level==0 && jtag_device_ctx=="jsn-Nexys A7 -100T-210292BCFA48A-13631093-0"}
fpga -file C:/Users/tejasvissapragada/Documents/GitHub/cs153a/vitis/lab3b_vitis/lab3a_application/_ide/bitstream/design_1_wrapper.bit
targets -set -nocase -filter {name =~ "*microblaze*#0" && bscan=="USER2" }
loadhw -hw C:/Users/tejasvissapragada/Documents/GitHub/cs153a/vitis/lab3b_vitis/lab3a_platform/export/lab3a_platform/hw/design_1_wrapper.xsa -regs
configparams mdm-detect-bscan-mask 2
targets -set -nocase -filter {name =~ "*microblaze*#0" && bscan=="USER2" }
rst -system
after 3000
targets -set -nocase -filter {name =~ "*microblaze*#0" && bscan=="USER2" }
dow C:/Users/tejasvissapragada/Documents/GitHub/cs153a/vitis/lab3b_vitis/lab3a_application/Debug/lab3a_application.elf
----------------End of Script----------------

20:08:53 INFO  : Context for processor 'microblaze_0' is selected.
20:08:53 INFO  : 'con' command is executed.
20:08:53 INFO  : ----------------XSDB Script (After Launch)----------------
targets -set -nocase -filter {name =~ "*microblaze*#0" && bscan=="USER2" }
con
----------------End of Script----------------

20:08:53 INFO  : Launch script is exported to file 'C:\Users\tejasvissapragada\Documents\GitHub\cs153a\vitis\lab3b_vitis\lab3a_system\_ide\scripts\debugger_lab3a_application-default.tcl'
20:12:02 INFO  : Checking for BSP changes to sync application flags for project 'lab3a_application'...
20:12:08 INFO  : Disconnected from the channel tcfchan#18.
20:12:09 INFO  : Connected to target on host '127.0.0.1' and port '3121'.
20:12:18 INFO  : ----------------XSDB Script----------------
connect -url tcp:127.0.0.1:3121
----------------End of Script----------------

20:12:18 ERROR : Could not find FPGA device on the board for connection 'Local'.


Troubleshooting hints:
1. Check whether board is connected to system properly.
2. In case of zynq board, check whether Digilent/Xilinx cable switch settings are correct.
3. If you are using Xilinx Platform Cable USB, ensure that status LED is green.
20:12:29 INFO  : Connected to target on host '127.0.0.1' and port '3121'.
20:12:29 INFO  : Jtag cable 'Digilent Nexys A7 -100T 210292BCFA48A' is selected.
20:12:29 INFO  : 'jtag frequency' command is executed.
20:12:29 INFO  : 'targets -set -filter {jtag_cable_name =~ "Digilent Nexys A7 -100T 210292BCFA48A" && level==0 && jtag_device_ctx=="jsn-Nexys A7 -100T-210292BCFA48A-13631093-0"}' command is executed.
20:12:31 INFO  : Device configured successfully with "C:/Users/tejasvissapragada/Documents/GitHub/cs153a/vitis/lab3b_vitis/lab3a_application/_ide/bitstream/design_1_wrapper.bit"
20:12:31 INFO  : Context for processor 'microblaze_0' is selected.
20:12:31 INFO  : Hardware design and registers information is loaded from 'C:/Users/tejasvissapragada/Documents/GitHub/cs153a/vitis/lab3b_vitis/lab3a_platform/export/lab3a_platform/hw/design_1_wrapper.xsa'.
20:12:31 INFO  : 'configparams mdm-detect-bscan-mask 2' command is executed.
20:12:31 INFO  : Context for processor 'microblaze_0' is selected.
20:12:31 INFO  : System reset is completed.
20:12:34 INFO  : 'after 3000' command is executed.
20:12:35 INFO  : Context for processor 'microblaze_0' is selected.
20:12:35 INFO  : The application 'C:/Users/tejasvissapragada/Documents/GitHub/cs153a/vitis/lab3b_vitis/lab3a_application/Debug/lab3a_application.elf' is downloaded to processor 'microblaze_0'.
20:12:35 INFO  : ----------------XSDB Script----------------
connect -url tcp:127.0.0.1:3121
targets -set -filter {jtag_cable_name =~ "Digilent Nexys A7 -100T 210292BCFA48A" && level==0 && jtag_device_ctx=="jsn-Nexys A7 -100T-210292BCFA48A-13631093-0"}
fpga -file C:/Users/tejasvissapragada/Documents/GitHub/cs153a/vitis/lab3b_vitis/lab3a_application/_ide/bitstream/design_1_wrapper.bit
targets -set -nocase -filter {name =~ "*microblaze*#0" && bscan=="USER2" }
loadhw -hw C:/Users/tejasvissapragada/Documents/GitHub/cs153a/vitis/lab3b_vitis/lab3a_platform/export/lab3a_platform/hw/design_1_wrapper.xsa -regs
configparams mdm-detect-bscan-mask 2
targets -set -nocase -filter {name =~ "*microblaze*#0" && bscan=="USER2" }
rst -system
after 3000
targets -set -nocase -filter {name =~ "*microblaze*#0" && bscan=="USER2" }
dow C:/Users/tejasvissapragada/Documents/GitHub/cs153a/vitis/lab3b_vitis/lab3a_application/Debug/lab3a_application.elf
----------------End of Script----------------

20:12:35 INFO  : Context for processor 'microblaze_0' is selected.
20:12:35 INFO  : 'con' command is executed.
20:12:35 INFO  : ----------------XSDB Script (After Launch)----------------
targets -set -nocase -filter {name =~ "*microblaze*#0" && bscan=="USER2" }
con
----------------End of Script----------------

20:12:35 INFO  : Launch script is exported to file 'C:\Users\tejasvissapragada\Documents\GitHub\cs153a\vitis\lab3b_vitis\lab3a_system\_ide\scripts\debugger_lab3a_application-default.tcl'
20:12:56 INFO  : Checking for BSP changes to sync application flags for project 'lab3a_application'...
20:13:02 INFO  : Disconnected from the channel tcfchan#19.
20:13:03 INFO  : Connected to target on host '127.0.0.1' and port '3121'.
20:13:12 INFO  : ----------------XSDB Script----------------
connect -url tcp:127.0.0.1:3121
----------------End of Script----------------

20:13:12 ERROR : Could not find FPGA device on the board for connection 'Local'.


Troubleshooting hints:
1. Check whether board is connected to system properly.
2. In case of zynq board, check whether Digilent/Xilinx cable switch settings are correct.
3. If you are using Xilinx Platform Cable USB, ensure that status LED is green.
20:13:16 INFO  : Connected to target on host '127.0.0.1' and port '3121'.
20:13:16 INFO  : Jtag cable 'Digilent Nexys A7 -100T 210292BCFA48A' is selected.
20:13:16 INFO  : 'jtag frequency' command is executed.
20:13:16 INFO  : 'targets -set -filter {jtag_cable_name =~ "Digilent Nexys A7 -100T 210292BCFA48A" && level==0 && jtag_device_ctx=="jsn-Nexys A7 -100T-210292BCFA48A-13631093-0"}' command is executed.
20:13:18 INFO  : Device configured successfully with "C:/Users/tejasvissapragada/Documents/GitHub/cs153a/vitis/lab3b_vitis/lab3a_application/_ide/bitstream/design_1_wrapper.bit"
20:13:18 INFO  : Context for processor 'microblaze_0' is selected.
20:13:18 INFO  : Hardware design and registers information is loaded from 'C:/Users/tejasvissapragada/Documents/GitHub/cs153a/vitis/lab3b_vitis/lab3a_platform/export/lab3a_platform/hw/design_1_wrapper.xsa'.
20:13:18 INFO  : 'configparams mdm-detect-bscan-mask 2' command is executed.
20:13:18 INFO  : Context for processor 'microblaze_0' is selected.
20:13:18 INFO  : System reset is completed.
20:13:21 INFO  : 'after 3000' command is executed.
20:13:21 INFO  : Context for processor 'microblaze_0' is selected.
20:13:22 INFO  : The application 'C:/Users/tejasvissapragada/Documents/GitHub/cs153a/vitis/lab3b_vitis/lab3a_application/Debug/lab3a_application.elf' is downloaded to processor 'microblaze_0'.
20:13:22 INFO  : ----------------XSDB Script----------------
connect -url tcp:127.0.0.1:3121
targets -set -filter {jtag_cable_name =~ "Digilent Nexys A7 -100T 210292BCFA48A" && level==0 && jtag_device_ctx=="jsn-Nexys A7 -100T-210292BCFA48A-13631093-0"}
fpga -file C:/Users/tejasvissapragada/Documents/GitHub/cs153a/vitis/lab3b_vitis/lab3a_application/_ide/bitstream/design_1_wrapper.bit
targets -set -nocase -filter {name =~ "*microblaze*#0" && bscan=="USER2" }
loadhw -hw C:/Users/tejasvissapragada/Documents/GitHub/cs153a/vitis/lab3b_vitis/lab3a_platform/export/lab3a_platform/hw/design_1_wrapper.xsa -regs
configparams mdm-detect-bscan-mask 2
targets -set -nocase -filter {name =~ "*microblaze*#0" && bscan=="USER2" }
rst -system
after 3000
targets -set -nocase -filter {name =~ "*microblaze*#0" && bscan=="USER2" }
dow C:/Users/tejasvissapragada/Documents/GitHub/cs153a/vitis/lab3b_vitis/lab3a_application/Debug/lab3a_application.elf
----------------End of Script----------------

20:13:22 INFO  : Context for processor 'microblaze_0' is selected.
20:13:22 INFO  : 'con' command is executed.
20:13:22 INFO  : ----------------XSDB Script (After Launch)----------------
targets -set -nocase -filter {name =~ "*microblaze*#0" && bscan=="USER2" }
con
----------------End of Script----------------

20:13:22 INFO  : Launch script is exported to file 'C:\Users\tejasvissapragada\Documents\GitHub\cs153a\vitis\lab3b_vitis\lab3a_system\_ide\scripts\debugger_lab3a_application-default.tcl'
20:22:18 INFO  : Checking for BSP changes to sync application flags for project 'lab3a_application'...
20:22:26 INFO  : Disconnected from the channel tcfchan#20.
20:22:27 INFO  : Connected to target on host '127.0.0.1' and port '3121'.
20:22:36 INFO  : ----------------XSDB Script----------------
connect -url tcp:127.0.0.1:3121
----------------End of Script----------------

20:22:36 ERROR : Could not find FPGA device on the board for connection 'Local'.


Troubleshooting hints:
1. Check whether board is connected to system properly.
2. In case of zynq board, check whether Digilent/Xilinx cable switch settings are correct.
3. If you are using Xilinx Platform Cable USB, ensure that status LED is green.
20:25:18 INFO  : Checking for BSP changes to sync application flags for project 'lab3a_application'...
20:25:21 INFO  : Connected to target on host '127.0.0.1' and port '3121'.
20:25:21 INFO  : Jtag cable 'Digilent Nexys A7 -100T 210292BCFA48A' is selected.
20:25:21 INFO  : 'jtag frequency' command is executed.
20:25:21 INFO  : 'targets -set -filter {jtag_cable_name =~ "Digilent Nexys A7 -100T 210292BCFA48A" && level==0 && jtag_device_ctx=="jsn-Nexys A7 -100T-210292BCFA48A-13631093-0"}' command is executed.
20:25:23 INFO  : Device configured successfully with "C:/Users/tejasvissapragada/Documents/GitHub/cs153a/vitis/lab3b_vitis/lab3a_application/_ide/bitstream/design_1_wrapper.bit"
20:25:23 INFO  : Context for processor 'microblaze_0' is selected.
20:25:23 INFO  : Hardware design and registers information is loaded from 'C:/Users/tejasvissapragada/Documents/GitHub/cs153a/vitis/lab3b_vitis/lab3a_platform/export/lab3a_platform/hw/design_1_wrapper.xsa'.
20:25:23 INFO  : 'configparams mdm-detect-bscan-mask 2' command is executed.
20:25:23 INFO  : Context for processor 'microblaze_0' is selected.
20:25:23 INFO  : System reset is completed.
20:25:26 INFO  : 'after 3000' command is executed.
20:25:26 INFO  : Context for processor 'microblaze_0' is selected.
20:25:27 INFO  : The application 'C:/Users/tejasvissapragada/Documents/GitHub/cs153a/vitis/lab3b_vitis/lab3a_application/Debug/lab3a_application.elf' is downloaded to processor 'microblaze_0'.
20:25:27 INFO  : ----------------XSDB Script----------------
connect -url tcp:127.0.0.1:3121
targets -set -filter {jtag_cable_name =~ "Digilent Nexys A7 -100T 210292BCFA48A" && level==0 && jtag_device_ctx=="jsn-Nexys A7 -100T-210292BCFA48A-13631093-0"}
fpga -file C:/Users/tejasvissapragada/Documents/GitHub/cs153a/vitis/lab3b_vitis/lab3a_application/_ide/bitstream/design_1_wrapper.bit
targets -set -nocase -filter {name =~ "*microblaze*#0" && bscan=="USER2" }
loadhw -hw C:/Users/tejasvissapragada/Documents/GitHub/cs153a/vitis/lab3b_vitis/lab3a_platform/export/lab3a_platform/hw/design_1_wrapper.xsa -regs
configparams mdm-detect-bscan-mask 2
targets -set -nocase -filter {name =~ "*microblaze*#0" && bscan=="USER2" }
rst -system
after 3000
targets -set -nocase -filter {name =~ "*microblaze*#0" && bscan=="USER2" }
dow C:/Users/tejasvissapragada/Documents/GitHub/cs153a/vitis/lab3b_vitis/lab3a_application/Debug/lab3a_application.elf
----------------End of Script----------------

20:25:27 INFO  : Context for processor 'microblaze_0' is selected.
20:25:27 INFO  : 'con' command is executed.
20:25:27 INFO  : ----------------XSDB Script (After Launch)----------------
targets -set -nocase -filter {name =~ "*microblaze*#0" && bscan=="USER2" }
con
----------------End of Script----------------

20:25:27 INFO  : Launch script is exported to file 'C:\Users\tejasvissapragada\Documents\GitHub\cs153a\vitis\lab3b_vitis\lab3a_system\_ide\scripts\debugger_lab3a_application-default.tcl'
20:26:20 INFO  : Checking for BSP changes to sync application flags for project 'lab3a_application'...
20:26:34 INFO  : Disconnected from the channel tcfchan#21.
20:26:35 INFO  : Connected to target on host '127.0.0.1' and port '3121'.
20:26:44 INFO  : ----------------XSDB Script----------------
connect -url tcp:127.0.0.1:3121
----------------End of Script----------------

20:26:44 ERROR : Could not find FPGA device on the board for connection 'Local'.


Troubleshooting hints:
1. Check whether board is connected to system properly.
2. In case of zynq board, check whether Digilent/Xilinx cable switch settings are correct.
3. If you are using Xilinx Platform Cable USB, ensure that status LED is green.
20:26:49 INFO  : Connected to target on host '127.0.0.1' and port '3121'.
20:26:49 INFO  : Jtag cable 'Digilent Nexys A7 -100T 210292BCFA48A' is selected.
20:26:49 INFO  : 'jtag frequency' command is executed.
20:26:49 INFO  : 'targets -set -filter {jtag_cable_name =~ "Digilent Nexys A7 -100T 210292BCFA48A" && level==0 && jtag_device_ctx=="jsn-Nexys A7 -100T-210292BCFA48A-13631093-0"}' command is executed.
20:26:51 INFO  : Device configured successfully with "C:/Users/tejasvissapragada/Documents/GitHub/cs153a/vitis/lab3b_vitis/lab3a_application/_ide/bitstream/design_1_wrapper.bit"
20:26:51 INFO  : Context for processor 'microblaze_0' is selected.
20:26:51 INFO  : Hardware design and registers information is loaded from 'C:/Users/tejasvissapragada/Documents/GitHub/cs153a/vitis/lab3b_vitis/lab3a_platform/export/lab3a_platform/hw/design_1_wrapper.xsa'.
20:26:51 INFO  : 'configparams mdm-detect-bscan-mask 2' command is executed.
20:26:51 INFO  : Context for processor 'microblaze_0' is selected.
20:26:51 INFO  : System reset is completed.
20:26:54 INFO  : 'after 3000' command is executed.
20:26:54 INFO  : Context for processor 'microblaze_0' is selected.
20:26:54 INFO  : The application 'C:/Users/tejasvissapragada/Documents/GitHub/cs153a/vitis/lab3b_vitis/lab3a_application/Debug/lab3a_application.elf' is downloaded to processor 'microblaze_0'.
20:26:54 INFO  : ----------------XSDB Script----------------
connect -url tcp:127.0.0.1:3121
targets -set -filter {jtag_cable_name =~ "Digilent Nexys A7 -100T 210292BCFA48A" && level==0 && jtag_device_ctx=="jsn-Nexys A7 -100T-210292BCFA48A-13631093-0"}
fpga -file C:/Users/tejasvissapragada/Documents/GitHub/cs153a/vitis/lab3b_vitis/lab3a_application/_ide/bitstream/design_1_wrapper.bit
targets -set -nocase -filter {name =~ "*microblaze*#0" && bscan=="USER2" }
loadhw -hw C:/Users/tejasvissapragada/Documents/GitHub/cs153a/vitis/lab3b_vitis/lab3a_platform/export/lab3a_platform/hw/design_1_wrapper.xsa -regs
configparams mdm-detect-bscan-mask 2
targets -set -nocase -filter {name =~ "*microblaze*#0" && bscan=="USER2" }
rst -system
after 3000
targets -set -nocase -filter {name =~ "*microblaze*#0" && bscan=="USER2" }
dow C:/Users/tejasvissapragada/Documents/GitHub/cs153a/vitis/lab3b_vitis/lab3a_application/Debug/lab3a_application.elf
----------------End of Script----------------

20:26:55 INFO  : Context for processor 'microblaze_0' is selected.
20:26:55 INFO  : 'con' command is executed.
20:26:55 INFO  : ----------------XSDB Script (After Launch)----------------
targets -set -nocase -filter {name =~ "*microblaze*#0" && bscan=="USER2" }
con
----------------End of Script----------------

20:26:55 INFO  : Launch script is exported to file 'C:\Users\tejasvissapragada\Documents\GitHub\cs153a\vitis\lab3b_vitis\lab3a_system\_ide\scripts\debugger_lab3a_application-default.tcl'
20:28:42 INFO  : Checking for BSP changes to sync application flags for project 'lab3a_application'...
20:28:55 INFO  : Disconnected from the channel tcfchan#22.
20:28:56 INFO  : Connected to target on host '127.0.0.1' and port '3121'.
20:29:05 INFO  : ----------------XSDB Script----------------
connect -url tcp:127.0.0.1:3121
----------------End of Script----------------

20:29:05 ERROR : Could not find FPGA device on the board for connection 'Local'.


Troubleshooting hints:
1. Check whether board is connected to system properly.
2. In case of zynq board, check whether Digilent/Xilinx cable switch settings are correct.
3. If you are using Xilinx Platform Cable USB, ensure that status LED is green.
20:29:08 INFO  : Connected to target on host '127.0.0.1' and port '3121'.
20:29:08 INFO  : Jtag cable 'Digilent Nexys A7 -100T 210292BCFA48A' is selected.
20:29:08 INFO  : 'jtag frequency' command is executed.
20:29:08 INFO  : 'targets -set -filter {jtag_cable_name =~ "Digilent Nexys A7 -100T 210292BCFA48A" && level==0 && jtag_device_ctx=="jsn-Nexys A7 -100T-210292BCFA48A-13631093-0"}' command is executed.
20:29:10 INFO  : Device configured successfully with "C:/Users/tejasvissapragada/Documents/GitHub/cs153a/vitis/lab3b_vitis/lab3a_application/_ide/bitstream/design_1_wrapper.bit"
20:29:11 INFO  : Context for processor 'microblaze_0' is selected.
20:29:11 INFO  : Hardware design and registers information is loaded from 'C:/Users/tejasvissapragada/Documents/GitHub/cs153a/vitis/lab3b_vitis/lab3a_platform/export/lab3a_platform/hw/design_1_wrapper.xsa'.
20:29:11 INFO  : 'configparams mdm-detect-bscan-mask 2' command is executed.
20:29:11 INFO  : Context for processor 'microblaze_0' is selected.
20:29:11 INFO  : System reset is completed.
20:29:14 INFO  : 'after 3000' command is executed.
20:29:14 INFO  : Context for processor 'microblaze_0' is selected.
20:29:14 INFO  : The application 'C:/Users/tejasvissapragada/Documents/GitHub/cs153a/vitis/lab3b_vitis/lab3a_application/Debug/lab3a_application.elf' is downloaded to processor 'microblaze_0'.
20:29:14 INFO  : ----------------XSDB Script----------------
connect -url tcp:127.0.0.1:3121
targets -set -filter {jtag_cable_name =~ "Digilent Nexys A7 -100T 210292BCFA48A" && level==0 && jtag_device_ctx=="jsn-Nexys A7 -100T-210292BCFA48A-13631093-0"}
fpga -file C:/Users/tejasvissapragada/Documents/GitHub/cs153a/vitis/lab3b_vitis/lab3a_application/_ide/bitstream/design_1_wrapper.bit
targets -set -nocase -filter {name =~ "*microblaze*#0" && bscan=="USER2" }
loadhw -hw C:/Users/tejasvissapragada/Documents/GitHub/cs153a/vitis/lab3b_vitis/lab3a_platform/export/lab3a_platform/hw/design_1_wrapper.xsa -regs
configparams mdm-detect-bscan-mask 2
targets -set -nocase -filter {name =~ "*microblaze*#0" && bscan=="USER2" }
rst -system
after 3000
targets -set -nocase -filter {name =~ "*microblaze*#0" && bscan=="USER2" }
dow C:/Users/tejasvissapragada/Documents/GitHub/cs153a/vitis/lab3b_vitis/lab3a_application/Debug/lab3a_application.elf
----------------End of Script----------------

20:29:14 INFO  : Context for processor 'microblaze_0' is selected.
20:29:14 INFO  : 'con' command is executed.
20:29:14 INFO  : ----------------XSDB Script (After Launch)----------------
targets -set -nocase -filter {name =~ "*microblaze*#0" && bscan=="USER2" }
con
----------------End of Script----------------

20:29:14 INFO  : Launch script is exported to file 'C:\Users\tejasvissapragada\Documents\GitHub\cs153a\vitis\lab3b_vitis\lab3a_system\_ide\scripts\debugger_lab3a_application-default.tcl'
20:29:44 INFO  : Checking for BSP changes to sync application flags for project 'lab3a_application'...
20:29:48 INFO  : Disconnected from the channel tcfchan#23.
20:29:49 INFO  : Connected to target on host '127.0.0.1' and port '3121'.
20:29:58 INFO  : ----------------XSDB Script----------------
connect -url tcp:127.0.0.1:3121
----------------End of Script----------------

20:29:58 ERROR : Could not find FPGA device on the board for connection 'Local'.


Troubleshooting hints:
1. Check whether board is connected to system properly.
2. In case of zynq board, check whether Digilent/Xilinx cable switch settings are correct.
3. If you are using Xilinx Platform Cable USB, ensure that status LED is green.
20:30:02 INFO  : Connected to target on host '127.0.0.1' and port '3121'.
20:30:02 INFO  : Jtag cable 'Digilent Nexys A7 -100T 210292BCFA48A' is selected.
20:30:02 INFO  : 'jtag frequency' command is executed.
20:30:02 INFO  : 'targets -set -filter {jtag_cable_name =~ "Digilent Nexys A7 -100T 210292BCFA48A" && level==0 && jtag_device_ctx=="jsn-Nexys A7 -100T-210292BCFA48A-13631093-0"}' command is executed.
20:30:04 INFO  : Device configured successfully with "C:/Users/tejasvissapragada/Documents/GitHub/cs153a/vitis/lab3b_vitis/lab3a_application/_ide/bitstream/design_1_wrapper.bit"
20:30:04 INFO  : Context for processor 'microblaze_0' is selected.
20:30:04 INFO  : Hardware design and registers information is loaded from 'C:/Users/tejasvissapragada/Documents/GitHub/cs153a/vitis/lab3b_vitis/lab3a_platform/export/lab3a_platform/hw/design_1_wrapper.xsa'.
20:30:04 INFO  : 'configparams mdm-detect-bscan-mask 2' command is executed.
20:30:04 INFO  : Context for processor 'microblaze_0' is selected.
20:30:04 INFO  : System reset is completed.
20:30:07 INFO  : 'after 3000' command is executed.
20:30:07 INFO  : Context for processor 'microblaze_0' is selected.
20:30:08 INFO  : The application 'C:/Users/tejasvissapragada/Documents/GitHub/cs153a/vitis/lab3b_vitis/lab3a_application/Debug/lab3a_application.elf' is downloaded to processor 'microblaze_0'.
20:30:08 INFO  : ----------------XSDB Script----------------
connect -url tcp:127.0.0.1:3121
targets -set -filter {jtag_cable_name =~ "Digilent Nexys A7 -100T 210292BCFA48A" && level==0 && jtag_device_ctx=="jsn-Nexys A7 -100T-210292BCFA48A-13631093-0"}
fpga -file C:/Users/tejasvissapragada/Documents/GitHub/cs153a/vitis/lab3b_vitis/lab3a_application/_ide/bitstream/design_1_wrapper.bit
targets -set -nocase -filter {name =~ "*microblaze*#0" && bscan=="USER2" }
loadhw -hw C:/Users/tejasvissapragada/Documents/GitHub/cs153a/vitis/lab3b_vitis/lab3a_platform/export/lab3a_platform/hw/design_1_wrapper.xsa -regs
configparams mdm-detect-bscan-mask 2
targets -set -nocase -filter {name =~ "*microblaze*#0" && bscan=="USER2" }
rst -system
after 3000
targets -set -nocase -filter {name =~ "*microblaze*#0" && bscan=="USER2" }
dow C:/Users/tejasvissapragada/Documents/GitHub/cs153a/vitis/lab3b_vitis/lab3a_application/Debug/lab3a_application.elf
----------------End of Script----------------

20:30:08 INFO  : Context for processor 'microblaze_0' is selected.
20:30:08 INFO  : 'con' command is executed.
20:30:08 INFO  : ----------------XSDB Script (After Launch)----------------
targets -set -nocase -filter {name =~ "*microblaze*#0" && bscan=="USER2" }
con
----------------End of Script----------------

20:30:08 INFO  : Launch script is exported to file 'C:\Users\tejasvissapragada\Documents\GitHub\cs153a\vitis\lab3b_vitis\lab3a_system\_ide\scripts\debugger_lab3a_application-default.tcl'
20:33:45 INFO  : Checking for BSP changes to sync application flags for project 'lab3a_application'...
20:34:33 INFO  : Disconnected from the channel tcfchan#24.
20:34:34 INFO  : Connected to target on host '127.0.0.1' and port '3121'.
20:34:43 INFO  : ----------------XSDB Script----------------
connect -url tcp:127.0.0.1:3121
----------------End of Script----------------

20:34:43 ERROR : Could not find FPGA device on the board for connection 'Local'.


Troubleshooting hints:
1. Check whether board is connected to system properly.
2. In case of zynq board, check whether Digilent/Xilinx cable switch settings are correct.
3. If you are using Xilinx Platform Cable USB, ensure that status LED is green.
20:35:01 INFO  : Connected to target on host '127.0.0.1' and port '3121'.
20:35:01 INFO  : Jtag cable 'Digilent Nexys A7 -100T 210292BCFA48A' is selected.
20:35:01 INFO  : 'jtag frequency' command is executed.
20:35:01 INFO  : 'targets -set -filter {jtag_cable_name =~ "Digilent Nexys A7 -100T 210292BCFA48A" && level==0 && jtag_device_ctx=="jsn-Nexys A7 -100T-210292BCFA48A-13631093-0"}' command is executed.
20:35:03 INFO  : Device configured successfully with "C:/Users/tejasvissapragada/Documents/GitHub/cs153a/vitis/lab3b_vitis/lab3a_application/_ide/bitstream/design_1_wrapper.bit"
20:35:03 INFO  : Context for processor 'microblaze_0' is selected.
20:35:04 INFO  : Hardware design and registers information is loaded from 'C:/Users/tejasvissapragada/Documents/GitHub/cs153a/vitis/lab3b_vitis/lab3a_platform/export/lab3a_platform/hw/design_1_wrapper.xsa'.
20:35:04 INFO  : 'configparams mdm-detect-bscan-mask 2' command is executed.
20:35:04 INFO  : Context for processor 'microblaze_0' is selected.
20:35:04 INFO  : System reset is completed.
20:35:07 INFO  : 'after 3000' command is executed.
20:35:07 INFO  : Context for processor 'microblaze_0' is selected.
20:35:07 INFO  : The application 'C:/Users/tejasvissapragada/Documents/GitHub/cs153a/vitis/lab3b_vitis/lab3a_application/Debug/lab3a_application.elf' is downloaded to processor 'microblaze_0'.
20:35:07 INFO  : ----------------XSDB Script----------------
connect -url tcp:127.0.0.1:3121
targets -set -filter {jtag_cable_name =~ "Digilent Nexys A7 -100T 210292BCFA48A" && level==0 && jtag_device_ctx=="jsn-Nexys A7 -100T-210292BCFA48A-13631093-0"}
fpga -file C:/Users/tejasvissapragada/Documents/GitHub/cs153a/vitis/lab3b_vitis/lab3a_application/_ide/bitstream/design_1_wrapper.bit
targets -set -nocase -filter {name =~ "*microblaze*#0" && bscan=="USER2" }
loadhw -hw C:/Users/tejasvissapragada/Documents/GitHub/cs153a/vitis/lab3b_vitis/lab3a_platform/export/lab3a_platform/hw/design_1_wrapper.xsa -regs
configparams mdm-detect-bscan-mask 2
targets -set -nocase -filter {name =~ "*microblaze*#0" && bscan=="USER2" }
rst -system
after 3000
targets -set -nocase -filter {name =~ "*microblaze*#0" && bscan=="USER2" }
dow C:/Users/tejasvissapragada/Documents/GitHub/cs153a/vitis/lab3b_vitis/lab3a_application/Debug/lab3a_application.elf
----------------End of Script----------------

20:35:07 INFO  : Context for processor 'microblaze_0' is selected.
20:35:07 INFO  : 'con' command is executed.
20:35:07 INFO  : ----------------XSDB Script (After Launch)----------------
targets -set -nocase -filter {name =~ "*microblaze*#0" && bscan=="USER2" }
con
----------------End of Script----------------

20:35:07 INFO  : Launch script is exported to file 'C:\Users\tejasvissapragada\Documents\GitHub\cs153a\vitis\lab3b_vitis\lab3a_system\_ide\scripts\debugger_lab3a_application-default.tcl'
16:48:39 DEBUG : Logs will be stored at 'C:/Users/tejasvissapragada/Documents/GitHub/cs153a/vitis/lab3b_vitis/IDE.log'.
16:48:40 INFO  : Launching XSCT server: xsct.bat -n  -interactive C:\Users\tejasvissapragada\Documents\GitHub\cs153a\vitis\lab3b_vitis\temp_xsdb_launch_script.tcl
16:48:46 INFO  : Registering command handlers for Vitis TCF services
16:48:47 INFO  : Platform repository initialization has completed.
16:48:50 INFO  : XSCT server has started successfully.
16:48:55 INFO  : Successfully done setting XSCT server connection channel  
16:48:55 INFO  : plnx-install-location is set to ''
16:48:55 INFO  : Successfully done query RDI_DATADIR 
16:48:55 INFO  : Successfully done setting workspace for the tool. 
17:09:51 INFO  : Result from executing command 'getProjects': lab3a_platform
17:09:51 INFO  : Result from executing command 'getPlatforms': xilinx_vck190_base_202210_1|C:/Xilinx/Vitis/2022.1/base_platforms/xilinx_vck190_base_202210_1/xilinx_vck190_base_202210_1.xpfm;xilinx_vck190_base_dfx_202210_1|C:/Xilinx/Vitis/2022.1/base_platforms/xilinx_vck190_base_dfx_202210_1/xilinx_vck190_base_dfx_202210_1.xpfm;xilinx_vmk180_base_202210_1|C:/Xilinx/Vitis/2022.1/base_platforms/xilinx_vmk180_base_202210_1/xilinx_vmk180_base_202210_1.xpfm;xilinx_zcu102_base_202210_1|C:/Xilinx/Vitis/2022.1/base_platforms/xilinx_zcu102_base_202210_1/xilinx_zcu102_base_202210_1.xpfm;xilinx_zcu102_base_dfx_202210_1|C:/Xilinx/Vitis/2022.1/base_platforms/xilinx_zcu102_base_dfx_202210_1/xilinx_zcu102_base_dfx_202210_1.xpfm;xilinx_zcu104_base_202210_1|C:/Xilinx/Vitis/2022.1/base_platforms/xilinx_zcu104_base_202210_1/xilinx_zcu104_base_202210_1.xpfm
17:09:53 INFO  : Checking for BSP changes to sync application flags for project 'lab3a_application'...
17:10:29 INFO  : Checking for BSP changes to sync application flags for project 'lab3a_application'...
17:10:39 INFO  : Connected to target on host '127.0.0.1' and port '3121'.
17:10:41 INFO  : Jtag cable 'Digilent Nexys A7 -100T 210292BCFA48A' is selected.
17:10:41 INFO  : 'jtag frequency' command is executed.
17:10:41 INFO  : 'targets -set -filter {jtag_cable_name =~ "Digilent Nexys A7 -100T 210292BCFA48A" && level==0 && jtag_device_ctx=="jsn-Nexys A7 -100T-210292BCFA48A-13631093-0"}' command is executed.
17:10:44 INFO  : Device configured successfully with "C:/Users/tejasvissapragada/Documents/GitHub/cs153a/vitis/lab3b_vitis/lab3a_application/_ide/bitstream/design_1_wrapper.bit"
17:10:44 INFO  : Context for processor 'microblaze_0' is selected.
17:10:44 INFO  : Hardware design and registers information is loaded from 'C:/Users/tejasvissapragada/Documents/GitHub/cs153a/vitis/lab3b_vitis/lab3a_platform/export/lab3a_platform/hw/design_1_wrapper.xsa'.
17:10:44 INFO  : 'configparams mdm-detect-bscan-mask 2' command is executed.
17:10:44 INFO  : Context for processor 'microblaze_0' is selected.
17:10:44 INFO  : System reset is completed.
17:10:47 INFO  : 'after 3000' command is executed.
17:10:48 INFO  : Context for processor 'microblaze_0' is selected.
17:10:48 INFO  : The application 'C:/Users/tejasvissapragada/Documents/GitHub/cs153a/vitis/lab3b_vitis/lab3a_application/Debug/lab3a_application.elf' is downloaded to processor 'microblaze_0'.
17:10:48 INFO  : ----------------XSDB Script----------------
connect -url tcp:127.0.0.1:3121
targets -set -filter {jtag_cable_name =~ "Digilent Nexys A7 -100T 210292BCFA48A" && level==0 && jtag_device_ctx=="jsn-Nexys A7 -100T-210292BCFA48A-13631093-0"}
fpga -file C:/Users/tejasvissapragada/Documents/GitHub/cs153a/vitis/lab3b_vitis/lab3a_application/_ide/bitstream/design_1_wrapper.bit
targets -set -nocase -filter {name =~ "*microblaze*#0" && bscan=="USER2" }
loadhw -hw C:/Users/tejasvissapragada/Documents/GitHub/cs153a/vitis/lab3b_vitis/lab3a_platform/export/lab3a_platform/hw/design_1_wrapper.xsa -regs
configparams mdm-detect-bscan-mask 2
targets -set -nocase -filter {name =~ "*microblaze*#0" && bscan=="USER2" }
rst -system
after 3000
targets -set -nocase -filter {name =~ "*microblaze*#0" && bscan=="USER2" }
dow C:/Users/tejasvissapragada/Documents/GitHub/cs153a/vitis/lab3b_vitis/lab3a_application/Debug/lab3a_application.elf
----------------End of Script----------------

17:10:49 INFO  : Context for processor 'microblaze_0' is selected.
17:10:49 INFO  : 'con' command is executed.
17:10:49 INFO  : ----------------XSDB Script (After Launch)----------------
targets -set -nocase -filter {name =~ "*microblaze*#0" && bscan=="USER2" }
con
----------------End of Script----------------

17:10:49 INFO  : Launch script is exported to file 'C:\Users\tejasvissapragada\Documents\GitHub\cs153a\vitis\lab3b_vitis\lab3a_system\_ide\scripts\debugger_lab3a_application-default.tcl'
17:12:20 INFO  : Checking for BSP changes to sync application flags for project 'lab3a_application'...
17:12:32 INFO  : Disconnected from the channel tcfchan#2.
17:12:33 INFO  : Connected to target on host '127.0.0.1' and port '3121'.
17:12:42 INFO  : ----------------XSDB Script----------------
connect -url tcp:127.0.0.1:3121
----------------End of Script----------------

17:12:42 ERROR : Could not find FPGA device on the board for connection 'Local'.


Troubleshooting hints:
1. Check whether board is connected to system properly.
2. In case of zynq board, check whether Digilent/Xilinx cable switch settings are correct.
3. If you are using Xilinx Platform Cable USB, ensure that status LED is green.
17:13:17 INFO  : Connected to target on host '127.0.0.1' and port '3121'.
17:13:17 INFO  : Jtag cable 'Digilent Nexys A7 -100T 210292BCFA48A' is selected.
17:13:17 INFO  : 'jtag frequency' command is executed.
17:13:17 INFO  : 'targets -set -filter {jtag_cable_name =~ "Digilent Nexys A7 -100T 210292BCFA48A" && level==0 && jtag_device_ctx=="jsn-Nexys A7 -100T-210292BCFA48A-13631093-0"}' command is executed.
17:13:20 INFO  : Device configured successfully with "C:/Users/tejasvissapragada/Documents/GitHub/cs153a/vitis/lab3b_vitis/lab3a_application/_ide/bitstream/design_1_wrapper.bit"
17:13:20 INFO  : Context for processor 'microblaze_0' is selected.
17:13:20 INFO  : Hardware design and registers information is loaded from 'C:/Users/tejasvissapragada/Documents/GitHub/cs153a/vitis/lab3b_vitis/lab3a_platform/export/lab3a_platform/hw/design_1_wrapper.xsa'.
17:13:20 INFO  : 'configparams mdm-detect-bscan-mask 2' command is executed.
17:13:20 INFO  : Context for processor 'microblaze_0' is selected.
17:13:20 INFO  : System reset is completed.
17:13:23 INFO  : 'after 3000' command is executed.
17:13:23 INFO  : Context for processor 'microblaze_0' is selected.
17:13:23 INFO  : The application 'C:/Users/tejasvissapragada/Documents/GitHub/cs153a/vitis/lab3b_vitis/lab3a_application/Debug/lab3a_application.elf' is downloaded to processor 'microblaze_0'.
17:13:23 INFO  : ----------------XSDB Script----------------
connect -url tcp:127.0.0.1:3121
targets -set -filter {jtag_cable_name =~ "Digilent Nexys A7 -100T 210292BCFA48A" && level==0 && jtag_device_ctx=="jsn-Nexys A7 -100T-210292BCFA48A-13631093-0"}
fpga -file C:/Users/tejasvissapragada/Documents/GitHub/cs153a/vitis/lab3b_vitis/lab3a_application/_ide/bitstream/design_1_wrapper.bit
targets -set -nocase -filter {name =~ "*microblaze*#0" && bscan=="USER2" }
loadhw -hw C:/Users/tejasvissapragada/Documents/GitHub/cs153a/vitis/lab3b_vitis/lab3a_platform/export/lab3a_platform/hw/design_1_wrapper.xsa -regs
configparams mdm-detect-bscan-mask 2
targets -set -nocase -filter {name =~ "*microblaze*#0" && bscan=="USER2" }
rst -system
after 3000
targets -set -nocase -filter {name =~ "*microblaze*#0" && bscan=="USER2" }
dow C:/Users/tejasvissapragada/Documents/GitHub/cs153a/vitis/lab3b_vitis/lab3a_application/Debug/lab3a_application.elf
----------------End of Script----------------

17:13:23 INFO  : Context for processor 'microblaze_0' is selected.
17:13:23 INFO  : 'con' command is executed.
17:13:23 INFO  : ----------------XSDB Script (After Launch)----------------
targets -set -nocase -filter {name =~ "*microblaze*#0" && bscan=="USER2" }
con
----------------End of Script----------------

17:13:23 INFO  : Launch script is exported to file 'C:\Users\tejasvissapragada\Documents\GitHub\cs153a\vitis\lab3b_vitis\lab3a_system\_ide\scripts\debugger_lab3a_application-default.tcl'
17:14:34 INFO  : Checking for BSP changes to sync application flags for project 'lab3a_application'...
17:14:39 INFO  : Disconnected from the channel tcfchan#3.
17:14:40 INFO  : Connected to target on host '127.0.0.1' and port '3121'.
17:14:49 INFO  : ----------------XSDB Script----------------
connect -url tcp:127.0.0.1:3121
----------------End of Script----------------

17:14:49 ERROR : Could not find FPGA device on the board for connection 'Local'.


Troubleshooting hints:
1. Check whether board is connected to system properly.
2. In case of zynq board, check whether Digilent/Xilinx cable switch settings are correct.
3. If you are using Xilinx Platform Cable USB, ensure that status LED is green.
17:14:52 INFO  : Connected to target on host '127.0.0.1' and port '3121'.
17:14:52 INFO  : Jtag cable 'Digilent Nexys A7 -100T 210292BCFA48A' is selected.
17:14:52 INFO  : 'jtag frequency' command is executed.
17:14:53 INFO  : 'targets -set -filter {jtag_cable_name =~ "Digilent Nexys A7 -100T 210292BCFA48A" && level==0 && jtag_device_ctx=="jsn-Nexys A7 -100T-210292BCFA48A-13631093-0"}' command is executed.
17:14:55 INFO  : Device configured successfully with "C:/Users/tejasvissapragada/Documents/GitHub/cs153a/vitis/lab3b_vitis/lab3a_application/_ide/bitstream/design_1_wrapper.bit"
17:14:55 INFO  : Context for processor 'microblaze_0' is selected.
17:14:55 INFO  : Hardware design and registers information is loaded from 'C:/Users/tejasvissapragada/Documents/GitHub/cs153a/vitis/lab3b_vitis/lab3a_platform/export/lab3a_platform/hw/design_1_wrapper.xsa'.
17:14:55 INFO  : 'configparams mdm-detect-bscan-mask 2' command is executed.
17:14:55 INFO  : Context for processor 'microblaze_0' is selected.
17:14:55 INFO  : System reset is completed.
17:14:58 INFO  : 'after 3000' command is executed.
17:14:58 INFO  : Context for processor 'microblaze_0' is selected.
17:14:58 INFO  : The application 'C:/Users/tejasvissapragada/Documents/GitHub/cs153a/vitis/lab3b_vitis/lab3a_application/Debug/lab3a_application.elf' is downloaded to processor 'microblaze_0'.
17:14:58 INFO  : ----------------XSDB Script----------------
connect -url tcp:127.0.0.1:3121
targets -set -filter {jtag_cable_name =~ "Digilent Nexys A7 -100T 210292BCFA48A" && level==0 && jtag_device_ctx=="jsn-Nexys A7 -100T-210292BCFA48A-13631093-0"}
fpga -file C:/Users/tejasvissapragada/Documents/GitHub/cs153a/vitis/lab3b_vitis/lab3a_application/_ide/bitstream/design_1_wrapper.bit
targets -set -nocase -filter {name =~ "*microblaze*#0" && bscan=="USER2" }
loadhw -hw C:/Users/tejasvissapragada/Documents/GitHub/cs153a/vitis/lab3b_vitis/lab3a_platform/export/lab3a_platform/hw/design_1_wrapper.xsa -regs
configparams mdm-detect-bscan-mask 2
targets -set -nocase -filter {name =~ "*microblaze*#0" && bscan=="USER2" }
rst -system
after 3000
targets -set -nocase -filter {name =~ "*microblaze*#0" && bscan=="USER2" }
dow C:/Users/tejasvissapragada/Documents/GitHub/cs153a/vitis/lab3b_vitis/lab3a_application/Debug/lab3a_application.elf
----------------End of Script----------------

17:14:58 INFO  : Context for processor 'microblaze_0' is selected.
17:14:58 INFO  : 'con' command is executed.
17:14:58 INFO  : ----------------XSDB Script (After Launch)----------------
targets -set -nocase -filter {name =~ "*microblaze*#0" && bscan=="USER2" }
con
----------------End of Script----------------

17:14:58 INFO  : Launch script is exported to file 'C:\Users\tejasvissapragada\Documents\GitHub\cs153a\vitis\lab3b_vitis\lab3a_system\_ide\scripts\debugger_lab3a_application-default.tcl'
17:15:24 INFO  : Checking for BSP changes to sync application flags for project 'lab3a_application'...
17:15:32 INFO  : Disconnected from the channel tcfchan#4.
17:15:33 INFO  : Connected to target on host '127.0.0.1' and port '3121'.
17:15:36 INFO  : Connected to target on host '127.0.0.1' and port '3121'.
17:15:36 INFO  : Jtag cable 'Digilent Nexys A7 -100T 210292BCFA48A' is selected.
17:15:36 INFO  : 'jtag frequency' command is executed.
17:15:36 INFO  : 'targets -set -filter {jtag_cable_name =~ "Digilent Nexys A7 -100T 210292BCFA48A" && level==0 && jtag_device_ctx=="jsn-Nexys A7 -100T-210292BCFA48A-13631093-0"}' command is executed.
17:15:38 INFO  : Device configured successfully with "C:/Users/tejasvissapragada/Documents/GitHub/cs153a/vitis/lab3b_vitis/lab3a_application/_ide/bitstream/design_1_wrapper.bit"
17:15:38 INFO  : Context for processor 'microblaze_0' is selected.
17:15:38 INFO  : Hardware design and registers information is loaded from 'C:/Users/tejasvissapragada/Documents/GitHub/cs153a/vitis/lab3b_vitis/lab3a_platform/export/lab3a_platform/hw/design_1_wrapper.xsa'.
17:15:38 INFO  : 'configparams mdm-detect-bscan-mask 2' command is executed.
17:15:38 INFO  : Context for processor 'microblaze_0' is selected.
17:15:38 INFO  : System reset is completed.
17:15:41 INFO  : 'after 3000' command is executed.
17:15:44 INFO  : ----------------XSDB Script----------------
connect -url tcp:127.0.0.1:3121
----------------End of Script----------------

17:15:44 ERROR : Could not find FPGA device on the board for connection 'Local'.


Troubleshooting hints:
1. Check whether board is connected to system properly.
2. In case of zynq board, check whether Digilent/Xilinx cable switch settings are correct.
3. If you are using Xilinx Platform Cable USB, ensure that status LED is green.
17:15:44 INFO  : Context for processor 'microblaze_0' is selected.
17:15:45 INFO  : The application 'C:/Users/tejasvissapragada/Documents/GitHub/cs153a/vitis/lab3b_vitis/lab3a_application/Debug/lab3a_application.elf' is downloaded to processor 'microblaze_0'.
17:15:45 INFO  : ----------------XSDB Script----------------
connect -url tcp:127.0.0.1:3121
targets -set -filter {jtag_cable_name =~ "Digilent Nexys A7 -100T 210292BCFA48A" && level==0 && jtag_device_ctx=="jsn-Nexys A7 -100T-210292BCFA48A-13631093-0"}
fpga -file C:/Users/tejasvissapragada/Documents/GitHub/cs153a/vitis/lab3b_vitis/lab3a_application/_ide/bitstream/design_1_wrapper.bit
targets -set -nocase -filter {name =~ "*microblaze*#0" && bscan=="USER2" }
loadhw -hw C:/Users/tejasvissapragada/Documents/GitHub/cs153a/vitis/lab3b_vitis/lab3a_platform/export/lab3a_platform/hw/design_1_wrapper.xsa -regs
configparams mdm-detect-bscan-mask 2
targets -set -nocase -filter {name =~ "*microblaze*#0" && bscan=="USER2" }
rst -system
after 3000
targets -set -nocase -filter {name =~ "*microblaze*#0" && bscan=="USER2" }
dow C:/Users/tejasvissapragada/Documents/GitHub/cs153a/vitis/lab3b_vitis/lab3a_application/Debug/lab3a_application.elf
----------------End of Script----------------

17:15:45 INFO  : Context for processor 'microblaze_0' is selected.
17:15:45 INFO  : 'con' command is executed.
17:15:45 INFO  : ----------------XSDB Script (After Launch)----------------
targets -set -nocase -filter {name =~ "*microblaze*#0" && bscan=="USER2" }
con
----------------End of Script----------------

17:15:45 INFO  : Launch script is exported to file 'C:\Users\tejasvissapragada\Documents\GitHub\cs153a\vitis\lab3b_vitis\lab3a_system\_ide\scripts\debugger_lab3a_application-default.tcl'
17:16:22 INFO  : Checking for BSP changes to sync application flags for project 'lab3a_application'...
17:16:32 INFO  : Disconnected from the channel tcfchan#5.
17:16:33 INFO  : Connected to target on host '127.0.0.1' and port '3121'.
17:16:43 INFO  : ----------------XSDB Script----------------
connect -url tcp:127.0.0.1:3121
----------------End of Script----------------

17:16:43 ERROR : Could not find FPGA device on the board for connection 'Local'.


Troubleshooting hints:
1. Check whether board is connected to system properly.
2. In case of zynq board, check whether Digilent/Xilinx cable switch settings are correct.
3. If you are using Xilinx Platform Cable USB, ensure that status LED is green.
17:16:47 INFO  : Connected to target on host '127.0.0.1' and port '3121'.
17:16:47 INFO  : Jtag cable 'Digilent Nexys A7 -100T 210292BCFA48A' is selected.
17:16:47 INFO  : 'jtag frequency' command is executed.
17:16:47 INFO  : 'targets -set -filter {jtag_cable_name =~ "Digilent Nexys A7 -100T 210292BCFA48A" && level==0 && jtag_device_ctx=="jsn-Nexys A7 -100T-210292BCFA48A-13631093-0"}' command is executed.
17:16:49 INFO  : Device configured successfully with "C:/Users/tejasvissapragada/Documents/GitHub/cs153a/vitis/lab3b_vitis/lab3a_application/_ide/bitstream/design_1_wrapper.bit"
17:16:49 INFO  : Context for processor 'microblaze_0' is selected.
17:16:49 INFO  : Hardware design and registers information is loaded from 'C:/Users/tejasvissapragada/Documents/GitHub/cs153a/vitis/lab3b_vitis/lab3a_platform/export/lab3a_platform/hw/design_1_wrapper.xsa'.
17:16:49 INFO  : 'configparams mdm-detect-bscan-mask 2' command is executed.
17:16:49 INFO  : Context for processor 'microblaze_0' is selected.
17:16:49 INFO  : System reset is completed.
17:16:52 INFO  : 'after 3000' command is executed.
17:16:52 INFO  : Context for processor 'microblaze_0' is selected.
17:16:53 INFO  : The application 'C:/Users/tejasvissapragada/Documents/GitHub/cs153a/vitis/lab3b_vitis/lab3a_application/Debug/lab3a_application.elf' is downloaded to processor 'microblaze_0'.
17:16:53 INFO  : ----------------XSDB Script----------------
connect -url tcp:127.0.0.1:3121
targets -set -filter {jtag_cable_name =~ "Digilent Nexys A7 -100T 210292BCFA48A" && level==0 && jtag_device_ctx=="jsn-Nexys A7 -100T-210292BCFA48A-13631093-0"}
fpga -file C:/Users/tejasvissapragada/Documents/GitHub/cs153a/vitis/lab3b_vitis/lab3a_application/_ide/bitstream/design_1_wrapper.bit
targets -set -nocase -filter {name =~ "*microblaze*#0" && bscan=="USER2" }
loadhw -hw C:/Users/tejasvissapragada/Documents/GitHub/cs153a/vitis/lab3b_vitis/lab3a_platform/export/lab3a_platform/hw/design_1_wrapper.xsa -regs
configparams mdm-detect-bscan-mask 2
targets -set -nocase -filter {name =~ "*microblaze*#0" && bscan=="USER2" }
rst -system
after 3000
targets -set -nocase -filter {name =~ "*microblaze*#0" && bscan=="USER2" }
dow C:/Users/tejasvissapragada/Documents/GitHub/cs153a/vitis/lab3b_vitis/lab3a_application/Debug/lab3a_application.elf
----------------End of Script----------------

17:16:53 INFO  : Context for processor 'microblaze_0' is selected.
17:16:53 INFO  : 'con' command is executed.
17:16:53 INFO  : ----------------XSDB Script (After Launch)----------------
targets -set -nocase -filter {name =~ "*microblaze*#0" && bscan=="USER2" }
con
----------------End of Script----------------

17:16:53 INFO  : Launch script is exported to file 'C:\Users\tejasvissapragada\Documents\GitHub\cs153a\vitis\lab3b_vitis\lab3a_system\_ide\scripts\debugger_lab3a_application-default.tcl'
17:17:14 INFO  : Checking for BSP changes to sync application flags for project 'lab3a_application'...
17:17:21 INFO  : Disconnected from the channel tcfchan#6.
17:17:22 INFO  : Connected to target on host '127.0.0.1' and port '3121'.
17:17:31 INFO  : ----------------XSDB Script----------------
connect -url tcp:127.0.0.1:3121
----------------End of Script----------------

17:17:31 ERROR : Could not find FPGA device on the board for connection 'Local'.


Troubleshooting hints:
1. Check whether board is connected to system properly.
2. In case of zynq board, check whether Digilent/Xilinx cable switch settings are correct.
3. If you are using Xilinx Platform Cable USB, ensure that status LED is green.
17:17:36 INFO  : Connected to target on host '127.0.0.1' and port '3121'.
17:17:37 INFO  : Jtag cable 'Digilent Nexys A7 -100T 210292BCFA48A' is selected.
17:17:37 INFO  : 'jtag frequency' command is executed.
17:17:37 INFO  : 'targets -set -filter {jtag_cable_name =~ "Digilent Nexys A7 -100T 210292BCFA48A" && level==0 && jtag_device_ctx=="jsn-Nexys A7 -100T-210292BCFA48A-13631093-0"}' command is executed.
17:17:39 INFO  : Device configured successfully with "C:/Users/tejasvissapragada/Documents/GitHub/cs153a/vitis/lab3b_vitis/lab3a_application/_ide/bitstream/design_1_wrapper.bit"
17:17:39 INFO  : Context for processor 'microblaze_0' is selected.
17:17:39 INFO  : Hardware design and registers information is loaded from 'C:/Users/tejasvissapragada/Documents/GitHub/cs153a/vitis/lab3b_vitis/lab3a_platform/export/lab3a_platform/hw/design_1_wrapper.xsa'.
17:17:39 INFO  : 'configparams mdm-detect-bscan-mask 2' command is executed.
17:17:39 INFO  : Context for processor 'microblaze_0' is selected.
17:17:39 INFO  : System reset is completed.
17:17:42 INFO  : 'after 3000' command is executed.
17:17:42 INFO  : Context for processor 'microblaze_0' is selected.
17:17:42 INFO  : The application 'C:/Users/tejasvissapragada/Documents/GitHub/cs153a/vitis/lab3b_vitis/lab3a_application/Debug/lab3a_application.elf' is downloaded to processor 'microblaze_0'.
17:17:42 INFO  : ----------------XSDB Script----------------
connect -url tcp:127.0.0.1:3121
targets -set -filter {jtag_cable_name =~ "Digilent Nexys A7 -100T 210292BCFA48A" && level==0 && jtag_device_ctx=="jsn-Nexys A7 -100T-210292BCFA48A-13631093-0"}
fpga -file C:/Users/tejasvissapragada/Documents/GitHub/cs153a/vitis/lab3b_vitis/lab3a_application/_ide/bitstream/design_1_wrapper.bit
targets -set -nocase -filter {name =~ "*microblaze*#0" && bscan=="USER2" }
loadhw -hw C:/Users/tejasvissapragada/Documents/GitHub/cs153a/vitis/lab3b_vitis/lab3a_platform/export/lab3a_platform/hw/design_1_wrapper.xsa -regs
configparams mdm-detect-bscan-mask 2
targets -set -nocase -filter {name =~ "*microblaze*#0" && bscan=="USER2" }
rst -system
after 3000
targets -set -nocase -filter {name =~ "*microblaze*#0" && bscan=="USER2" }
dow C:/Users/tejasvissapragada/Documents/GitHub/cs153a/vitis/lab3b_vitis/lab3a_application/Debug/lab3a_application.elf
----------------End of Script----------------

17:17:42 INFO  : Context for processor 'microblaze_0' is selected.
17:17:42 INFO  : 'con' command is executed.
17:17:42 INFO  : ----------------XSDB Script (After Launch)----------------
targets -set -nocase -filter {name =~ "*microblaze*#0" && bscan=="USER2" }
con
----------------End of Script----------------

17:17:42 INFO  : Launch script is exported to file 'C:\Users\tejasvissapragada\Documents\GitHub\cs153a\vitis\lab3b_vitis\lab3a_system\_ide\scripts\debugger_lab3a_application-default.tcl'
17:35:59 INFO  : Checking for BSP changes to sync application flags for project 'lab3a_application'...
17:36:05 INFO  : Disconnected from the channel tcfchan#7.
17:36:05 INFO  : Connected to target on host '127.0.0.1' and port '3121'.
17:36:15 INFO  : ----------------XSDB Script----------------
connect -url tcp:127.0.0.1:3121
----------------End of Script----------------

17:36:15 ERROR : Could not find FPGA device on the board for connection 'Local'.


Troubleshooting hints:
1. Check whether board is connected to system properly.
2. In case of zynq board, check whether Digilent/Xilinx cable switch settings are correct.
3. If you are using Xilinx Platform Cable USB, ensure that status LED is green.
17:36:19 INFO  : Connected to target on host '127.0.0.1' and port '3121'.
17:36:19 INFO  : Jtag cable 'Digilent Nexys A7 -100T 210292BCFA48A' is selected.
17:36:19 INFO  : 'jtag frequency' command is executed.
17:36:19 INFO  : 'targets -set -filter {jtag_cable_name =~ "Digilent Nexys A7 -100T 210292BCFA48A" && level==0 && jtag_device_ctx=="jsn-Nexys A7 -100T-210292BCFA48A-13631093-0"}' command is executed.
17:36:21 INFO  : Device configured successfully with "C:/Users/tejasvissapragada/Documents/GitHub/cs153a/vitis/lab3b_vitis/lab3a_application/_ide/bitstream/design_1_wrapper.bit"
17:36:21 INFO  : Context for processor 'microblaze_0' is selected.
17:36:21 INFO  : Hardware design and registers information is loaded from 'C:/Users/tejasvissapragada/Documents/GitHub/cs153a/vitis/lab3b_vitis/lab3a_platform/export/lab3a_platform/hw/design_1_wrapper.xsa'.
17:36:21 INFO  : 'configparams mdm-detect-bscan-mask 2' command is executed.
17:36:21 INFO  : Context for processor 'microblaze_0' is selected.
17:36:21 INFO  : System reset is completed.
17:36:24 INFO  : 'after 3000' command is executed.
17:36:24 INFO  : Context for processor 'microblaze_0' is selected.
17:36:25 INFO  : The application 'C:/Users/tejasvissapragada/Documents/GitHub/cs153a/vitis/lab3b_vitis/lab3a_application/Debug/lab3a_application.elf' is downloaded to processor 'microblaze_0'.
17:36:25 INFO  : ----------------XSDB Script----------------
connect -url tcp:127.0.0.1:3121
targets -set -filter {jtag_cable_name =~ "Digilent Nexys A7 -100T 210292BCFA48A" && level==0 && jtag_device_ctx=="jsn-Nexys A7 -100T-210292BCFA48A-13631093-0"}
fpga -file C:/Users/tejasvissapragada/Documents/GitHub/cs153a/vitis/lab3b_vitis/lab3a_application/_ide/bitstream/design_1_wrapper.bit
targets -set -nocase -filter {name =~ "*microblaze*#0" && bscan=="USER2" }
loadhw -hw C:/Users/tejasvissapragada/Documents/GitHub/cs153a/vitis/lab3b_vitis/lab3a_platform/export/lab3a_platform/hw/design_1_wrapper.xsa -regs
configparams mdm-detect-bscan-mask 2
targets -set -nocase -filter {name =~ "*microblaze*#0" && bscan=="USER2" }
rst -system
after 3000
targets -set -nocase -filter {name =~ "*microblaze*#0" && bscan=="USER2" }
dow C:/Users/tejasvissapragada/Documents/GitHub/cs153a/vitis/lab3b_vitis/lab3a_application/Debug/lab3a_application.elf
----------------End of Script----------------

17:36:25 INFO  : Context for processor 'microblaze_0' is selected.
17:36:25 INFO  : 'con' command is executed.
17:36:25 INFO  : ----------------XSDB Script (After Launch)----------------
targets -set -nocase -filter {name =~ "*microblaze*#0" && bscan=="USER2" }
con
----------------End of Script----------------

17:36:25 INFO  : Launch script is exported to file 'C:\Users\tejasvissapragada\Documents\GitHub\cs153a\vitis\lab3b_vitis\lab3a_system\_ide\scripts\debugger_lab3a_application-default.tcl'
18:05:58 INFO  : Checking for BSP changes to sync application flags for project 'lab3a_application'...
18:06:14 INFO  : Checking for BSP changes to sync application flags for project 'lab3a_application'...
18:06:20 INFO  : Disconnected from the channel tcfchan#8.
18:06:21 INFO  : Connected to target on host '127.0.0.1' and port '3121'.
18:06:22 INFO  : Jtag cable 'Digilent Nexys A7 -100T 210292BCFA48A' is selected.
18:06:22 INFO  : 'jtag frequency' command is executed.
18:06:22 INFO  : 'targets -set -filter {jtag_cable_name =~ "Digilent Nexys A7 -100T 210292BCFA48A" && level==0 && jtag_device_ctx=="jsn-Nexys A7 -100T-210292BCFA48A-13631093-0"}' command is executed.
18:06:24 INFO  : Device configured successfully with "C:/Users/tejasvissapragada/Documents/GitHub/cs153a/vitis/lab3b_vitis/lab3a_application/_ide/bitstream/design_1_wrapper.bit"
18:06:24 INFO  : Context for processor 'microblaze_0' is selected.
18:06:24 INFO  : Hardware design and registers information is loaded from 'C:/Users/tejasvissapragada/Documents/GitHub/cs153a/vitis/lab3b_vitis/lab3a_platform/export/lab3a_platform/hw/design_1_wrapper.xsa'.
18:06:24 INFO  : 'configparams mdm-detect-bscan-mask 2' command is executed.
18:06:24 INFO  : Context for processor 'microblaze_0' is selected.
18:06:24 INFO  : System reset is completed.
18:06:27 INFO  : 'after 3000' command is executed.
18:06:27 INFO  : Context for processor 'microblaze_0' is selected.
18:06:27 INFO  : The application 'C:/Users/tejasvissapragada/Documents/GitHub/cs153a/vitis/lab3b_vitis/lab3a_application/Debug/lab3a_application.elf' is downloaded to processor 'microblaze_0'.
18:06:27 INFO  : ----------------XSDB Script----------------
connect -url tcp:127.0.0.1:3121
targets -set -filter {jtag_cable_name =~ "Digilent Nexys A7 -100T 210292BCFA48A" && level==0 && jtag_device_ctx=="jsn-Nexys A7 -100T-210292BCFA48A-13631093-0"}
fpga -file C:/Users/tejasvissapragada/Documents/GitHub/cs153a/vitis/lab3b_vitis/lab3a_application/_ide/bitstream/design_1_wrapper.bit
targets -set -nocase -filter {name =~ "*microblaze*#0" && bscan=="USER2" }
loadhw -hw C:/Users/tejasvissapragada/Documents/GitHub/cs153a/vitis/lab3b_vitis/lab3a_platform/export/lab3a_platform/hw/design_1_wrapper.xsa -regs
configparams mdm-detect-bscan-mask 2
targets -set -nocase -filter {name =~ "*microblaze*#0" && bscan=="USER2" }
rst -system
after 3000
targets -set -nocase -filter {name =~ "*microblaze*#0" && bscan=="USER2" }
dow C:/Users/tejasvissapragada/Documents/GitHub/cs153a/vitis/lab3b_vitis/lab3a_application/Debug/lab3a_application.elf
----------------End of Script----------------

18:06:27 INFO  : Context for processor 'microblaze_0' is selected.
18:06:27 INFO  : 'con' command is executed.
18:06:27 INFO  : ----------------XSDB Script (After Launch)----------------
targets -set -nocase -filter {name =~ "*microblaze*#0" && bscan=="USER2" }
con
----------------End of Script----------------

18:06:27 INFO  : Launch script is exported to file 'C:\Users\tejasvissapragada\Documents\GitHub\cs153a\vitis\lab3b_vitis\lab3a_system\_ide\scripts\debugger_lab3a_application-default.tcl'
18:07:53 INFO  : Disconnected from the channel tcfchan#9.
18:07:54 INFO  : Connected to target on host '127.0.0.1' and port '3121'.
18:08:03 INFO  : ----------------XSDB Script----------------
connect -url tcp:127.0.0.1:3121
----------------End of Script----------------

18:08:03 ERROR : Could not find FPGA device on the board for connection 'Local'.


Troubleshooting hints:
1. Check whether board is connected to system properly.
2. In case of zynq board, check whether Digilent/Xilinx cable switch settings are correct.
3. If you are using Xilinx Platform Cable USB, ensure that status LED is green.
18:08:07 INFO  : Connected to target on host '127.0.0.1' and port '3121'.
18:08:07 INFO  : Jtag cable 'Digilent Nexys A7 -100T 210292BCFA48A' is selected.
18:08:07 INFO  : 'jtag frequency' command is executed.
18:08:07 INFO  : 'targets -set -filter {jtag_cable_name =~ "Digilent Nexys A7 -100T 210292BCFA48A" && level==0 && jtag_device_ctx=="jsn-Nexys A7 -100T-210292BCFA48A-13631093-0"}' command is executed.
18:08:09 INFO  : Device configured successfully with "C:/Users/tejasvissapragada/Documents/GitHub/cs153a/vitis/lab3b_vitis/lab3a_application/_ide/bitstream/design_1_wrapper.bit"
18:08:09 INFO  : Context for processor 'microblaze_0' is selected.
18:08:09 INFO  : Hardware design and registers information is loaded from 'C:/Users/tejasvissapragada/Documents/GitHub/cs153a/vitis/lab3b_vitis/lab3a_platform/export/lab3a_platform/hw/design_1_wrapper.xsa'.
18:08:09 INFO  : 'configparams mdm-detect-bscan-mask 2' command is executed.
18:08:09 INFO  : Context for processor 'microblaze_0' is selected.
18:08:09 INFO  : System reset is completed.
18:08:12 INFO  : 'after 3000' command is executed.
18:08:12 INFO  : Context for processor 'microblaze_0' is selected.
18:08:12 INFO  : The application 'C:/Users/tejasvissapragada/Documents/GitHub/cs153a/vitis/lab3b_vitis/lab3a_application/Debug/lab3a_application.elf' is downloaded to processor 'microblaze_0'.
18:08:12 INFO  : ----------------XSDB Script----------------
connect -url tcp:127.0.0.1:3121
targets -set -filter {jtag_cable_name =~ "Digilent Nexys A7 -100T 210292BCFA48A" && level==0 && jtag_device_ctx=="jsn-Nexys A7 -100T-210292BCFA48A-13631093-0"}
fpga -file C:/Users/tejasvissapragada/Documents/GitHub/cs153a/vitis/lab3b_vitis/lab3a_application/_ide/bitstream/design_1_wrapper.bit
targets -set -nocase -filter {name =~ "*microblaze*#0" && bscan=="USER2" }
loadhw -hw C:/Users/tejasvissapragada/Documents/GitHub/cs153a/vitis/lab3b_vitis/lab3a_platform/export/lab3a_platform/hw/design_1_wrapper.xsa -regs
configparams mdm-detect-bscan-mask 2
targets -set -nocase -filter {name =~ "*microblaze*#0" && bscan=="USER2" }
rst -system
after 3000
targets -set -nocase -filter {name =~ "*microblaze*#0" && bscan=="USER2" }
dow C:/Users/tejasvissapragada/Documents/GitHub/cs153a/vitis/lab3b_vitis/lab3a_application/Debug/lab3a_application.elf
----------------End of Script----------------

18:08:13 INFO  : Context for processor 'microblaze_0' is selected.
18:08:13 INFO  : 'con' command is executed.
18:08:13 INFO  : ----------------XSDB Script (After Launch)----------------
targets -set -nocase -filter {name =~ "*microblaze*#0" && bscan=="USER2" }
con
----------------End of Script----------------

18:08:13 INFO  : Launch script is exported to file 'C:\Users\tejasvissapragada\Documents\GitHub\cs153a\vitis\lab3b_vitis\lab3a_system\_ide\scripts\debugger_lab3a_application-default.tcl'
18:09:14 INFO  : Checking for BSP changes to sync application flags for project 'lab3a_application'...
18:09:19 INFO  : Disconnected from the channel tcfchan#10.
18:09:20 INFO  : Connected to target on host '127.0.0.1' and port '3121'.
18:09:29 INFO  : ----------------XSDB Script----------------
connect -url tcp:127.0.0.1:3121
----------------End of Script----------------

18:09:29 ERROR : Could not find FPGA device on the board for connection 'Local'.


Troubleshooting hints:
1. Check whether board is connected to system properly.
2. In case of zynq board, check whether Digilent/Xilinx cable switch settings are correct.
3. If you are using Xilinx Platform Cable USB, ensure that status LED is green.
18:09:34 INFO  : Connected to target on host '127.0.0.1' and port '3121'.
18:09:34 INFO  : Jtag cable 'Digilent Nexys A7 -100T 210292BCFA48A' is selected.
18:09:34 INFO  : 'jtag frequency' command is executed.
18:09:34 INFO  : 'targets -set -filter {jtag_cable_name =~ "Digilent Nexys A7 -100T 210292BCFA48A" && level==0 && jtag_device_ctx=="jsn-Nexys A7 -100T-210292BCFA48A-13631093-0"}' command is executed.
18:09:36 INFO  : Device configured successfully with "C:/Users/tejasvissapragada/Documents/GitHub/cs153a/vitis/lab3b_vitis/lab3a_application/_ide/bitstream/design_1_wrapper.bit"
18:09:36 INFO  : Context for processor 'microblaze_0' is selected.
18:09:36 INFO  : Hardware design and registers information is loaded from 'C:/Users/tejasvissapragada/Documents/GitHub/cs153a/vitis/lab3b_vitis/lab3a_platform/export/lab3a_platform/hw/design_1_wrapper.xsa'.
18:09:36 INFO  : 'configparams mdm-detect-bscan-mask 2' command is executed.
18:09:36 INFO  : Context for processor 'microblaze_0' is selected.
18:09:36 INFO  : System reset is completed.
18:09:39 INFO  : 'after 3000' command is executed.
18:09:40 INFO  : Context for processor 'microblaze_0' is selected.
18:09:40 INFO  : The application 'C:/Users/tejasvissapragada/Documents/GitHub/cs153a/vitis/lab3b_vitis/lab3a_application/Debug/lab3a_application.elf' is downloaded to processor 'microblaze_0'.
18:09:40 INFO  : ----------------XSDB Script----------------
connect -url tcp:127.0.0.1:3121
targets -set -filter {jtag_cable_name =~ "Digilent Nexys A7 -100T 210292BCFA48A" && level==0 && jtag_device_ctx=="jsn-Nexys A7 -100T-210292BCFA48A-13631093-0"}
fpga -file C:/Users/tejasvissapragada/Documents/GitHub/cs153a/vitis/lab3b_vitis/lab3a_application/_ide/bitstream/design_1_wrapper.bit
targets -set -nocase -filter {name =~ "*microblaze*#0" && bscan=="USER2" }
loadhw -hw C:/Users/tejasvissapragada/Documents/GitHub/cs153a/vitis/lab3b_vitis/lab3a_platform/export/lab3a_platform/hw/design_1_wrapper.xsa -regs
configparams mdm-detect-bscan-mask 2
targets -set -nocase -filter {name =~ "*microblaze*#0" && bscan=="USER2" }
rst -system
after 3000
targets -set -nocase -filter {name =~ "*microblaze*#0" && bscan=="USER2" }
dow C:/Users/tejasvissapragada/Documents/GitHub/cs153a/vitis/lab3b_vitis/lab3a_application/Debug/lab3a_application.elf
----------------End of Script----------------

18:09:40 INFO  : Context for processor 'microblaze_0' is selected.
18:09:40 INFO  : 'con' command is executed.
18:09:40 INFO  : ----------------XSDB Script (After Launch)----------------
targets -set -nocase -filter {name =~ "*microblaze*#0" && bscan=="USER2" }
con
----------------End of Script----------------

18:09:40 INFO  : Launch script is exported to file 'C:\Users\tejasvissapragada\Documents\GitHub\cs153a\vitis\lab3b_vitis\lab3a_system\_ide\scripts\debugger_lab3a_application-default.tcl'
18:10:50 INFO  : Checking for BSP changes to sync application flags for project 'lab3a_application'...
18:10:54 INFO  : Disconnected from the channel tcfchan#11.
18:10:55 INFO  : Connected to target on host '127.0.0.1' and port '3121'.
18:11:04 INFO  : ----------------XSDB Script----------------
connect -url tcp:127.0.0.1:3121
----------------End of Script----------------

18:11:04 ERROR : Could not find FPGA device on the board for connection 'Local'.


Troubleshooting hints:
1. Check whether board is connected to system properly.
2. In case of zynq board, check whether Digilent/Xilinx cable switch settings are correct.
3. If you are using Xilinx Platform Cable USB, ensure that status LED is green.
18:11:12 INFO  : Connected to target on host '127.0.0.1' and port '3121'.
18:11:12 INFO  : Jtag cable 'Digilent Nexys A7 -100T 210292BCFA48A' is selected.
18:11:12 INFO  : 'jtag frequency' command is executed.
18:11:12 INFO  : 'targets -set -filter {jtag_cable_name =~ "Digilent Nexys A7 -100T 210292BCFA48A" && level==0 && jtag_device_ctx=="jsn-Nexys A7 -100T-210292BCFA48A-13631093-0"}' command is executed.
18:11:14 INFO  : Device configured successfully with "C:/Users/tejasvissapragada/Documents/GitHub/cs153a/vitis/lab3b_vitis/lab3a_application/_ide/bitstream/design_1_wrapper.bit"
18:11:14 INFO  : Context for processor 'microblaze_0' is selected.
18:11:14 INFO  : Hardware design and registers information is loaded from 'C:/Users/tejasvissapragada/Documents/GitHub/cs153a/vitis/lab3b_vitis/lab3a_platform/export/lab3a_platform/hw/design_1_wrapper.xsa'.
18:11:14 INFO  : 'configparams mdm-detect-bscan-mask 2' command is executed.
18:11:14 INFO  : Context for processor 'microblaze_0' is selected.
18:11:14 INFO  : System reset is completed.
18:11:17 INFO  : 'after 3000' command is executed.
18:11:17 INFO  : Context for processor 'microblaze_0' is selected.
18:11:17 INFO  : The application 'C:/Users/tejasvissapragada/Documents/GitHub/cs153a/vitis/lab3b_vitis/lab3a_application/Debug/lab3a_application.elf' is downloaded to processor 'microblaze_0'.
18:11:17 INFO  : ----------------XSDB Script----------------
connect -url tcp:127.0.0.1:3121
targets -set -filter {jtag_cable_name =~ "Digilent Nexys A7 -100T 210292BCFA48A" && level==0 && jtag_device_ctx=="jsn-Nexys A7 -100T-210292BCFA48A-13631093-0"}
fpga -file C:/Users/tejasvissapragada/Documents/GitHub/cs153a/vitis/lab3b_vitis/lab3a_application/_ide/bitstream/design_1_wrapper.bit
targets -set -nocase -filter {name =~ "*microblaze*#0" && bscan=="USER2" }
loadhw -hw C:/Users/tejasvissapragada/Documents/GitHub/cs153a/vitis/lab3b_vitis/lab3a_platform/export/lab3a_platform/hw/design_1_wrapper.xsa -regs
configparams mdm-detect-bscan-mask 2
targets -set -nocase -filter {name =~ "*microblaze*#0" && bscan=="USER2" }
rst -system
after 3000
targets -set -nocase -filter {name =~ "*microblaze*#0" && bscan=="USER2" }
dow C:/Users/tejasvissapragada/Documents/GitHub/cs153a/vitis/lab3b_vitis/lab3a_application/Debug/lab3a_application.elf
----------------End of Script----------------

18:11:18 INFO  : Context for processor 'microblaze_0' is selected.
18:11:18 INFO  : 'con' command is executed.
18:11:18 INFO  : ----------------XSDB Script (After Launch)----------------
targets -set -nocase -filter {name =~ "*microblaze*#0" && bscan=="USER2" }
con
----------------End of Script----------------

18:11:18 INFO  : Launch script is exported to file 'C:\Users\tejasvissapragada\Documents\GitHub\cs153a\vitis\lab3b_vitis\lab3a_system\_ide\scripts\debugger_lab3a_application-default.tcl'
18:11:47 INFO  : Checking for BSP changes to sync application flags for project 'lab3a_application'...
18:11:51 INFO  : Disconnected from the channel tcfchan#12.
18:11:52 INFO  : Connected to target on host '127.0.0.1' and port '3121'.
18:12:00 INFO  : Checking for BSP changes to sync application flags for project 'lab3a_application'...
18:12:01 INFO  : ----------------XSDB Script----------------
connect -url tcp:127.0.0.1:3121
----------------End of Script----------------

18:12:01 ERROR : Could not find FPGA device on the board for connection 'Local'.


Troubleshooting hints:
1. Check whether board is connected to system properly.
2. In case of zynq board, check whether Digilent/Xilinx cable switch settings are correct.
3. If you are using Xilinx Platform Cable USB, ensure that status LED is green.
18:12:04 INFO  : Connected to target on host '127.0.0.1' and port '3121'.
18:12:04 INFO  : Jtag cable 'Digilent Nexys A7 -100T 210292BCFA48A' is selected.
18:12:04 INFO  : 'jtag frequency' command is executed.
18:12:04 INFO  : 'targets -set -filter {jtag_cable_name =~ "Digilent Nexys A7 -100T 210292BCFA48A" && level==0 && jtag_device_ctx=="jsn-Nexys A7 -100T-210292BCFA48A-13631093-0"}' command is executed.
18:12:06 INFO  : Device configured successfully with "C:/Users/tejasvissapragada/Documents/GitHub/cs153a/vitis/lab3b_vitis/lab3a_application/_ide/bitstream/design_1_wrapper.bit"
18:12:06 INFO  : Context for processor 'microblaze_0' is selected.
18:12:07 INFO  : Hardware design and registers information is loaded from 'C:/Users/tejasvissapragada/Documents/GitHub/cs153a/vitis/lab3b_vitis/lab3a_platform/export/lab3a_platform/hw/design_1_wrapper.xsa'.
18:12:07 INFO  : 'configparams mdm-detect-bscan-mask 2' command is executed.
18:12:07 INFO  : Context for processor 'microblaze_0' is selected.
18:12:07 INFO  : System reset is completed.
18:12:10 INFO  : 'after 3000' command is executed.
18:12:10 INFO  : Context for processor 'microblaze_0' is selected.
18:12:10 INFO  : The application 'C:/Users/tejasvissapragada/Documents/GitHub/cs153a/vitis/lab3b_vitis/lab3a_application/Debug/lab3a_application.elf' is downloaded to processor 'microblaze_0'.
18:12:10 INFO  : ----------------XSDB Script----------------
connect -url tcp:127.0.0.1:3121
targets -set -filter {jtag_cable_name =~ "Digilent Nexys A7 -100T 210292BCFA48A" && level==0 && jtag_device_ctx=="jsn-Nexys A7 -100T-210292BCFA48A-13631093-0"}
fpga -file C:/Users/tejasvissapragada/Documents/GitHub/cs153a/vitis/lab3b_vitis/lab3a_application/_ide/bitstream/design_1_wrapper.bit
targets -set -nocase -filter {name =~ "*microblaze*#0" && bscan=="USER2" }
loadhw -hw C:/Users/tejasvissapragada/Documents/GitHub/cs153a/vitis/lab3b_vitis/lab3a_platform/export/lab3a_platform/hw/design_1_wrapper.xsa -regs
configparams mdm-detect-bscan-mask 2
targets -set -nocase -filter {name =~ "*microblaze*#0" && bscan=="USER2" }
rst -system
after 3000
targets -set -nocase -filter {name =~ "*microblaze*#0" && bscan=="USER2" }
dow C:/Users/tejasvissapragada/Documents/GitHub/cs153a/vitis/lab3b_vitis/lab3a_application/Debug/lab3a_application.elf
----------------End of Script----------------

18:12:10 INFO  : Context for processor 'microblaze_0' is selected.
18:12:10 INFO  : 'con' command is executed.
18:12:10 INFO  : ----------------XSDB Script (After Launch)----------------
targets -set -nocase -filter {name =~ "*microblaze*#0" && bscan=="USER2" }
con
----------------End of Script----------------

18:12:10 INFO  : Launch script is exported to file 'C:\Users\tejasvissapragada\Documents\GitHub\cs153a\vitis\lab3b_vitis\lab3a_system\_ide\scripts\debugger_lab3a_application-default.tcl'
18:13:37 INFO  : Checking for BSP changes to sync application flags for project 'lab3a_application'...
18:13:43 INFO  : Disconnected from the channel tcfchan#13.
18:13:44 INFO  : Connected to target on host '127.0.0.1' and port '3121'.
18:13:53 INFO  : ----------------XSDB Script----------------
connect -url tcp:127.0.0.1:3121
----------------End of Script----------------

18:13:53 ERROR : Could not find FPGA device on the board for connection 'Local'.


Troubleshooting hints:
1. Check whether board is connected to system properly.
2. In case of zynq board, check whether Digilent/Xilinx cable switch settings are correct.
3. If you are using Xilinx Platform Cable USB, ensure that status LED is green.
18:14:13 INFO  : Connected to target on host '127.0.0.1' and port '3121'.
18:14:13 INFO  : Jtag cable 'Digilent Nexys A7 -100T 210292BCFA48A' is selected.
18:14:13 INFO  : 'jtag frequency' command is executed.
18:14:14 INFO  : 'targets -set -filter {jtag_cable_name =~ "Digilent Nexys A7 -100T 210292BCFA48A" && level==0 && jtag_device_ctx=="jsn-Nexys A7 -100T-210292BCFA48A-13631093-0"}' command is executed.
18:14:16 INFO  : Device configured successfully with "C:/Users/tejasvissapragada/Documents/GitHub/cs153a/vitis/lab3b_vitis/lab3a_application/_ide/bitstream/design_1_wrapper.bit"
18:14:16 INFO  : Context for processor 'microblaze_0' is selected.
18:14:16 INFO  : Hardware design and registers information is loaded from 'C:/Users/tejasvissapragada/Documents/GitHub/cs153a/vitis/lab3b_vitis/lab3a_platform/export/lab3a_platform/hw/design_1_wrapper.xsa'.
18:14:16 INFO  : 'configparams mdm-detect-bscan-mask 2' command is executed.
18:14:16 INFO  : Context for processor 'microblaze_0' is selected.
18:14:16 INFO  : System reset is completed.
18:14:19 INFO  : 'after 3000' command is executed.
18:14:19 INFO  : Context for processor 'microblaze_0' is selected.
18:14:19 INFO  : The application 'C:/Users/tejasvissapragada/Documents/GitHub/cs153a/vitis/lab3b_vitis/lab3a_application/Debug/lab3a_application.elf' is downloaded to processor 'microblaze_0'.
18:14:19 INFO  : ----------------XSDB Script----------------
connect -url tcp:127.0.0.1:3121
targets -set -filter {jtag_cable_name =~ "Digilent Nexys A7 -100T 210292BCFA48A" && level==0 && jtag_device_ctx=="jsn-Nexys A7 -100T-210292BCFA48A-13631093-0"}
fpga -file C:/Users/tejasvissapragada/Documents/GitHub/cs153a/vitis/lab3b_vitis/lab3a_application/_ide/bitstream/design_1_wrapper.bit
targets -set -nocase -filter {name =~ "*microblaze*#0" && bscan=="USER2" }
loadhw -hw C:/Users/tejasvissapragada/Documents/GitHub/cs153a/vitis/lab3b_vitis/lab3a_platform/export/lab3a_platform/hw/design_1_wrapper.xsa -regs
configparams mdm-detect-bscan-mask 2
targets -set -nocase -filter {name =~ "*microblaze*#0" && bscan=="USER2" }
rst -system
after 3000
targets -set -nocase -filter {name =~ "*microblaze*#0" && bscan=="USER2" }
dow C:/Users/tejasvissapragada/Documents/GitHub/cs153a/vitis/lab3b_vitis/lab3a_application/Debug/lab3a_application.elf
----------------End of Script----------------

18:14:19 INFO  : Context for processor 'microblaze_0' is selected.
18:14:19 INFO  : 'con' command is executed.
18:14:19 INFO  : ----------------XSDB Script (After Launch)----------------
targets -set -nocase -filter {name =~ "*microblaze*#0" && bscan=="USER2" }
con
----------------End of Script----------------

18:14:19 INFO  : Launch script is exported to file 'C:\Users\tejasvissapragada\Documents\GitHub\cs153a\vitis\lab3b_vitis\lab3a_system\_ide\scripts\debugger_lab3a_application-default.tcl'
18:15:41 INFO  : Checking for BSP changes to sync application flags for project 'lab3a_application'...
18:16:31 INFO  : Checking for BSP changes to sync application flags for project 'lab3a_application'...
18:16:36 INFO  : Disconnected from the channel tcfchan#14.
18:16:37 INFO  : Connected to target on host '127.0.0.1' and port '3121'.
18:16:37 INFO  : Jtag cable 'Digilent Nexys A7 -100T 210292BCFA48A' is selected.
18:16:37 INFO  : 'jtag frequency' command is executed.
18:16:37 INFO  : 'targets -set -filter {jtag_cable_name =~ "Digilent Nexys A7 -100T 210292BCFA48A" && level==0 && jtag_device_ctx=="jsn-Nexys A7 -100T-210292BCFA48A-13631093-0"}' command is executed.
18:16:39 INFO  : Device configured successfully with "C:/Users/tejasvissapragada/Documents/GitHub/cs153a/vitis/lab3b_vitis/lab3a_application/_ide/bitstream/design_1_wrapper.bit"
18:16:39 INFO  : Context for processor 'microblaze_0' is selected.
18:16:39 INFO  : Hardware design and registers information is loaded from 'C:/Users/tejasvissapragada/Documents/GitHub/cs153a/vitis/lab3b_vitis/lab3a_platform/export/lab3a_platform/hw/design_1_wrapper.xsa'.
18:16:39 INFO  : 'configparams mdm-detect-bscan-mask 2' command is executed.
18:16:39 INFO  : Context for processor 'microblaze_0' is selected.
18:16:39 INFO  : System reset is completed.
18:16:42 INFO  : 'after 3000' command is executed.
18:16:42 INFO  : Context for processor 'microblaze_0' is selected.
18:16:43 INFO  : The application 'C:/Users/tejasvissapragada/Documents/GitHub/cs153a/vitis/lab3b_vitis/lab3a_application/Debug/lab3a_application.elf' is downloaded to processor 'microblaze_0'.
18:16:43 INFO  : ----------------XSDB Script----------------
connect -url tcp:127.0.0.1:3121
targets -set -filter {jtag_cable_name =~ "Digilent Nexys A7 -100T 210292BCFA48A" && level==0 && jtag_device_ctx=="jsn-Nexys A7 -100T-210292BCFA48A-13631093-0"}
fpga -file C:/Users/tejasvissapragada/Documents/GitHub/cs153a/vitis/lab3b_vitis/lab3a_application/_ide/bitstream/design_1_wrapper.bit
targets -set -nocase -filter {name =~ "*microblaze*#0" && bscan=="USER2" }
loadhw -hw C:/Users/tejasvissapragada/Documents/GitHub/cs153a/vitis/lab3b_vitis/lab3a_platform/export/lab3a_platform/hw/design_1_wrapper.xsa -regs
configparams mdm-detect-bscan-mask 2
targets -set -nocase -filter {name =~ "*microblaze*#0" && bscan=="USER2" }
rst -system
after 3000
targets -set -nocase -filter {name =~ "*microblaze*#0" && bscan=="USER2" }
dow C:/Users/tejasvissapragada/Documents/GitHub/cs153a/vitis/lab3b_vitis/lab3a_application/Debug/lab3a_application.elf
----------------End of Script----------------

18:16:43 INFO  : Context for processor 'microblaze_0' is selected.
18:16:43 INFO  : 'con' command is executed.
18:16:43 INFO  : ----------------XSDB Script (After Launch)----------------
targets -set -nocase -filter {name =~ "*microblaze*#0" && bscan=="USER2" }
con
----------------End of Script----------------

18:16:43 INFO  : Launch script is exported to file 'C:\Users\tejasvissapragada\Documents\GitHub\cs153a\vitis\lab3b_vitis\lab3a_system\_ide\scripts\debugger_lab3a_application-default.tcl'
18:22:35 INFO  : Checking for BSP changes to sync application flags for project 'lab3a_application'...
18:22:39 INFO  : Disconnected from the channel tcfchan#15.
18:22:40 INFO  : Connected to target on host '127.0.0.1' and port '3121'.
18:22:49 INFO  : ----------------XSDB Script----------------
connect -url tcp:127.0.0.1:3121
----------------End of Script----------------

18:22:49 ERROR : Could not find FPGA device on the board for connection 'Local'.


Troubleshooting hints:
1. Check whether board is connected to system properly.
2. In case of zynq board, check whether Digilent/Xilinx cable switch settings are correct.
3. If you are using Xilinx Platform Cable USB, ensure that status LED is green.
18:22:53 INFO  : Connected to target on host '127.0.0.1' and port '3121'.
18:22:53 INFO  : Jtag cable 'Digilent Nexys A7 -100T 210292BCFA48A' is selected.
18:22:53 INFO  : 'jtag frequency' command is executed.
18:22:53 INFO  : 'targets -set -filter {jtag_cable_name =~ "Digilent Nexys A7 -100T 210292BCFA48A" && level==0 && jtag_device_ctx=="jsn-Nexys A7 -100T-210292BCFA48A-13631093-0"}' command is executed.
18:22:55 INFO  : Device configured successfully with "C:/Users/tejasvissapragada/Documents/GitHub/cs153a/vitis/lab3b_vitis/lab3a_application/_ide/bitstream/design_1_wrapper.bit"
18:22:55 INFO  : Context for processor 'microblaze_0' is selected.
18:22:55 INFO  : Hardware design and registers information is loaded from 'C:/Users/tejasvissapragada/Documents/GitHub/cs153a/vitis/lab3b_vitis/lab3a_platform/export/lab3a_platform/hw/design_1_wrapper.xsa'.
18:22:55 INFO  : 'configparams mdm-detect-bscan-mask 2' command is executed.
18:22:55 INFO  : Context for processor 'microblaze_0' is selected.
18:22:55 INFO  : System reset is completed.
18:22:58 INFO  : 'after 3000' command is executed.
18:22:58 INFO  : Context for processor 'microblaze_0' is selected.
18:22:59 INFO  : The application 'C:/Users/tejasvissapragada/Documents/GitHub/cs153a/vitis/lab3b_vitis/lab3a_application/Debug/lab3a_application.elf' is downloaded to processor 'microblaze_0'.
18:22:59 INFO  : ----------------XSDB Script----------------
connect -url tcp:127.0.0.1:3121
targets -set -filter {jtag_cable_name =~ "Digilent Nexys A7 -100T 210292BCFA48A" && level==0 && jtag_device_ctx=="jsn-Nexys A7 -100T-210292BCFA48A-13631093-0"}
fpga -file C:/Users/tejasvissapragada/Documents/GitHub/cs153a/vitis/lab3b_vitis/lab3a_application/_ide/bitstream/design_1_wrapper.bit
targets -set -nocase -filter {name =~ "*microblaze*#0" && bscan=="USER2" }
loadhw -hw C:/Users/tejasvissapragada/Documents/GitHub/cs153a/vitis/lab3b_vitis/lab3a_platform/export/lab3a_platform/hw/design_1_wrapper.xsa -regs
configparams mdm-detect-bscan-mask 2
targets -set -nocase -filter {name =~ "*microblaze*#0" && bscan=="USER2" }
rst -system
after 3000
targets -set -nocase -filter {name =~ "*microblaze*#0" && bscan=="USER2" }
dow C:/Users/tejasvissapragada/Documents/GitHub/cs153a/vitis/lab3b_vitis/lab3a_application/Debug/lab3a_application.elf
----------------End of Script----------------

18:22:59 INFO  : Context for processor 'microblaze_0' is selected.
18:22:59 INFO  : 'con' command is executed.
18:22:59 INFO  : ----------------XSDB Script (After Launch)----------------
targets -set -nocase -filter {name =~ "*microblaze*#0" && bscan=="USER2" }
con
----------------End of Script----------------

18:22:59 INFO  : Launch script is exported to file 'C:\Users\tejasvissapragada\Documents\GitHub\cs153a\vitis\lab3b_vitis\lab3a_system\_ide\scripts\debugger_lab3a_application-default.tcl'
18:24:19 INFO  : Checking for BSP changes to sync application flags for project 'lab3a_application'...
18:24:30 INFO  : Disconnected from the channel tcfchan#16.
18:24:31 INFO  : Connected to target on host '127.0.0.1' and port '3121'.
18:24:40 INFO  : ----------------XSDB Script----------------
connect -url tcp:127.0.0.1:3121
----------------End of Script----------------

18:24:40 ERROR : Could not find FPGA device on the board for connection 'Local'.


Troubleshooting hints:
1. Check whether board is connected to system properly.
2. In case of zynq board, check whether Digilent/Xilinx cable switch settings are correct.
3. If you are using Xilinx Platform Cable USB, ensure that status LED is green.
18:24:45 INFO  : Connected to target on host '127.0.0.1' and port '3121'.
18:24:45 INFO  : Jtag cable 'Digilent Nexys A7 -100T 210292BCFA48A' is selected.
18:24:45 INFO  : 'jtag frequency' command is executed.
18:24:45 INFO  : 'targets -set -filter {jtag_cable_name =~ "Digilent Nexys A7 -100T 210292BCFA48A" && level==0 && jtag_device_ctx=="jsn-Nexys A7 -100T-210292BCFA48A-13631093-0"}' command is executed.
18:24:47 INFO  : Device configured successfully with "C:/Users/tejasvissapragada/Documents/GitHub/cs153a/vitis/lab3b_vitis/lab3a_application/_ide/bitstream/design_1_wrapper.bit"
18:24:47 INFO  : Context for processor 'microblaze_0' is selected.
18:24:47 INFO  : Hardware design and registers information is loaded from 'C:/Users/tejasvissapragada/Documents/GitHub/cs153a/vitis/lab3b_vitis/lab3a_platform/export/lab3a_platform/hw/design_1_wrapper.xsa'.
18:24:47 INFO  : 'configparams mdm-detect-bscan-mask 2' command is executed.
18:24:47 INFO  : Context for processor 'microblaze_0' is selected.
18:24:47 INFO  : System reset is completed.
18:24:50 INFO  : 'after 3000' command is executed.
18:24:50 INFO  : Context for processor 'microblaze_0' is selected.
18:24:51 INFO  : The application 'C:/Users/tejasvissapragada/Documents/GitHub/cs153a/vitis/lab3b_vitis/lab3a_application/Debug/lab3a_application.elf' is downloaded to processor 'microblaze_0'.
18:24:51 INFO  : ----------------XSDB Script----------------
connect -url tcp:127.0.0.1:3121
targets -set -filter {jtag_cable_name =~ "Digilent Nexys A7 -100T 210292BCFA48A" && level==0 && jtag_device_ctx=="jsn-Nexys A7 -100T-210292BCFA48A-13631093-0"}
fpga -file C:/Users/tejasvissapragada/Documents/GitHub/cs153a/vitis/lab3b_vitis/lab3a_application/_ide/bitstream/design_1_wrapper.bit
targets -set -nocase -filter {name =~ "*microblaze*#0" && bscan=="USER2" }
loadhw -hw C:/Users/tejasvissapragada/Documents/GitHub/cs153a/vitis/lab3b_vitis/lab3a_platform/export/lab3a_platform/hw/design_1_wrapper.xsa -regs
configparams mdm-detect-bscan-mask 2
targets -set -nocase -filter {name =~ "*microblaze*#0" && bscan=="USER2" }
rst -system
after 3000
targets -set -nocase -filter {name =~ "*microblaze*#0" && bscan=="USER2" }
dow C:/Users/tejasvissapragada/Documents/GitHub/cs153a/vitis/lab3b_vitis/lab3a_application/Debug/lab3a_application.elf
----------------End of Script----------------

18:24:51 INFO  : Context for processor 'microblaze_0' is selected.
18:24:51 INFO  : 'con' command is executed.
18:24:51 INFO  : ----------------XSDB Script (After Launch)----------------
targets -set -nocase -filter {name =~ "*microblaze*#0" && bscan=="USER2" }
con
----------------End of Script----------------

18:24:51 INFO  : Launch script is exported to file 'C:\Users\tejasvissapragada\Documents\GitHub\cs153a\vitis\lab3b_vitis\lab3a_system\_ide\scripts\debugger_lab3a_application-default.tcl'
18:51:35 INFO  : Checking for BSP changes to sync application flags for project 'lab3a_application'...
18:51:41 INFO  : Disconnected from the channel tcfchan#17.
18:51:42 INFO  : Connected to target on host '127.0.0.1' and port '3121'.
18:51:51 INFO  : ----------------XSDB Script----------------
connect -url tcp:127.0.0.1:3121
----------------End of Script----------------

18:51:51 ERROR : Could not find FPGA device on the board for connection 'Local'.


Troubleshooting hints:
1. Check whether board is connected to system properly.
2. In case of zynq board, check whether Digilent/Xilinx cable switch settings are correct.
3. If you are using Xilinx Platform Cable USB, ensure that status LED is green.
18:51:59 INFO  : Connected to target on host '127.0.0.1' and port '3121'.
18:51:59 INFO  : Jtag cable 'Digilent Nexys A7 -100T 210292BCFA48A' is selected.
18:51:59 INFO  : 'jtag frequency' command is executed.
18:51:59 INFO  : 'targets -set -filter {jtag_cable_name =~ "Digilent Nexys A7 -100T 210292BCFA48A" && level==0 && jtag_device_ctx=="jsn-Nexys A7 -100T-210292BCFA48A-13631093-0"}' command is executed.
18:52:02 INFO  : Device configured successfully with "C:/Users/tejasvissapragada/Documents/GitHub/cs153a/vitis/lab3b_vitis/lab3a_application/_ide/bitstream/design_1_wrapper.bit"
18:52:02 INFO  : Context for processor 'microblaze_0' is selected.
18:52:02 INFO  : Hardware design and registers information is loaded from 'C:/Users/tejasvissapragada/Documents/GitHub/cs153a/vitis/lab3b_vitis/lab3a_platform/export/lab3a_platform/hw/design_1_wrapper.xsa'.
18:52:02 INFO  : 'configparams mdm-detect-bscan-mask 2' command is executed.
18:52:02 INFO  : Context for processor 'microblaze_0' is selected.
18:52:02 INFO  : System reset is completed.
18:52:05 INFO  : 'after 3000' command is executed.
18:52:05 INFO  : Context for processor 'microblaze_0' is selected.
18:52:05 INFO  : The application 'C:/Users/tejasvissapragada/Documents/GitHub/cs153a/vitis/lab3b_vitis/lab3a_application/Debug/lab3a_application.elf' is downloaded to processor 'microblaze_0'.
18:52:05 INFO  : ----------------XSDB Script----------------
connect -url tcp:127.0.0.1:3121
targets -set -filter {jtag_cable_name =~ "Digilent Nexys A7 -100T 210292BCFA48A" && level==0 && jtag_device_ctx=="jsn-Nexys A7 -100T-210292BCFA48A-13631093-0"}
fpga -file C:/Users/tejasvissapragada/Documents/GitHub/cs153a/vitis/lab3b_vitis/lab3a_application/_ide/bitstream/design_1_wrapper.bit
targets -set -nocase -filter {name =~ "*microblaze*#0" && bscan=="USER2" }
loadhw -hw C:/Users/tejasvissapragada/Documents/GitHub/cs153a/vitis/lab3b_vitis/lab3a_platform/export/lab3a_platform/hw/design_1_wrapper.xsa -regs
configparams mdm-detect-bscan-mask 2
targets -set -nocase -filter {name =~ "*microblaze*#0" && bscan=="USER2" }
rst -system
after 3000
targets -set -nocase -filter {name =~ "*microblaze*#0" && bscan=="USER2" }
dow C:/Users/tejasvissapragada/Documents/GitHub/cs153a/vitis/lab3b_vitis/lab3a_application/Debug/lab3a_application.elf
----------------End of Script----------------

18:52:05 INFO  : Context for processor 'microblaze_0' is selected.
18:52:05 INFO  : 'con' command is executed.
18:52:05 INFO  : ----------------XSDB Script (After Launch)----------------
targets -set -nocase -filter {name =~ "*microblaze*#0" && bscan=="USER2" }
con
----------------End of Script----------------

18:52:05 INFO  : Launch script is exported to file 'C:\Users\tejasvissapragada\Documents\GitHub\cs153a\vitis\lab3b_vitis\lab3a_system\_ide\scripts\debugger_lab3a_application-default.tcl'
18:54:39 INFO  : Checking for BSP changes to sync application flags for project 'lab3a_application'...
18:54:43 INFO  : Disconnected from the channel tcfchan#18.
18:54:44 INFO  : Connected to target on host '127.0.0.1' and port '3121'.
18:54:44 INFO  : Jtag cable 'Digilent Nexys A7 -100T 210292BCFA48A' is selected.
18:54:44 INFO  : 'jtag frequency' command is executed.
18:54:44 INFO  : 'targets -set -filter {jtag_cable_name =~ "Digilent Nexys A7 -100T 210292BCFA48A" && level==0 && jtag_device_ctx=="jsn-Nexys A7 -100T-210292BCFA48A-13631093-0"}' command is executed.
18:54:46 INFO  : Device configured successfully with "C:/Users/tejasvissapragada/Documents/GitHub/cs153a/vitis/lab3b_vitis/lab3a_application/_ide/bitstream/design_1_wrapper.bit"
18:54:46 INFO  : Context for processor 'microblaze_0' is selected.
18:54:46 INFO  : Hardware design and registers information is loaded from 'C:/Users/tejasvissapragada/Documents/GitHub/cs153a/vitis/lab3b_vitis/lab3a_platform/export/lab3a_platform/hw/design_1_wrapper.xsa'.
18:54:46 INFO  : 'configparams mdm-detect-bscan-mask 2' command is executed.
18:54:46 INFO  : Context for processor 'microblaze_0' is selected.
18:54:46 INFO  : System reset is completed.
18:54:49 INFO  : 'after 3000' command is executed.
18:54:49 INFO  : Context for processor 'microblaze_0' is selected.
18:54:50 INFO  : The application 'C:/Users/tejasvissapragada/Documents/GitHub/cs153a/vitis/lab3b_vitis/lab3a_application/Debug/lab3a_application.elf' is downloaded to processor 'microblaze_0'.
18:54:50 INFO  : ----------------XSDB Script----------------
connect -url tcp:127.0.0.1:3121
targets -set -filter {jtag_cable_name =~ "Digilent Nexys A7 -100T 210292BCFA48A" && level==0 && jtag_device_ctx=="jsn-Nexys A7 -100T-210292BCFA48A-13631093-0"}
fpga -file C:/Users/tejasvissapragada/Documents/GitHub/cs153a/vitis/lab3b_vitis/lab3a_application/_ide/bitstream/design_1_wrapper.bit
targets -set -nocase -filter {name =~ "*microblaze*#0" && bscan=="USER2" }
loadhw -hw C:/Users/tejasvissapragada/Documents/GitHub/cs153a/vitis/lab3b_vitis/lab3a_platform/export/lab3a_platform/hw/design_1_wrapper.xsa -regs
configparams mdm-detect-bscan-mask 2
targets -set -nocase -filter {name =~ "*microblaze*#0" && bscan=="USER2" }
rst -system
after 3000
targets -set -nocase -filter {name =~ "*microblaze*#0" && bscan=="USER2" }
dow C:/Users/tejasvissapragada/Documents/GitHub/cs153a/vitis/lab3b_vitis/lab3a_application/Debug/lab3a_application.elf
----------------End of Script----------------

18:54:50 INFO  : Context for processor 'microblaze_0' is selected.
18:54:50 INFO  : 'con' command is executed.
18:54:50 INFO  : ----------------XSDB Script (After Launch)----------------
targets -set -nocase -filter {name =~ "*microblaze*#0" && bscan=="USER2" }
con
----------------End of Script----------------

18:54:50 INFO  : Launch script is exported to file 'C:\Users\tejasvissapragada\Documents\GitHub\cs153a\vitis\lab3b_vitis\lab3a_system\_ide\scripts\debugger_lab3a_application-default.tcl'
18:55:24 INFO  : Checking for BSP changes to sync application flags for project 'lab3a_application'...
18:55:29 INFO  : Disconnected from the channel tcfchan#19.
18:55:30 INFO  : Connected to target on host '127.0.0.1' and port '3121'.
18:55:30 INFO  : Jtag cable 'Digilent Nexys A7 -100T 210292BCFA48A' is selected.
18:55:30 INFO  : 'jtag frequency' command is executed.
18:55:30 INFO  : 'targets -set -filter {jtag_cable_name =~ "Digilent Nexys A7 -100T 210292BCFA48A" && level==0 && jtag_device_ctx=="jsn-Nexys A7 -100T-210292BCFA48A-13631093-0"}' command is executed.
18:55:32 INFO  : Device configured successfully with "C:/Users/tejasvissapragada/Documents/GitHub/cs153a/vitis/lab3b_vitis/lab3a_application/_ide/bitstream/design_1_wrapper.bit"
18:55:32 INFO  : Context for processor 'microblaze_0' is selected.
18:55:32 INFO  : Hardware design and registers information is loaded from 'C:/Users/tejasvissapragada/Documents/GitHub/cs153a/vitis/lab3b_vitis/lab3a_platform/export/lab3a_platform/hw/design_1_wrapper.xsa'.
18:55:32 INFO  : 'configparams mdm-detect-bscan-mask 2' command is executed.
18:55:32 INFO  : Context for processor 'microblaze_0' is selected.
18:55:32 INFO  : System reset is completed.
18:55:35 INFO  : 'after 3000' command is executed.
18:55:35 INFO  : Context for processor 'microblaze_0' is selected.
18:55:36 INFO  : The application 'C:/Users/tejasvissapragada/Documents/GitHub/cs153a/vitis/lab3b_vitis/lab3a_application/Debug/lab3a_application.elf' is downloaded to processor 'microblaze_0'.
18:55:36 INFO  : ----------------XSDB Script----------------
connect -url tcp:127.0.0.1:3121
targets -set -filter {jtag_cable_name =~ "Digilent Nexys A7 -100T 210292BCFA48A" && level==0 && jtag_device_ctx=="jsn-Nexys A7 -100T-210292BCFA48A-13631093-0"}
fpga -file C:/Users/tejasvissapragada/Documents/GitHub/cs153a/vitis/lab3b_vitis/lab3a_application/_ide/bitstream/design_1_wrapper.bit
targets -set -nocase -filter {name =~ "*microblaze*#0" && bscan=="USER2" }
loadhw -hw C:/Users/tejasvissapragada/Documents/GitHub/cs153a/vitis/lab3b_vitis/lab3a_platform/export/lab3a_platform/hw/design_1_wrapper.xsa -regs
configparams mdm-detect-bscan-mask 2
targets -set -nocase -filter {name =~ "*microblaze*#0" && bscan=="USER2" }
rst -system
after 3000
targets -set -nocase -filter {name =~ "*microblaze*#0" && bscan=="USER2" }
dow C:/Users/tejasvissapragada/Documents/GitHub/cs153a/vitis/lab3b_vitis/lab3a_application/Debug/lab3a_application.elf
----------------End of Script----------------

18:55:36 INFO  : Context for processor 'microblaze_0' is selected.
18:55:36 INFO  : 'con' command is executed.
18:55:36 INFO  : ----------------XSDB Script (After Launch)----------------
targets -set -nocase -filter {name =~ "*microblaze*#0" && bscan=="USER2" }
con
----------------End of Script----------------

18:55:36 INFO  : Launch script is exported to file 'C:\Users\tejasvissapragada\Documents\GitHub\cs153a\vitis\lab3b_vitis\lab3a_system\_ide\scripts\debugger_lab3a_application-default.tcl'
19:04:22 INFO  : Checking for BSP changes to sync application flags for project 'lab3a_application'...
19:04:26 INFO  : Disconnected from the channel tcfchan#20.
19:04:27 INFO  : Connected to target on host '127.0.0.1' and port '3121'.
19:04:36 INFO  : ----------------XSDB Script----------------
connect -url tcp:127.0.0.1:3121
----------------End of Script----------------

19:04:36 ERROR : Could not find FPGA device on the board for connection 'Local'.


Troubleshooting hints:
1. Check whether board is connected to system properly.
2. In case of zynq board, check whether Digilent/Xilinx cable switch settings are correct.
3. If you are using Xilinx Platform Cable USB, ensure that status LED is green.
19:04:41 INFO  : Connected to target on host '127.0.0.1' and port '3121'.
19:04:41 INFO  : Jtag cable 'Digilent Nexys A7 -100T 210292BCFA48A' is selected.
19:04:41 INFO  : 'jtag frequency' command is executed.
19:04:41 INFO  : 'targets -set -filter {jtag_cable_name =~ "Digilent Nexys A7 -100T 210292BCFA48A" && level==0 && jtag_device_ctx=="jsn-Nexys A7 -100T-210292BCFA48A-13631093-0"}' command is executed.
19:04:43 INFO  : Device configured successfully with "C:/Users/tejasvissapragada/Documents/GitHub/cs153a/vitis/lab3b_vitis/lab3a_application/_ide/bitstream/design_1_wrapper.bit"
19:04:43 INFO  : Context for processor 'microblaze_0' is selected.
19:04:43 INFO  : Hardware design and registers information is loaded from 'C:/Users/tejasvissapragada/Documents/GitHub/cs153a/vitis/lab3b_vitis/lab3a_platform/export/lab3a_platform/hw/design_1_wrapper.xsa'.
19:04:43 INFO  : 'configparams mdm-detect-bscan-mask 2' command is executed.
19:04:43 INFO  : Context for processor 'microblaze_0' is selected.
19:04:43 INFO  : System reset is completed.
19:04:46 INFO  : 'after 3000' command is executed.
19:04:46 INFO  : Context for processor 'microblaze_0' is selected.
19:04:47 INFO  : The application 'C:/Users/tejasvissapragada/Documents/GitHub/cs153a/vitis/lab3b_vitis/lab3a_application/Debug/lab3a_application.elf' is downloaded to processor 'microblaze_0'.
19:04:47 INFO  : ----------------XSDB Script----------------
connect -url tcp:127.0.0.1:3121
targets -set -filter {jtag_cable_name =~ "Digilent Nexys A7 -100T 210292BCFA48A" && level==0 && jtag_device_ctx=="jsn-Nexys A7 -100T-210292BCFA48A-13631093-0"}
fpga -file C:/Users/tejasvissapragada/Documents/GitHub/cs153a/vitis/lab3b_vitis/lab3a_application/_ide/bitstream/design_1_wrapper.bit
targets -set -nocase -filter {name =~ "*microblaze*#0" && bscan=="USER2" }
loadhw -hw C:/Users/tejasvissapragada/Documents/GitHub/cs153a/vitis/lab3b_vitis/lab3a_platform/export/lab3a_platform/hw/design_1_wrapper.xsa -regs
configparams mdm-detect-bscan-mask 2
targets -set -nocase -filter {name =~ "*microblaze*#0" && bscan=="USER2" }
rst -system
after 3000
targets -set -nocase -filter {name =~ "*microblaze*#0" && bscan=="USER2" }
dow C:/Users/tejasvissapragada/Documents/GitHub/cs153a/vitis/lab3b_vitis/lab3a_application/Debug/lab3a_application.elf
----------------End of Script----------------

19:04:47 INFO  : Context for processor 'microblaze_0' is selected.
19:04:47 INFO  : 'con' command is executed.
19:04:47 INFO  : ----------------XSDB Script (After Launch)----------------
targets -set -nocase -filter {name =~ "*microblaze*#0" && bscan=="USER2" }
con
----------------End of Script----------------

19:04:47 INFO  : Launch script is exported to file 'C:\Users\tejasvissapragada\Documents\GitHub\cs153a\vitis\lab3b_vitis\lab3a_system\_ide\scripts\debugger_lab3a_application-default.tcl'
19:06:56 INFO  : Checking for BSP changes to sync application flags for project 'lab3a_application'...
19:07:11 INFO  : Disconnected from the channel tcfchan#21.
19:07:12 INFO  : Connected to target on host '127.0.0.1' and port '3121'.
19:07:21 INFO  : ----------------XSDB Script----------------
connect -url tcp:127.0.0.1:3121
----------------End of Script----------------

19:07:21 ERROR : Could not find FPGA device on the board for connection 'Local'.


Troubleshooting hints:
1. Check whether board is connected to system properly.
2. In case of zynq board, check whether Digilent/Xilinx cable switch settings are correct.
3. If you are using Xilinx Platform Cable USB, ensure that status LED is green.
19:07:25 INFO  : Connected to target on host '127.0.0.1' and port '3121'.
19:07:25 INFO  : Jtag cable 'Digilent Nexys A7 -100T 210292BCFA48A' is selected.
19:07:26 INFO  : 'jtag frequency' command is executed.
19:07:26 INFO  : 'targets -set -filter {jtag_cable_name =~ "Digilent Nexys A7 -100T 210292BCFA48A" && level==0 && jtag_device_ctx=="jsn-Nexys A7 -100T-210292BCFA48A-13631093-0"}' command is executed.
19:07:28 INFO  : Device configured successfully with "C:/Users/tejasvissapragada/Documents/GitHub/cs153a/vitis/lab3b_vitis/lab3a_application/_ide/bitstream/design_1_wrapper.bit"
19:07:28 INFO  : Context for processor 'microblaze_0' is selected.
19:07:28 INFO  : Hardware design and registers information is loaded from 'C:/Users/tejasvissapragada/Documents/GitHub/cs153a/vitis/lab3b_vitis/lab3a_platform/export/lab3a_platform/hw/design_1_wrapper.xsa'.
19:07:28 INFO  : 'configparams mdm-detect-bscan-mask 2' command is executed.
19:07:28 INFO  : Context for processor 'microblaze_0' is selected.
19:07:28 INFO  : System reset is completed.
19:07:31 INFO  : 'after 3000' command is executed.
19:07:31 INFO  : Context for processor 'microblaze_0' is selected.
19:07:31 INFO  : The application 'C:/Users/tejasvissapragada/Documents/GitHub/cs153a/vitis/lab3b_vitis/lab3a_application/Debug/lab3a_application.elf' is downloaded to processor 'microblaze_0'.
19:07:31 INFO  : ----------------XSDB Script----------------
connect -url tcp:127.0.0.1:3121
targets -set -filter {jtag_cable_name =~ "Digilent Nexys A7 -100T 210292BCFA48A" && level==0 && jtag_device_ctx=="jsn-Nexys A7 -100T-210292BCFA48A-13631093-0"}
fpga -file C:/Users/tejasvissapragada/Documents/GitHub/cs153a/vitis/lab3b_vitis/lab3a_application/_ide/bitstream/design_1_wrapper.bit
targets -set -nocase -filter {name =~ "*microblaze*#0" && bscan=="USER2" }
loadhw -hw C:/Users/tejasvissapragada/Documents/GitHub/cs153a/vitis/lab3b_vitis/lab3a_platform/export/lab3a_platform/hw/design_1_wrapper.xsa -regs
configparams mdm-detect-bscan-mask 2
targets -set -nocase -filter {name =~ "*microblaze*#0" && bscan=="USER2" }
rst -system
after 3000
targets -set -nocase -filter {name =~ "*microblaze*#0" && bscan=="USER2" }
dow C:/Users/tejasvissapragada/Documents/GitHub/cs153a/vitis/lab3b_vitis/lab3a_application/Debug/lab3a_application.elf
----------------End of Script----------------

19:07:31 INFO  : Context for processor 'microblaze_0' is selected.
19:07:31 INFO  : 'con' command is executed.
19:07:31 INFO  : ----------------XSDB Script (After Launch)----------------
targets -set -nocase -filter {name =~ "*microblaze*#0" && bscan=="USER2" }
con
----------------End of Script----------------

19:07:31 INFO  : Launch script is exported to file 'C:\Users\tejasvissapragada\Documents\GitHub\cs153a\vitis\lab3b_vitis\lab3a_system\_ide\scripts\debugger_lab3a_application-default.tcl'
19:24:12 INFO  : Checking for BSP changes to sync application flags for project 'lab3a_application'...
19:24:52 INFO  : Disconnected from the channel tcfchan#22.
19:24:53 INFO  : Connected to target on host '127.0.0.1' and port '3121'.
19:25:02 INFO  : ----------------XSDB Script----------------
connect -url tcp:127.0.0.1:3121
----------------End of Script----------------

19:25:02 ERROR : Could not find FPGA device on the board for connection 'Local'.


Troubleshooting hints:
1. Check whether board is connected to system properly.
2. In case of zynq board, check whether Digilent/Xilinx cable switch settings are correct.
3. If you are using Xilinx Platform Cable USB, ensure that status LED is green.
19:25:19 INFO  : Connected to target on host '127.0.0.1' and port '3121'.
19:25:19 INFO  : Jtag cable 'Digilent Nexys A7 -100T 210292BCFA48A' is selected.
19:25:19 INFO  : 'jtag frequency' command is executed.
19:25:19 INFO  : 'targets -set -filter {jtag_cable_name =~ "Digilent Nexys A7 -100T 210292BCFA48A" && level==0 && jtag_device_ctx=="jsn-Nexys A7 -100T-210292BCFA48A-13631093-0"}' command is executed.
19:25:21 INFO  : Device configured successfully with "C:/Users/tejasvissapragada/Documents/GitHub/cs153a/vitis/lab3b_vitis/lab3a_application/_ide/bitstream/design_1_wrapper.bit"
19:25:21 INFO  : Context for processor 'microblaze_0' is selected.
19:25:21 INFO  : Hardware design and registers information is loaded from 'C:/Users/tejasvissapragada/Documents/GitHub/cs153a/vitis/lab3b_vitis/lab3a_platform/export/lab3a_platform/hw/design_1_wrapper.xsa'.
19:25:21 INFO  : 'configparams mdm-detect-bscan-mask 2' command is executed.
19:25:21 INFO  : Context for processor 'microblaze_0' is selected.
19:25:21 INFO  : System reset is completed.
19:25:24 INFO  : 'after 3000' command is executed.
19:25:24 INFO  : Context for processor 'microblaze_0' is selected.
19:25:25 INFO  : The application 'C:/Users/tejasvissapragada/Documents/GitHub/cs153a/vitis/lab3b_vitis/lab3a_application/Debug/lab3a_application.elf' is downloaded to processor 'microblaze_0'.
19:25:25 INFO  : ----------------XSDB Script----------------
connect -url tcp:127.0.0.1:3121
targets -set -filter {jtag_cable_name =~ "Digilent Nexys A7 -100T 210292BCFA48A" && level==0 && jtag_device_ctx=="jsn-Nexys A7 -100T-210292BCFA48A-13631093-0"}
fpga -file C:/Users/tejasvissapragada/Documents/GitHub/cs153a/vitis/lab3b_vitis/lab3a_application/_ide/bitstream/design_1_wrapper.bit
targets -set -nocase -filter {name =~ "*microblaze*#0" && bscan=="USER2" }
loadhw -hw C:/Users/tejasvissapragada/Documents/GitHub/cs153a/vitis/lab3b_vitis/lab3a_platform/export/lab3a_platform/hw/design_1_wrapper.xsa -regs
configparams mdm-detect-bscan-mask 2
targets -set -nocase -filter {name =~ "*microblaze*#0" && bscan=="USER2" }
rst -system
after 3000
targets -set -nocase -filter {name =~ "*microblaze*#0" && bscan=="USER2" }
dow C:/Users/tejasvissapragada/Documents/GitHub/cs153a/vitis/lab3b_vitis/lab3a_application/Debug/lab3a_application.elf
----------------End of Script----------------

19:25:25 INFO  : Context for processor 'microblaze_0' is selected.
19:25:25 INFO  : 'con' command is executed.
19:25:25 INFO  : ----------------XSDB Script (After Launch)----------------
targets -set -nocase -filter {name =~ "*microblaze*#0" && bscan=="USER2" }
con
----------------End of Script----------------

19:25:25 INFO  : Launch script is exported to file 'C:\Users\tejasvissapragada\Documents\GitHub\cs153a\vitis\lab3b_vitis\lab3a_system\_ide\scripts\debugger_lab3a_application-default.tcl'
19:26:33 INFO  : Checking for BSP changes to sync application flags for project 'lab3a_application'...
19:26:37 INFO  : Disconnected from the channel tcfchan#23.
19:26:38 INFO  : Connected to target on host '127.0.0.1' and port '3121'.
19:26:38 INFO  : Jtag cable 'Digilent Nexys A7 -100T 210292BCFA48A' is selected.
19:26:38 INFO  : 'jtag frequency' command is executed.
19:26:38 INFO  : 'targets -set -filter {jtag_cable_name =~ "Digilent Nexys A7 -100T 210292BCFA48A" && level==0 && jtag_device_ctx=="jsn-Nexys A7 -100T-210292BCFA48A-13631093-0"}' command is executed.
19:26:41 INFO  : Device configured successfully with "C:/Users/tejasvissapragada/Documents/GitHub/cs153a/vitis/lab3b_vitis/lab3a_application/_ide/bitstream/design_1_wrapper.bit"
19:26:41 INFO  : Context for processor 'microblaze_0' is selected.
19:26:41 INFO  : Hardware design and registers information is loaded from 'C:/Users/tejasvissapragada/Documents/GitHub/cs153a/vitis/lab3b_vitis/lab3a_platform/export/lab3a_platform/hw/design_1_wrapper.xsa'.
19:26:41 INFO  : 'configparams mdm-detect-bscan-mask 2' command is executed.
19:26:41 INFO  : Context for processor 'microblaze_0' is selected.
19:26:41 INFO  : System reset is completed.
19:26:44 INFO  : 'after 3000' command is executed.
19:26:44 INFO  : Context for processor 'microblaze_0' is selected.
19:26:44 INFO  : The application 'C:/Users/tejasvissapragada/Documents/GitHub/cs153a/vitis/lab3b_vitis/lab3a_application/Debug/lab3a_application.elf' is downloaded to processor 'microblaze_0'.
19:26:44 INFO  : ----------------XSDB Script----------------
connect -url tcp:127.0.0.1:3121
targets -set -filter {jtag_cable_name =~ "Digilent Nexys A7 -100T 210292BCFA48A" && level==0 && jtag_device_ctx=="jsn-Nexys A7 -100T-210292BCFA48A-13631093-0"}
fpga -file C:/Users/tejasvissapragada/Documents/GitHub/cs153a/vitis/lab3b_vitis/lab3a_application/_ide/bitstream/design_1_wrapper.bit
targets -set -nocase -filter {name =~ "*microblaze*#0" && bscan=="USER2" }
loadhw -hw C:/Users/tejasvissapragada/Documents/GitHub/cs153a/vitis/lab3b_vitis/lab3a_platform/export/lab3a_platform/hw/design_1_wrapper.xsa -regs
configparams mdm-detect-bscan-mask 2
targets -set -nocase -filter {name =~ "*microblaze*#0" && bscan=="USER2" }
rst -system
after 3000
targets -set -nocase -filter {name =~ "*microblaze*#0" && bscan=="USER2" }
dow C:/Users/tejasvissapragada/Documents/GitHub/cs153a/vitis/lab3b_vitis/lab3a_application/Debug/lab3a_application.elf
----------------End of Script----------------

19:26:44 INFO  : Context for processor 'microblaze_0' is selected.
19:26:44 INFO  : 'con' command is executed.
19:26:44 INFO  : ----------------XSDB Script (After Launch)----------------
targets -set -nocase -filter {name =~ "*microblaze*#0" && bscan=="USER2" }
con
----------------End of Script----------------

19:26:44 INFO  : Launch script is exported to file 'C:\Users\tejasvissapragada\Documents\GitHub\cs153a\vitis\lab3b_vitis\lab3a_system\_ide\scripts\debugger_lab3a_application-default.tcl'
19:27:41 INFO  : Checking for BSP changes to sync application flags for project 'lab3a_application'...
19:27:53 INFO  : Disconnected from the channel tcfchan#24.
19:27:54 INFO  : Connected to target on host '127.0.0.1' and port '3121'.
19:28:03 INFO  : ----------------XSDB Script----------------
connect -url tcp:127.0.0.1:3121
----------------End of Script----------------

19:28:03 ERROR : Could not find FPGA device on the board for connection 'Local'.


Troubleshooting hints:
1. Check whether board is connected to system properly.
2. In case of zynq board, check whether Digilent/Xilinx cable switch settings are correct.
3. If you are using Xilinx Platform Cable USB, ensure that status LED is green.
19:28:35 INFO  : Checking for BSP changes to sync application flags for project 'lab3a_application'...
19:28:47 INFO  : Connected to target on host '127.0.0.1' and port '3121'.
19:28:47 INFO  : Jtag cable 'Digilent Nexys A7 -100T 210292BCFA48A' is selected.
19:28:47 INFO  : 'jtag frequency' command is executed.
19:28:47 INFO  : 'targets -set -filter {jtag_cable_name =~ "Digilent Nexys A7 -100T 210292BCFA48A" && level==0 && jtag_device_ctx=="jsn-Nexys A7 -100T-210292BCFA48A-13631093-0"}' command is executed.
19:28:50 INFO  : Device configured successfully with "C:/Users/tejasvissapragada/Documents/GitHub/cs153a/vitis/lab3b_vitis/lab3a_application/_ide/bitstream/design_1_wrapper.bit"
19:28:50 INFO  : Context for processor 'microblaze_0' is selected.
19:28:50 INFO  : Hardware design and registers information is loaded from 'C:/Users/tejasvissapragada/Documents/GitHub/cs153a/vitis/lab3b_vitis/lab3a_platform/export/lab3a_platform/hw/design_1_wrapper.xsa'.
19:28:50 INFO  : 'configparams mdm-detect-bscan-mask 2' command is executed.
19:28:50 INFO  : Context for processor 'microblaze_0' is selected.
19:28:50 INFO  : System reset is completed.
19:28:53 INFO  : 'after 3000' command is executed.
19:28:53 INFO  : Context for processor 'microblaze_0' is selected.
19:28:53 INFO  : The application 'C:/Users/tejasvissapragada/Documents/GitHub/cs153a/vitis/lab3b_vitis/lab3a_application/Debug/lab3a_application.elf' is downloaded to processor 'microblaze_0'.
19:28:53 INFO  : ----------------XSDB Script----------------
connect -url tcp:127.0.0.1:3121
targets -set -filter {jtag_cable_name =~ "Digilent Nexys A7 -100T 210292BCFA48A" && level==0 && jtag_device_ctx=="jsn-Nexys A7 -100T-210292BCFA48A-13631093-0"}
fpga -file C:/Users/tejasvissapragada/Documents/GitHub/cs153a/vitis/lab3b_vitis/lab3a_application/_ide/bitstream/design_1_wrapper.bit
targets -set -nocase -filter {name =~ "*microblaze*#0" && bscan=="USER2" }
loadhw -hw C:/Users/tejasvissapragada/Documents/GitHub/cs153a/vitis/lab3b_vitis/lab3a_platform/export/lab3a_platform/hw/design_1_wrapper.xsa -regs
configparams mdm-detect-bscan-mask 2
targets -set -nocase -filter {name =~ "*microblaze*#0" && bscan=="USER2" }
rst -system
after 3000
targets -set -nocase -filter {name =~ "*microblaze*#0" && bscan=="USER2" }
dow C:/Users/tejasvissapragada/Documents/GitHub/cs153a/vitis/lab3b_vitis/lab3a_application/Debug/lab3a_application.elf
----------------End of Script----------------

19:28:53 INFO  : Context for processor 'microblaze_0' is selected.
19:28:53 INFO  : 'con' command is executed.
19:28:53 INFO  : ----------------XSDB Script (After Launch)----------------
targets -set -nocase -filter {name =~ "*microblaze*#0" && bscan=="USER2" }
con
----------------End of Script----------------

19:28:53 INFO  : Launch script is exported to file 'C:\Users\tejasvissapragada\Documents\GitHub\cs153a\vitis\lab3b_vitis\lab3a_system\_ide\scripts\debugger_lab3a_application-default.tcl'
19:29:53 INFO  : Checking for BSP changes to sync application flags for project 'lab3a_application'...
19:29:58 INFO  : Disconnected from the channel tcfchan#25.
19:29:59 INFO  : Connected to target on host '127.0.0.1' and port '3121'.
19:30:08 INFO  : ----------------XSDB Script----------------
connect -url tcp:127.0.0.1:3121
----------------End of Script----------------

19:30:08 ERROR : Could not find FPGA device on the board for connection 'Local'.


Troubleshooting hints:
1. Check whether board is connected to system properly.
2. In case of zynq board, check whether Digilent/Xilinx cable switch settings are correct.
3. If you are using Xilinx Platform Cable USB, ensure that status LED is green.
19:30:17 INFO  : Connected to target on host '127.0.0.1' and port '3121'.
19:30:17 INFO  : Jtag cable 'Digilent Nexys A7 -100T 210292BCFA48A' is selected.
19:30:17 INFO  : 'jtag frequency' command is executed.
19:30:17 INFO  : 'targets -set -filter {jtag_cable_name =~ "Digilent Nexys A7 -100T 210292BCFA48A" && level==0 && jtag_device_ctx=="jsn-Nexys A7 -100T-210292BCFA48A-13631093-0"}' command is executed.
19:30:19 INFO  : Device configured successfully with "C:/Users/tejasvissapragada/Documents/GitHub/cs153a/vitis/lab3b_vitis/lab3a_application/_ide/bitstream/design_1_wrapper.bit"
19:30:19 INFO  : Context for processor 'microblaze_0' is selected.
19:30:19 INFO  : Hardware design and registers information is loaded from 'C:/Users/tejasvissapragada/Documents/GitHub/cs153a/vitis/lab3b_vitis/lab3a_platform/export/lab3a_platform/hw/design_1_wrapper.xsa'.
19:30:19 INFO  : 'configparams mdm-detect-bscan-mask 2' command is executed.
19:30:19 INFO  : Context for processor 'microblaze_0' is selected.
19:30:19 INFO  : System reset is completed.
19:30:22 INFO  : 'after 3000' command is executed.
19:30:22 INFO  : Context for processor 'microblaze_0' is selected.
19:30:23 INFO  : The application 'C:/Users/tejasvissapragada/Documents/GitHub/cs153a/vitis/lab3b_vitis/lab3a_application/Debug/lab3a_application.elf' is downloaded to processor 'microblaze_0'.
19:30:23 INFO  : ----------------XSDB Script----------------
connect -url tcp:127.0.0.1:3121
targets -set -filter {jtag_cable_name =~ "Digilent Nexys A7 -100T 210292BCFA48A" && level==0 && jtag_device_ctx=="jsn-Nexys A7 -100T-210292BCFA48A-13631093-0"}
fpga -file C:/Users/tejasvissapragada/Documents/GitHub/cs153a/vitis/lab3b_vitis/lab3a_application/_ide/bitstream/design_1_wrapper.bit
targets -set -nocase -filter {name =~ "*microblaze*#0" && bscan=="USER2" }
loadhw -hw C:/Users/tejasvissapragada/Documents/GitHub/cs153a/vitis/lab3b_vitis/lab3a_platform/export/lab3a_platform/hw/design_1_wrapper.xsa -regs
configparams mdm-detect-bscan-mask 2
targets -set -nocase -filter {name =~ "*microblaze*#0" && bscan=="USER2" }
rst -system
after 3000
targets -set -nocase -filter {name =~ "*microblaze*#0" && bscan=="USER2" }
dow C:/Users/tejasvissapragada/Documents/GitHub/cs153a/vitis/lab3b_vitis/lab3a_application/Debug/lab3a_application.elf
----------------End of Script----------------

19:30:23 INFO  : Context for processor 'microblaze_0' is selected.
19:30:23 INFO  : 'con' command is executed.
19:30:23 INFO  : ----------------XSDB Script (After Launch)----------------
targets -set -nocase -filter {name =~ "*microblaze*#0" && bscan=="USER2" }
con
----------------End of Script----------------

19:30:23 INFO  : Launch script is exported to file 'C:\Users\tejasvissapragada\Documents\GitHub\cs153a\vitis\lab3b_vitis\lab3a_system\_ide\scripts\debugger_lab3a_application-default.tcl'
19:30:51 INFO  : Disconnected from the channel tcfchan#26.
19:30:52 INFO  : Connected to target on host '127.0.0.1' and port '3121'.
19:31:01 INFO  : ----------------XSDB Script----------------
connect -url tcp:127.0.0.1:3121
----------------End of Script----------------

19:31:01 ERROR : Could not find FPGA device on the board for connection 'Local'.


Troubleshooting hints:
1. Check whether board is connected to system properly.
2. In case of zynq board, check whether Digilent/Xilinx cable switch settings are correct.
3. If you are using Xilinx Platform Cable USB, ensure that status LED is green.
19:31:07 INFO  : Connected to target on host '127.0.0.1' and port '3121'.
19:31:07 INFO  : Jtag cable 'Digilent Nexys A7 -100T 210292BCFA48A' is selected.
19:31:07 INFO  : 'jtag frequency' command is executed.
19:31:07 INFO  : 'targets -set -filter {jtag_cable_name =~ "Digilent Nexys A7 -100T 210292BCFA48A" && level==0 && jtag_device_ctx=="jsn-Nexys A7 -100T-210292BCFA48A-13631093-0"}' command is executed.
19:31:09 INFO  : Device configured successfully with "C:/Users/tejasvissapragada/Documents/GitHub/cs153a/vitis/lab3b_vitis/lab3a_application/_ide/bitstream/design_1_wrapper.bit"
19:31:09 INFO  : Context for processor 'microblaze_0' is selected.
19:31:09 INFO  : Hardware design and registers information is loaded from 'C:/Users/tejasvissapragada/Documents/GitHub/cs153a/vitis/lab3b_vitis/lab3a_platform/export/lab3a_platform/hw/design_1_wrapper.xsa'.
19:31:09 INFO  : 'configparams mdm-detect-bscan-mask 2' command is executed.
19:31:09 INFO  : Context for processor 'microblaze_0' is selected.
19:31:09 INFO  : System reset is completed.
19:31:12 INFO  : 'after 3000' command is executed.
19:31:12 INFO  : Context for processor 'microblaze_0' is selected.
19:31:13 INFO  : The application 'C:/Users/tejasvissapragada/Documents/GitHub/cs153a/vitis/lab3b_vitis/lab3a_application/Debug/lab3a_application.elf' is downloaded to processor 'microblaze_0'.
19:31:13 INFO  : ----------------XSDB Script----------------
connect -url tcp:127.0.0.1:3121
targets -set -filter {jtag_cable_name =~ "Digilent Nexys A7 -100T 210292BCFA48A" && level==0 && jtag_device_ctx=="jsn-Nexys A7 -100T-210292BCFA48A-13631093-0"}
fpga -file C:/Users/tejasvissapragada/Documents/GitHub/cs153a/vitis/lab3b_vitis/lab3a_application/_ide/bitstream/design_1_wrapper.bit
targets -set -nocase -filter {name =~ "*microblaze*#0" && bscan=="USER2" }
loadhw -hw C:/Users/tejasvissapragada/Documents/GitHub/cs153a/vitis/lab3b_vitis/lab3a_platform/export/lab3a_platform/hw/design_1_wrapper.xsa -regs
configparams mdm-detect-bscan-mask 2
targets -set -nocase -filter {name =~ "*microblaze*#0" && bscan=="USER2" }
rst -system
after 3000
targets -set -nocase -filter {name =~ "*microblaze*#0" && bscan=="USER2" }
dow C:/Users/tejasvissapragada/Documents/GitHub/cs153a/vitis/lab3b_vitis/lab3a_application/Debug/lab3a_application.elf
----------------End of Script----------------

19:31:13 INFO  : Context for processor 'microblaze_0' is selected.
19:31:13 INFO  : 'con' command is executed.
19:31:13 INFO  : ----------------XSDB Script (After Launch)----------------
targets -set -nocase -filter {name =~ "*microblaze*#0" && bscan=="USER2" }
con
----------------End of Script----------------

19:31:13 INFO  : Launch script is exported to file 'C:\Users\tejasvissapragada\Documents\GitHub\cs153a\vitis\lab3b_vitis\lab3a_system\_ide\scripts\debugger_lab3a_application-default.tcl'
19:33:24 INFO  : Checking for BSP changes to sync application flags for project 'lab3a_application'...
19:33:29 INFO  : Disconnected from the channel tcfchan#27.
19:33:30 INFO  : Connected to target on host '127.0.0.1' and port '3121'.
19:33:39 INFO  : ----------------XSDB Script----------------
connect -url tcp:127.0.0.1:3121
----------------End of Script----------------

19:33:39 ERROR : Could not find FPGA device on the board for connection 'Local'.


Troubleshooting hints:
1. Check whether board is connected to system properly.
2. In case of zynq board, check whether Digilent/Xilinx cable switch settings are correct.
3. If you are using Xilinx Platform Cable USB, ensure that status LED is green.
19:33:45 INFO  : Connected to target on host '127.0.0.1' and port '3121'.
19:33:45 INFO  : Jtag cable 'Digilent Nexys A7 -100T 210292BCFA48A' is selected.
19:33:45 INFO  : 'jtag frequency' command is executed.
19:33:45 INFO  : 'targets -set -filter {jtag_cable_name =~ "Digilent Nexys A7 -100T 210292BCFA48A" && level==0 && jtag_device_ctx=="jsn-Nexys A7 -100T-210292BCFA48A-13631093-0"}' command is executed.
19:33:47 INFO  : Device configured successfully with "C:/Users/tejasvissapragada/Documents/GitHub/cs153a/vitis/lab3b_vitis/lab3a_application/_ide/bitstream/design_1_wrapper.bit"
19:33:47 INFO  : Context for processor 'microblaze_0' is selected.
19:33:47 INFO  : Hardware design and registers information is loaded from 'C:/Users/tejasvissapragada/Documents/GitHub/cs153a/vitis/lab3b_vitis/lab3a_platform/export/lab3a_platform/hw/design_1_wrapper.xsa'.
19:33:47 INFO  : 'configparams mdm-detect-bscan-mask 2' command is executed.
19:33:47 INFO  : Context for processor 'microblaze_0' is selected.
19:33:47 INFO  : System reset is completed.
19:33:50 INFO  : 'after 3000' command is executed.
19:33:50 INFO  : Context for processor 'microblaze_0' is selected.
19:33:51 INFO  : The application 'C:/Users/tejasvissapragada/Documents/GitHub/cs153a/vitis/lab3b_vitis/lab3a_application/Debug/lab3a_application.elf' is downloaded to processor 'microblaze_0'.
19:33:51 INFO  : ----------------XSDB Script----------------
connect -url tcp:127.0.0.1:3121
targets -set -filter {jtag_cable_name =~ "Digilent Nexys A7 -100T 210292BCFA48A" && level==0 && jtag_device_ctx=="jsn-Nexys A7 -100T-210292BCFA48A-13631093-0"}
fpga -file C:/Users/tejasvissapragada/Documents/GitHub/cs153a/vitis/lab3b_vitis/lab3a_application/_ide/bitstream/design_1_wrapper.bit
targets -set -nocase -filter {name =~ "*microblaze*#0" && bscan=="USER2" }
loadhw -hw C:/Users/tejasvissapragada/Documents/GitHub/cs153a/vitis/lab3b_vitis/lab3a_platform/export/lab3a_platform/hw/design_1_wrapper.xsa -regs
configparams mdm-detect-bscan-mask 2
targets -set -nocase -filter {name =~ "*microblaze*#0" && bscan=="USER2" }
rst -system
after 3000
targets -set -nocase -filter {name =~ "*microblaze*#0" && bscan=="USER2" }
dow C:/Users/tejasvissapragada/Documents/GitHub/cs153a/vitis/lab3b_vitis/lab3a_application/Debug/lab3a_application.elf
----------------End of Script----------------

19:33:51 INFO  : Context for processor 'microblaze_0' is selected.
19:33:51 INFO  : 'con' command is executed.
19:33:51 INFO  : ----------------XSDB Script (After Launch)----------------
targets -set -nocase -filter {name =~ "*microblaze*#0" && bscan=="USER2" }
con
----------------End of Script----------------

19:33:51 INFO  : Launch script is exported to file 'C:\Users\tejasvissapragada\Documents\GitHub\cs153a\vitis\lab3b_vitis\lab3a_system\_ide\scripts\debugger_lab3a_application-default.tcl'
19:34:35 INFO  : Checking for BSP changes to sync application flags for project 'lab3a_application'...
19:34:39 INFO  : Disconnected from the channel tcfchan#28.
19:34:40 INFO  : Connected to target on host '127.0.0.1' and port '3121'.
19:34:49 INFO  : ----------------XSDB Script----------------
connect -url tcp:127.0.0.1:3121
----------------End of Script----------------

19:34:49 ERROR : Could not find FPGA device on the board for connection 'Local'.


Troubleshooting hints:
1. Check whether board is connected to system properly.
2. In case of zynq board, check whether Digilent/Xilinx cable switch settings are correct.
3. If you are using Xilinx Platform Cable USB, ensure that status LED is green.
19:34:55 INFO  : Connected to target on host '127.0.0.1' and port '3121'.
19:34:55 INFO  : Jtag cable 'Digilent Nexys A7 -100T 210292BCFA48A' is selected.
19:34:55 INFO  : 'jtag frequency' command is executed.
19:34:55 INFO  : 'targets -set -filter {jtag_cable_name =~ "Digilent Nexys A7 -100T 210292BCFA48A" && level==0 && jtag_device_ctx=="jsn-Nexys A7 -100T-210292BCFA48A-13631093-0"}' command is executed.
19:34:57 INFO  : Device configured successfully with "C:/Users/tejasvissapragada/Documents/GitHub/cs153a/vitis/lab3b_vitis/lab3a_application/_ide/bitstream/design_1_wrapper.bit"
19:34:57 INFO  : Context for processor 'microblaze_0' is selected.
19:34:57 INFO  : Hardware design and registers information is loaded from 'C:/Users/tejasvissapragada/Documents/GitHub/cs153a/vitis/lab3b_vitis/lab3a_platform/export/lab3a_platform/hw/design_1_wrapper.xsa'.
19:34:57 INFO  : 'configparams mdm-detect-bscan-mask 2' command is executed.
19:34:57 INFO  : Context for processor 'microblaze_0' is selected.
19:34:57 INFO  : System reset is completed.
19:35:00 INFO  : 'after 3000' command is executed.
19:35:00 INFO  : Context for processor 'microblaze_0' is selected.
19:35:00 INFO  : The application 'C:/Users/tejasvissapragada/Documents/GitHub/cs153a/vitis/lab3b_vitis/lab3a_application/Debug/lab3a_application.elf' is downloaded to processor 'microblaze_0'.
19:35:00 INFO  : ----------------XSDB Script----------------
connect -url tcp:127.0.0.1:3121
targets -set -filter {jtag_cable_name =~ "Digilent Nexys A7 -100T 210292BCFA48A" && level==0 && jtag_device_ctx=="jsn-Nexys A7 -100T-210292BCFA48A-13631093-0"}
fpga -file C:/Users/tejasvissapragada/Documents/GitHub/cs153a/vitis/lab3b_vitis/lab3a_application/_ide/bitstream/design_1_wrapper.bit
targets -set -nocase -filter {name =~ "*microblaze*#0" && bscan=="USER2" }
loadhw -hw C:/Users/tejasvissapragada/Documents/GitHub/cs153a/vitis/lab3b_vitis/lab3a_platform/export/lab3a_platform/hw/design_1_wrapper.xsa -regs
configparams mdm-detect-bscan-mask 2
targets -set -nocase -filter {name =~ "*microblaze*#0" && bscan=="USER2" }
rst -system
after 3000
targets -set -nocase -filter {name =~ "*microblaze*#0" && bscan=="USER2" }
dow C:/Users/tejasvissapragada/Documents/GitHub/cs153a/vitis/lab3b_vitis/lab3a_application/Debug/lab3a_application.elf
----------------End of Script----------------

19:35:01 INFO  : Context for processor 'microblaze_0' is selected.
19:35:01 INFO  : 'con' command is executed.
19:35:01 INFO  : ----------------XSDB Script (After Launch)----------------
targets -set -nocase -filter {name =~ "*microblaze*#0" && bscan=="USER2" }
con
----------------End of Script----------------

19:35:01 INFO  : Launch script is exported to file 'C:\Users\tejasvissapragada\Documents\GitHub\cs153a\vitis\lab3b_vitis\lab3a_system\_ide\scripts\debugger_lab3a_application-default.tcl'
19:35:42 INFO  : Checking for BSP changes to sync application flags for project 'lab3a_application'...
19:35:46 INFO  : Disconnected from the channel tcfchan#29.
19:35:47 INFO  : Connected to target on host '127.0.0.1' and port '3121'.
19:35:56 INFO  : ----------------XSDB Script----------------
connect -url tcp:127.0.0.1:3121
----------------End of Script----------------

19:35:56 ERROR : Could not find FPGA device on the board for connection 'Local'.


Troubleshooting hints:
1. Check whether board is connected to system properly.
2. In case of zynq board, check whether Digilent/Xilinx cable switch settings are correct.
3. If you are using Xilinx Platform Cable USB, ensure that status LED is green.
19:35:58 INFO  : Connected to target on host '127.0.0.1' and port '3121'.
19:35:59 INFO  : Jtag cable 'Digilent Nexys A7 -100T 210292BCFA48A' is selected.
19:35:59 INFO  : 'jtag frequency' command is executed.
19:35:59 INFO  : 'targets -set -filter {jtag_cable_name =~ "Digilent Nexys A7 -100T 210292BCFA48A" && level==0 && jtag_device_ctx=="jsn-Nexys A7 -100T-210292BCFA48A-13631093-0"}' command is executed.
19:36:01 INFO  : Device configured successfully with "C:/Users/tejasvissapragada/Documents/GitHub/cs153a/vitis/lab3b_vitis/lab3a_application/_ide/bitstream/design_1_wrapper.bit"
19:36:01 INFO  : Context for processor 'microblaze_0' is selected.
19:36:01 INFO  : Hardware design and registers information is loaded from 'C:/Users/tejasvissapragada/Documents/GitHub/cs153a/vitis/lab3b_vitis/lab3a_platform/export/lab3a_platform/hw/design_1_wrapper.xsa'.
19:36:01 INFO  : 'configparams mdm-detect-bscan-mask 2' command is executed.
19:36:01 INFO  : Context for processor 'microblaze_0' is selected.
19:36:01 INFO  : System reset is completed.
19:36:04 INFO  : 'after 3000' command is executed.
19:36:04 INFO  : Context for processor 'microblaze_0' is selected.
19:36:04 INFO  : The application 'C:/Users/tejasvissapragada/Documents/GitHub/cs153a/vitis/lab3b_vitis/lab3a_application/Debug/lab3a_application.elf' is downloaded to processor 'microblaze_0'.
19:36:04 INFO  : ----------------XSDB Script----------------
connect -url tcp:127.0.0.1:3121
targets -set -filter {jtag_cable_name =~ "Digilent Nexys A7 -100T 210292BCFA48A" && level==0 && jtag_device_ctx=="jsn-Nexys A7 -100T-210292BCFA48A-13631093-0"}
fpga -file C:/Users/tejasvissapragada/Documents/GitHub/cs153a/vitis/lab3b_vitis/lab3a_application/_ide/bitstream/design_1_wrapper.bit
targets -set -nocase -filter {name =~ "*microblaze*#0" && bscan=="USER2" }
loadhw -hw C:/Users/tejasvissapragada/Documents/GitHub/cs153a/vitis/lab3b_vitis/lab3a_platform/export/lab3a_platform/hw/design_1_wrapper.xsa -regs
configparams mdm-detect-bscan-mask 2
targets -set -nocase -filter {name =~ "*microblaze*#0" && bscan=="USER2" }
rst -system
after 3000
targets -set -nocase -filter {name =~ "*microblaze*#0" && bscan=="USER2" }
dow C:/Users/tejasvissapragada/Documents/GitHub/cs153a/vitis/lab3b_vitis/lab3a_application/Debug/lab3a_application.elf
----------------End of Script----------------

19:36:04 INFO  : Context for processor 'microblaze_0' is selected.
19:36:04 INFO  : 'con' command is executed.
19:36:04 INFO  : ----------------XSDB Script (After Launch)----------------
targets -set -nocase -filter {name =~ "*microblaze*#0" && bscan=="USER2" }
con
----------------End of Script----------------

19:36:04 INFO  : Launch script is exported to file 'C:\Users\tejasvissapragada\Documents\GitHub\cs153a\vitis\lab3b_vitis\lab3a_system\_ide\scripts\debugger_lab3a_application-default.tcl'
19:36:54 INFO  : Checking for BSP changes to sync application flags for project 'lab3a_application'...
19:36:57 INFO  : Disconnected from the channel tcfchan#30.
19:36:58 INFO  : Connected to target on host '127.0.0.1' and port '3121'.
19:37:07 INFO  : ----------------XSDB Script----------------
connect -url tcp:127.0.0.1:3121
----------------End of Script----------------

19:37:07 ERROR : Could not find FPGA device on the board for connection 'Local'.


Troubleshooting hints:
1. Check whether board is connected to system properly.
2. In case of zynq board, check whether Digilent/Xilinx cable switch settings are correct.
3. If you are using Xilinx Platform Cable USB, ensure that status LED is green.
19:37:16 INFO  : Connected to target on host '127.0.0.1' and port '3121'.
19:37:16 INFO  : Jtag cable 'Digilent Nexys A7 -100T 210292BCFA48A' is selected.
19:37:16 INFO  : 'jtag frequency' command is executed.
19:37:16 INFO  : 'targets -set -filter {jtag_cable_name =~ "Digilent Nexys A7 -100T 210292BCFA48A" && level==0 && jtag_device_ctx=="jsn-Nexys A7 -100T-210292BCFA48A-13631093-0"}' command is executed.
19:37:18 INFO  : Device configured successfully with "C:/Users/tejasvissapragada/Documents/GitHub/cs153a/vitis/lab3b_vitis/lab3a_application/_ide/bitstream/design_1_wrapper.bit"
19:37:18 INFO  : Context for processor 'microblaze_0' is selected.
19:37:18 INFO  : Hardware design and registers information is loaded from 'C:/Users/tejasvissapragada/Documents/GitHub/cs153a/vitis/lab3b_vitis/lab3a_platform/export/lab3a_platform/hw/design_1_wrapper.xsa'.
19:37:18 INFO  : 'configparams mdm-detect-bscan-mask 2' command is executed.
19:37:18 INFO  : Context for processor 'microblaze_0' is selected.
19:37:18 INFO  : System reset is completed.
19:37:21 INFO  : 'after 3000' command is executed.
19:37:21 INFO  : Context for processor 'microblaze_0' is selected.
19:37:22 INFO  : The application 'C:/Users/tejasvissapragada/Documents/GitHub/cs153a/vitis/lab3b_vitis/lab3a_application/Debug/lab3a_application.elf' is downloaded to processor 'microblaze_0'.
19:37:22 INFO  : ----------------XSDB Script----------------
connect -url tcp:127.0.0.1:3121
targets -set -filter {jtag_cable_name =~ "Digilent Nexys A7 -100T 210292BCFA48A" && level==0 && jtag_device_ctx=="jsn-Nexys A7 -100T-210292BCFA48A-13631093-0"}
fpga -file C:/Users/tejasvissapragada/Documents/GitHub/cs153a/vitis/lab3b_vitis/lab3a_application/_ide/bitstream/design_1_wrapper.bit
targets -set -nocase -filter {name =~ "*microblaze*#0" && bscan=="USER2" }
loadhw -hw C:/Users/tejasvissapragada/Documents/GitHub/cs153a/vitis/lab3b_vitis/lab3a_platform/export/lab3a_platform/hw/design_1_wrapper.xsa -regs
configparams mdm-detect-bscan-mask 2
targets -set -nocase -filter {name =~ "*microblaze*#0" && bscan=="USER2" }
rst -system
after 3000
targets -set -nocase -filter {name =~ "*microblaze*#0" && bscan=="USER2" }
dow C:/Users/tejasvissapragada/Documents/GitHub/cs153a/vitis/lab3b_vitis/lab3a_application/Debug/lab3a_application.elf
----------------End of Script----------------

19:37:22 INFO  : Context for processor 'microblaze_0' is selected.
19:37:22 INFO  : 'con' command is executed.
19:37:22 INFO  : ----------------XSDB Script (After Launch)----------------
targets -set -nocase -filter {name =~ "*microblaze*#0" && bscan=="USER2" }
con
----------------End of Script----------------

19:37:22 INFO  : Launch script is exported to file 'C:\Users\tejasvissapragada\Documents\GitHub\cs153a\vitis\lab3b_vitis\lab3a_system\_ide\scripts\debugger_lab3a_application-default.tcl'
15:58:43 DEBUG : Logs will be stored at 'C:/Users/tejasvissapragada/Documents/GitHub/cs153a/vitis/lab3b_vitis/IDE.log'.
15:58:44 INFO  : Launching XSCT server: xsct.bat -n  -interactive C:\Users\tejasvissapragada\Documents\GitHub\cs153a\vitis\lab3b_vitis\temp_xsdb_launch_script.tcl
15:58:50 INFO  : Registering command handlers for Vitis TCF services
15:58:51 INFO  : Platform repository initialization has completed.
15:58:53 INFO  : XSCT server has started successfully.
15:58:53 INFO  : plnx-install-location is set to ''
15:58:53 INFO  : Successfully done setting XSCT server connection channel  
15:58:58 INFO  : Successfully done setting workspace for the tool. 
15:58:58 INFO  : Successfully done query RDI_DATADIR 
16:03:56 INFO  : Result from executing command 'getProjects': lab3a_platform
16:03:57 INFO  : Result from executing command 'getPlatforms': xilinx_vck190_base_202210_1|C:/Xilinx/Vitis/2022.1/base_platforms/xilinx_vck190_base_202210_1/xilinx_vck190_base_202210_1.xpfm;xilinx_vck190_base_dfx_202210_1|C:/Xilinx/Vitis/2022.1/base_platforms/xilinx_vck190_base_dfx_202210_1/xilinx_vck190_base_dfx_202210_1.xpfm;xilinx_vmk180_base_202210_1|C:/Xilinx/Vitis/2022.1/base_platforms/xilinx_vmk180_base_202210_1/xilinx_vmk180_base_202210_1.xpfm;xilinx_zcu102_base_202210_1|C:/Xilinx/Vitis/2022.1/base_platforms/xilinx_zcu102_base_202210_1/xilinx_zcu102_base_202210_1.xpfm;xilinx_zcu102_base_dfx_202210_1|C:/Xilinx/Vitis/2022.1/base_platforms/xilinx_zcu102_base_dfx_202210_1/xilinx_zcu102_base_dfx_202210_1.xpfm;xilinx_zcu104_base_202210_1|C:/Xilinx/Vitis/2022.1/base_platforms/xilinx_zcu104_base_202210_1/xilinx_zcu104_base_202210_1.xpfm
16:03:58 INFO  : Checking for BSP changes to sync application flags for project 'lab3a_application'...
16:04:54 INFO  : Connected to target on host '127.0.0.1' and port '3121'.
16:04:55 INFO  : Jtag cable 'Digilent Nexys A7 -100T 210292BCFA48A' is selected.
16:04:55 INFO  : 'jtag frequency' command is executed.
16:04:56 INFO  : 'targets -set -filter {jtag_cable_name =~ "Digilent Nexys A7 -100T 210292BCFA48A" && level==0 && jtag_device_ctx=="jsn-Nexys A7 -100T-210292BCFA48A-13631093-0"}' command is executed.
16:04:59 INFO  : Device configured successfully with "C:/Users/tejasvissapragada/Documents/GitHub/cs153a/vitis/lab3b_vitis/lab3a_application/_ide/bitstream/design_1_wrapper.bit"
16:04:59 INFO  : Context for processor 'microblaze_0' is selected.
16:04:59 INFO  : Hardware design and registers information is loaded from 'C:/Users/tejasvissapragada/Documents/GitHub/cs153a/vitis/lab3b_vitis/lab3a_platform/export/lab3a_platform/hw/design_1_wrapper.xsa'.
16:04:59 INFO  : 'configparams mdm-detect-bscan-mask 2' command is executed.
16:05:00 INFO  : Context for processor 'microblaze_0' is selected.
16:05:00 INFO  : System reset is completed.
16:05:03 INFO  : 'after 3000' command is executed.
16:05:03 INFO  : Context for processor 'microblaze_0' is selected.
16:05:03 INFO  : The application 'C:/Users/tejasvissapragada/Documents/GitHub/cs153a/vitis/lab3b_vitis/lab3a_application/Debug/lab3a_application.elf' is downloaded to processor 'microblaze_0'.
16:05:03 INFO  : ----------------XSDB Script----------------
connect -url tcp:127.0.0.1:3121
targets -set -filter {jtag_cable_name =~ "Digilent Nexys A7 -100T 210292BCFA48A" && level==0 && jtag_device_ctx=="jsn-Nexys A7 -100T-210292BCFA48A-13631093-0"}
fpga -file C:/Users/tejasvissapragada/Documents/GitHub/cs153a/vitis/lab3b_vitis/lab3a_application/_ide/bitstream/design_1_wrapper.bit
targets -set -nocase -filter {name =~ "*microblaze*#0" && bscan=="USER2" }
loadhw -hw C:/Users/tejasvissapragada/Documents/GitHub/cs153a/vitis/lab3b_vitis/lab3a_platform/export/lab3a_platform/hw/design_1_wrapper.xsa -regs
configparams mdm-detect-bscan-mask 2
targets -set -nocase -filter {name =~ "*microblaze*#0" && bscan=="USER2" }
rst -system
after 3000
targets -set -nocase -filter {name =~ "*microblaze*#0" && bscan=="USER2" }
dow C:/Users/tejasvissapragada/Documents/GitHub/cs153a/vitis/lab3b_vitis/lab3a_application/Debug/lab3a_application.elf
----------------End of Script----------------

16:05:04 INFO  : Context for processor 'microblaze_0' is selected.
16:05:04 INFO  : 'con' command is executed.
16:05:04 INFO  : ----------------XSDB Script (After Launch)----------------
targets -set -nocase -filter {name =~ "*microblaze*#0" && bscan=="USER2" }
con
----------------End of Script----------------

16:05:04 INFO  : Launch script is exported to file 'C:\Users\tejasvissapragada\Documents\GitHub\cs153a\vitis\lab3b_vitis\lab3a_system\_ide\scripts\debugger_lab3a_application-default.tcl'
16:09:01 INFO  : Checking for BSP changes to sync application flags for project 'lab3a_application'...
16:09:06 INFO  : Disconnected from the channel tcfchan#2.
16:09:07 INFO  : Connected to target on host '127.0.0.1' and port '3121'.
16:09:16 INFO  : ----------------XSDB Script----------------
connect -url tcp:127.0.0.1:3121
----------------End of Script----------------

16:09:16 ERROR : Could not find FPGA device on the board for connection 'Local'.


Troubleshooting hints:
1. Check whether board is connected to system properly.
2. In case of zynq board, check whether Digilent/Xilinx cable switch settings are correct.
3. If you are using Xilinx Platform Cable USB, ensure that status LED is green.
16:09:21 INFO  : Connected to target on host '127.0.0.1' and port '3121'.
16:09:21 INFO  : Jtag cable 'Digilent Nexys A7 -100T 210292BCFA48A' is selected.
16:09:21 INFO  : 'jtag frequency' command is executed.
16:09:21 INFO  : 'targets -set -filter {jtag_cable_name =~ "Digilent Nexys A7 -100T 210292BCFA48A" && level==0 && jtag_device_ctx=="jsn-Nexys A7 -100T-210292BCFA48A-13631093-0"}' command is executed.
16:09:23 INFO  : Device configured successfully with "C:/Users/tejasvissapragada/Documents/GitHub/cs153a/vitis/lab3b_vitis/lab3a_application/_ide/bitstream/design_1_wrapper.bit"
16:09:23 INFO  : Context for processor 'microblaze_0' is selected.
16:09:23 INFO  : Hardware design and registers information is loaded from 'C:/Users/tejasvissapragada/Documents/GitHub/cs153a/vitis/lab3b_vitis/lab3a_platform/export/lab3a_platform/hw/design_1_wrapper.xsa'.
16:09:23 INFO  : 'configparams mdm-detect-bscan-mask 2' command is executed.
16:09:23 INFO  : Context for processor 'microblaze_0' is selected.
16:09:23 INFO  : System reset is completed.
16:09:26 INFO  : 'after 3000' command is executed.
16:09:26 INFO  : Context for processor 'microblaze_0' is selected.
16:09:26 INFO  : The application 'C:/Users/tejasvissapragada/Documents/GitHub/cs153a/vitis/lab3b_vitis/lab3a_application/Debug/lab3a_application.elf' is downloaded to processor 'microblaze_0'.
16:09:26 INFO  : ----------------XSDB Script----------------
connect -url tcp:127.0.0.1:3121
targets -set -filter {jtag_cable_name =~ "Digilent Nexys A7 -100T 210292BCFA48A" && level==0 && jtag_device_ctx=="jsn-Nexys A7 -100T-210292BCFA48A-13631093-0"}
fpga -file C:/Users/tejasvissapragada/Documents/GitHub/cs153a/vitis/lab3b_vitis/lab3a_application/_ide/bitstream/design_1_wrapper.bit
targets -set -nocase -filter {name =~ "*microblaze*#0" && bscan=="USER2" }
loadhw -hw C:/Users/tejasvissapragada/Documents/GitHub/cs153a/vitis/lab3b_vitis/lab3a_platform/export/lab3a_platform/hw/design_1_wrapper.xsa -regs
configparams mdm-detect-bscan-mask 2
targets -set -nocase -filter {name =~ "*microblaze*#0" && bscan=="USER2" }
rst -system
after 3000
targets -set -nocase -filter {name =~ "*microblaze*#0" && bscan=="USER2" }
dow C:/Users/tejasvissapragada/Documents/GitHub/cs153a/vitis/lab3b_vitis/lab3a_application/Debug/lab3a_application.elf
----------------End of Script----------------

16:09:27 INFO  : Context for processor 'microblaze_0' is selected.
16:09:27 INFO  : 'con' command is executed.
16:09:27 INFO  : ----------------XSDB Script (After Launch)----------------
targets -set -nocase -filter {name =~ "*microblaze*#0" && bscan=="USER2" }
con
----------------End of Script----------------

16:09:27 INFO  : Launch script is exported to file 'C:\Users\tejasvissapragada\Documents\GitHub\cs153a\vitis\lab3b_vitis\lab3a_system\_ide\scripts\debugger_lab3a_application-default.tcl'
16:10:13 INFO  : Checking for BSP changes to sync application flags for project 'lab3a_application'...
16:10:17 INFO  : Disconnected from the channel tcfchan#3.
16:10:18 INFO  : Connected to target on host '127.0.0.1' and port '3121'.
16:10:27 INFO  : ----------------XSDB Script----------------
connect -url tcp:127.0.0.1:3121
----------------End of Script----------------

16:10:27 ERROR : Could not find FPGA device on the board for connection 'Local'.


Troubleshooting hints:
1. Check whether board is connected to system properly.
2. In case of zynq board, check whether Digilent/Xilinx cable switch settings are correct.
3. If you are using Xilinx Platform Cable USB, ensure that status LED is green.
16:10:30 INFO  : Connected to target on host '127.0.0.1' and port '3121'.
16:10:30 INFO  : Jtag cable 'Digilent Nexys A7 -100T 210292BCFA48A' is selected.
16:10:30 INFO  : 'jtag frequency' command is executed.
16:10:31 INFO  : 'targets -set -filter {jtag_cable_name =~ "Digilent Nexys A7 -100T 210292BCFA48A" && level==0 && jtag_device_ctx=="jsn-Nexys A7 -100T-210292BCFA48A-13631093-0"}' command is executed.
16:10:33 INFO  : Device configured successfully with "C:/Users/tejasvissapragada/Documents/GitHub/cs153a/vitis/lab3b_vitis/lab3a_application/_ide/bitstream/design_1_wrapper.bit"
16:10:33 INFO  : Context for processor 'microblaze_0' is selected.
16:10:33 INFO  : Hardware design and registers information is loaded from 'C:/Users/tejasvissapragada/Documents/GitHub/cs153a/vitis/lab3b_vitis/lab3a_platform/export/lab3a_platform/hw/design_1_wrapper.xsa'.
16:10:33 INFO  : 'configparams mdm-detect-bscan-mask 2' command is executed.
16:10:33 INFO  : Context for processor 'microblaze_0' is selected.
16:10:33 INFO  : System reset is completed.
16:10:36 INFO  : 'after 3000' command is executed.
16:10:36 INFO  : Context for processor 'microblaze_0' is selected.
16:10:36 INFO  : The application 'C:/Users/tejasvissapragada/Documents/GitHub/cs153a/vitis/lab3b_vitis/lab3a_application/Debug/lab3a_application.elf' is downloaded to processor 'microblaze_0'.
16:10:36 INFO  : ----------------XSDB Script----------------
connect -url tcp:127.0.0.1:3121
targets -set -filter {jtag_cable_name =~ "Digilent Nexys A7 -100T 210292BCFA48A" && level==0 && jtag_device_ctx=="jsn-Nexys A7 -100T-210292BCFA48A-13631093-0"}
fpga -file C:/Users/tejasvissapragada/Documents/GitHub/cs153a/vitis/lab3b_vitis/lab3a_application/_ide/bitstream/design_1_wrapper.bit
targets -set -nocase -filter {name =~ "*microblaze*#0" && bscan=="USER2" }
loadhw -hw C:/Users/tejasvissapragada/Documents/GitHub/cs153a/vitis/lab3b_vitis/lab3a_platform/export/lab3a_platform/hw/design_1_wrapper.xsa -regs
configparams mdm-detect-bscan-mask 2
targets -set -nocase -filter {name =~ "*microblaze*#0" && bscan=="USER2" }
rst -system
after 3000
targets -set -nocase -filter {name =~ "*microblaze*#0" && bscan=="USER2" }
dow C:/Users/tejasvissapragada/Documents/GitHub/cs153a/vitis/lab3b_vitis/lab3a_application/Debug/lab3a_application.elf
----------------End of Script----------------

16:10:36 INFO  : Context for processor 'microblaze_0' is selected.
16:10:36 INFO  : 'con' command is executed.
16:10:36 INFO  : ----------------XSDB Script (After Launch)----------------
targets -set -nocase -filter {name =~ "*microblaze*#0" && bscan=="USER2" }
con
----------------End of Script----------------

16:10:36 INFO  : Launch script is exported to file 'C:\Users\tejasvissapragada\Documents\GitHub\cs153a\vitis\lab3b_vitis\lab3a_system\_ide\scripts\debugger_lab3a_application-default.tcl'
16:11:55 INFO  : Checking for BSP changes to sync application flags for project 'lab3a_application'...
16:12:00 INFO  : Disconnected from the channel tcfchan#4.
16:12:01 INFO  : Connected to target on host '127.0.0.1' and port '3121'.
16:12:01 INFO  : Jtag cable 'Digilent Nexys A7 -100T 210292BCFA48A' is selected.
16:12:01 INFO  : 'jtag frequency' command is executed.
16:12:01 INFO  : 'targets -set -filter {jtag_cable_name =~ "Digilent Nexys A7 -100T 210292BCFA48A" && level==0 && jtag_device_ctx=="jsn-Nexys A7 -100T-210292BCFA48A-13631093-0"}' command is executed.
16:12:03 INFO  : Device configured successfully with "C:/Users/tejasvissapragada/Documents/GitHub/cs153a/vitis/lab3b_vitis/lab3a_application/_ide/bitstream/design_1_wrapper.bit"
16:12:03 INFO  : Context for processor 'microblaze_0' is selected.
16:12:03 INFO  : Hardware design and registers information is loaded from 'C:/Users/tejasvissapragada/Documents/GitHub/cs153a/vitis/lab3b_vitis/lab3a_platform/export/lab3a_platform/hw/design_1_wrapper.xsa'.
16:12:03 INFO  : 'configparams mdm-detect-bscan-mask 2' command is executed.
16:12:03 INFO  : Context for processor 'microblaze_0' is selected.
16:12:03 INFO  : System reset is completed.
16:12:06 INFO  : 'after 3000' command is executed.
16:12:06 INFO  : Context for processor 'microblaze_0' is selected.
16:12:06 INFO  : The application 'C:/Users/tejasvissapragada/Documents/GitHub/cs153a/vitis/lab3b_vitis/lab3a_application/Debug/lab3a_application.elf' is downloaded to processor 'microblaze_0'.
16:12:06 INFO  : ----------------XSDB Script----------------
connect -url tcp:127.0.0.1:3121
targets -set -filter {jtag_cable_name =~ "Digilent Nexys A7 -100T 210292BCFA48A" && level==0 && jtag_device_ctx=="jsn-Nexys A7 -100T-210292BCFA48A-13631093-0"}
fpga -file C:/Users/tejasvissapragada/Documents/GitHub/cs153a/vitis/lab3b_vitis/lab3a_application/_ide/bitstream/design_1_wrapper.bit
targets -set -nocase -filter {name =~ "*microblaze*#0" && bscan=="USER2" }
loadhw -hw C:/Users/tejasvissapragada/Documents/GitHub/cs153a/vitis/lab3b_vitis/lab3a_platform/export/lab3a_platform/hw/design_1_wrapper.xsa -regs
configparams mdm-detect-bscan-mask 2
targets -set -nocase -filter {name =~ "*microblaze*#0" && bscan=="USER2" }
rst -system
after 3000
targets -set -nocase -filter {name =~ "*microblaze*#0" && bscan=="USER2" }
dow C:/Users/tejasvissapragada/Documents/GitHub/cs153a/vitis/lab3b_vitis/lab3a_application/Debug/lab3a_application.elf
----------------End of Script----------------

16:12:07 INFO  : Context for processor 'microblaze_0' is selected.
16:12:07 INFO  : 'con' command is executed.
16:12:07 INFO  : ----------------XSDB Script (After Launch)----------------
targets -set -nocase -filter {name =~ "*microblaze*#0" && bscan=="USER2" }
con
----------------End of Script----------------

16:12:07 INFO  : Launch script is exported to file 'C:\Users\tejasvissapragada\Documents\GitHub\cs153a\vitis\lab3b_vitis\lab3a_system\_ide\scripts\debugger_lab3a_application-default.tcl'
16:12:40 INFO  : Checking for BSP changes to sync application flags for project 'lab3a_application'...
16:12:46 INFO  : Checking for BSP changes to sync application flags for project 'lab3a_application'...
16:12:49 INFO  : Disconnected from the channel tcfchan#5.
16:12:50 INFO  : Connected to target on host '127.0.0.1' and port '3121'.
16:13:00 INFO  : ----------------XSDB Script----------------
connect -url tcp:127.0.0.1:3121
----------------End of Script----------------

16:13:00 ERROR : Could not find FPGA device on the board for connection 'Local'.


Troubleshooting hints:
1. Check whether board is connected to system properly.
2. In case of zynq board, check whether Digilent/Xilinx cable switch settings are correct.
3. If you are using Xilinx Platform Cable USB, ensure that status LED is green.
16:15:21 INFO  : Connected to target on host '127.0.0.1' and port '3121'.
16:15:22 INFO  : Jtag cable 'Digilent Nexys A7 -100T 210292BCFA48A' is selected.
16:15:22 INFO  : 'jtag frequency' command is executed.
16:15:22 INFO  : 'targets -set -filter {jtag_cable_name =~ "Digilent Nexys A7 -100T 210292BCFA48A" && level==0 && jtag_device_ctx=="jsn-Nexys A7 -100T-210292BCFA48A-13631093-0"}' command is executed.
16:15:24 INFO  : Device configured successfully with "C:/Users/tejasvissapragada/Documents/GitHub/cs153a/vitis/lab3b_vitis/lab3a_application/_ide/bitstream/design_1_wrapper.bit"
16:15:24 INFO  : Context for processor 'microblaze_0' is selected.
16:15:24 INFO  : Hardware design and registers information is loaded from 'C:/Users/tejasvissapragada/Documents/GitHub/cs153a/vitis/lab3b_vitis/lab3a_platform/export/lab3a_platform/hw/design_1_wrapper.xsa'.
16:15:24 INFO  : 'configparams mdm-detect-bscan-mask 2' command is executed.
16:15:24 INFO  : Context for processor 'microblaze_0' is selected.
16:15:24 INFO  : System reset is completed.
16:15:27 INFO  : 'after 3000' command is executed.
16:15:27 INFO  : Context for processor 'microblaze_0' is selected.
16:15:27 INFO  : The application 'C:/Users/tejasvissapragada/Documents/GitHub/cs153a/vitis/lab3b_vitis/lab3a_application/Debug/lab3a_application.elf' is downloaded to processor 'microblaze_0'.
16:15:27 INFO  : ----------------XSDB Script----------------
connect -url tcp:127.0.0.1:3121
targets -set -filter {jtag_cable_name =~ "Digilent Nexys A7 -100T 210292BCFA48A" && level==0 && jtag_device_ctx=="jsn-Nexys A7 -100T-210292BCFA48A-13631093-0"}
fpga -file C:/Users/tejasvissapragada/Documents/GitHub/cs153a/vitis/lab3b_vitis/lab3a_application/_ide/bitstream/design_1_wrapper.bit
targets -set -nocase -filter {name =~ "*microblaze*#0" && bscan=="USER2" }
loadhw -hw C:/Users/tejasvissapragada/Documents/GitHub/cs153a/vitis/lab3b_vitis/lab3a_platform/export/lab3a_platform/hw/design_1_wrapper.xsa -regs
configparams mdm-detect-bscan-mask 2
targets -set -nocase -filter {name =~ "*microblaze*#0" && bscan=="USER2" }
rst -system
after 3000
targets -set -nocase -filter {name =~ "*microblaze*#0" && bscan=="USER2" }
dow C:/Users/tejasvissapragada/Documents/GitHub/cs153a/vitis/lab3b_vitis/lab3a_application/Debug/lab3a_application.elf
----------------End of Script----------------

16:15:27 INFO  : Context for processor 'microblaze_0' is selected.
16:15:28 INFO  : 'con' command is executed.
16:15:28 INFO  : ----------------XSDB Script (After Launch)----------------
targets -set -nocase -filter {name =~ "*microblaze*#0" && bscan=="USER2" }
con
----------------End of Script----------------

16:15:28 INFO  : Launch script is exported to file 'C:\Users\tejasvissapragada\Documents\GitHub\cs153a\vitis\lab3b_vitis\lab3a_system\_ide\scripts\debugger_lab3a_application-default.tcl'
16:16:15 INFO  : Checking for BSP changes to sync application flags for project 'lab3a_application'...
16:16:22 INFO  : Disconnected from the channel tcfchan#6.
16:16:23 INFO  : Connected to target on host '127.0.0.1' and port '3121'.
16:16:23 INFO  : Jtag cable 'Digilent Nexys A7 -100T 210292BCFA48A' is selected.
16:16:23 INFO  : 'jtag frequency' command is executed.
16:16:23 INFO  : 'targets -set -filter {jtag_cable_name =~ "Digilent Nexys A7 -100T 210292BCFA48A" && level==0 && jtag_device_ctx=="jsn-Nexys A7 -100T-210292BCFA48A-13631093-0"}' command is executed.
16:16:25 INFO  : Device configured successfully with "C:/Users/tejasvissapragada/Documents/GitHub/cs153a/vitis/lab3b_vitis/lab3a_application/_ide/bitstream/design_1_wrapper.bit"
16:16:25 INFO  : Context for processor 'microblaze_0' is selected.
16:16:25 INFO  : Hardware design and registers information is loaded from 'C:/Users/tejasvissapragada/Documents/GitHub/cs153a/vitis/lab3b_vitis/lab3a_platform/export/lab3a_platform/hw/design_1_wrapper.xsa'.
16:16:25 INFO  : 'configparams mdm-detect-bscan-mask 2' command is executed.
16:16:25 INFO  : Context for processor 'microblaze_0' is selected.
16:16:25 INFO  : System reset is completed.
16:16:28 INFO  : 'after 3000' command is executed.
16:16:29 INFO  : Context for processor 'microblaze_0' is selected.
16:16:29 INFO  : The application 'C:/Users/tejasvissapragada/Documents/GitHub/cs153a/vitis/lab3b_vitis/lab3a_application/Debug/lab3a_application.elf' is downloaded to processor 'microblaze_0'.
16:16:29 INFO  : ----------------XSDB Script----------------
connect -url tcp:127.0.0.1:3121
targets -set -filter {jtag_cable_name =~ "Digilent Nexys A7 -100T 210292BCFA48A" && level==0 && jtag_device_ctx=="jsn-Nexys A7 -100T-210292BCFA48A-13631093-0"}
fpga -file C:/Users/tejasvissapragada/Documents/GitHub/cs153a/vitis/lab3b_vitis/lab3a_application/_ide/bitstream/design_1_wrapper.bit
targets -set -nocase -filter {name =~ "*microblaze*#0" && bscan=="USER2" }
loadhw -hw C:/Users/tejasvissapragada/Documents/GitHub/cs153a/vitis/lab3b_vitis/lab3a_platform/export/lab3a_platform/hw/design_1_wrapper.xsa -regs
configparams mdm-detect-bscan-mask 2
targets -set -nocase -filter {name =~ "*microblaze*#0" && bscan=="USER2" }
rst -system
after 3000
targets -set -nocase -filter {name =~ "*microblaze*#0" && bscan=="USER2" }
dow C:/Users/tejasvissapragada/Documents/GitHub/cs153a/vitis/lab3b_vitis/lab3a_application/Debug/lab3a_application.elf
----------------End of Script----------------

16:16:29 INFO  : Context for processor 'microblaze_0' is selected.
16:16:29 INFO  : 'con' command is executed.
16:16:29 INFO  : ----------------XSDB Script (After Launch)----------------
targets -set -nocase -filter {name =~ "*microblaze*#0" && bscan=="USER2" }
con
----------------End of Script----------------

16:16:29 INFO  : Launch script is exported to file 'C:\Users\tejasvissapragada\Documents\GitHub\cs153a\vitis\lab3b_vitis\lab3a_system\_ide\scripts\debugger_lab3a_application-default.tcl'
16:16:29 INFO  : Connected to target on host '127.0.0.1' and port '3121'.
16:16:30 INFO  : Jtag cable 'Digilent Nexys A7 -100T 210292BCFA48A' is selected.
16:16:30 INFO  : 'jtag frequency' command is executed.
16:16:30 INFO  : 'targets -set -filter {jtag_cable_name =~ "Digilent Nexys A7 -100T 210292BCFA48A" && level==0 && jtag_device_ctx=="jsn-Nexys A7 -100T-210292BCFA48A-13631093-0"}' command is executed.
16:16:32 INFO  : Device configured successfully with "C:/Users/tejasvissapragada/Documents/GitHub/cs153a/vitis/lab3b_vitis/lab3a_application/_ide/bitstream/design_1_wrapper.bit"
16:16:32 INFO  : Context for processor 'microblaze_0' is selected.
16:16:32 INFO  : Hardware design and registers information is loaded from 'C:/Users/tejasvissapragada/Documents/GitHub/cs153a/vitis/lab3b_vitis/lab3a_platform/export/lab3a_platform/hw/design_1_wrapper.xsa'.
16:16:32 INFO  : 'configparams mdm-detect-bscan-mask 2' command is executed.
16:16:32 INFO  : Context for processor 'microblaze_0' is selected.
16:16:32 INFO  : System reset is completed.
16:16:35 INFO  : 'after 3000' command is executed.
16:16:35 INFO  : Context for processor 'microblaze_0' is selected.
16:16:35 INFO  : The application 'C:/Users/tejasvissapragada/Documents/GitHub/cs153a/vitis/lab3b_vitis/lab3a_application/Debug/lab3a_application.elf' is downloaded to processor 'microblaze_0'.
16:16:35 INFO  : ----------------XSDB Script----------------
connect -url tcp:127.0.0.1:3121
targets -set -filter {jtag_cable_name =~ "Digilent Nexys A7 -100T 210292BCFA48A" && level==0 && jtag_device_ctx=="jsn-Nexys A7 -100T-210292BCFA48A-13631093-0"}
fpga -file C:/Users/tejasvissapragada/Documents/GitHub/cs153a/vitis/lab3b_vitis/lab3a_application/_ide/bitstream/design_1_wrapper.bit
targets -set -nocase -filter {name =~ "*microblaze*#0" && bscan=="USER2" }
loadhw -hw C:/Users/tejasvissapragada/Documents/GitHub/cs153a/vitis/lab3b_vitis/lab3a_platform/export/lab3a_platform/hw/design_1_wrapper.xsa -regs
configparams mdm-detect-bscan-mask 2
targets -set -nocase -filter {name =~ "*microblaze*#0" && bscan=="USER2" }
rst -system
after 3000
targets -set -nocase -filter {name =~ "*microblaze*#0" && bscan=="USER2" }
dow C:/Users/tejasvissapragada/Documents/GitHub/cs153a/vitis/lab3b_vitis/lab3a_application/Debug/lab3a_application.elf
----------------End of Script----------------

16:16:35 INFO  : Context for processor 'microblaze_0' is selected.
16:16:35 INFO  : 'con' command is executed.
16:16:35 INFO  : ----------------XSDB Script (After Launch)----------------
targets -set -nocase -filter {name =~ "*microblaze*#0" && bscan=="USER2" }
con
----------------End of Script----------------

16:16:35 INFO  : Launch script is exported to file 'C:\Users\tejasvissapragada\Documents\GitHub\cs153a\vitis\lab3b_vitis\lab3a_system\_ide\scripts\debugger_lab3a_application-default.tcl'
16:17:08 INFO  : Checking for BSP changes to sync application flags for project 'lab3a_application'...
16:17:13 INFO  : Checking for BSP changes to sync application flags for project 'lab3a_application'...
16:17:17 INFO  : Disconnected from the channel tcfchan#7.
16:17:18 INFO  : Connected to target on host '127.0.0.1' and port '3121'.
16:17:18 INFO  : Jtag cable 'Digilent Nexys A7 -100T 210292BCFA48A' is selected.
16:17:18 INFO  : 'jtag frequency' command is executed.
16:17:18 INFO  : 'targets -set -filter {jtag_cable_name =~ "Digilent Nexys A7 -100T 210292BCFA48A" && level==0 && jtag_device_ctx=="jsn-Nexys A7 -100T-210292BCFA48A-13631093-0"}' command is executed.
16:17:20 INFO  : Device configured successfully with "C:/Users/tejasvissapragada/Documents/GitHub/cs153a/vitis/lab3b_vitis/lab3a_application/_ide/bitstream/design_1_wrapper.bit"
16:17:20 INFO  : Context for processor 'microblaze_0' is selected.
16:17:20 INFO  : Hardware design and registers information is loaded from 'C:/Users/tejasvissapragada/Documents/GitHub/cs153a/vitis/lab3b_vitis/lab3a_platform/export/lab3a_platform/hw/design_1_wrapper.xsa'.
16:17:20 INFO  : 'configparams mdm-detect-bscan-mask 2' command is executed.
16:17:20 INFO  : Context for processor 'microblaze_0' is selected.
16:17:20 INFO  : System reset is completed.
16:17:23 INFO  : 'after 3000' command is executed.
16:17:23 INFO  : Context for processor 'microblaze_0' is selected.
16:17:23 INFO  : The application 'C:/Users/tejasvissapragada/Documents/GitHub/cs153a/vitis/lab3b_vitis/lab3a_application/Debug/lab3a_application.elf' is downloaded to processor 'microblaze_0'.
16:17:23 INFO  : ----------------XSDB Script----------------
connect -url tcp:127.0.0.1:3121
targets -set -filter {jtag_cable_name =~ "Digilent Nexys A7 -100T 210292BCFA48A" && level==0 && jtag_device_ctx=="jsn-Nexys A7 -100T-210292BCFA48A-13631093-0"}
fpga -file C:/Users/tejasvissapragada/Documents/GitHub/cs153a/vitis/lab3b_vitis/lab3a_application/_ide/bitstream/design_1_wrapper.bit
targets -set -nocase -filter {name =~ "*microblaze*#0" && bscan=="USER2" }
loadhw -hw C:/Users/tejasvissapragada/Documents/GitHub/cs153a/vitis/lab3b_vitis/lab3a_platform/export/lab3a_platform/hw/design_1_wrapper.xsa -regs
configparams mdm-detect-bscan-mask 2
targets -set -nocase -filter {name =~ "*microblaze*#0" && bscan=="USER2" }
rst -system
after 3000
targets -set -nocase -filter {name =~ "*microblaze*#0" && bscan=="USER2" }
dow C:/Users/tejasvissapragada/Documents/GitHub/cs153a/vitis/lab3b_vitis/lab3a_application/Debug/lab3a_application.elf
----------------End of Script----------------

16:17:24 INFO  : Context for processor 'microblaze_0' is selected.
16:17:24 INFO  : 'con' command is executed.
16:17:24 INFO  : ----------------XSDB Script (After Launch)----------------
targets -set -nocase -filter {name =~ "*microblaze*#0" && bscan=="USER2" }
con
----------------End of Script----------------

16:17:24 INFO  : Launch script is exported to file 'C:\Users\tejasvissapragada\Documents\GitHub\cs153a\vitis\lab3b_vitis\lab3a_system\_ide\scripts\debugger_lab3a_application-default.tcl'
16:18:24 INFO  : Checking for BSP changes to sync application flags for project 'lab3a_application'...
16:18:28 INFO  : Disconnected from the channel tcfchan#8.
16:18:29 INFO  : Connected to target on host '127.0.0.1' and port '3121'.
16:18:29 INFO  : Jtag cable 'Digilent Nexys A7 -100T 210292BCFA48A' is selected.
16:18:29 INFO  : 'jtag frequency' command is executed.
16:18:29 INFO  : 'targets -set -filter {jtag_cable_name =~ "Digilent Nexys A7 -100T 210292BCFA48A" && level==0 && jtag_device_ctx=="jsn-Nexys A7 -100T-210292BCFA48A-13631093-0"}' command is executed.
16:18:31 INFO  : Device configured successfully with "C:/Users/tejasvissapragada/Documents/GitHub/cs153a/vitis/lab3b_vitis/lab3a_application/_ide/bitstream/design_1_wrapper.bit"
16:18:31 INFO  : Context for processor 'microblaze_0' is selected.
16:18:31 INFO  : Hardware design and registers information is loaded from 'C:/Users/tejasvissapragada/Documents/GitHub/cs153a/vitis/lab3b_vitis/lab3a_platform/export/lab3a_platform/hw/design_1_wrapper.xsa'.
16:18:31 INFO  : 'configparams mdm-detect-bscan-mask 2' command is executed.
16:18:31 INFO  : Context for processor 'microblaze_0' is selected.
16:18:31 INFO  : System reset is completed.
16:18:34 INFO  : 'after 3000' command is executed.
16:18:34 INFO  : Context for processor 'microblaze_0' is selected.
16:18:35 INFO  : The application 'C:/Users/tejasvissapragada/Documents/GitHub/cs153a/vitis/lab3b_vitis/lab3a_application/Debug/lab3a_application.elf' is downloaded to processor 'microblaze_0'.
16:18:35 INFO  : ----------------XSDB Script----------------
connect -url tcp:127.0.0.1:3121
targets -set -filter {jtag_cable_name =~ "Digilent Nexys A7 -100T 210292BCFA48A" && level==0 && jtag_device_ctx=="jsn-Nexys A7 -100T-210292BCFA48A-13631093-0"}
fpga -file C:/Users/tejasvissapragada/Documents/GitHub/cs153a/vitis/lab3b_vitis/lab3a_application/_ide/bitstream/design_1_wrapper.bit
targets -set -nocase -filter {name =~ "*microblaze*#0" && bscan=="USER2" }
loadhw -hw C:/Users/tejasvissapragada/Documents/GitHub/cs153a/vitis/lab3b_vitis/lab3a_platform/export/lab3a_platform/hw/design_1_wrapper.xsa -regs
configparams mdm-detect-bscan-mask 2
targets -set -nocase -filter {name =~ "*microblaze*#0" && bscan=="USER2" }
rst -system
after 3000
targets -set -nocase -filter {name =~ "*microblaze*#0" && bscan=="USER2" }
dow C:/Users/tejasvissapragada/Documents/GitHub/cs153a/vitis/lab3b_vitis/lab3a_application/Debug/lab3a_application.elf
----------------End of Script----------------

16:18:35 INFO  : Context for processor 'microblaze_0' is selected.
16:18:35 INFO  : 'con' command is executed.
16:18:35 INFO  : ----------------XSDB Script (After Launch)----------------
targets -set -nocase -filter {name =~ "*microblaze*#0" && bscan=="USER2" }
con
----------------End of Script----------------

16:18:35 INFO  : Launch script is exported to file 'C:\Users\tejasvissapragada\Documents\GitHub\cs153a\vitis\lab3b_vitis\lab3a_system\_ide\scripts\debugger_lab3a_application-default.tcl'
16:19:04 INFO  : Checking for BSP changes to sync application flags for project 'lab3a_application'...
16:19:08 INFO  : Disconnected from the channel tcfchan#9.
16:19:09 INFO  : Connected to target on host '127.0.0.1' and port '3121'.
16:19:10 INFO  : Jtag cable 'Digilent Nexys A7 -100T 210292BCFA48A' is selected.
16:19:10 INFO  : 'jtag frequency' command is executed.
16:19:10 INFO  : 'targets -set -filter {jtag_cable_name =~ "Digilent Nexys A7 -100T 210292BCFA48A" && level==0 && jtag_device_ctx=="jsn-Nexys A7 -100T-210292BCFA48A-13631093-0"}' command is executed.
16:19:12 INFO  : Device configured successfully with "C:/Users/tejasvissapragada/Documents/GitHub/cs153a/vitis/lab3b_vitis/lab3a_application/_ide/bitstream/design_1_wrapper.bit"
16:19:12 INFO  : Context for processor 'microblaze_0' is selected.
16:19:12 INFO  : Hardware design and registers information is loaded from 'C:/Users/tejasvissapragada/Documents/GitHub/cs153a/vitis/lab3b_vitis/lab3a_platform/export/lab3a_platform/hw/design_1_wrapper.xsa'.
16:19:12 INFO  : 'configparams mdm-detect-bscan-mask 2' command is executed.
16:19:12 INFO  : Context for processor 'microblaze_0' is selected.
16:19:12 INFO  : System reset is completed.
16:19:15 INFO  : 'after 3000' command is executed.
16:19:15 INFO  : Context for processor 'microblaze_0' is selected.
16:19:15 INFO  : The application 'C:/Users/tejasvissapragada/Documents/GitHub/cs153a/vitis/lab3b_vitis/lab3a_application/Debug/lab3a_application.elf' is downloaded to processor 'microblaze_0'.
16:19:15 INFO  : ----------------XSDB Script----------------
connect -url tcp:127.0.0.1:3121
targets -set -filter {jtag_cable_name =~ "Digilent Nexys A7 -100T 210292BCFA48A" && level==0 && jtag_device_ctx=="jsn-Nexys A7 -100T-210292BCFA48A-13631093-0"}
fpga -file C:/Users/tejasvissapragada/Documents/GitHub/cs153a/vitis/lab3b_vitis/lab3a_application/_ide/bitstream/design_1_wrapper.bit
targets -set -nocase -filter {name =~ "*microblaze*#0" && bscan=="USER2" }
loadhw -hw C:/Users/tejasvissapragada/Documents/GitHub/cs153a/vitis/lab3b_vitis/lab3a_platform/export/lab3a_platform/hw/design_1_wrapper.xsa -regs
configparams mdm-detect-bscan-mask 2
targets -set -nocase -filter {name =~ "*microblaze*#0" && bscan=="USER2" }
rst -system
after 3000
targets -set -nocase -filter {name =~ "*microblaze*#0" && bscan=="USER2" }
dow C:/Users/tejasvissapragada/Documents/GitHub/cs153a/vitis/lab3b_vitis/lab3a_application/Debug/lab3a_application.elf
----------------End of Script----------------

16:19:15 INFO  : Context for processor 'microblaze_0' is selected.
16:19:15 INFO  : 'con' command is executed.
16:19:15 INFO  : ----------------XSDB Script (After Launch)----------------
targets -set -nocase -filter {name =~ "*microblaze*#0" && bscan=="USER2" }
con
----------------End of Script----------------

16:19:15 INFO  : Launch script is exported to file 'C:\Users\tejasvissapragada\Documents\GitHub\cs153a\vitis\lab3b_vitis\lab3a_system\_ide\scripts\debugger_lab3a_application-default.tcl'
16:19:42 INFO  : Checking for BSP changes to sync application flags for project 'lab3a_application'...
16:20:08 INFO  : Disconnected from the channel tcfchan#10.
16:20:09 INFO  : Connected to target on host '127.0.0.1' and port '3121'.
16:20:09 INFO  : Jtag cable 'Digilent Nexys A7 -100T 210292BCFA48A' is selected.
16:20:09 INFO  : 'jtag frequency' command is executed.
16:20:09 INFO  : 'targets -set -filter {jtag_cable_name =~ "Digilent Nexys A7 -100T 210292BCFA48A" && level==0 && jtag_device_ctx=="jsn-Nexys A7 -100T-210292BCFA48A-13631093-0"}' command is executed.
16:20:11 INFO  : Device configured successfully with "C:/Users/tejasvissapragada/Documents/GitHub/cs153a/vitis/lab3b_vitis/lab3a_application/_ide/bitstream/design_1_wrapper.bit"
16:20:11 INFO  : Context for processor 'microblaze_0' is selected.
16:20:11 INFO  : Hardware design and registers information is loaded from 'C:/Users/tejasvissapragada/Documents/GitHub/cs153a/vitis/lab3b_vitis/lab3a_platform/export/lab3a_platform/hw/design_1_wrapper.xsa'.
16:20:11 INFO  : 'configparams mdm-detect-bscan-mask 2' command is executed.
16:20:11 INFO  : Context for processor 'microblaze_0' is selected.
16:20:11 INFO  : System reset is completed.
16:20:14 INFO  : 'after 3000' command is executed.
16:20:14 INFO  : Context for processor 'microblaze_0' is selected.
16:20:15 INFO  : The application 'C:/Users/tejasvissapragada/Documents/GitHub/cs153a/vitis/lab3b_vitis/lab3a_application/Debug/lab3a_application.elf' is downloaded to processor 'microblaze_0'.
16:20:15 INFO  : ----------------XSDB Script----------------
connect -url tcp:127.0.0.1:3121
targets -set -filter {jtag_cable_name =~ "Digilent Nexys A7 -100T 210292BCFA48A" && level==0 && jtag_device_ctx=="jsn-Nexys A7 -100T-210292BCFA48A-13631093-0"}
fpga -file C:/Users/tejasvissapragada/Documents/GitHub/cs153a/vitis/lab3b_vitis/lab3a_application/_ide/bitstream/design_1_wrapper.bit
targets -set -nocase -filter {name =~ "*microblaze*#0" && bscan=="USER2" }
loadhw -hw C:/Users/tejasvissapragada/Documents/GitHub/cs153a/vitis/lab3b_vitis/lab3a_platform/export/lab3a_platform/hw/design_1_wrapper.xsa -regs
configparams mdm-detect-bscan-mask 2
targets -set -nocase -filter {name =~ "*microblaze*#0" && bscan=="USER2" }
rst -system
after 3000
targets -set -nocase -filter {name =~ "*microblaze*#0" && bscan=="USER2" }
dow C:/Users/tejasvissapragada/Documents/GitHub/cs153a/vitis/lab3b_vitis/lab3a_application/Debug/lab3a_application.elf
----------------End of Script----------------

16:20:15 INFO  : Context for processor 'microblaze_0' is selected.
16:20:15 INFO  : 'con' command is executed.
16:20:15 INFO  : ----------------XSDB Script (After Launch)----------------
targets -set -nocase -filter {name =~ "*microblaze*#0" && bscan=="USER2" }
con
----------------End of Script----------------

16:20:15 INFO  : Launch script is exported to file 'C:\Users\tejasvissapragada\Documents\GitHub\cs153a\vitis\lab3b_vitis\lab3a_system\_ide\scripts\debugger_lab3a_application-default.tcl'
16:22:44 INFO  : Checking for BSP changes to sync application flags for project 'lab3a_application'...
16:22:49 INFO  : Disconnected from the channel tcfchan#11.
16:22:50 INFO  : Connected to target on host '127.0.0.1' and port '3121'.
16:22:50 INFO  : Jtag cable 'Digilent Nexys A7 -100T 210292BCFA48A' is selected.
16:22:50 INFO  : 'jtag frequency' command is executed.
16:22:50 INFO  : 'targets -set -filter {jtag_cable_name =~ "Digilent Nexys A7 -100T 210292BCFA48A" && level==0 && jtag_device_ctx=="jsn-Nexys A7 -100T-210292BCFA48A-13631093-0"}' command is executed.
16:22:52 INFO  : Device configured successfully with "C:/Users/tejasvissapragada/Documents/GitHub/cs153a/vitis/lab3b_vitis/lab3a_application/_ide/bitstream/design_1_wrapper.bit"
16:22:52 INFO  : Context for processor 'microblaze_0' is selected.
16:22:52 INFO  : Hardware design and registers information is loaded from 'C:/Users/tejasvissapragada/Documents/GitHub/cs153a/vitis/lab3b_vitis/lab3a_platform/export/lab3a_platform/hw/design_1_wrapper.xsa'.
16:22:52 INFO  : 'configparams mdm-detect-bscan-mask 2' command is executed.
16:22:52 INFO  : Context for processor 'microblaze_0' is selected.
16:22:52 INFO  : System reset is completed.
16:22:55 INFO  : 'after 3000' command is executed.
16:22:55 INFO  : Context for processor 'microblaze_0' is selected.
16:22:56 INFO  : The application 'C:/Users/tejasvissapragada/Documents/GitHub/cs153a/vitis/lab3b_vitis/lab3a_application/Debug/lab3a_application.elf' is downloaded to processor 'microblaze_0'.
16:22:56 INFO  : ----------------XSDB Script----------------
connect -url tcp:127.0.0.1:3121
targets -set -filter {jtag_cable_name =~ "Digilent Nexys A7 -100T 210292BCFA48A" && level==0 && jtag_device_ctx=="jsn-Nexys A7 -100T-210292BCFA48A-13631093-0"}
fpga -file C:/Users/tejasvissapragada/Documents/GitHub/cs153a/vitis/lab3b_vitis/lab3a_application/_ide/bitstream/design_1_wrapper.bit
targets -set -nocase -filter {name =~ "*microblaze*#0" && bscan=="USER2" }
loadhw -hw C:/Users/tejasvissapragada/Documents/GitHub/cs153a/vitis/lab3b_vitis/lab3a_platform/export/lab3a_platform/hw/design_1_wrapper.xsa -regs
configparams mdm-detect-bscan-mask 2
targets -set -nocase -filter {name =~ "*microblaze*#0" && bscan=="USER2" }
rst -system
after 3000
targets -set -nocase -filter {name =~ "*microblaze*#0" && bscan=="USER2" }
dow C:/Users/tejasvissapragada/Documents/GitHub/cs153a/vitis/lab3b_vitis/lab3a_application/Debug/lab3a_application.elf
----------------End of Script----------------

16:22:56 INFO  : Context for processor 'microblaze_0' is selected.
16:22:56 INFO  : 'con' command is executed.
16:22:56 INFO  : ----------------XSDB Script (After Launch)----------------
targets -set -nocase -filter {name =~ "*microblaze*#0" && bscan=="USER2" }
con
----------------End of Script----------------

16:22:56 INFO  : Launch script is exported to file 'C:\Users\tejasvissapragada\Documents\GitHub\cs153a\vitis\lab3b_vitis\lab3a_system\_ide\scripts\debugger_lab3a_application-default.tcl'
16:23:49 INFO  : Checking for BSP changes to sync application flags for project 'lab3a_application'...
16:23:53 INFO  : Disconnected from the channel tcfchan#12.
16:23:54 INFO  : Connected to target on host '127.0.0.1' and port '3121'.
16:23:54 INFO  : Jtag cable 'Digilent Nexys A7 -100T 210292BCFA48A' is selected.
16:23:54 INFO  : 'jtag frequency' command is executed.
16:23:54 INFO  : 'targets -set -filter {jtag_cable_name =~ "Digilent Nexys A7 -100T 210292BCFA48A" && level==0 && jtag_device_ctx=="jsn-Nexys A7 -100T-210292BCFA48A-13631093-0"}' command is executed.
16:23:56 INFO  : Device configured successfully with "C:/Users/tejasvissapragada/Documents/GitHub/cs153a/vitis/lab3b_vitis/lab3a_application/_ide/bitstream/design_1_wrapper.bit"
16:23:56 INFO  : Context for processor 'microblaze_0' is selected.
16:23:56 INFO  : Hardware design and registers information is loaded from 'C:/Users/tejasvissapragada/Documents/GitHub/cs153a/vitis/lab3b_vitis/lab3a_platform/export/lab3a_platform/hw/design_1_wrapper.xsa'.
16:23:56 INFO  : 'configparams mdm-detect-bscan-mask 2' command is executed.
16:23:56 INFO  : Context for processor 'microblaze_0' is selected.
16:23:56 INFO  : System reset is completed.
16:23:59 INFO  : 'after 3000' command is executed.
16:23:59 INFO  : Context for processor 'microblaze_0' is selected.
16:23:59 INFO  : The application 'C:/Users/tejasvissapragada/Documents/GitHub/cs153a/vitis/lab3b_vitis/lab3a_application/Debug/lab3a_application.elf' is downloaded to processor 'microblaze_0'.
16:23:59 INFO  : ----------------XSDB Script----------------
connect -url tcp:127.0.0.1:3121
targets -set -filter {jtag_cable_name =~ "Digilent Nexys A7 -100T 210292BCFA48A" && level==0 && jtag_device_ctx=="jsn-Nexys A7 -100T-210292BCFA48A-13631093-0"}
fpga -file C:/Users/tejasvissapragada/Documents/GitHub/cs153a/vitis/lab3b_vitis/lab3a_application/_ide/bitstream/design_1_wrapper.bit
targets -set -nocase -filter {name =~ "*microblaze*#0" && bscan=="USER2" }
loadhw -hw C:/Users/tejasvissapragada/Documents/GitHub/cs153a/vitis/lab3b_vitis/lab3a_platform/export/lab3a_platform/hw/design_1_wrapper.xsa -regs
configparams mdm-detect-bscan-mask 2
targets -set -nocase -filter {name =~ "*microblaze*#0" && bscan=="USER2" }
rst -system
after 3000
targets -set -nocase -filter {name =~ "*microblaze*#0" && bscan=="USER2" }
dow C:/Users/tejasvissapragada/Documents/GitHub/cs153a/vitis/lab3b_vitis/lab3a_application/Debug/lab3a_application.elf
----------------End of Script----------------

16:24:00 INFO  : Context for processor 'microblaze_0' is selected.
16:24:00 INFO  : 'con' command is executed.
16:24:00 INFO  : ----------------XSDB Script (After Launch)----------------
targets -set -nocase -filter {name =~ "*microblaze*#0" && bscan=="USER2" }
con
----------------End of Script----------------

16:24:00 INFO  : Launch script is exported to file 'C:\Users\tejasvissapragada\Documents\GitHub\cs153a\vitis\lab3b_vitis\lab3a_system\_ide\scripts\debugger_lab3a_application-default.tcl'
16:25:03 INFO  : Checking for BSP changes to sync application flags for project 'lab3a_application'...
16:25:07 INFO  : Disconnected from the channel tcfchan#13.
16:25:08 INFO  : Connected to target on host '127.0.0.1' and port '3121'.
16:25:08 INFO  : Jtag cable 'Digilent Nexys A7 -100T 210292BCFA48A' is selected.
16:25:08 INFO  : 'jtag frequency' command is executed.
16:25:08 INFO  : 'targets -set -filter {jtag_cable_name =~ "Digilent Nexys A7 -100T 210292BCFA48A" && level==0 && jtag_device_ctx=="jsn-Nexys A7 -100T-210292BCFA48A-13631093-0"}' command is executed.
16:25:11 INFO  : Device configured successfully with "C:/Users/tejasvissapragada/Documents/GitHub/cs153a/vitis/lab3b_vitis/lab3a_application/_ide/bitstream/design_1_wrapper.bit"
16:25:11 INFO  : Context for processor 'microblaze_0' is selected.
16:25:11 INFO  : Hardware design and registers information is loaded from 'C:/Users/tejasvissapragada/Documents/GitHub/cs153a/vitis/lab3b_vitis/lab3a_platform/export/lab3a_platform/hw/design_1_wrapper.xsa'.
16:25:11 INFO  : 'configparams mdm-detect-bscan-mask 2' command is executed.
16:25:11 INFO  : Context for processor 'microblaze_0' is selected.
16:25:11 INFO  : System reset is completed.
16:25:14 INFO  : 'after 3000' command is executed.
16:25:14 INFO  : Context for processor 'microblaze_0' is selected.
16:25:14 INFO  : The application 'C:/Users/tejasvissapragada/Documents/GitHub/cs153a/vitis/lab3b_vitis/lab3a_application/Debug/lab3a_application.elf' is downloaded to processor 'microblaze_0'.
16:25:14 INFO  : ----------------XSDB Script----------------
connect -url tcp:127.0.0.1:3121
targets -set -filter {jtag_cable_name =~ "Digilent Nexys A7 -100T 210292BCFA48A" && level==0 && jtag_device_ctx=="jsn-Nexys A7 -100T-210292BCFA48A-13631093-0"}
fpga -file C:/Users/tejasvissapragada/Documents/GitHub/cs153a/vitis/lab3b_vitis/lab3a_application/_ide/bitstream/design_1_wrapper.bit
targets -set -nocase -filter {name =~ "*microblaze*#0" && bscan=="USER2" }
loadhw -hw C:/Users/tejasvissapragada/Documents/GitHub/cs153a/vitis/lab3b_vitis/lab3a_platform/export/lab3a_platform/hw/design_1_wrapper.xsa -regs
configparams mdm-detect-bscan-mask 2
targets -set -nocase -filter {name =~ "*microblaze*#0" && bscan=="USER2" }
rst -system
after 3000
targets -set -nocase -filter {name =~ "*microblaze*#0" && bscan=="USER2" }
dow C:/Users/tejasvissapragada/Documents/GitHub/cs153a/vitis/lab3b_vitis/lab3a_application/Debug/lab3a_application.elf
----------------End of Script----------------

16:25:14 INFO  : Context for processor 'microblaze_0' is selected.
16:25:14 INFO  : 'con' command is executed.
16:25:14 INFO  : ----------------XSDB Script (After Launch)----------------
targets -set -nocase -filter {name =~ "*microblaze*#0" && bscan=="USER2" }
con
----------------End of Script----------------

16:25:14 INFO  : Launch script is exported to file 'C:\Users\tejasvissapragada\Documents\GitHub\cs153a\vitis\lab3b_vitis\lab3a_system\_ide\scripts\debugger_lab3a_application-default.tcl'
16:26:40 INFO  : Checking for BSP changes to sync application flags for project 'lab3a_application'...
16:26:43 INFO  : Disconnected from the channel tcfchan#14.
16:26:44 INFO  : Connected to target on host '127.0.0.1' and port '3121'.
16:26:45 INFO  : Jtag cable 'Digilent Nexys A7 -100T 210292BCFA48A' is selected.
16:26:45 INFO  : 'jtag frequency' command is executed.
16:26:45 INFO  : 'targets -set -filter {jtag_cable_name =~ "Digilent Nexys A7 -100T 210292BCFA48A" && level==0 && jtag_device_ctx=="jsn-Nexys A7 -100T-210292BCFA48A-13631093-0"}' command is executed.
16:26:47 INFO  : Device configured successfully with "C:/Users/tejasvissapragada/Documents/GitHub/cs153a/vitis/lab3b_vitis/lab3a_application/_ide/bitstream/design_1_wrapper.bit"
16:26:47 INFO  : Context for processor 'microblaze_0' is selected.
16:26:47 INFO  : Hardware design and registers information is loaded from 'C:/Users/tejasvissapragada/Documents/GitHub/cs153a/vitis/lab3b_vitis/lab3a_platform/export/lab3a_platform/hw/design_1_wrapper.xsa'.
16:26:47 INFO  : 'configparams mdm-detect-bscan-mask 2' command is executed.
16:26:47 INFO  : Context for processor 'microblaze_0' is selected.
16:26:47 INFO  : System reset is completed.
16:26:50 INFO  : 'after 3000' command is executed.
16:26:50 INFO  : Context for processor 'microblaze_0' is selected.
16:26:50 INFO  : The application 'C:/Users/tejasvissapragada/Documents/GitHub/cs153a/vitis/lab3b_vitis/lab3a_application/Debug/lab3a_application.elf' is downloaded to processor 'microblaze_0'.
16:26:50 INFO  : ----------------XSDB Script----------------
connect -url tcp:127.0.0.1:3121
targets -set -filter {jtag_cable_name =~ "Digilent Nexys A7 -100T 210292BCFA48A" && level==0 && jtag_device_ctx=="jsn-Nexys A7 -100T-210292BCFA48A-13631093-0"}
fpga -file C:/Users/tejasvissapragada/Documents/GitHub/cs153a/vitis/lab3b_vitis/lab3a_application/_ide/bitstream/design_1_wrapper.bit
targets -set -nocase -filter {name =~ "*microblaze*#0" && bscan=="USER2" }
loadhw -hw C:/Users/tejasvissapragada/Documents/GitHub/cs153a/vitis/lab3b_vitis/lab3a_platform/export/lab3a_platform/hw/design_1_wrapper.xsa -regs
configparams mdm-detect-bscan-mask 2
targets -set -nocase -filter {name =~ "*microblaze*#0" && bscan=="USER2" }
rst -system
after 3000
targets -set -nocase -filter {name =~ "*microblaze*#0" && bscan=="USER2" }
dow C:/Users/tejasvissapragada/Documents/GitHub/cs153a/vitis/lab3b_vitis/lab3a_application/Debug/lab3a_application.elf
----------------End of Script----------------

16:26:51 INFO  : Context for processor 'microblaze_0' is selected.
16:26:51 INFO  : 'con' command is executed.
16:26:51 INFO  : ----------------XSDB Script (After Launch)----------------
targets -set -nocase -filter {name =~ "*microblaze*#0" && bscan=="USER2" }
con
----------------End of Script----------------

16:26:51 INFO  : Launch script is exported to file 'C:\Users\tejasvissapragada\Documents\GitHub\cs153a\vitis\lab3b_vitis\lab3a_system\_ide\scripts\debugger_lab3a_application-default.tcl'
16:27:18 INFO  : Checking for BSP changes to sync application flags for project 'lab3a_application'...
16:27:23 INFO  : Disconnected from the channel tcfchan#15.
16:27:24 INFO  : Connected to target on host '127.0.0.1' and port '3121'.
16:27:24 INFO  : Jtag cable 'Digilent Nexys A7 -100T 210292BCFA48A' is selected.
16:27:24 INFO  : 'jtag frequency' command is executed.
16:27:24 INFO  : 'targets -set -filter {jtag_cable_name =~ "Digilent Nexys A7 -100T 210292BCFA48A" && level==0 && jtag_device_ctx=="jsn-Nexys A7 -100T-210292BCFA48A-13631093-0"}' command is executed.
16:27:26 INFO  : Device configured successfully with "C:/Users/tejasvissapragada/Documents/GitHub/cs153a/vitis/lab3b_vitis/lab3a_application/_ide/bitstream/design_1_wrapper.bit"
16:27:26 INFO  : Context for processor 'microblaze_0' is selected.
16:27:26 INFO  : Hardware design and registers information is loaded from 'C:/Users/tejasvissapragada/Documents/GitHub/cs153a/vitis/lab3b_vitis/lab3a_platform/export/lab3a_platform/hw/design_1_wrapper.xsa'.
16:27:26 INFO  : 'configparams mdm-detect-bscan-mask 2' command is executed.
16:27:26 INFO  : Context for processor 'microblaze_0' is selected.
16:27:26 INFO  : System reset is completed.
16:27:29 INFO  : 'after 3000' command is executed.
16:27:29 INFO  : Context for processor 'microblaze_0' is selected.
16:27:30 INFO  : The application 'C:/Users/tejasvissapragada/Documents/GitHub/cs153a/vitis/lab3b_vitis/lab3a_application/Debug/lab3a_application.elf' is downloaded to processor 'microblaze_0'.
16:27:30 INFO  : ----------------XSDB Script----------------
connect -url tcp:127.0.0.1:3121
targets -set -filter {jtag_cable_name =~ "Digilent Nexys A7 -100T 210292BCFA48A" && level==0 && jtag_device_ctx=="jsn-Nexys A7 -100T-210292BCFA48A-13631093-0"}
fpga -file C:/Users/tejasvissapragada/Documents/GitHub/cs153a/vitis/lab3b_vitis/lab3a_application/_ide/bitstream/design_1_wrapper.bit
targets -set -nocase -filter {name =~ "*microblaze*#0" && bscan=="USER2" }
loadhw -hw C:/Users/tejasvissapragada/Documents/GitHub/cs153a/vitis/lab3b_vitis/lab3a_platform/export/lab3a_platform/hw/design_1_wrapper.xsa -regs
configparams mdm-detect-bscan-mask 2
targets -set -nocase -filter {name =~ "*microblaze*#0" && bscan=="USER2" }
rst -system
after 3000
targets -set -nocase -filter {name =~ "*microblaze*#0" && bscan=="USER2" }
dow C:/Users/tejasvissapragada/Documents/GitHub/cs153a/vitis/lab3b_vitis/lab3a_application/Debug/lab3a_application.elf
----------------End of Script----------------

16:27:30 INFO  : Context for processor 'microblaze_0' is selected.
16:27:30 INFO  : 'con' command is executed.
16:27:30 INFO  : ----------------XSDB Script (After Launch)----------------
targets -set -nocase -filter {name =~ "*microblaze*#0" && bscan=="USER2" }
con
----------------End of Script----------------

16:27:30 INFO  : Launch script is exported to file 'C:\Users\tejasvissapragada\Documents\GitHub\cs153a\vitis\lab3b_vitis\lab3a_system\_ide\scripts\debugger_lab3a_application-default.tcl'
16:38:14 INFO  : Checking for BSP changes to sync application flags for project 'lab3a_application'...
16:38:59 INFO  : Checking for BSP changes to sync application flags for project 'lab3a_application'...
16:39:03 INFO  : Disconnected from the channel tcfchan#16.
16:39:04 INFO  : Connected to target on host '127.0.0.1' and port '3121'.
16:39:04 INFO  : Jtag cable 'Digilent Nexys A7 -100T 210292BCFA48A' is selected.
16:39:04 INFO  : 'jtag frequency' command is executed.
16:39:05 INFO  : 'targets -set -filter {jtag_cable_name =~ "Digilent Nexys A7 -100T 210292BCFA48A" && level==0 && jtag_device_ctx=="jsn-Nexys A7 -100T-210292BCFA48A-13631093-0"}' command is executed.
16:39:07 INFO  : Device configured successfully with "C:/Users/tejasvissapragada/Documents/GitHub/cs153a/vitis/lab3b_vitis/lab3a_application/_ide/bitstream/design_1_wrapper.bit"
16:39:07 INFO  : Context for processor 'microblaze_0' is selected.
16:39:07 INFO  : Hardware design and registers information is loaded from 'C:/Users/tejasvissapragada/Documents/GitHub/cs153a/vitis/lab3b_vitis/lab3a_platform/export/lab3a_platform/hw/design_1_wrapper.xsa'.
16:39:07 INFO  : 'configparams mdm-detect-bscan-mask 2' command is executed.
16:39:07 INFO  : Context for processor 'microblaze_0' is selected.
16:39:07 INFO  : System reset is completed.
16:39:10 INFO  : 'after 3000' command is executed.
16:39:10 INFO  : Context for processor 'microblaze_0' is selected.
16:39:10 INFO  : The application 'C:/Users/tejasvissapragada/Documents/GitHub/cs153a/vitis/lab3b_vitis/lab3a_application/Debug/lab3a_application.elf' is downloaded to processor 'microblaze_0'.
16:39:10 INFO  : ----------------XSDB Script----------------
connect -url tcp:127.0.0.1:3121
targets -set -filter {jtag_cable_name =~ "Digilent Nexys A7 -100T 210292BCFA48A" && level==0 && jtag_device_ctx=="jsn-Nexys A7 -100T-210292BCFA48A-13631093-0"}
fpga -file C:/Users/tejasvissapragada/Documents/GitHub/cs153a/vitis/lab3b_vitis/lab3a_application/_ide/bitstream/design_1_wrapper.bit
targets -set -nocase -filter {name =~ "*microblaze*#0" && bscan=="USER2" }
loadhw -hw C:/Users/tejasvissapragada/Documents/GitHub/cs153a/vitis/lab3b_vitis/lab3a_platform/export/lab3a_platform/hw/design_1_wrapper.xsa -regs
configparams mdm-detect-bscan-mask 2
targets -set -nocase -filter {name =~ "*microblaze*#0" && bscan=="USER2" }
rst -system
after 3000
targets -set -nocase -filter {name =~ "*microblaze*#0" && bscan=="USER2" }
dow C:/Users/tejasvissapragada/Documents/GitHub/cs153a/vitis/lab3b_vitis/lab3a_application/Debug/lab3a_application.elf
----------------End of Script----------------

16:39:10 INFO  : Context for processor 'microblaze_0' is selected.
16:39:10 INFO  : 'con' command is executed.
16:39:10 INFO  : ----------------XSDB Script (After Launch)----------------
targets -set -nocase -filter {name =~ "*microblaze*#0" && bscan=="USER2" }
con
----------------End of Script----------------

16:39:10 INFO  : Launch script is exported to file 'C:\Users\tejasvissapragada\Documents\GitHub\cs153a\vitis\lab3b_vitis\lab3a_system\_ide\scripts\debugger_lab3a_application-default.tcl'
16:40:11 INFO  : Checking for BSP changes to sync application flags for project 'lab3a_application'...
16:40:15 INFO  : Disconnected from the channel tcfchan#17.
16:40:16 INFO  : Connected to target on host '127.0.0.1' and port '3121'.
16:40:17 INFO  : Jtag cable 'Digilent Nexys A7 -100T 210292BCFA48A' is selected.
16:40:17 INFO  : 'jtag frequency' command is executed.
16:40:17 INFO  : 'targets -set -filter {jtag_cable_name =~ "Digilent Nexys A7 -100T 210292BCFA48A" && level==0 && jtag_device_ctx=="jsn-Nexys A7 -100T-210292BCFA48A-13631093-0"}' command is executed.
16:40:19 INFO  : Device configured successfully with "C:/Users/tejasvissapragada/Documents/GitHub/cs153a/vitis/lab3b_vitis/lab3a_application/_ide/bitstream/design_1_wrapper.bit"
16:40:19 INFO  : Context for processor 'microblaze_0' is selected.
16:40:19 INFO  : Hardware design and registers information is loaded from 'C:/Users/tejasvissapragada/Documents/GitHub/cs153a/vitis/lab3b_vitis/lab3a_platform/export/lab3a_platform/hw/design_1_wrapper.xsa'.
16:40:19 INFO  : 'configparams mdm-detect-bscan-mask 2' command is executed.
16:40:19 INFO  : Context for processor 'microblaze_0' is selected.
16:40:19 INFO  : System reset is completed.
16:40:22 INFO  : 'after 3000' command is executed.
16:40:22 INFO  : Context for processor 'microblaze_0' is selected.
16:40:22 INFO  : The application 'C:/Users/tejasvissapragada/Documents/GitHub/cs153a/vitis/lab3b_vitis/lab3a_application/Debug/lab3a_application.elf' is downloaded to processor 'microblaze_0'.
16:40:22 INFO  : ----------------XSDB Script----------------
connect -url tcp:127.0.0.1:3121
targets -set -filter {jtag_cable_name =~ "Digilent Nexys A7 -100T 210292BCFA48A" && level==0 && jtag_device_ctx=="jsn-Nexys A7 -100T-210292BCFA48A-13631093-0"}
fpga -file C:/Users/tejasvissapragada/Documents/GitHub/cs153a/vitis/lab3b_vitis/lab3a_application/_ide/bitstream/design_1_wrapper.bit
targets -set -nocase -filter {name =~ "*microblaze*#0" && bscan=="USER2" }
loadhw -hw C:/Users/tejasvissapragada/Documents/GitHub/cs153a/vitis/lab3b_vitis/lab3a_platform/export/lab3a_platform/hw/design_1_wrapper.xsa -regs
configparams mdm-detect-bscan-mask 2
targets -set -nocase -filter {name =~ "*microblaze*#0" && bscan=="USER2" }
rst -system
after 3000
targets -set -nocase -filter {name =~ "*microblaze*#0" && bscan=="USER2" }
dow C:/Users/tejasvissapragada/Documents/GitHub/cs153a/vitis/lab3b_vitis/lab3a_application/Debug/lab3a_application.elf
----------------End of Script----------------

16:40:22 INFO  : Context for processor 'microblaze_0' is selected.
16:40:22 INFO  : 'con' command is executed.
16:40:22 INFO  : ----------------XSDB Script (After Launch)----------------
targets -set -nocase -filter {name =~ "*microblaze*#0" && bscan=="USER2" }
con
----------------End of Script----------------

16:40:22 INFO  : Launch script is exported to file 'C:\Users\tejasvissapragada\Documents\GitHub\cs153a\vitis\lab3b_vitis\lab3a_system\_ide\scripts\debugger_lab3a_application-default.tcl'
16:52:24 INFO  : Checking for BSP changes to sync application flags for project 'lab3a_application'...
16:52:31 INFO  : Disconnected from the channel tcfchan#18.
16:52:32 INFO  : Connected to target on host '127.0.0.1' and port '3121'.
16:52:32 INFO  : Jtag cable 'Digilent Nexys A7 -100T 210292BCFA48A' is selected.
16:52:32 INFO  : 'jtag frequency' command is executed.
16:52:32 INFO  : 'targets -set -filter {jtag_cable_name =~ "Digilent Nexys A7 -100T 210292BCFA48A" && level==0 && jtag_device_ctx=="jsn-Nexys A7 -100T-210292BCFA48A-13631093-0"}' command is executed.
16:52:34 INFO  : Device configured successfully with "C:/Users/tejasvissapragada/Documents/GitHub/cs153a/vitis/lab3b_vitis/lab3a_application/_ide/bitstream/design_1_wrapper.bit"
16:52:34 INFO  : Context for processor 'microblaze_0' is selected.
16:52:34 INFO  : Hardware design and registers information is loaded from 'C:/Users/tejasvissapragada/Documents/GitHub/cs153a/vitis/lab3b_vitis/lab3a_platform/export/lab3a_platform/hw/design_1_wrapper.xsa'.
16:52:34 INFO  : 'configparams mdm-detect-bscan-mask 2' command is executed.
16:52:34 INFO  : Context for processor 'microblaze_0' is selected.
16:52:34 INFO  : System reset is completed.
16:52:37 INFO  : 'after 3000' command is executed.
16:52:37 INFO  : Context for processor 'microblaze_0' is selected.
16:52:38 INFO  : The application 'C:/Users/tejasvissapragada/Documents/GitHub/cs153a/vitis/lab3b_vitis/lab3a_application/Debug/lab3a_application.elf' is downloaded to processor 'microblaze_0'.
16:52:38 INFO  : ----------------XSDB Script----------------
connect -url tcp:127.0.0.1:3121
targets -set -filter {jtag_cable_name =~ "Digilent Nexys A7 -100T 210292BCFA48A" && level==0 && jtag_device_ctx=="jsn-Nexys A7 -100T-210292BCFA48A-13631093-0"}
fpga -file C:/Users/tejasvissapragada/Documents/GitHub/cs153a/vitis/lab3b_vitis/lab3a_application/_ide/bitstream/design_1_wrapper.bit
targets -set -nocase -filter {name =~ "*microblaze*#0" && bscan=="USER2" }
loadhw -hw C:/Users/tejasvissapragada/Documents/GitHub/cs153a/vitis/lab3b_vitis/lab3a_platform/export/lab3a_platform/hw/design_1_wrapper.xsa -regs
configparams mdm-detect-bscan-mask 2
targets -set -nocase -filter {name =~ "*microblaze*#0" && bscan=="USER2" }
rst -system
after 3000
targets -set -nocase -filter {name =~ "*microblaze*#0" && bscan=="USER2" }
dow C:/Users/tejasvissapragada/Documents/GitHub/cs153a/vitis/lab3b_vitis/lab3a_application/Debug/lab3a_application.elf
----------------End of Script----------------

16:52:38 INFO  : Context for processor 'microblaze_0' is selected.
16:52:38 INFO  : 'con' command is executed.
16:52:38 INFO  : ----------------XSDB Script (After Launch)----------------
targets -set -nocase -filter {name =~ "*microblaze*#0" && bscan=="USER2" }
con
----------------End of Script----------------

16:52:38 INFO  : Launch script is exported to file 'C:\Users\tejasvissapragada\Documents\GitHub\cs153a\vitis\lab3b_vitis\lab3a_system\_ide\scripts\debugger_lab3a_application-default.tcl'
16:58:03 INFO  : Checking for BSP changes to sync application flags for project 'lab3a_application'...
16:58:07 INFO  : Disconnected from the channel tcfchan#19.
16:58:08 INFO  : Connected to target on host '127.0.0.1' and port '3121'.
16:58:08 INFO  : Jtag cable 'Digilent Nexys A7 -100T 210292BCFA48A' is selected.
16:58:08 INFO  : 'jtag frequency' command is executed.
16:58:08 INFO  : 'targets -set -filter {jtag_cable_name =~ "Digilent Nexys A7 -100T 210292BCFA48A" && level==0 && jtag_device_ctx=="jsn-Nexys A7 -100T-210292BCFA48A-13631093-0"}' command is executed.
16:58:10 INFO  : Device configured successfully with "C:/Users/tejasvissapragada/Documents/GitHub/cs153a/vitis/lab3b_vitis/lab3a_application/_ide/bitstream/design_1_wrapper.bit"
16:58:10 INFO  : Context for processor 'microblaze_0' is selected.
16:58:10 INFO  : Hardware design and registers information is loaded from 'C:/Users/tejasvissapragada/Documents/GitHub/cs153a/vitis/lab3b_vitis/lab3a_platform/export/lab3a_platform/hw/design_1_wrapper.xsa'.
16:58:10 INFO  : 'configparams mdm-detect-bscan-mask 2' command is executed.
16:58:10 INFO  : Context for processor 'microblaze_0' is selected.
16:58:10 INFO  : System reset is completed.
16:58:13 INFO  : 'after 3000' command is executed.
16:58:13 INFO  : Context for processor 'microblaze_0' is selected.
16:58:14 INFO  : The application 'C:/Users/tejasvissapragada/Documents/GitHub/cs153a/vitis/lab3b_vitis/lab3a_application/Debug/lab3a_application.elf' is downloaded to processor 'microblaze_0'.
16:58:14 INFO  : ----------------XSDB Script----------------
connect -url tcp:127.0.0.1:3121
targets -set -filter {jtag_cable_name =~ "Digilent Nexys A7 -100T 210292BCFA48A" && level==0 && jtag_device_ctx=="jsn-Nexys A7 -100T-210292BCFA48A-13631093-0"}
fpga -file C:/Users/tejasvissapragada/Documents/GitHub/cs153a/vitis/lab3b_vitis/lab3a_application/_ide/bitstream/design_1_wrapper.bit
targets -set -nocase -filter {name =~ "*microblaze*#0" && bscan=="USER2" }
loadhw -hw C:/Users/tejasvissapragada/Documents/GitHub/cs153a/vitis/lab3b_vitis/lab3a_platform/export/lab3a_platform/hw/design_1_wrapper.xsa -regs
configparams mdm-detect-bscan-mask 2
targets -set -nocase -filter {name =~ "*microblaze*#0" && bscan=="USER2" }
rst -system
after 3000
targets -set -nocase -filter {name =~ "*microblaze*#0" && bscan=="USER2" }
dow C:/Users/tejasvissapragada/Documents/GitHub/cs153a/vitis/lab3b_vitis/lab3a_application/Debug/lab3a_application.elf
----------------End of Script----------------

16:58:14 INFO  : Context for processor 'microblaze_0' is selected.
16:58:14 INFO  : 'con' command is executed.
16:58:14 INFO  : ----------------XSDB Script (After Launch)----------------
targets -set -nocase -filter {name =~ "*microblaze*#0" && bscan=="USER2" }
con
----------------End of Script----------------

16:58:14 INFO  : Launch script is exported to file 'C:\Users\tejasvissapragada\Documents\GitHub\cs153a\vitis\lab3b_vitis\lab3a_system\_ide\scripts\debugger_lab3a_application-default.tcl'
17:00:53 INFO  : Checking for BSP changes to sync application flags for project 'lab3a_application'...
17:00:58 INFO  : Disconnected from the channel tcfchan#20.
17:00:59 INFO  : Connected to target on host '127.0.0.1' and port '3121'.
17:00:59 INFO  : Jtag cable 'Digilent Nexys A7 -100T 210292BCFA48A' is selected.
17:00:59 INFO  : 'jtag frequency' command is executed.
17:00:59 INFO  : 'targets -set -filter {jtag_cable_name =~ "Digilent Nexys A7 -100T 210292BCFA48A" && level==0 && jtag_device_ctx=="jsn-Nexys A7 -100T-210292BCFA48A-13631093-0"}' command is executed.
17:01:01 INFO  : Device configured successfully with "C:/Users/tejasvissapragada/Documents/GitHub/cs153a/vitis/lab3b_vitis/lab3a_application/_ide/bitstream/design_1_wrapper.bit"
17:01:01 INFO  : Context for processor 'microblaze_0' is selected.
17:01:01 INFO  : Hardware design and registers information is loaded from 'C:/Users/tejasvissapragada/Documents/GitHub/cs153a/vitis/lab3b_vitis/lab3a_platform/export/lab3a_platform/hw/design_1_wrapper.xsa'.
17:01:01 INFO  : 'configparams mdm-detect-bscan-mask 2' command is executed.
17:01:01 INFO  : Context for processor 'microblaze_0' is selected.
17:01:01 INFO  : System reset is completed.
17:01:04 INFO  : 'after 3000' command is executed.
17:01:04 INFO  : Context for processor 'microblaze_0' is selected.
17:01:04 INFO  : The application 'C:/Users/tejasvissapragada/Documents/GitHub/cs153a/vitis/lab3b_vitis/lab3a_application/Debug/lab3a_application.elf' is downloaded to processor 'microblaze_0'.
17:01:04 INFO  : ----------------XSDB Script----------------
connect -url tcp:127.0.0.1:3121
targets -set -filter {jtag_cable_name =~ "Digilent Nexys A7 -100T 210292BCFA48A" && level==0 && jtag_device_ctx=="jsn-Nexys A7 -100T-210292BCFA48A-13631093-0"}
fpga -file C:/Users/tejasvissapragada/Documents/GitHub/cs153a/vitis/lab3b_vitis/lab3a_application/_ide/bitstream/design_1_wrapper.bit
targets -set -nocase -filter {name =~ "*microblaze*#0" && bscan=="USER2" }
loadhw -hw C:/Users/tejasvissapragada/Documents/GitHub/cs153a/vitis/lab3b_vitis/lab3a_platform/export/lab3a_platform/hw/design_1_wrapper.xsa -regs
configparams mdm-detect-bscan-mask 2
targets -set -nocase -filter {name =~ "*microblaze*#0" && bscan=="USER2" }
rst -system
after 3000
targets -set -nocase -filter {name =~ "*microblaze*#0" && bscan=="USER2" }
dow C:/Users/tejasvissapragada/Documents/GitHub/cs153a/vitis/lab3b_vitis/lab3a_application/Debug/lab3a_application.elf
----------------End of Script----------------

17:01:05 INFO  : Context for processor 'microblaze_0' is selected.
17:01:05 INFO  : 'con' command is executed.
17:01:05 INFO  : ----------------XSDB Script (After Launch)----------------
targets -set -nocase -filter {name =~ "*microblaze*#0" && bscan=="USER2" }
con
----------------End of Script----------------

17:01:05 INFO  : Launch script is exported to file 'C:\Users\tejasvissapragada\Documents\GitHub\cs153a\vitis\lab3b_vitis\lab3a_system\_ide\scripts\debugger_lab3a_application-default.tcl'
17:01:25 INFO  : Checking for BSP changes to sync application flags for project 'lab3a_application'...
17:01:28 INFO  : Disconnected from the channel tcfchan#21.
17:01:29 INFO  : Connected to target on host '127.0.0.1' and port '3121'.
17:01:30 INFO  : Jtag cable 'Digilent Nexys A7 -100T 210292BCFA48A' is selected.
17:01:30 INFO  : 'jtag frequency' command is executed.
17:01:30 INFO  : 'targets -set -filter {jtag_cable_name =~ "Digilent Nexys A7 -100T 210292BCFA48A" && level==0 && jtag_device_ctx=="jsn-Nexys A7 -100T-210292BCFA48A-13631093-0"}' command is executed.
17:01:32 INFO  : Device configured successfully with "C:/Users/tejasvissapragada/Documents/GitHub/cs153a/vitis/lab3b_vitis/lab3a_application/_ide/bitstream/design_1_wrapper.bit"
17:01:32 INFO  : Context for processor 'microblaze_0' is selected.
17:01:32 INFO  : Hardware design and registers information is loaded from 'C:/Users/tejasvissapragada/Documents/GitHub/cs153a/vitis/lab3b_vitis/lab3a_platform/export/lab3a_platform/hw/design_1_wrapper.xsa'.
17:01:32 INFO  : 'configparams mdm-detect-bscan-mask 2' command is executed.
17:01:32 INFO  : Context for processor 'microblaze_0' is selected.
17:01:32 INFO  : System reset is completed.
17:01:35 INFO  : 'after 3000' command is executed.
17:01:35 INFO  : Context for processor 'microblaze_0' is selected.
17:01:35 INFO  : The application 'C:/Users/tejasvissapragada/Documents/GitHub/cs153a/vitis/lab3b_vitis/lab3a_application/Debug/lab3a_application.elf' is downloaded to processor 'microblaze_0'.
17:01:35 INFO  : ----------------XSDB Script----------------
connect -url tcp:127.0.0.1:3121
targets -set -filter {jtag_cable_name =~ "Digilent Nexys A7 -100T 210292BCFA48A" && level==0 && jtag_device_ctx=="jsn-Nexys A7 -100T-210292BCFA48A-13631093-0"}
fpga -file C:/Users/tejasvissapragada/Documents/GitHub/cs153a/vitis/lab3b_vitis/lab3a_application/_ide/bitstream/design_1_wrapper.bit
targets -set -nocase -filter {name =~ "*microblaze*#0" && bscan=="USER2" }
loadhw -hw C:/Users/tejasvissapragada/Documents/GitHub/cs153a/vitis/lab3b_vitis/lab3a_platform/export/lab3a_platform/hw/design_1_wrapper.xsa -regs
configparams mdm-detect-bscan-mask 2
targets -set -nocase -filter {name =~ "*microblaze*#0" && bscan=="USER2" }
rst -system
after 3000
targets -set -nocase -filter {name =~ "*microblaze*#0" && bscan=="USER2" }
dow C:/Users/tejasvissapragada/Documents/GitHub/cs153a/vitis/lab3b_vitis/lab3a_application/Debug/lab3a_application.elf
----------------End of Script----------------

17:01:35 INFO  : Context for processor 'microblaze_0' is selected.
17:01:35 INFO  : 'con' command is executed.
17:01:35 INFO  : ----------------XSDB Script (After Launch)----------------
targets -set -nocase -filter {name =~ "*microblaze*#0" && bscan=="USER2" }
con
----------------End of Script----------------

17:01:35 INFO  : Launch script is exported to file 'C:\Users\tejasvissapragada\Documents\GitHub\cs153a\vitis\lab3b_vitis\lab3a_system\_ide\scripts\debugger_lab3a_application-default.tcl'
17:10:36 INFO  : Checking for BSP changes to sync application flags for project 'lab3a_application'...
17:10:40 INFO  : Disconnected from the channel tcfchan#22.
17:10:41 INFO  : Connected to target on host '127.0.0.1' and port '3121'.
17:10:41 INFO  : Jtag cable 'Digilent Nexys A7 -100T 210292BCFA48A' is selected.
17:10:41 INFO  : 'jtag frequency' command is executed.
17:10:41 INFO  : 'targets -set -filter {jtag_cable_name =~ "Digilent Nexys A7 -100T 210292BCFA48A" && level==0 && jtag_device_ctx=="jsn-Nexys A7 -100T-210292BCFA48A-13631093-0"}' command is executed.
17:10:44 INFO  : Device configured successfully with "C:/Users/tejasvissapragada/Documents/GitHub/cs153a/vitis/lab3b_vitis/lab3a_application/_ide/bitstream/design_1_wrapper.bit"
17:10:44 INFO  : Context for processor 'microblaze_0' is selected.
17:10:44 INFO  : Hardware design and registers information is loaded from 'C:/Users/tejasvissapragada/Documents/GitHub/cs153a/vitis/lab3b_vitis/lab3a_platform/export/lab3a_platform/hw/design_1_wrapper.xsa'.
17:10:44 INFO  : 'configparams mdm-detect-bscan-mask 2' command is executed.
17:10:44 INFO  : Context for processor 'microblaze_0' is selected.
17:10:44 INFO  : System reset is completed.
17:10:47 INFO  : 'after 3000' command is executed.
17:10:47 INFO  : Context for processor 'microblaze_0' is selected.
17:10:47 INFO  : The application 'C:/Users/tejasvissapragada/Documents/GitHub/cs153a/vitis/lab3b_vitis/lab3a_application/Debug/lab3a_application.elf' is downloaded to processor 'microblaze_0'.
17:10:47 INFO  : ----------------XSDB Script----------------
connect -url tcp:127.0.0.1:3121
targets -set -filter {jtag_cable_name =~ "Digilent Nexys A7 -100T 210292BCFA48A" && level==0 && jtag_device_ctx=="jsn-Nexys A7 -100T-210292BCFA48A-13631093-0"}
fpga -file C:/Users/tejasvissapragada/Documents/GitHub/cs153a/vitis/lab3b_vitis/lab3a_application/_ide/bitstream/design_1_wrapper.bit
targets -set -nocase -filter {name =~ "*microblaze*#0" && bscan=="USER2" }
loadhw -hw C:/Users/tejasvissapragada/Documents/GitHub/cs153a/vitis/lab3b_vitis/lab3a_platform/export/lab3a_platform/hw/design_1_wrapper.xsa -regs
configparams mdm-detect-bscan-mask 2
targets -set -nocase -filter {name =~ "*microblaze*#0" && bscan=="USER2" }
rst -system
after 3000
targets -set -nocase -filter {name =~ "*microblaze*#0" && bscan=="USER2" }
dow C:/Users/tejasvissapragada/Documents/GitHub/cs153a/vitis/lab3b_vitis/lab3a_application/Debug/lab3a_application.elf
----------------End of Script----------------

17:10:47 INFO  : Context for processor 'microblaze_0' is selected.
17:10:47 INFO  : 'con' command is executed.
17:10:47 INFO  : ----------------XSDB Script (After Launch)----------------
targets -set -nocase -filter {name =~ "*microblaze*#0" && bscan=="USER2" }
con
----------------End of Script----------------

17:10:47 INFO  : Launch script is exported to file 'C:\Users\tejasvissapragada\Documents\GitHub\cs153a\vitis\lab3b_vitis\lab3a_system\_ide\scripts\debugger_lab3a_application-default.tcl'
17:16:04 INFO  : Checking for BSP changes to sync application flags for project 'lab3a_application'...
17:16:08 INFO  : Disconnected from the channel tcfchan#23.
17:16:09 INFO  : Connected to target on host '127.0.0.1' and port '3121'.
17:16:10 INFO  : Jtag cable 'Digilent Nexys A7 -100T 210292BCFA48A' is selected.
17:16:10 INFO  : 'jtag frequency' command is executed.
17:16:10 INFO  : 'targets -set -filter {jtag_cable_name =~ "Digilent Nexys A7 -100T 210292BCFA48A" && level==0 && jtag_device_ctx=="jsn-Nexys A7 -100T-210292BCFA48A-13631093-0"}' command is executed.
17:16:12 INFO  : Device configured successfully with "C:/Users/tejasvissapragada/Documents/GitHub/cs153a/vitis/lab3b_vitis/lab3a_application/_ide/bitstream/design_1_wrapper.bit"
17:16:12 INFO  : Context for processor 'microblaze_0' is selected.
17:16:12 INFO  : Hardware design and registers information is loaded from 'C:/Users/tejasvissapragada/Documents/GitHub/cs153a/vitis/lab3b_vitis/lab3a_platform/export/lab3a_platform/hw/design_1_wrapper.xsa'.
17:16:12 INFO  : 'configparams mdm-detect-bscan-mask 2' command is executed.
17:16:12 INFO  : Context for processor 'microblaze_0' is selected.
17:16:12 INFO  : System reset is completed.
17:16:15 INFO  : 'after 3000' command is executed.
17:16:15 INFO  : Context for processor 'microblaze_0' is selected.
17:16:15 INFO  : The application 'C:/Users/tejasvissapragada/Documents/GitHub/cs153a/vitis/lab3b_vitis/lab3a_application/Debug/lab3a_application.elf' is downloaded to processor 'microblaze_0'.
17:16:15 INFO  : ----------------XSDB Script----------------
connect -url tcp:127.0.0.1:3121
targets -set -filter {jtag_cable_name =~ "Digilent Nexys A7 -100T 210292BCFA48A" && level==0 && jtag_device_ctx=="jsn-Nexys A7 -100T-210292BCFA48A-13631093-0"}
fpga -file C:/Users/tejasvissapragada/Documents/GitHub/cs153a/vitis/lab3b_vitis/lab3a_application/_ide/bitstream/design_1_wrapper.bit
targets -set -nocase -filter {name =~ "*microblaze*#0" && bscan=="USER2" }
loadhw -hw C:/Users/tejasvissapragada/Documents/GitHub/cs153a/vitis/lab3b_vitis/lab3a_platform/export/lab3a_platform/hw/design_1_wrapper.xsa -regs
configparams mdm-detect-bscan-mask 2
targets -set -nocase -filter {name =~ "*microblaze*#0" && bscan=="USER2" }
rst -system
after 3000
targets -set -nocase -filter {name =~ "*microblaze*#0" && bscan=="USER2" }
dow C:/Users/tejasvissapragada/Documents/GitHub/cs153a/vitis/lab3b_vitis/lab3a_application/Debug/lab3a_application.elf
----------------End of Script----------------

17:16:15 INFO  : Context for processor 'microblaze_0' is selected.
17:16:15 INFO  : 'con' command is executed.
17:16:15 INFO  : ----------------XSDB Script (After Launch)----------------
targets -set -nocase -filter {name =~ "*microblaze*#0" && bscan=="USER2" }
con
----------------End of Script----------------

17:16:15 INFO  : Launch script is exported to file 'C:\Users\tejasvissapragada\Documents\GitHub\cs153a\vitis\lab3b_vitis\lab3a_system\_ide\scripts\debugger_lab3a_application-default.tcl'
17:18:13 INFO  : Checking for BSP changes to sync application flags for project 'lab3a_application'...
17:18:16 INFO  : Disconnected from the channel tcfchan#24.
17:18:17 INFO  : Connected to target on host '127.0.0.1' and port '3121'.
17:18:17 INFO  : Jtag cable 'Digilent Nexys A7 -100T 210292BCFA48A' is selected.
17:18:17 INFO  : 'jtag frequency' command is executed.
17:18:17 INFO  : 'targets -set -filter {jtag_cable_name =~ "Digilent Nexys A7 -100T 210292BCFA48A" && level==0 && jtag_device_ctx=="jsn-Nexys A7 -100T-210292BCFA48A-13631093-0"}' command is executed.
17:18:20 INFO  : Device configured successfully with "C:/Users/tejasvissapragada/Documents/GitHub/cs153a/vitis/lab3b_vitis/lab3a_application/_ide/bitstream/design_1_wrapper.bit"
17:18:20 INFO  : Context for processor 'microblaze_0' is selected.
17:18:20 INFO  : Hardware design and registers information is loaded from 'C:/Users/tejasvissapragada/Documents/GitHub/cs153a/vitis/lab3b_vitis/lab3a_platform/export/lab3a_platform/hw/design_1_wrapper.xsa'.
17:18:20 INFO  : 'configparams mdm-detect-bscan-mask 2' command is executed.
17:18:20 INFO  : Context for processor 'microblaze_0' is selected.
17:18:20 INFO  : System reset is completed.
17:18:23 INFO  : 'after 3000' command is executed.
17:18:23 INFO  : Context for processor 'microblaze_0' is selected.
17:18:23 INFO  : The application 'C:/Users/tejasvissapragada/Documents/GitHub/cs153a/vitis/lab3b_vitis/lab3a_application/Debug/lab3a_application.elf' is downloaded to processor 'microblaze_0'.
17:18:23 INFO  : ----------------XSDB Script----------------
connect -url tcp:127.0.0.1:3121
targets -set -filter {jtag_cable_name =~ "Digilent Nexys A7 -100T 210292BCFA48A" && level==0 && jtag_device_ctx=="jsn-Nexys A7 -100T-210292BCFA48A-13631093-0"}
fpga -file C:/Users/tejasvissapragada/Documents/GitHub/cs153a/vitis/lab3b_vitis/lab3a_application/_ide/bitstream/design_1_wrapper.bit
targets -set -nocase -filter {name =~ "*microblaze*#0" && bscan=="USER2" }
loadhw -hw C:/Users/tejasvissapragada/Documents/GitHub/cs153a/vitis/lab3b_vitis/lab3a_platform/export/lab3a_platform/hw/design_1_wrapper.xsa -regs
configparams mdm-detect-bscan-mask 2
targets -set -nocase -filter {name =~ "*microblaze*#0" && bscan=="USER2" }
rst -system
after 3000
targets -set -nocase -filter {name =~ "*microblaze*#0" && bscan=="USER2" }
dow C:/Users/tejasvissapragada/Documents/GitHub/cs153a/vitis/lab3b_vitis/lab3a_application/Debug/lab3a_application.elf
----------------End of Script----------------

17:18:23 INFO  : Context for processor 'microblaze_0' is selected.
17:18:23 INFO  : 'con' command is executed.
17:18:23 INFO  : ----------------XSDB Script (After Launch)----------------
targets -set -nocase -filter {name =~ "*microblaze*#0" && bscan=="USER2" }
con
----------------End of Script----------------

17:18:23 INFO  : Launch script is exported to file 'C:\Users\tejasvissapragada\Documents\GitHub\cs153a\vitis\lab3b_vitis\lab3a_system\_ide\scripts\debugger_lab3a_application-default.tcl'
17:42:35 INFO  : Checking for BSP changes to sync application flags for project 'lab3a_application'...
17:42:40 INFO  : Disconnected from the channel tcfchan#25.
17:42:41 INFO  : Connected to target on host '127.0.0.1' and port '3121'.
17:42:42 INFO  : Jtag cable 'Digilent Nexys A7 -100T 210292BCFA48A' is selected.
17:42:42 INFO  : 'jtag frequency' command is executed.
17:42:42 INFO  : 'targets -set -filter {jtag_cable_name =~ "Digilent Nexys A7 -100T 210292BCFA48A" && level==0 && jtag_device_ctx=="jsn-Nexys A7 -100T-210292BCFA48A-13631093-0"}' command is executed.
17:42:44 INFO  : Device configured successfully with "C:/Users/tejasvissapragada/Documents/GitHub/cs153a/vitis/lab3b_vitis/lab3a_application/_ide/bitstream/design_1_wrapper.bit"
17:42:44 INFO  : Context for processor 'microblaze_0' is selected.
17:42:44 INFO  : Hardware design and registers information is loaded from 'C:/Users/tejasvissapragada/Documents/GitHub/cs153a/vitis/lab3b_vitis/lab3a_platform/export/lab3a_platform/hw/design_1_wrapper.xsa'.
17:42:44 INFO  : 'configparams mdm-detect-bscan-mask 2' command is executed.
17:42:44 INFO  : Context for processor 'microblaze_0' is selected.
17:42:44 INFO  : System reset is completed.
17:42:47 INFO  : 'after 3000' command is executed.
17:42:47 INFO  : Context for processor 'microblaze_0' is selected.
17:42:47 INFO  : The application 'C:/Users/tejasvissapragada/Documents/GitHub/cs153a/vitis/lab3b_vitis/lab3a_application/Debug/lab3a_application.elf' is downloaded to processor 'microblaze_0'.
17:42:47 INFO  : ----------------XSDB Script----------------
connect -url tcp:127.0.0.1:3121
targets -set -filter {jtag_cable_name =~ "Digilent Nexys A7 -100T 210292BCFA48A" && level==0 && jtag_device_ctx=="jsn-Nexys A7 -100T-210292BCFA48A-13631093-0"}
fpga -file C:/Users/tejasvissapragada/Documents/GitHub/cs153a/vitis/lab3b_vitis/lab3a_application/_ide/bitstream/design_1_wrapper.bit
targets -set -nocase -filter {name =~ "*microblaze*#0" && bscan=="USER2" }
loadhw -hw C:/Users/tejasvissapragada/Documents/GitHub/cs153a/vitis/lab3b_vitis/lab3a_platform/export/lab3a_platform/hw/design_1_wrapper.xsa -regs
configparams mdm-detect-bscan-mask 2
targets -set -nocase -filter {name =~ "*microblaze*#0" && bscan=="USER2" }
rst -system
after 3000
targets -set -nocase -filter {name =~ "*microblaze*#0" && bscan=="USER2" }
dow C:/Users/tejasvissapragada/Documents/GitHub/cs153a/vitis/lab3b_vitis/lab3a_application/Debug/lab3a_application.elf
----------------End of Script----------------

17:42:47 INFO  : Context for processor 'microblaze_0' is selected.
17:42:47 INFO  : 'con' command is executed.
17:42:47 INFO  : ----------------XSDB Script (After Launch)----------------
targets -set -nocase -filter {name =~ "*microblaze*#0" && bscan=="USER2" }
con
----------------End of Script----------------

17:42:47 INFO  : Launch script is exported to file 'C:\Users\tejasvissapragada\Documents\GitHub\cs153a\vitis\lab3b_vitis\lab3a_system\_ide\scripts\debugger_lab3a_application-default.tcl'
17:51:51 INFO  : Checking for BSP changes to sync application flags for project 'lab3a_application'...
17:51:54 INFO  : Disconnected from the channel tcfchan#26.
17:51:55 INFO  : Connected to target on host '127.0.0.1' and port '3121'.
17:51:55 INFO  : Jtag cable 'Digilent Nexys A7 -100T 210292BCFA48A' is selected.
17:51:55 INFO  : 'jtag frequency' command is executed.
17:51:55 INFO  : 'targets -set -filter {jtag_cable_name =~ "Digilent Nexys A7 -100T 210292BCFA48A" && level==0 && jtag_device_ctx=="jsn-Nexys A7 -100T-210292BCFA48A-13631093-0"}' command is executed.
17:51:58 INFO  : Device configured successfully with "C:/Users/tejasvissapragada/Documents/GitHub/cs153a/vitis/lab3b_vitis/lab3a_application/_ide/bitstream/design_1_wrapper.bit"
17:51:58 INFO  : Context for processor 'microblaze_0' is selected.
17:51:58 INFO  : Hardware design and registers information is loaded from 'C:/Users/tejasvissapragada/Documents/GitHub/cs153a/vitis/lab3b_vitis/lab3a_platform/export/lab3a_platform/hw/design_1_wrapper.xsa'.
17:51:58 INFO  : 'configparams mdm-detect-bscan-mask 2' command is executed.
17:51:58 INFO  : Context for processor 'microblaze_0' is selected.
17:51:58 INFO  : System reset is completed.
17:52:01 INFO  : 'after 3000' command is executed.
17:52:01 INFO  : Context for processor 'microblaze_0' is selected.
17:52:01 INFO  : The application 'C:/Users/tejasvissapragada/Documents/GitHub/cs153a/vitis/lab3b_vitis/lab3a_application/Debug/lab3a_application.elf' is downloaded to processor 'microblaze_0'.
17:52:01 INFO  : ----------------XSDB Script----------------
connect -url tcp:127.0.0.1:3121
targets -set -filter {jtag_cable_name =~ "Digilent Nexys A7 -100T 210292BCFA48A" && level==0 && jtag_device_ctx=="jsn-Nexys A7 -100T-210292BCFA48A-13631093-0"}
fpga -file C:/Users/tejasvissapragada/Documents/GitHub/cs153a/vitis/lab3b_vitis/lab3a_application/_ide/bitstream/design_1_wrapper.bit
targets -set -nocase -filter {name =~ "*microblaze*#0" && bscan=="USER2" }
loadhw -hw C:/Users/tejasvissapragada/Documents/GitHub/cs153a/vitis/lab3b_vitis/lab3a_platform/export/lab3a_platform/hw/design_1_wrapper.xsa -regs
configparams mdm-detect-bscan-mask 2
targets -set -nocase -filter {name =~ "*microblaze*#0" && bscan=="USER2" }
rst -system
after 3000
targets -set -nocase -filter {name =~ "*microblaze*#0" && bscan=="USER2" }
dow C:/Users/tejasvissapragada/Documents/GitHub/cs153a/vitis/lab3b_vitis/lab3a_application/Debug/lab3a_application.elf
----------------End of Script----------------

17:52:01 INFO  : Context for processor 'microblaze_0' is selected.
17:52:01 INFO  : 'con' command is executed.
17:52:01 INFO  : ----------------XSDB Script (After Launch)----------------
targets -set -nocase -filter {name =~ "*microblaze*#0" && bscan=="USER2" }
con
----------------End of Script----------------

17:52:01 INFO  : Launch script is exported to file 'C:\Users\tejasvissapragada\Documents\GitHub\cs153a\vitis\lab3b_vitis\lab3a_system\_ide\scripts\debugger_lab3a_application-default.tcl'
17:52:04 INFO  : Disconnected from the channel tcfchan#27.
17:52:05 INFO  : Connected to target on host '127.0.0.1' and port '3121'.
17:52:05 INFO  : Jtag cable 'Digilent Nexys A7 -100T 210292BCFA48A' is selected.
17:52:05 INFO  : 'jtag frequency' command is executed.
17:52:05 INFO  : 'targets -set -filter {jtag_cable_name =~ "Digilent Nexys A7 -100T 210292BCFA48A" && level==0 && jtag_device_ctx=="jsn-Nexys A7 -100T-210292BCFA48A-13631093-0"}' command is executed.
17:52:07 INFO  : Device configured successfully with "C:/Users/tejasvissapragada/Documents/GitHub/cs153a/vitis/lab3b_vitis/lab3a_application/_ide/bitstream/design_1_wrapper.bit"
17:52:07 INFO  : Context for processor 'microblaze_0' is selected.
17:52:07 INFO  : Hardware design and registers information is loaded from 'C:/Users/tejasvissapragada/Documents/GitHub/cs153a/vitis/lab3b_vitis/lab3a_platform/export/lab3a_platform/hw/design_1_wrapper.xsa'.
17:52:07 INFO  : 'configparams mdm-detect-bscan-mask 2' command is executed.
17:52:07 INFO  : Context for processor 'microblaze_0' is selected.
17:52:07 INFO  : System reset is completed.
17:52:10 INFO  : 'after 3000' command is executed.
17:52:10 INFO  : Context for processor 'microblaze_0' is selected.
17:52:11 INFO  : The application 'C:/Users/tejasvissapragada/Documents/GitHub/cs153a/vitis/lab3b_vitis/lab3a_application/Debug/lab3a_application.elf' is downloaded to processor 'microblaze_0'.
17:52:11 INFO  : ----------------XSDB Script----------------
connect -url tcp:127.0.0.1:3121
targets -set -filter {jtag_cable_name =~ "Digilent Nexys A7 -100T 210292BCFA48A" && level==0 && jtag_device_ctx=="jsn-Nexys A7 -100T-210292BCFA48A-13631093-0"}
fpga -file C:/Users/tejasvissapragada/Documents/GitHub/cs153a/vitis/lab3b_vitis/lab3a_application/_ide/bitstream/design_1_wrapper.bit
targets -set -nocase -filter {name =~ "*microblaze*#0" && bscan=="USER2" }
loadhw -hw C:/Users/tejasvissapragada/Documents/GitHub/cs153a/vitis/lab3b_vitis/lab3a_platform/export/lab3a_platform/hw/design_1_wrapper.xsa -regs
configparams mdm-detect-bscan-mask 2
targets -set -nocase -filter {name =~ "*microblaze*#0" && bscan=="USER2" }
rst -system
after 3000
targets -set -nocase -filter {name =~ "*microblaze*#0" && bscan=="USER2" }
dow C:/Users/tejasvissapragada/Documents/GitHub/cs153a/vitis/lab3b_vitis/lab3a_application/Debug/lab3a_application.elf
----------------End of Script----------------

17:52:11 INFO  : Context for processor 'microblaze_0' is selected.
17:52:11 INFO  : 'con' command is executed.
17:52:11 INFO  : ----------------XSDB Script (After Launch)----------------
targets -set -nocase -filter {name =~ "*microblaze*#0" && bscan=="USER2" }
con
----------------End of Script----------------

17:52:11 INFO  : Launch script is exported to file 'C:\Users\tejasvissapragada\Documents\GitHub\cs153a\vitis\lab3b_vitis\lab3a_system\_ide\scripts\debugger_lab3a_application-default.tcl'
17:52:53 INFO  : Checking for BSP changes to sync application flags for project 'lab3a_application'...
17:53:02 INFO  : Disconnected from the channel tcfchan#28.
17:53:03 INFO  : Connected to target on host '127.0.0.1' and port '3121'.
17:53:03 INFO  : Jtag cable 'Digilent Nexys A7 -100T 210292BCFA48A' is selected.
17:53:03 INFO  : 'jtag frequency' command is executed.
17:53:03 INFO  : 'targets -set -filter {jtag_cable_name =~ "Digilent Nexys A7 -100T 210292BCFA48A" && level==0 && jtag_device_ctx=="jsn-Nexys A7 -100T-210292BCFA48A-13631093-0"}' command is executed.
17:53:05 INFO  : Device configured successfully with "C:/Users/tejasvissapragada/Documents/GitHub/cs153a/vitis/lab3b_vitis/lab3a_application/_ide/bitstream/design_1_wrapper.bit"
17:53:05 INFO  : Context for processor 'microblaze_0' is selected.
17:53:05 INFO  : Hardware design and registers information is loaded from 'C:/Users/tejasvissapragada/Documents/GitHub/cs153a/vitis/lab3b_vitis/lab3a_platform/export/lab3a_platform/hw/design_1_wrapper.xsa'.
17:53:05 INFO  : 'configparams mdm-detect-bscan-mask 2' command is executed.
17:53:05 INFO  : Context for processor 'microblaze_0' is selected.
17:53:05 INFO  : System reset is completed.
17:53:08 INFO  : 'after 3000' command is executed.
17:53:08 INFO  : Context for processor 'microblaze_0' is selected.
17:53:09 INFO  : The application 'C:/Users/tejasvissapragada/Documents/GitHub/cs153a/vitis/lab3b_vitis/lab3a_application/Debug/lab3a_application.elf' is downloaded to processor 'microblaze_0'.
17:53:09 INFO  : ----------------XSDB Script----------------
connect -url tcp:127.0.0.1:3121
targets -set -filter {jtag_cable_name =~ "Digilent Nexys A7 -100T 210292BCFA48A" && level==0 && jtag_device_ctx=="jsn-Nexys A7 -100T-210292BCFA48A-13631093-0"}
fpga -file C:/Users/tejasvissapragada/Documents/GitHub/cs153a/vitis/lab3b_vitis/lab3a_application/_ide/bitstream/design_1_wrapper.bit
targets -set -nocase -filter {name =~ "*microblaze*#0" && bscan=="USER2" }
loadhw -hw C:/Users/tejasvissapragada/Documents/GitHub/cs153a/vitis/lab3b_vitis/lab3a_platform/export/lab3a_platform/hw/design_1_wrapper.xsa -regs
configparams mdm-detect-bscan-mask 2
targets -set -nocase -filter {name =~ "*microblaze*#0" && bscan=="USER2" }
rst -system
after 3000
targets -set -nocase -filter {name =~ "*microblaze*#0" && bscan=="USER2" }
dow C:/Users/tejasvissapragada/Documents/GitHub/cs153a/vitis/lab3b_vitis/lab3a_application/Debug/lab3a_application.elf
----------------End of Script----------------

17:53:09 INFO  : Context for processor 'microblaze_0' is selected.
17:53:09 INFO  : 'con' command is executed.
17:53:09 INFO  : ----------------XSDB Script (After Launch)----------------
targets -set -nocase -filter {name =~ "*microblaze*#0" && bscan=="USER2" }
con
----------------End of Script----------------

17:53:09 INFO  : Launch script is exported to file 'C:\Users\tejasvissapragada\Documents\GitHub\cs153a\vitis\lab3b_vitis\lab3a_system\_ide\scripts\debugger_lab3a_application-default.tcl'
17:54:51 INFO  : Checking for BSP changes to sync application flags for project 'lab3a_application'...
17:54:54 INFO  : Disconnected from the channel tcfchan#29.
17:54:55 INFO  : Connected to target on host '127.0.0.1' and port '3121'.
17:54:55 INFO  : Jtag cable 'Digilent Nexys A7 -100T 210292BCFA48A' is selected.
17:54:55 INFO  : 'jtag frequency' command is executed.
17:54:55 INFO  : 'targets -set -filter {jtag_cable_name =~ "Digilent Nexys A7 -100T 210292BCFA48A" && level==0 && jtag_device_ctx=="jsn-Nexys A7 -100T-210292BCFA48A-13631093-0"}' command is executed.
17:54:58 INFO  : Device configured successfully with "C:/Users/tejasvissapragada/Documents/GitHub/cs153a/vitis/lab3b_vitis/lab3a_application/_ide/bitstream/design_1_wrapper.bit"
17:54:58 INFO  : Context for processor 'microblaze_0' is selected.
17:54:58 INFO  : Hardware design and registers information is loaded from 'C:/Users/tejasvissapragada/Documents/GitHub/cs153a/vitis/lab3b_vitis/lab3a_platform/export/lab3a_platform/hw/design_1_wrapper.xsa'.
17:54:58 INFO  : 'configparams mdm-detect-bscan-mask 2' command is executed.
17:54:58 INFO  : Context for processor 'microblaze_0' is selected.
17:54:58 INFO  : System reset is completed.
17:55:01 INFO  : 'after 3000' command is executed.
17:55:01 INFO  : Context for processor 'microblaze_0' is selected.
17:55:01 INFO  : The application 'C:/Users/tejasvissapragada/Documents/GitHub/cs153a/vitis/lab3b_vitis/lab3a_application/Debug/lab3a_application.elf' is downloaded to processor 'microblaze_0'.
17:55:01 INFO  : ----------------XSDB Script----------------
connect -url tcp:127.0.0.1:3121
targets -set -filter {jtag_cable_name =~ "Digilent Nexys A7 -100T 210292BCFA48A" && level==0 && jtag_device_ctx=="jsn-Nexys A7 -100T-210292BCFA48A-13631093-0"}
fpga -file C:/Users/tejasvissapragada/Documents/GitHub/cs153a/vitis/lab3b_vitis/lab3a_application/_ide/bitstream/design_1_wrapper.bit
targets -set -nocase -filter {name =~ "*microblaze*#0" && bscan=="USER2" }
loadhw -hw C:/Users/tejasvissapragada/Documents/GitHub/cs153a/vitis/lab3b_vitis/lab3a_platform/export/lab3a_platform/hw/design_1_wrapper.xsa -regs
configparams mdm-detect-bscan-mask 2
targets -set -nocase -filter {name =~ "*microblaze*#0" && bscan=="USER2" }
rst -system
after 3000
targets -set -nocase -filter {name =~ "*microblaze*#0" && bscan=="USER2" }
dow C:/Users/tejasvissapragada/Documents/GitHub/cs153a/vitis/lab3b_vitis/lab3a_application/Debug/lab3a_application.elf
----------------End of Script----------------

17:55:01 INFO  : Context for processor 'microblaze_0' is selected.
17:55:01 INFO  : 'con' command is executed.
17:55:01 INFO  : ----------------XSDB Script (After Launch)----------------
targets -set -nocase -filter {name =~ "*microblaze*#0" && bscan=="USER2" }
con
----------------End of Script----------------

17:55:01 INFO  : Launch script is exported to file 'C:\Users\tejasvissapragada\Documents\GitHub\cs153a\vitis\lab3b_vitis\lab3a_system\_ide\scripts\debugger_lab3a_application-default.tcl'
17:56:27 INFO  : Checking for BSP changes to sync application flags for project 'lab3a_application'...
17:56:32 INFO  : Disconnected from the channel tcfchan#30.
17:56:33 INFO  : Connected to target on host '127.0.0.1' and port '3121'.
17:56:34 INFO  : Jtag cable 'Digilent Nexys A7 -100T 210292BCFA48A' is selected.
17:56:34 INFO  : 'jtag frequency' command is executed.
17:56:34 INFO  : 'targets -set -filter {jtag_cable_name =~ "Digilent Nexys A7 -100T 210292BCFA48A" && level==0 && jtag_device_ctx=="jsn-Nexys A7 -100T-210292BCFA48A-13631093-0"}' command is executed.
17:56:36 INFO  : Device configured successfully with "C:/Users/tejasvissapragada/Documents/GitHub/cs153a/vitis/lab3b_vitis/lab3a_application/_ide/bitstream/design_1_wrapper.bit"
17:56:36 INFO  : Context for processor 'microblaze_0' is selected.
17:56:36 INFO  : Hardware design and registers information is loaded from 'C:/Users/tejasvissapragada/Documents/GitHub/cs153a/vitis/lab3b_vitis/lab3a_platform/export/lab3a_platform/hw/design_1_wrapper.xsa'.
17:56:36 INFO  : 'configparams mdm-detect-bscan-mask 2' command is executed.
17:56:36 INFO  : Context for processor 'microblaze_0' is selected.
17:56:36 INFO  : System reset is completed.
17:56:39 INFO  : 'after 3000' command is executed.
17:56:39 INFO  : Context for processor 'microblaze_0' is selected.
17:56:39 INFO  : The application 'C:/Users/tejasvissapragada/Documents/GitHub/cs153a/vitis/lab3b_vitis/lab3a_application/Debug/lab3a_application.elf' is downloaded to processor 'microblaze_0'.
17:56:39 INFO  : ----------------XSDB Script----------------
connect -url tcp:127.0.0.1:3121
targets -set -filter {jtag_cable_name =~ "Digilent Nexys A7 -100T 210292BCFA48A" && level==0 && jtag_device_ctx=="jsn-Nexys A7 -100T-210292BCFA48A-13631093-0"}
fpga -file C:/Users/tejasvissapragada/Documents/GitHub/cs153a/vitis/lab3b_vitis/lab3a_application/_ide/bitstream/design_1_wrapper.bit
targets -set -nocase -filter {name =~ "*microblaze*#0" && bscan=="USER2" }
loadhw -hw C:/Users/tejasvissapragada/Documents/GitHub/cs153a/vitis/lab3b_vitis/lab3a_platform/export/lab3a_platform/hw/design_1_wrapper.xsa -regs
configparams mdm-detect-bscan-mask 2
targets -set -nocase -filter {name =~ "*microblaze*#0" && bscan=="USER2" }
rst -system
after 3000
targets -set -nocase -filter {name =~ "*microblaze*#0" && bscan=="USER2" }
dow C:/Users/tejasvissapragada/Documents/GitHub/cs153a/vitis/lab3b_vitis/lab3a_application/Debug/lab3a_application.elf
----------------End of Script----------------

17:56:39 INFO  : Context for processor 'microblaze_0' is selected.
17:56:39 INFO  : 'con' command is executed.
17:56:39 INFO  : ----------------XSDB Script (After Launch)----------------
targets -set -nocase -filter {name =~ "*microblaze*#0" && bscan=="USER2" }
con
----------------End of Script----------------

17:56:39 INFO  : Launch script is exported to file 'C:\Users\tejasvissapragada\Documents\GitHub\cs153a\vitis\lab3b_vitis\lab3a_system\_ide\scripts\debugger_lab3a_application-default.tcl'
17:57:36 INFO  : Checking for BSP changes to sync application flags for project 'lab3a_application'...
17:57:39 INFO  : Disconnected from the channel tcfchan#31.
17:57:40 INFO  : Connected to target on host '127.0.0.1' and port '3121'.
17:57:40 INFO  : Jtag cable 'Digilent Nexys A7 -100T 210292BCFA48A' is selected.
17:57:40 INFO  : 'jtag frequency' command is executed.
17:57:40 INFO  : 'targets -set -filter {jtag_cable_name =~ "Digilent Nexys A7 -100T 210292BCFA48A" && level==0 && jtag_device_ctx=="jsn-Nexys A7 -100T-210292BCFA48A-13631093-0"}' command is executed.
17:57:42 INFO  : Device configured successfully with "C:/Users/tejasvissapragada/Documents/GitHub/cs153a/vitis/lab3b_vitis/lab3a_application/_ide/bitstream/design_1_wrapper.bit"
17:57:42 INFO  : Context for processor 'microblaze_0' is selected.
17:57:42 INFO  : Hardware design and registers information is loaded from 'C:/Users/tejasvissapragada/Documents/GitHub/cs153a/vitis/lab3b_vitis/lab3a_platform/export/lab3a_platform/hw/design_1_wrapper.xsa'.
17:57:42 INFO  : 'configparams mdm-detect-bscan-mask 2' command is executed.
17:57:42 INFO  : Context for processor 'microblaze_0' is selected.
17:57:42 INFO  : System reset is completed.
17:57:45 INFO  : 'after 3000' command is executed.
17:57:45 INFO  : Context for processor 'microblaze_0' is selected.
17:57:46 INFO  : The application 'C:/Users/tejasvissapragada/Documents/GitHub/cs153a/vitis/lab3b_vitis/lab3a_application/Debug/lab3a_application.elf' is downloaded to processor 'microblaze_0'.
17:57:46 INFO  : ----------------XSDB Script----------------
connect -url tcp:127.0.0.1:3121
targets -set -filter {jtag_cable_name =~ "Digilent Nexys A7 -100T 210292BCFA48A" && level==0 && jtag_device_ctx=="jsn-Nexys A7 -100T-210292BCFA48A-13631093-0"}
fpga -file C:/Users/tejasvissapragada/Documents/GitHub/cs153a/vitis/lab3b_vitis/lab3a_application/_ide/bitstream/design_1_wrapper.bit
targets -set -nocase -filter {name =~ "*microblaze*#0" && bscan=="USER2" }
loadhw -hw C:/Users/tejasvissapragada/Documents/GitHub/cs153a/vitis/lab3b_vitis/lab3a_platform/export/lab3a_platform/hw/design_1_wrapper.xsa -regs
configparams mdm-detect-bscan-mask 2
targets -set -nocase -filter {name =~ "*microblaze*#0" && bscan=="USER2" }
rst -system
after 3000
targets -set -nocase -filter {name =~ "*microblaze*#0" && bscan=="USER2" }
dow C:/Users/tejasvissapragada/Documents/GitHub/cs153a/vitis/lab3b_vitis/lab3a_application/Debug/lab3a_application.elf
----------------End of Script----------------

17:57:46 INFO  : Context for processor 'microblaze_0' is selected.
17:57:46 INFO  : 'con' command is executed.
17:57:46 INFO  : ----------------XSDB Script (After Launch)----------------
targets -set -nocase -filter {name =~ "*microblaze*#0" && bscan=="USER2" }
con
----------------End of Script----------------

17:57:46 INFO  : Launch script is exported to file 'C:\Users\tejasvissapragada\Documents\GitHub\cs153a\vitis\lab3b_vitis\lab3a_system\_ide\scripts\debugger_lab3a_application-default.tcl'
17:58:07 INFO  : Checking for BSP changes to sync application flags for project 'lab3a_application'...
17:58:11 INFO  : Disconnected from the channel tcfchan#32.
17:58:12 INFO  : Connected to target on host '127.0.0.1' and port '3121'.
17:58:12 INFO  : Jtag cable 'Digilent Nexys A7 -100T 210292BCFA48A' is selected.
17:58:12 INFO  : 'jtag frequency' command is executed.
17:58:12 INFO  : 'targets -set -filter {jtag_cable_name =~ "Digilent Nexys A7 -100T 210292BCFA48A" && level==0 && jtag_device_ctx=="jsn-Nexys A7 -100T-210292BCFA48A-13631093-0"}' command is executed.
17:58:14 INFO  : Device configured successfully with "C:/Users/tejasvissapragada/Documents/GitHub/cs153a/vitis/lab3b_vitis/lab3a_application/_ide/bitstream/design_1_wrapper.bit"
17:58:14 INFO  : Context for processor 'microblaze_0' is selected.
17:58:14 INFO  : Hardware design and registers information is loaded from 'C:/Users/tejasvissapragada/Documents/GitHub/cs153a/vitis/lab3b_vitis/lab3a_platform/export/lab3a_platform/hw/design_1_wrapper.xsa'.
17:58:14 INFO  : 'configparams mdm-detect-bscan-mask 2' command is executed.
17:58:14 INFO  : Context for processor 'microblaze_0' is selected.
17:58:14 INFO  : System reset is completed.
17:58:17 INFO  : 'after 3000' command is executed.
17:58:17 INFO  : Context for processor 'microblaze_0' is selected.
17:58:18 INFO  : The application 'C:/Users/tejasvissapragada/Documents/GitHub/cs153a/vitis/lab3b_vitis/lab3a_application/Debug/lab3a_application.elf' is downloaded to processor 'microblaze_0'.
17:58:18 INFO  : ----------------XSDB Script----------------
connect -url tcp:127.0.0.1:3121
targets -set -filter {jtag_cable_name =~ "Digilent Nexys A7 -100T 210292BCFA48A" && level==0 && jtag_device_ctx=="jsn-Nexys A7 -100T-210292BCFA48A-13631093-0"}
fpga -file C:/Users/tejasvissapragada/Documents/GitHub/cs153a/vitis/lab3b_vitis/lab3a_application/_ide/bitstream/design_1_wrapper.bit
targets -set -nocase -filter {name =~ "*microblaze*#0" && bscan=="USER2" }
loadhw -hw C:/Users/tejasvissapragada/Documents/GitHub/cs153a/vitis/lab3b_vitis/lab3a_platform/export/lab3a_platform/hw/design_1_wrapper.xsa -regs
configparams mdm-detect-bscan-mask 2
targets -set -nocase -filter {name =~ "*microblaze*#0" && bscan=="USER2" }
rst -system
after 3000
targets -set -nocase -filter {name =~ "*microblaze*#0" && bscan=="USER2" }
dow C:/Users/tejasvissapragada/Documents/GitHub/cs153a/vitis/lab3b_vitis/lab3a_application/Debug/lab3a_application.elf
----------------End of Script----------------

17:58:18 INFO  : Context for processor 'microblaze_0' is selected.
17:58:18 INFO  : 'con' command is executed.
17:58:18 INFO  : ----------------XSDB Script (After Launch)----------------
targets -set -nocase -filter {name =~ "*microblaze*#0" && bscan=="USER2" }
con
----------------End of Script----------------

17:58:18 INFO  : Launch script is exported to file 'C:\Users\tejasvissapragada\Documents\GitHub\cs153a\vitis\lab3b_vitis\lab3a_system\_ide\scripts\debugger_lab3a_application-default.tcl'
18:00:16 INFO  : Checking for BSP changes to sync application flags for project 'lab3a_application'...
18:00:19 INFO  : Disconnected from the channel tcfchan#33.
18:00:20 INFO  : Connected to target on host '127.0.0.1' and port '3121'.
18:00:21 INFO  : Jtag cable 'Digilent Nexys A7 -100T 210292BCFA48A' is selected.
18:00:21 INFO  : 'jtag frequency' command is executed.
18:00:21 INFO  : 'targets -set -filter {jtag_cable_name =~ "Digilent Nexys A7 -100T 210292BCFA48A" && level==0 && jtag_device_ctx=="jsn-Nexys A7 -100T-210292BCFA48A-13631093-0"}' command is executed.
18:00:23 INFO  : Device configured successfully with "C:/Users/tejasvissapragada/Documents/GitHub/cs153a/vitis/lab3b_vitis/lab3a_application/_ide/bitstream/design_1_wrapper.bit"
18:00:23 INFO  : Context for processor 'microblaze_0' is selected.
18:00:23 INFO  : Hardware design and registers information is loaded from 'C:/Users/tejasvissapragada/Documents/GitHub/cs153a/vitis/lab3b_vitis/lab3a_platform/export/lab3a_platform/hw/design_1_wrapper.xsa'.
18:00:23 INFO  : 'configparams mdm-detect-bscan-mask 2' command is executed.
18:00:23 INFO  : Context for processor 'microblaze_0' is selected.
18:00:23 INFO  : System reset is completed.
18:00:26 INFO  : 'after 3000' command is executed.
18:00:26 INFO  : Context for processor 'microblaze_0' is selected.
18:00:26 INFO  : The application 'C:/Users/tejasvissapragada/Documents/GitHub/cs153a/vitis/lab3b_vitis/lab3a_application/Debug/lab3a_application.elf' is downloaded to processor 'microblaze_0'.
18:00:26 INFO  : ----------------XSDB Script----------------
connect -url tcp:127.0.0.1:3121
targets -set -filter {jtag_cable_name =~ "Digilent Nexys A7 -100T 210292BCFA48A" && level==0 && jtag_device_ctx=="jsn-Nexys A7 -100T-210292BCFA48A-13631093-0"}
fpga -file C:/Users/tejasvissapragada/Documents/GitHub/cs153a/vitis/lab3b_vitis/lab3a_application/_ide/bitstream/design_1_wrapper.bit
targets -set -nocase -filter {name =~ "*microblaze*#0" && bscan=="USER2" }
loadhw -hw C:/Users/tejasvissapragada/Documents/GitHub/cs153a/vitis/lab3b_vitis/lab3a_platform/export/lab3a_platform/hw/design_1_wrapper.xsa -regs
configparams mdm-detect-bscan-mask 2
targets -set -nocase -filter {name =~ "*microblaze*#0" && bscan=="USER2" }
rst -system
after 3000
targets -set -nocase -filter {name =~ "*microblaze*#0" && bscan=="USER2" }
dow C:/Users/tejasvissapragada/Documents/GitHub/cs153a/vitis/lab3b_vitis/lab3a_application/Debug/lab3a_application.elf
----------------End of Script----------------

18:00:26 INFO  : Context for processor 'microblaze_0' is selected.
18:00:26 INFO  : 'con' command is executed.
18:00:26 INFO  : ----------------XSDB Script (After Launch)----------------
targets -set -nocase -filter {name =~ "*microblaze*#0" && bscan=="USER2" }
con
----------------End of Script----------------

18:00:26 INFO  : Launch script is exported to file 'C:\Users\tejasvissapragada\Documents\GitHub\cs153a\vitis\lab3b_vitis\lab3a_system\_ide\scripts\debugger_lab3a_application-default.tcl'
18:00:34 INFO  : Disconnected from the channel tcfchan#34.
18:00:35 INFO  : Connected to target on host '127.0.0.1' and port '3121'.
18:00:35 INFO  : Jtag cable 'Digilent Nexys A7 -100T 210292BCFA48A' is selected.
18:00:35 INFO  : 'jtag frequency' command is executed.
18:00:35 INFO  : 'targets -set -filter {jtag_cable_name =~ "Digilent Nexys A7 -100T 210292BCFA48A" && level==0 && jtag_device_ctx=="jsn-Nexys A7 -100T-210292BCFA48A-13631093-0"}' command is executed.
18:00:38 INFO  : Device configured successfully with "C:/Users/tejasvissapragada/Documents/GitHub/cs153a/vitis/lab3b_vitis/lab3a_application/_ide/bitstream/design_1_wrapper.bit"
18:00:38 INFO  : Context for processor 'microblaze_0' is selected.
18:00:38 INFO  : Hardware design and registers information is loaded from 'C:/Users/tejasvissapragada/Documents/GitHub/cs153a/vitis/lab3b_vitis/lab3a_platform/export/lab3a_platform/hw/design_1_wrapper.xsa'.
18:00:38 INFO  : 'configparams mdm-detect-bscan-mask 2' command is executed.
18:00:38 INFO  : Context for processor 'microblaze_0' is selected.
18:00:38 INFO  : System reset is completed.
18:00:41 INFO  : 'after 3000' command is executed.
18:00:41 INFO  : Context for processor 'microblaze_0' is selected.
18:00:41 INFO  : The application 'C:/Users/tejasvissapragada/Documents/GitHub/cs153a/vitis/lab3b_vitis/lab3a_application/Debug/lab3a_application.elf' is downloaded to processor 'microblaze_0'.
18:00:41 INFO  : ----------------XSDB Script----------------
connect -url tcp:127.0.0.1:3121
targets -set -filter {jtag_cable_name =~ "Digilent Nexys A7 -100T 210292BCFA48A" && level==0 && jtag_device_ctx=="jsn-Nexys A7 -100T-210292BCFA48A-13631093-0"}
fpga -file C:/Users/tejasvissapragada/Documents/GitHub/cs153a/vitis/lab3b_vitis/lab3a_application/_ide/bitstream/design_1_wrapper.bit
targets -set -nocase -filter {name =~ "*microblaze*#0" && bscan=="USER2" }
loadhw -hw C:/Users/tejasvissapragada/Documents/GitHub/cs153a/vitis/lab3b_vitis/lab3a_platform/export/lab3a_platform/hw/design_1_wrapper.xsa -regs
configparams mdm-detect-bscan-mask 2
targets -set -nocase -filter {name =~ "*microblaze*#0" && bscan=="USER2" }
rst -system
after 3000
targets -set -nocase -filter {name =~ "*microblaze*#0" && bscan=="USER2" }
dow C:/Users/tejasvissapragada/Documents/GitHub/cs153a/vitis/lab3b_vitis/lab3a_application/Debug/lab3a_application.elf
----------------End of Script----------------

18:00:41 INFO  : Context for processor 'microblaze_0' is selected.
18:00:41 INFO  : 'con' command is executed.
18:00:41 INFO  : ----------------XSDB Script (After Launch)----------------
targets -set -nocase -filter {name =~ "*microblaze*#0" && bscan=="USER2" }
con
----------------End of Script----------------

18:00:41 INFO  : Launch script is exported to file 'C:\Users\tejasvissapragada\Documents\GitHub\cs153a\vitis\lab3b_vitis\lab3a_system\_ide\scripts\debugger_lab3a_application-default.tcl'
18:05:08 INFO  : Checking for BSP changes to sync application flags for project 'lab3a_application'...
18:05:12 INFO  : Disconnected from the channel tcfchan#35.
18:05:13 INFO  : Connected to target on host '127.0.0.1' and port '3121'.
18:05:13 INFO  : Jtag cable 'Digilent Nexys A7 -100T 210292BCFA48A' is selected.
18:05:13 INFO  : 'jtag frequency' command is executed.
18:05:13 INFO  : 'targets -set -filter {jtag_cable_name =~ "Digilent Nexys A7 -100T 210292BCFA48A" && level==0 && jtag_device_ctx=="jsn-Nexys A7 -100T-210292BCFA48A-13631093-0"}' command is executed.
18:05:16 INFO  : Device configured successfully with "C:/Users/tejasvissapragada/Documents/GitHub/cs153a/vitis/lab3b_vitis/lab3a_application/_ide/bitstream/design_1_wrapper.bit"
18:05:16 INFO  : Context for processor 'microblaze_0' is selected.
18:05:16 INFO  : Hardware design and registers information is loaded from 'C:/Users/tejasvissapragada/Documents/GitHub/cs153a/vitis/lab3b_vitis/lab3a_platform/export/lab3a_platform/hw/design_1_wrapper.xsa'.
18:05:16 INFO  : 'configparams mdm-detect-bscan-mask 2' command is executed.
18:05:16 INFO  : Context for processor 'microblaze_0' is selected.
18:05:16 INFO  : System reset is completed.
18:05:19 INFO  : 'after 3000' command is executed.
18:05:19 INFO  : Context for processor 'microblaze_0' is selected.
18:05:19 INFO  : The application 'C:/Users/tejasvissapragada/Documents/GitHub/cs153a/vitis/lab3b_vitis/lab3a_application/Debug/lab3a_application.elf' is downloaded to processor 'microblaze_0'.
18:05:19 INFO  : ----------------XSDB Script----------------
connect -url tcp:127.0.0.1:3121
targets -set -filter {jtag_cable_name =~ "Digilent Nexys A7 -100T 210292BCFA48A" && level==0 && jtag_device_ctx=="jsn-Nexys A7 -100T-210292BCFA48A-13631093-0"}
fpga -file C:/Users/tejasvissapragada/Documents/GitHub/cs153a/vitis/lab3b_vitis/lab3a_application/_ide/bitstream/design_1_wrapper.bit
targets -set -nocase -filter {name =~ "*microblaze*#0" && bscan=="USER2" }
loadhw -hw C:/Users/tejasvissapragada/Documents/GitHub/cs153a/vitis/lab3b_vitis/lab3a_platform/export/lab3a_platform/hw/design_1_wrapper.xsa -regs
configparams mdm-detect-bscan-mask 2
targets -set -nocase -filter {name =~ "*microblaze*#0" && bscan=="USER2" }
rst -system
after 3000
targets -set -nocase -filter {name =~ "*microblaze*#0" && bscan=="USER2" }
dow C:/Users/tejasvissapragada/Documents/GitHub/cs153a/vitis/lab3b_vitis/lab3a_application/Debug/lab3a_application.elf
----------------End of Script----------------

18:05:19 INFO  : Context for processor 'microblaze_0' is selected.
18:05:19 INFO  : 'con' command is executed.
18:05:19 INFO  : ----------------XSDB Script (After Launch)----------------
targets -set -nocase -filter {name =~ "*microblaze*#0" && bscan=="USER2" }
con
----------------End of Script----------------

18:05:19 INFO  : Launch script is exported to file 'C:\Users\tejasvissapragada\Documents\GitHub\cs153a\vitis\lab3b_vitis\lab3a_system\_ide\scripts\debugger_lab3a_application-default.tcl'
18:06:55 INFO  : Checking for BSP changes to sync application flags for project 'lab3a_application'...
18:07:02 INFO  : Disconnected from the channel tcfchan#36.
18:07:03 INFO  : Connected to target on host '127.0.0.1' and port '3121'.
18:07:03 INFO  : Jtag cable 'Digilent Nexys A7 -100T 210292BCFA48A' is selected.
18:07:04 INFO  : 'jtag frequency' command is executed.
18:07:04 INFO  : 'targets -set -filter {jtag_cable_name =~ "Digilent Nexys A7 -100T 210292BCFA48A" && level==0 && jtag_device_ctx=="jsn-Nexys A7 -100T-210292BCFA48A-13631093-0"}' command is executed.
18:07:06 INFO  : Device configured successfully with "C:/Users/tejasvissapragada/Documents/GitHub/cs153a/vitis/lab3b_vitis/lab3a_application/_ide/bitstream/design_1_wrapper.bit"
18:07:06 INFO  : Context for processor 'microblaze_0' is selected.
18:07:06 INFO  : Hardware design and registers information is loaded from 'C:/Users/tejasvissapragada/Documents/GitHub/cs153a/vitis/lab3b_vitis/lab3a_platform/export/lab3a_platform/hw/design_1_wrapper.xsa'.
18:07:06 INFO  : 'configparams mdm-detect-bscan-mask 2' command is executed.
18:07:06 INFO  : Context for processor 'microblaze_0' is selected.
18:07:06 INFO  : System reset is completed.
18:07:09 INFO  : 'after 3000' command is executed.
18:07:09 INFO  : Context for processor 'microblaze_0' is selected.
18:07:09 INFO  : The application 'C:/Users/tejasvissapragada/Documents/GitHub/cs153a/vitis/lab3b_vitis/lab3a_application/Debug/lab3a_application.elf' is downloaded to processor 'microblaze_0'.
18:07:09 INFO  : ----------------XSDB Script----------------
connect -url tcp:127.0.0.1:3121
targets -set -filter {jtag_cable_name =~ "Digilent Nexys A7 -100T 210292BCFA48A" && level==0 && jtag_device_ctx=="jsn-Nexys A7 -100T-210292BCFA48A-13631093-0"}
fpga -file C:/Users/tejasvissapragada/Documents/GitHub/cs153a/vitis/lab3b_vitis/lab3a_application/_ide/bitstream/design_1_wrapper.bit
targets -set -nocase -filter {name =~ "*microblaze*#0" && bscan=="USER2" }
loadhw -hw C:/Users/tejasvissapragada/Documents/GitHub/cs153a/vitis/lab3b_vitis/lab3a_platform/export/lab3a_platform/hw/design_1_wrapper.xsa -regs
configparams mdm-detect-bscan-mask 2
targets -set -nocase -filter {name =~ "*microblaze*#0" && bscan=="USER2" }
rst -system
after 3000
targets -set -nocase -filter {name =~ "*microblaze*#0" && bscan=="USER2" }
dow C:/Users/tejasvissapragada/Documents/GitHub/cs153a/vitis/lab3b_vitis/lab3a_application/Debug/lab3a_application.elf
----------------End of Script----------------

18:07:09 INFO  : Context for processor 'microblaze_0' is selected.
18:07:09 INFO  : 'con' command is executed.
18:07:09 INFO  : ----------------XSDB Script (After Launch)----------------
targets -set -nocase -filter {name =~ "*microblaze*#0" && bscan=="USER2" }
con
----------------End of Script----------------

18:07:09 INFO  : Launch script is exported to file 'C:\Users\tejasvissapragada\Documents\GitHub\cs153a\vitis\lab3b_vitis\lab3a_system\_ide\scripts\debugger_lab3a_application-default.tcl'
18:10:47 INFO  : Checking for BSP changes to sync application flags for project 'lab3a_application'...
18:10:59 INFO  : Checking for BSP changes to sync application flags for project 'lab3a_application'...
18:11:07 INFO  : Checking for BSP changes to sync application flags for project 'lab3a_application'...
18:11:09 INFO  : Checking for BSP changes to sync application flags for project 'lab3a_application'...
18:11:12 INFO  : Disconnected from the channel tcfchan#37.
18:11:13 INFO  : Connected to target on host '127.0.0.1' and port '3121'.
18:11:13 INFO  : Jtag cable 'Digilent Nexys A7 -100T 210292BCFA48A' is selected.
18:11:13 INFO  : 'jtag frequency' command is executed.
18:11:13 INFO  : 'targets -set -filter {jtag_cable_name =~ "Digilent Nexys A7 -100T 210292BCFA48A" && level==0 && jtag_device_ctx=="jsn-Nexys A7 -100T-210292BCFA48A-13631093-0"}' command is executed.
18:11:15 INFO  : Device configured successfully with "C:/Users/tejasvissapragada/Documents/GitHub/cs153a/vitis/lab3b_vitis/lab3a_application/_ide/bitstream/design_1_wrapper.bit"
18:11:16 INFO  : Context for processor 'microblaze_0' is selected.
18:11:16 INFO  : Hardware design and registers information is loaded from 'C:/Users/tejasvissapragada/Documents/GitHub/cs153a/vitis/lab3b_vitis/lab3a_platform/export/lab3a_platform/hw/design_1_wrapper.xsa'.
18:11:16 INFO  : 'configparams mdm-detect-bscan-mask 2' command is executed.
18:11:16 INFO  : Context for processor 'microblaze_0' is selected.
18:11:16 INFO  : System reset is completed.
18:11:19 INFO  : 'after 3000' command is executed.
18:11:19 INFO  : Context for processor 'microblaze_0' is selected.
18:11:19 INFO  : The application 'C:/Users/tejasvissapragada/Documents/GitHub/cs153a/vitis/lab3b_vitis/lab3a_application/Debug/lab3a_application.elf' is downloaded to processor 'microblaze_0'.
18:11:19 INFO  : ----------------XSDB Script----------------
connect -url tcp:127.0.0.1:3121
targets -set -filter {jtag_cable_name =~ "Digilent Nexys A7 -100T 210292BCFA48A" && level==0 && jtag_device_ctx=="jsn-Nexys A7 -100T-210292BCFA48A-13631093-0"}
fpga -file C:/Users/tejasvissapragada/Documents/GitHub/cs153a/vitis/lab3b_vitis/lab3a_application/_ide/bitstream/design_1_wrapper.bit
targets -set -nocase -filter {name =~ "*microblaze*#0" && bscan=="USER2" }
loadhw -hw C:/Users/tejasvissapragada/Documents/GitHub/cs153a/vitis/lab3b_vitis/lab3a_platform/export/lab3a_platform/hw/design_1_wrapper.xsa -regs
configparams mdm-detect-bscan-mask 2
targets -set -nocase -filter {name =~ "*microblaze*#0" && bscan=="USER2" }
rst -system
after 3000
targets -set -nocase -filter {name =~ "*microblaze*#0" && bscan=="USER2" }
dow C:/Users/tejasvissapragada/Documents/GitHub/cs153a/vitis/lab3b_vitis/lab3a_application/Debug/lab3a_application.elf
----------------End of Script----------------

18:11:19 INFO  : Context for processor 'microblaze_0' is selected.
18:11:19 INFO  : 'con' command is executed.
18:11:19 INFO  : ----------------XSDB Script (After Launch)----------------
targets -set -nocase -filter {name =~ "*microblaze*#0" && bscan=="USER2" }
con
----------------End of Script----------------

18:11:19 INFO  : Launch script is exported to file 'C:\Users\tejasvissapragada\Documents\GitHub\cs153a\vitis\lab3b_vitis\lab3a_system\_ide\scripts\debugger_lab3a_application-default.tcl'
18:12:11 INFO  : Checking for BSP changes to sync application flags for project 'lab3a_application'...
18:12:14 INFO  : Disconnected from the channel tcfchan#38.
18:12:15 INFO  : Connected to target on host '127.0.0.1' and port '3121'.
18:12:15 INFO  : Jtag cable 'Digilent Nexys A7 -100T 210292BCFA48A' is selected.
18:12:15 INFO  : 'jtag frequency' command is executed.
18:12:15 INFO  : 'targets -set -filter {jtag_cable_name =~ "Digilent Nexys A7 -100T 210292BCFA48A" && level==0 && jtag_device_ctx=="jsn-Nexys A7 -100T-210292BCFA48A-13631093-0"}' command is executed.
18:12:17 INFO  : Device configured successfully with "C:/Users/tejasvissapragada/Documents/GitHub/cs153a/vitis/lab3b_vitis/lab3a_application/_ide/bitstream/design_1_wrapper.bit"
18:12:17 INFO  : Context for processor 'microblaze_0' is selected.
18:12:17 INFO  : Hardware design and registers information is loaded from 'C:/Users/tejasvissapragada/Documents/GitHub/cs153a/vitis/lab3b_vitis/lab3a_platform/export/lab3a_platform/hw/design_1_wrapper.xsa'.
18:12:17 INFO  : 'configparams mdm-detect-bscan-mask 2' command is executed.
18:12:17 INFO  : Context for processor 'microblaze_0' is selected.
18:12:17 INFO  : System reset is completed.
18:12:20 INFO  : 'after 3000' command is executed.
18:12:20 INFO  : Context for processor 'microblaze_0' is selected.
18:12:21 INFO  : The application 'C:/Users/tejasvissapragada/Documents/GitHub/cs153a/vitis/lab3b_vitis/lab3a_application/Debug/lab3a_application.elf' is downloaded to processor 'microblaze_0'.
18:12:21 INFO  : ----------------XSDB Script----------------
connect -url tcp:127.0.0.1:3121
targets -set -filter {jtag_cable_name =~ "Digilent Nexys A7 -100T 210292BCFA48A" && level==0 && jtag_device_ctx=="jsn-Nexys A7 -100T-210292BCFA48A-13631093-0"}
fpga -file C:/Users/tejasvissapragada/Documents/GitHub/cs153a/vitis/lab3b_vitis/lab3a_application/_ide/bitstream/design_1_wrapper.bit
targets -set -nocase -filter {name =~ "*microblaze*#0" && bscan=="USER2" }
loadhw -hw C:/Users/tejasvissapragada/Documents/GitHub/cs153a/vitis/lab3b_vitis/lab3a_platform/export/lab3a_platform/hw/design_1_wrapper.xsa -regs
configparams mdm-detect-bscan-mask 2
targets -set -nocase -filter {name =~ "*microblaze*#0" && bscan=="USER2" }
rst -system
after 3000
targets -set -nocase -filter {name =~ "*microblaze*#0" && bscan=="USER2" }
dow C:/Users/tejasvissapragada/Documents/GitHub/cs153a/vitis/lab3b_vitis/lab3a_application/Debug/lab3a_application.elf
----------------End of Script----------------

18:12:21 INFO  : Context for processor 'microblaze_0' is selected.
18:12:21 INFO  : 'con' command is executed.
18:12:21 INFO  : ----------------XSDB Script (After Launch)----------------
targets -set -nocase -filter {name =~ "*microblaze*#0" && bscan=="USER2" }
con
----------------End of Script----------------

18:12:21 INFO  : Launch script is exported to file 'C:\Users\tejasvissapragada\Documents\GitHub\cs153a\vitis\lab3b_vitis\lab3a_system\_ide\scripts\debugger_lab3a_application-default.tcl'
18:13:21 INFO  : Disconnected from the channel tcfchan#39.
18:13:22 INFO  : Connected to target on host '127.0.0.1' and port '3121'.
18:13:22 INFO  : Jtag cable 'Digilent Nexys A7 -100T 210292BCFA48A' is selected.
18:13:22 INFO  : 'jtag frequency' command is executed.
18:13:22 INFO  : 'targets -set -filter {jtag_cable_name =~ "Digilent Nexys A7 -100T 210292BCFA48A" && level==0 && jtag_device_ctx=="jsn-Nexys A7 -100T-210292BCFA48A-13631093-0"}' command is executed.
18:13:24 INFO  : Device configured successfully with "C:/Users/tejasvissapragada/Documents/GitHub/cs153a/vitis/lab3b_vitis/lab3a_application/_ide/bitstream/design_1_wrapper.bit"
18:13:24 INFO  : Context for processor 'microblaze_0' is selected.
18:13:24 INFO  : Hardware design and registers information is loaded from 'C:/Users/tejasvissapragada/Documents/GitHub/cs153a/vitis/lab3b_vitis/lab3a_platform/export/lab3a_platform/hw/design_1_wrapper.xsa'.
18:13:24 INFO  : 'configparams mdm-detect-bscan-mask 2' command is executed.
18:13:24 INFO  : Context for processor 'microblaze_0' is selected.
18:13:24 INFO  : System reset is completed.
18:13:27 INFO  : 'after 3000' command is executed.
18:13:27 INFO  : Context for processor 'microblaze_0' is selected.
18:13:28 INFO  : The application 'C:/Users/tejasvissapragada/Documents/GitHub/cs153a/vitis/lab3b_vitis/lab3a_application/Debug/lab3a_application.elf' is downloaded to processor 'microblaze_0'.
18:13:28 INFO  : ----------------XSDB Script----------------
connect -url tcp:127.0.0.1:3121
targets -set -filter {jtag_cable_name =~ "Digilent Nexys A7 -100T 210292BCFA48A" && level==0 && jtag_device_ctx=="jsn-Nexys A7 -100T-210292BCFA48A-13631093-0"}
fpga -file C:/Users/tejasvissapragada/Documents/GitHub/cs153a/vitis/lab3b_vitis/lab3a_application/_ide/bitstream/design_1_wrapper.bit
targets -set -nocase -filter {name =~ "*microblaze*#0" && bscan=="USER2" }
loadhw -hw C:/Users/tejasvissapragada/Documents/GitHub/cs153a/vitis/lab3b_vitis/lab3a_platform/export/lab3a_platform/hw/design_1_wrapper.xsa -regs
configparams mdm-detect-bscan-mask 2
targets -set -nocase -filter {name =~ "*microblaze*#0" && bscan=="USER2" }
rst -system
after 3000
targets -set -nocase -filter {name =~ "*microblaze*#0" && bscan=="USER2" }
dow C:/Users/tejasvissapragada/Documents/GitHub/cs153a/vitis/lab3b_vitis/lab3a_application/Debug/lab3a_application.elf
----------------End of Script----------------

18:13:28 INFO  : Context for processor 'microblaze_0' is selected.
18:13:28 INFO  : 'con' command is executed.
18:13:28 INFO  : ----------------XSDB Script (After Launch)----------------
targets -set -nocase -filter {name =~ "*microblaze*#0" && bscan=="USER2" }
con
----------------End of Script----------------

18:13:28 INFO  : Launch script is exported to file 'C:\Users\tejasvissapragada\Documents\GitHub\cs153a\vitis\lab3b_vitis\lab3a_system\_ide\scripts\debugger_lab3a_application-default.tcl'
18:14:16 INFO  : Checking for BSP changes to sync application flags for project 'lab3a_application'...
18:14:20 INFO  : Disconnected from the channel tcfchan#40.
18:14:21 INFO  : Connected to target on host '127.0.0.1' and port '3121'.
18:14:21 INFO  : Jtag cable 'Digilent Nexys A7 -100T 210292BCFA48A' is selected.
18:14:21 INFO  : 'jtag frequency' command is executed.
18:14:21 INFO  : 'targets -set -filter {jtag_cable_name =~ "Digilent Nexys A7 -100T 210292BCFA48A" && level==0 && jtag_device_ctx=="jsn-Nexys A7 -100T-210292BCFA48A-13631093-0"}' command is executed.
18:14:24 INFO  : Device configured successfully with "C:/Users/tejasvissapragada/Documents/GitHub/cs153a/vitis/lab3b_vitis/lab3a_application/_ide/bitstream/design_1_wrapper.bit"
18:14:24 INFO  : Context for processor 'microblaze_0' is selected.
18:14:24 INFO  : Hardware design and registers information is loaded from 'C:/Users/tejasvissapragada/Documents/GitHub/cs153a/vitis/lab3b_vitis/lab3a_platform/export/lab3a_platform/hw/design_1_wrapper.xsa'.
18:14:24 INFO  : 'configparams mdm-detect-bscan-mask 2' command is executed.
18:14:24 INFO  : Context for processor 'microblaze_0' is selected.
18:14:24 INFO  : System reset is completed.
18:14:27 INFO  : 'after 3000' command is executed.
18:14:27 INFO  : Context for processor 'microblaze_0' is selected.
18:14:27 INFO  : The application 'C:/Users/tejasvissapragada/Documents/GitHub/cs153a/vitis/lab3b_vitis/lab3a_application/Debug/lab3a_application.elf' is downloaded to processor 'microblaze_0'.
18:14:27 INFO  : ----------------XSDB Script----------------
connect -url tcp:127.0.0.1:3121
targets -set -filter {jtag_cable_name =~ "Digilent Nexys A7 -100T 210292BCFA48A" && level==0 && jtag_device_ctx=="jsn-Nexys A7 -100T-210292BCFA48A-13631093-0"}
fpga -file C:/Users/tejasvissapragada/Documents/GitHub/cs153a/vitis/lab3b_vitis/lab3a_application/_ide/bitstream/design_1_wrapper.bit
targets -set -nocase -filter {name =~ "*microblaze*#0" && bscan=="USER2" }
loadhw -hw C:/Users/tejasvissapragada/Documents/GitHub/cs153a/vitis/lab3b_vitis/lab3a_platform/export/lab3a_platform/hw/design_1_wrapper.xsa -regs
configparams mdm-detect-bscan-mask 2
targets -set -nocase -filter {name =~ "*microblaze*#0" && bscan=="USER2" }
rst -system
after 3000
targets -set -nocase -filter {name =~ "*microblaze*#0" && bscan=="USER2" }
dow C:/Users/tejasvissapragada/Documents/GitHub/cs153a/vitis/lab3b_vitis/lab3a_application/Debug/lab3a_application.elf
----------------End of Script----------------

18:14:27 INFO  : Context for processor 'microblaze_0' is selected.
18:14:27 INFO  : 'con' command is executed.
18:14:27 INFO  : ----------------XSDB Script (After Launch)----------------
targets -set -nocase -filter {name =~ "*microblaze*#0" && bscan=="USER2" }
con
----------------End of Script----------------

18:14:27 INFO  : Launch script is exported to file 'C:\Users\tejasvissapragada\Documents\GitHub\cs153a\vitis\lab3b_vitis\lab3a_system\_ide\scripts\debugger_lab3a_application-default.tcl'
18:21:07 INFO  : Checking for BSP changes to sync application flags for project 'lab3a_application'...
18:21:12 INFO  : Disconnected from the channel tcfchan#41.
18:21:13 INFO  : Connected to target on host '127.0.0.1' and port '3121'.
18:21:13 INFO  : Jtag cable 'Digilent Nexys A7 -100T 210292BCFA48A' is selected.
18:21:13 INFO  : 'jtag frequency' command is executed.
18:21:13 INFO  : 'targets -set -filter {jtag_cable_name =~ "Digilent Nexys A7 -100T 210292BCFA48A" && level==0 && jtag_device_ctx=="jsn-Nexys A7 -100T-210292BCFA48A-13631093-0"}' command is executed.
18:21:15 INFO  : Device configured successfully with "C:/Users/tejasvissapragada/Documents/GitHub/cs153a/vitis/lab3b_vitis/lab3a_application/_ide/bitstream/design_1_wrapper.bit"
18:21:15 INFO  : Context for processor 'microblaze_0' is selected.
18:21:15 INFO  : Hardware design and registers information is loaded from 'C:/Users/tejasvissapragada/Documents/GitHub/cs153a/vitis/lab3b_vitis/lab3a_platform/export/lab3a_platform/hw/design_1_wrapper.xsa'.
18:21:15 INFO  : 'configparams mdm-detect-bscan-mask 2' command is executed.
18:21:15 INFO  : Context for processor 'microblaze_0' is selected.
18:21:15 INFO  : System reset is completed.
18:21:18 INFO  : 'after 3000' command is executed.
18:21:18 INFO  : Context for processor 'microblaze_0' is selected.
18:21:19 INFO  : The application 'C:/Users/tejasvissapragada/Documents/GitHub/cs153a/vitis/lab3b_vitis/lab3a_application/Debug/lab3a_application.elf' is downloaded to processor 'microblaze_0'.
18:21:19 INFO  : ----------------XSDB Script----------------
connect -url tcp:127.0.0.1:3121
targets -set -filter {jtag_cable_name =~ "Digilent Nexys A7 -100T 210292BCFA48A" && level==0 && jtag_device_ctx=="jsn-Nexys A7 -100T-210292BCFA48A-13631093-0"}
fpga -file C:/Users/tejasvissapragada/Documents/GitHub/cs153a/vitis/lab3b_vitis/lab3a_application/_ide/bitstream/design_1_wrapper.bit
targets -set -nocase -filter {name =~ "*microblaze*#0" && bscan=="USER2" }
loadhw -hw C:/Users/tejasvissapragada/Documents/GitHub/cs153a/vitis/lab3b_vitis/lab3a_platform/export/lab3a_platform/hw/design_1_wrapper.xsa -regs
configparams mdm-detect-bscan-mask 2
targets -set -nocase -filter {name =~ "*microblaze*#0" && bscan=="USER2" }
rst -system
after 3000
targets -set -nocase -filter {name =~ "*microblaze*#0" && bscan=="USER2" }
dow C:/Users/tejasvissapragada/Documents/GitHub/cs153a/vitis/lab3b_vitis/lab3a_application/Debug/lab3a_application.elf
----------------End of Script----------------

18:21:19 INFO  : Context for processor 'microblaze_0' is selected.
18:21:19 INFO  : 'con' command is executed.
18:21:19 INFO  : ----------------XSDB Script (After Launch)----------------
targets -set -nocase -filter {name =~ "*microblaze*#0" && bscan=="USER2" }
con
----------------End of Script----------------

18:21:19 INFO  : Launch script is exported to file 'C:\Users\tejasvissapragada\Documents\GitHub\cs153a\vitis\lab3b_vitis\lab3a_system\_ide\scripts\debugger_lab3a_application-default.tcl'
18:23:13 INFO  : Checking for BSP changes to sync application flags for project 'lab3a_application'...
18:23:22 INFO  : Disconnected from the channel tcfchan#42.
18:23:23 INFO  : Connected to target on host '127.0.0.1' and port '3121'.
18:23:23 INFO  : Jtag cable 'Digilent Nexys A7 -100T 210292BCFA48A' is selected.
18:23:23 INFO  : 'jtag frequency' command is executed.
18:23:23 INFO  : 'targets -set -filter {jtag_cable_name =~ "Digilent Nexys A7 -100T 210292BCFA48A" && level==0 && jtag_device_ctx=="jsn-Nexys A7 -100T-210292BCFA48A-13631093-0"}' command is executed.
18:23:25 INFO  : Device configured successfully with "C:/Users/tejasvissapragada/Documents/GitHub/cs153a/vitis/lab3b_vitis/lab3a_application/_ide/bitstream/design_1_wrapper.bit"
18:23:25 INFO  : Context for processor 'microblaze_0' is selected.
18:23:25 INFO  : Hardware design and registers information is loaded from 'C:/Users/tejasvissapragada/Documents/GitHub/cs153a/vitis/lab3b_vitis/lab3a_platform/export/lab3a_platform/hw/design_1_wrapper.xsa'.
18:23:25 INFO  : 'configparams mdm-detect-bscan-mask 2' command is executed.
18:23:25 INFO  : Context for processor 'microblaze_0' is selected.
18:23:25 INFO  : System reset is completed.
18:23:28 INFO  : 'after 3000' command is executed.
18:23:28 INFO  : Context for processor 'microblaze_0' is selected.
18:23:29 INFO  : The application 'C:/Users/tejasvissapragada/Documents/GitHub/cs153a/vitis/lab3b_vitis/lab3a_application/Debug/lab3a_application.elf' is downloaded to processor 'microblaze_0'.
18:23:29 INFO  : ----------------XSDB Script----------------
connect -url tcp:127.0.0.1:3121
targets -set -filter {jtag_cable_name =~ "Digilent Nexys A7 -100T 210292BCFA48A" && level==0 && jtag_device_ctx=="jsn-Nexys A7 -100T-210292BCFA48A-13631093-0"}
fpga -file C:/Users/tejasvissapragada/Documents/GitHub/cs153a/vitis/lab3b_vitis/lab3a_application/_ide/bitstream/design_1_wrapper.bit
targets -set -nocase -filter {name =~ "*microblaze*#0" && bscan=="USER2" }
loadhw -hw C:/Users/tejasvissapragada/Documents/GitHub/cs153a/vitis/lab3b_vitis/lab3a_platform/export/lab3a_platform/hw/design_1_wrapper.xsa -regs
configparams mdm-detect-bscan-mask 2
targets -set -nocase -filter {name =~ "*microblaze*#0" && bscan=="USER2" }
rst -system
after 3000
targets -set -nocase -filter {name =~ "*microblaze*#0" && bscan=="USER2" }
dow C:/Users/tejasvissapragada/Documents/GitHub/cs153a/vitis/lab3b_vitis/lab3a_application/Debug/lab3a_application.elf
----------------End of Script----------------

18:23:29 INFO  : Context for processor 'microblaze_0' is selected.
18:23:29 INFO  : 'con' command is executed.
18:23:29 INFO  : ----------------XSDB Script (After Launch)----------------
targets -set -nocase -filter {name =~ "*microblaze*#0" && bscan=="USER2" }
con
----------------End of Script----------------

18:23:29 INFO  : Launch script is exported to file 'C:\Users\tejasvissapragada\Documents\GitHub\cs153a\vitis\lab3b_vitis\lab3a_system\_ide\scripts\debugger_lab3a_application-default.tcl'
18:25:02 INFO  : Checking for BSP changes to sync application flags for project 'lab3a_application'...
18:25:06 INFO  : Disconnected from the channel tcfchan#43.
18:25:07 INFO  : Connected to target on host '127.0.0.1' and port '3121'.
18:25:07 INFO  : Jtag cable 'Digilent Nexys A7 -100T 210292BCFA48A' is selected.
18:25:07 INFO  : 'jtag frequency' command is executed.
18:25:07 INFO  : 'targets -set -filter {jtag_cable_name =~ "Digilent Nexys A7 -100T 210292BCFA48A" && level==0 && jtag_device_ctx=="jsn-Nexys A7 -100T-210292BCFA48A-13631093-0"}' command is executed.
18:25:09 INFO  : Device configured successfully with "C:/Users/tejasvissapragada/Documents/GitHub/cs153a/vitis/lab3b_vitis/lab3a_application/_ide/bitstream/design_1_wrapper.bit"
18:25:09 INFO  : Context for processor 'microblaze_0' is selected.
18:25:09 INFO  : Hardware design and registers information is loaded from 'C:/Users/tejasvissapragada/Documents/GitHub/cs153a/vitis/lab3b_vitis/lab3a_platform/export/lab3a_platform/hw/design_1_wrapper.xsa'.
18:25:09 INFO  : 'configparams mdm-detect-bscan-mask 2' command is executed.
18:25:09 INFO  : Context for processor 'microblaze_0' is selected.
18:25:09 INFO  : System reset is completed.
18:25:12 INFO  : 'after 3000' command is executed.
18:25:12 INFO  : Context for processor 'microblaze_0' is selected.
18:25:13 INFO  : The application 'C:/Users/tejasvissapragada/Documents/GitHub/cs153a/vitis/lab3b_vitis/lab3a_application/Debug/lab3a_application.elf' is downloaded to processor 'microblaze_0'.
18:25:13 INFO  : ----------------XSDB Script----------------
connect -url tcp:127.0.0.1:3121
targets -set -filter {jtag_cable_name =~ "Digilent Nexys A7 -100T 210292BCFA48A" && level==0 && jtag_device_ctx=="jsn-Nexys A7 -100T-210292BCFA48A-13631093-0"}
fpga -file C:/Users/tejasvissapragada/Documents/GitHub/cs153a/vitis/lab3b_vitis/lab3a_application/_ide/bitstream/design_1_wrapper.bit
targets -set -nocase -filter {name =~ "*microblaze*#0" && bscan=="USER2" }
loadhw -hw C:/Users/tejasvissapragada/Documents/GitHub/cs153a/vitis/lab3b_vitis/lab3a_platform/export/lab3a_platform/hw/design_1_wrapper.xsa -regs
configparams mdm-detect-bscan-mask 2
targets -set -nocase -filter {name =~ "*microblaze*#0" && bscan=="USER2" }
rst -system
after 3000
targets -set -nocase -filter {name =~ "*microblaze*#0" && bscan=="USER2" }
dow C:/Users/tejasvissapragada/Documents/GitHub/cs153a/vitis/lab3b_vitis/lab3a_application/Debug/lab3a_application.elf
----------------End of Script----------------

18:25:13 INFO  : Context for processor 'microblaze_0' is selected.
18:25:13 INFO  : 'con' command is executed.
18:25:13 INFO  : ----------------XSDB Script (After Launch)----------------
targets -set -nocase -filter {name =~ "*microblaze*#0" && bscan=="USER2" }
con
----------------End of Script----------------

18:25:13 INFO  : Launch script is exported to file 'C:\Users\tejasvissapragada\Documents\GitHub\cs153a\vitis\lab3b_vitis\lab3a_system\_ide\scripts\debugger_lab3a_application-default.tcl'
18:32:43 INFO  : Checking for BSP changes to sync application flags for project 'lab3a_application'...
18:32:45 INFO  : Disconnected from the channel tcfchan#44.
18:32:46 INFO  : Connected to target on host '127.0.0.1' and port '3121'.
18:32:46 INFO  : Jtag cable 'Digilent Nexys A7 -100T 210292BCFA48A' is selected.
18:32:46 INFO  : 'jtag frequency' command is executed.
18:32:46 INFO  : 'targets -set -filter {jtag_cable_name =~ "Digilent Nexys A7 -100T 210292BCFA48A" && level==0 && jtag_device_ctx=="jsn-Nexys A7 -100T-210292BCFA48A-13631093-0"}' command is executed.
18:32:49 INFO  : Device configured successfully with "C:/Users/tejasvissapragada/Documents/GitHub/cs153a/vitis/lab3b_vitis/lab3a_application/_ide/bitstream/design_1_wrapper.bit"
18:32:49 INFO  : Context for processor 'microblaze_0' is selected.
18:32:49 INFO  : Hardware design and registers information is loaded from 'C:/Users/tejasvissapragada/Documents/GitHub/cs153a/vitis/lab3b_vitis/lab3a_platform/export/lab3a_platform/hw/design_1_wrapper.xsa'.
18:32:49 INFO  : 'configparams mdm-detect-bscan-mask 2' command is executed.
18:32:49 INFO  : Context for processor 'microblaze_0' is selected.
18:32:49 INFO  : System reset is completed.
18:32:52 INFO  : 'after 3000' command is executed.
18:32:52 INFO  : Context for processor 'microblaze_0' is selected.
18:32:52 INFO  : The application 'C:/Users/tejasvissapragada/Documents/GitHub/cs153a/vitis/lab3b_vitis/lab3a_application/Debug/lab3a_application.elf' is downloaded to processor 'microblaze_0'.
18:32:52 INFO  : ----------------XSDB Script----------------
connect -url tcp:127.0.0.1:3121
targets -set -filter {jtag_cable_name =~ "Digilent Nexys A7 -100T 210292BCFA48A" && level==0 && jtag_device_ctx=="jsn-Nexys A7 -100T-210292BCFA48A-13631093-0"}
fpga -file C:/Users/tejasvissapragada/Documents/GitHub/cs153a/vitis/lab3b_vitis/lab3a_application/_ide/bitstream/design_1_wrapper.bit
targets -set -nocase -filter {name =~ "*microblaze*#0" && bscan=="USER2" }
loadhw -hw C:/Users/tejasvissapragada/Documents/GitHub/cs153a/vitis/lab3b_vitis/lab3a_platform/export/lab3a_platform/hw/design_1_wrapper.xsa -regs
configparams mdm-detect-bscan-mask 2
targets -set -nocase -filter {name =~ "*microblaze*#0" && bscan=="USER2" }
rst -system
after 3000
targets -set -nocase -filter {name =~ "*microblaze*#0" && bscan=="USER2" }
dow C:/Users/tejasvissapragada/Documents/GitHub/cs153a/vitis/lab3b_vitis/lab3a_application/Debug/lab3a_application.elf
----------------End of Script----------------

18:32:52 INFO  : Context for processor 'microblaze_0' is selected.
18:32:52 INFO  : 'con' command is executed.
18:32:52 INFO  : ----------------XSDB Script (After Launch)----------------
targets -set -nocase -filter {name =~ "*microblaze*#0" && bscan=="USER2" }
con
----------------End of Script----------------

18:32:52 INFO  : Launch script is exported to file 'C:\Users\tejasvissapragada\Documents\GitHub\cs153a\vitis\lab3b_vitis\lab3a_system\_ide\scripts\debugger_lab3a_application-default.tcl'
18:33:28 INFO  : Checking for BSP changes to sync application flags for project 'lab3a_application'...
18:34:55 INFO  : Checking for BSP changes to sync application flags for project 'lab3a_application'...
18:34:58 INFO  : Disconnected from the channel tcfchan#45.
18:34:59 INFO  : Connected to target on host '127.0.0.1' and port '3121'.
18:34:59 INFO  : Jtag cable 'Digilent Nexys A7 -100T 210292BCFA48A' is selected.
18:34:59 INFO  : 'jtag frequency' command is executed.
18:34:59 INFO  : 'targets -set -filter {jtag_cable_name =~ "Digilent Nexys A7 -100T 210292BCFA48A" && level==0 && jtag_device_ctx=="jsn-Nexys A7 -100T-210292BCFA48A-13631093-0"}' command is executed.
18:35:02 INFO  : Device configured successfully with "C:/Users/tejasvissapragada/Documents/GitHub/cs153a/vitis/lab3b_vitis/lab3a_application/_ide/bitstream/design_1_wrapper.bit"
18:35:02 INFO  : Context for processor 'microblaze_0' is selected.
18:35:02 INFO  : Hardware design and registers information is loaded from 'C:/Users/tejasvissapragada/Documents/GitHub/cs153a/vitis/lab3b_vitis/lab3a_platform/export/lab3a_platform/hw/design_1_wrapper.xsa'.
18:35:02 INFO  : 'configparams mdm-detect-bscan-mask 2' command is executed.
18:35:02 INFO  : Context for processor 'microblaze_0' is selected.
18:35:02 INFO  : System reset is completed.
18:35:05 INFO  : 'after 3000' command is executed.
18:35:05 INFO  : Context for processor 'microblaze_0' is selected.
18:35:05 INFO  : The application 'C:/Users/tejasvissapragada/Documents/GitHub/cs153a/vitis/lab3b_vitis/lab3a_application/Debug/lab3a_application.elf' is downloaded to processor 'microblaze_0'.
18:35:05 INFO  : ----------------XSDB Script----------------
connect -url tcp:127.0.0.1:3121
targets -set -filter {jtag_cable_name =~ "Digilent Nexys A7 -100T 210292BCFA48A" && level==0 && jtag_device_ctx=="jsn-Nexys A7 -100T-210292BCFA48A-13631093-0"}
fpga -file C:/Users/tejasvissapragada/Documents/GitHub/cs153a/vitis/lab3b_vitis/lab3a_application/_ide/bitstream/design_1_wrapper.bit
targets -set -nocase -filter {name =~ "*microblaze*#0" && bscan=="USER2" }
loadhw -hw C:/Users/tejasvissapragada/Documents/GitHub/cs153a/vitis/lab3b_vitis/lab3a_platform/export/lab3a_platform/hw/design_1_wrapper.xsa -regs
configparams mdm-detect-bscan-mask 2
targets -set -nocase -filter {name =~ "*microblaze*#0" && bscan=="USER2" }
rst -system
after 3000
targets -set -nocase -filter {name =~ "*microblaze*#0" && bscan=="USER2" }
dow C:/Users/tejasvissapragada/Documents/GitHub/cs153a/vitis/lab3b_vitis/lab3a_application/Debug/lab3a_application.elf
----------------End of Script----------------

18:35:05 INFO  : Context for processor 'microblaze_0' is selected.
18:35:05 INFO  : 'con' command is executed.
18:35:05 INFO  : ----------------XSDB Script (After Launch)----------------
targets -set -nocase -filter {name =~ "*microblaze*#0" && bscan=="USER2" }
con
----------------End of Script----------------

18:35:05 INFO  : Launch script is exported to file 'C:\Users\tejasvissapragada\Documents\GitHub\cs153a\vitis\lab3b_vitis\lab3a_system\_ide\scripts\debugger_lab3a_application-default.tcl'
18:35:53 INFO  : Checking for BSP changes to sync application flags for project 'lab3a_application'...
18:35:56 INFO  : Disconnected from the channel tcfchan#46.
18:35:57 INFO  : Connected to target on host '127.0.0.1' and port '3121'.
18:35:57 INFO  : Jtag cable 'Digilent Nexys A7 -100T 210292BCFA48A' is selected.
18:35:57 INFO  : 'jtag frequency' command is executed.
18:35:57 INFO  : 'targets -set -filter {jtag_cable_name =~ "Digilent Nexys A7 -100T 210292BCFA48A" && level==0 && jtag_device_ctx=="jsn-Nexys A7 -100T-210292BCFA48A-13631093-0"}' command is executed.
18:36:00 INFO  : Device configured successfully with "C:/Users/tejasvissapragada/Documents/GitHub/cs153a/vitis/lab3b_vitis/lab3a_application/_ide/bitstream/design_1_wrapper.bit"
18:36:00 INFO  : Context for processor 'microblaze_0' is selected.
18:36:00 INFO  : Hardware design and registers information is loaded from 'C:/Users/tejasvissapragada/Documents/GitHub/cs153a/vitis/lab3b_vitis/lab3a_platform/export/lab3a_platform/hw/design_1_wrapper.xsa'.
18:36:00 INFO  : 'configparams mdm-detect-bscan-mask 2' command is executed.
18:36:00 INFO  : Context for processor 'microblaze_0' is selected.
18:36:00 INFO  : System reset is completed.
18:36:03 INFO  : 'after 3000' command is executed.
18:36:03 INFO  : Context for processor 'microblaze_0' is selected.
18:36:03 INFO  : The application 'C:/Users/tejasvissapragada/Documents/GitHub/cs153a/vitis/lab3b_vitis/lab3a_application/Debug/lab3a_application.elf' is downloaded to processor 'microblaze_0'.
18:36:03 INFO  : ----------------XSDB Script----------------
connect -url tcp:127.0.0.1:3121
targets -set -filter {jtag_cable_name =~ "Digilent Nexys A7 -100T 210292BCFA48A" && level==0 && jtag_device_ctx=="jsn-Nexys A7 -100T-210292BCFA48A-13631093-0"}
fpga -file C:/Users/tejasvissapragada/Documents/GitHub/cs153a/vitis/lab3b_vitis/lab3a_application/_ide/bitstream/design_1_wrapper.bit
targets -set -nocase -filter {name =~ "*microblaze*#0" && bscan=="USER2" }
loadhw -hw C:/Users/tejasvissapragada/Documents/GitHub/cs153a/vitis/lab3b_vitis/lab3a_platform/export/lab3a_platform/hw/design_1_wrapper.xsa -regs
configparams mdm-detect-bscan-mask 2
targets -set -nocase -filter {name =~ "*microblaze*#0" && bscan=="USER2" }
rst -system
after 3000
targets -set -nocase -filter {name =~ "*microblaze*#0" && bscan=="USER2" }
dow C:/Users/tejasvissapragada/Documents/GitHub/cs153a/vitis/lab3b_vitis/lab3a_application/Debug/lab3a_application.elf
----------------End of Script----------------

18:36:03 INFO  : Context for processor 'microblaze_0' is selected.
18:36:03 INFO  : 'con' command is executed.
18:36:03 INFO  : ----------------XSDB Script (After Launch)----------------
targets -set -nocase -filter {name =~ "*microblaze*#0" && bscan=="USER2" }
con
----------------End of Script----------------

18:36:03 INFO  : Launch script is exported to file 'C:\Users\tejasvissapragada\Documents\GitHub\cs153a\vitis\lab3b_vitis\lab3a_system\_ide\scripts\debugger_lab3a_application-default.tcl'
18:37:22 INFO  : Checking for BSP changes to sync application flags for project 'lab3a_application'...
18:37:26 INFO  : Disconnected from the channel tcfchan#47.
18:37:27 INFO  : Connected to target on host '127.0.0.1' and port '3121'.
18:37:27 INFO  : Jtag cable 'Digilent Nexys A7 -100T 210292BCFA48A' is selected.
18:37:27 INFO  : 'jtag frequency' command is executed.
18:37:27 INFO  : 'targets -set -filter {jtag_cable_name =~ "Digilent Nexys A7 -100T 210292BCFA48A" && level==0 && jtag_device_ctx=="jsn-Nexys A7 -100T-210292BCFA48A-13631093-0"}' command is executed.
18:37:29 INFO  : Device configured successfully with "C:/Users/tejasvissapragada/Documents/GitHub/cs153a/vitis/lab3b_vitis/lab3a_application/_ide/bitstream/design_1_wrapper.bit"
18:37:29 INFO  : Context for processor 'microblaze_0' is selected.
18:37:29 INFO  : Hardware design and registers information is loaded from 'C:/Users/tejasvissapragada/Documents/GitHub/cs153a/vitis/lab3b_vitis/lab3a_platform/export/lab3a_platform/hw/design_1_wrapper.xsa'.
18:37:29 INFO  : 'configparams mdm-detect-bscan-mask 2' command is executed.
18:37:29 INFO  : Context for processor 'microblaze_0' is selected.
18:37:29 INFO  : System reset is completed.
18:37:32 INFO  : 'after 3000' command is executed.
18:37:32 INFO  : Context for processor 'microblaze_0' is selected.
18:37:32 INFO  : The application 'C:/Users/tejasvissapragada/Documents/GitHub/cs153a/vitis/lab3b_vitis/lab3a_application/Debug/lab3a_application.elf' is downloaded to processor 'microblaze_0'.
18:37:32 INFO  : ----------------XSDB Script----------------
connect -url tcp:127.0.0.1:3121
targets -set -filter {jtag_cable_name =~ "Digilent Nexys A7 -100T 210292BCFA48A" && level==0 && jtag_device_ctx=="jsn-Nexys A7 -100T-210292BCFA48A-13631093-0"}
fpga -file C:/Users/tejasvissapragada/Documents/GitHub/cs153a/vitis/lab3b_vitis/lab3a_application/_ide/bitstream/design_1_wrapper.bit
targets -set -nocase -filter {name =~ "*microblaze*#0" && bscan=="USER2" }
loadhw -hw C:/Users/tejasvissapragada/Documents/GitHub/cs153a/vitis/lab3b_vitis/lab3a_platform/export/lab3a_platform/hw/design_1_wrapper.xsa -regs
configparams mdm-detect-bscan-mask 2
targets -set -nocase -filter {name =~ "*microblaze*#0" && bscan=="USER2" }
rst -system
after 3000
targets -set -nocase -filter {name =~ "*microblaze*#0" && bscan=="USER2" }
dow C:/Users/tejasvissapragada/Documents/GitHub/cs153a/vitis/lab3b_vitis/lab3a_application/Debug/lab3a_application.elf
----------------End of Script----------------

18:37:32 INFO  : Context for processor 'microblaze_0' is selected.
18:37:33 INFO  : 'con' command is executed.
18:37:33 INFO  : ----------------XSDB Script (After Launch)----------------
targets -set -nocase -filter {name =~ "*microblaze*#0" && bscan=="USER2" }
con
----------------End of Script----------------

18:37:33 INFO  : Launch script is exported to file 'C:\Users\tejasvissapragada\Documents\GitHub\cs153a\vitis\lab3b_vitis\lab3a_system\_ide\scripts\debugger_lab3a_application-default.tcl'
18:38:13 INFO  : Checking for BSP changes to sync application flags for project 'lab3a_application'...
18:38:17 INFO  : Disconnected from the channel tcfchan#48.
18:38:18 INFO  : Connected to target on host '127.0.0.1' and port '3121'.
18:38:18 INFO  : Jtag cable 'Digilent Nexys A7 -100T 210292BCFA48A' is selected.
18:38:18 INFO  : 'jtag frequency' command is executed.
18:38:19 INFO  : 'targets -set -filter {jtag_cable_name =~ "Digilent Nexys A7 -100T 210292BCFA48A" && level==0 && jtag_device_ctx=="jsn-Nexys A7 -100T-210292BCFA48A-13631093-0"}' command is executed.
18:38:21 INFO  : Device configured successfully with "C:/Users/tejasvissapragada/Documents/GitHub/cs153a/vitis/lab3b_vitis/lab3a_application/_ide/bitstream/design_1_wrapper.bit"
18:38:21 INFO  : Context for processor 'microblaze_0' is selected.
18:38:21 INFO  : Hardware design and registers information is loaded from 'C:/Users/tejasvissapragada/Documents/GitHub/cs153a/vitis/lab3b_vitis/lab3a_platform/export/lab3a_platform/hw/design_1_wrapper.xsa'.
18:38:21 INFO  : 'configparams mdm-detect-bscan-mask 2' command is executed.
18:38:21 INFO  : Context for processor 'microblaze_0' is selected.
18:38:21 INFO  : System reset is completed.
18:38:24 INFO  : 'after 3000' command is executed.
18:38:24 INFO  : Context for processor 'microblaze_0' is selected.
18:38:24 INFO  : The application 'C:/Users/tejasvissapragada/Documents/GitHub/cs153a/vitis/lab3b_vitis/lab3a_application/Debug/lab3a_application.elf' is downloaded to processor 'microblaze_0'.
18:38:24 INFO  : ----------------XSDB Script----------------
connect -url tcp:127.0.0.1:3121
targets -set -filter {jtag_cable_name =~ "Digilent Nexys A7 -100T 210292BCFA48A" && level==0 && jtag_device_ctx=="jsn-Nexys A7 -100T-210292BCFA48A-13631093-0"}
fpga -file C:/Users/tejasvissapragada/Documents/GitHub/cs153a/vitis/lab3b_vitis/lab3a_application/_ide/bitstream/design_1_wrapper.bit
targets -set -nocase -filter {name =~ "*microblaze*#0" && bscan=="USER2" }
loadhw -hw C:/Users/tejasvissapragada/Documents/GitHub/cs153a/vitis/lab3b_vitis/lab3a_platform/export/lab3a_platform/hw/design_1_wrapper.xsa -regs
configparams mdm-detect-bscan-mask 2
targets -set -nocase -filter {name =~ "*microblaze*#0" && bscan=="USER2" }
rst -system
after 3000
targets -set -nocase -filter {name =~ "*microblaze*#0" && bscan=="USER2" }
dow C:/Users/tejasvissapragada/Documents/GitHub/cs153a/vitis/lab3b_vitis/lab3a_application/Debug/lab3a_application.elf
----------------End of Script----------------

18:38:24 INFO  : Context for processor 'microblaze_0' is selected.
18:38:24 INFO  : 'con' command is executed.
18:38:24 INFO  : ----------------XSDB Script (After Launch)----------------
targets -set -nocase -filter {name =~ "*microblaze*#0" && bscan=="USER2" }
con
----------------End of Script----------------

18:38:24 INFO  : Launch script is exported to file 'C:\Users\tejasvissapragada\Documents\GitHub\cs153a\vitis\lab3b_vitis\lab3a_system\_ide\scripts\debugger_lab3a_application-default.tcl'
18:38:55 INFO  : Checking for BSP changes to sync application flags for project 'lab3a_application'...
18:38:57 INFO  : Checking for BSP changes to sync application flags for project 'lab3a_application'...
18:39:00 INFO  : Disconnected from the channel tcfchan#49.
18:39:01 INFO  : Connected to target on host '127.0.0.1' and port '3121'.
18:39:02 INFO  : Jtag cable 'Digilent Nexys A7 -100T 210292BCFA48A' is selected.
18:39:02 INFO  : 'jtag frequency' command is executed.
18:39:02 INFO  : 'targets -set -filter {jtag_cable_name =~ "Digilent Nexys A7 -100T 210292BCFA48A" && level==0 && jtag_device_ctx=="jsn-Nexys A7 -100T-210292BCFA48A-13631093-0"}' command is executed.
18:39:04 INFO  : Device configured successfully with "C:/Users/tejasvissapragada/Documents/GitHub/cs153a/vitis/lab3b_vitis/lab3a_application/_ide/bitstream/design_1_wrapper.bit"
18:39:04 INFO  : Context for processor 'microblaze_0' is selected.
18:39:04 INFO  : Hardware design and registers information is loaded from 'C:/Users/tejasvissapragada/Documents/GitHub/cs153a/vitis/lab3b_vitis/lab3a_platform/export/lab3a_platform/hw/design_1_wrapper.xsa'.
18:39:04 INFO  : 'configparams mdm-detect-bscan-mask 2' command is executed.
18:39:04 INFO  : Context for processor 'microblaze_0' is selected.
18:39:04 INFO  : System reset is completed.
18:39:07 INFO  : 'after 3000' command is executed.
18:39:07 INFO  : Context for processor 'microblaze_0' is selected.
18:39:07 INFO  : The application 'C:/Users/tejasvissapragada/Documents/GitHub/cs153a/vitis/lab3b_vitis/lab3a_application/Debug/lab3a_application.elf' is downloaded to processor 'microblaze_0'.
18:39:07 INFO  : ----------------XSDB Script----------------
connect -url tcp:127.0.0.1:3121
targets -set -filter {jtag_cable_name =~ "Digilent Nexys A7 -100T 210292BCFA48A" && level==0 && jtag_device_ctx=="jsn-Nexys A7 -100T-210292BCFA48A-13631093-0"}
fpga -file C:/Users/tejasvissapragada/Documents/GitHub/cs153a/vitis/lab3b_vitis/lab3a_application/_ide/bitstream/design_1_wrapper.bit
targets -set -nocase -filter {name =~ "*microblaze*#0" && bscan=="USER2" }
loadhw -hw C:/Users/tejasvissapragada/Documents/GitHub/cs153a/vitis/lab3b_vitis/lab3a_platform/export/lab3a_platform/hw/design_1_wrapper.xsa -regs
configparams mdm-detect-bscan-mask 2
targets -set -nocase -filter {name =~ "*microblaze*#0" && bscan=="USER2" }
rst -system
after 3000
targets -set -nocase -filter {name =~ "*microblaze*#0" && bscan=="USER2" }
dow C:/Users/tejasvissapragada/Documents/GitHub/cs153a/vitis/lab3b_vitis/lab3a_application/Debug/lab3a_application.elf
----------------End of Script----------------

18:39:07 INFO  : Context for processor 'microblaze_0' is selected.
18:39:07 INFO  : 'con' command is executed.
18:39:07 INFO  : ----------------XSDB Script (After Launch)----------------
targets -set -nocase -filter {name =~ "*microblaze*#0" && bscan=="USER2" }
con
----------------End of Script----------------

18:39:07 INFO  : Launch script is exported to file 'C:\Users\tejasvissapragada\Documents\GitHub\cs153a\vitis\lab3b_vitis\lab3a_system\_ide\scripts\debugger_lab3a_application-default.tcl'
18:51:53 INFO  : Checking for BSP changes to sync application flags for project 'lab3a_application'...
18:51:57 INFO  : Disconnected from the channel tcfchan#50.
18:51:58 INFO  : Connected to target on host '127.0.0.1' and port '3121'.
18:51:58 INFO  : Jtag cable 'Digilent Nexys A7 -100T 210292BCFA48A' is selected.
18:51:58 INFO  : 'jtag frequency' command is executed.
18:51:58 INFO  : 'targets -set -filter {jtag_cable_name =~ "Digilent Nexys A7 -100T 210292BCFA48A" && level==0 && jtag_device_ctx=="jsn-Nexys A7 -100T-210292BCFA48A-13631093-0"}' command is executed.
18:52:01 INFO  : Device configured successfully with "C:/Users/tejasvissapragada/Documents/GitHub/cs153a/vitis/lab3b_vitis/lab3a_application/_ide/bitstream/design_1_wrapper.bit"
18:52:01 INFO  : Context for processor 'microblaze_0' is selected.
18:52:01 INFO  : Hardware design and registers information is loaded from 'C:/Users/tejasvissapragada/Documents/GitHub/cs153a/vitis/lab3b_vitis/lab3a_platform/export/lab3a_platform/hw/design_1_wrapper.xsa'.
18:52:01 INFO  : 'configparams mdm-detect-bscan-mask 2' command is executed.
18:52:01 INFO  : Context for processor 'microblaze_0' is selected.
18:52:01 INFO  : System reset is completed.
18:52:04 INFO  : 'after 3000' command is executed.
18:52:04 INFO  : Context for processor 'microblaze_0' is selected.
18:52:04 INFO  : The application 'C:/Users/tejasvissapragada/Documents/GitHub/cs153a/vitis/lab3b_vitis/lab3a_application/Debug/lab3a_application.elf' is downloaded to processor 'microblaze_0'.
18:52:04 INFO  : ----------------XSDB Script----------------
connect -url tcp:127.0.0.1:3121
targets -set -filter {jtag_cable_name =~ "Digilent Nexys A7 -100T 210292BCFA48A" && level==0 && jtag_device_ctx=="jsn-Nexys A7 -100T-210292BCFA48A-13631093-0"}
fpga -file C:/Users/tejasvissapragada/Documents/GitHub/cs153a/vitis/lab3b_vitis/lab3a_application/_ide/bitstream/design_1_wrapper.bit
targets -set -nocase -filter {name =~ "*microblaze*#0" && bscan=="USER2" }
loadhw -hw C:/Users/tejasvissapragada/Documents/GitHub/cs153a/vitis/lab3b_vitis/lab3a_platform/export/lab3a_platform/hw/design_1_wrapper.xsa -regs
configparams mdm-detect-bscan-mask 2
targets -set -nocase -filter {name =~ "*microblaze*#0" && bscan=="USER2" }
rst -system
after 3000
targets -set -nocase -filter {name =~ "*microblaze*#0" && bscan=="USER2" }
dow C:/Users/tejasvissapragada/Documents/GitHub/cs153a/vitis/lab3b_vitis/lab3a_application/Debug/lab3a_application.elf
----------------End of Script----------------

18:52:04 INFO  : Context for processor 'microblaze_0' is selected.
18:52:04 INFO  : 'con' command is executed.
18:52:04 INFO  : ----------------XSDB Script (After Launch)----------------
targets -set -nocase -filter {name =~ "*microblaze*#0" && bscan=="USER2" }
con
----------------End of Script----------------

18:52:04 INFO  : Launch script is exported to file 'C:\Users\tejasvissapragada\Documents\GitHub\cs153a\vitis\lab3b_vitis\lab3a_system\_ide\scripts\debugger_lab3a_application-default.tcl'
18:55:11 INFO  : Checking for BSP changes to sync application flags for project 'lab3a_application'...
18:55:15 INFO  : Disconnected from the channel tcfchan#51.
18:55:16 INFO  : Connected to target on host '127.0.0.1' and port '3121'.
18:55:17 INFO  : Jtag cable 'Digilent Nexys A7 -100T 210292BCFA48A' is selected.
18:55:17 INFO  : 'jtag frequency' command is executed.
18:55:17 INFO  : 'targets -set -filter {jtag_cable_name =~ "Digilent Nexys A7 -100T 210292BCFA48A" && level==0 && jtag_device_ctx=="jsn-Nexys A7 -100T-210292BCFA48A-13631093-0"}' command is executed.
18:55:19 INFO  : Device configured successfully with "C:/Users/tejasvissapragada/Documents/GitHub/cs153a/vitis/lab3b_vitis/lab3a_application/_ide/bitstream/design_1_wrapper.bit"
18:55:19 INFO  : Context for processor 'microblaze_0' is selected.
18:55:19 INFO  : Hardware design and registers information is loaded from 'C:/Users/tejasvissapragada/Documents/GitHub/cs153a/vitis/lab3b_vitis/lab3a_platform/export/lab3a_platform/hw/design_1_wrapper.xsa'.
18:55:19 INFO  : 'configparams mdm-detect-bscan-mask 2' command is executed.
18:55:19 INFO  : Context for processor 'microblaze_0' is selected.
18:55:19 INFO  : System reset is completed.
18:55:22 INFO  : 'after 3000' command is executed.
18:55:22 INFO  : Context for processor 'microblaze_0' is selected.
18:55:22 INFO  : The application 'C:/Users/tejasvissapragada/Documents/GitHub/cs153a/vitis/lab3b_vitis/lab3a_application/Debug/lab3a_application.elf' is downloaded to processor 'microblaze_0'.
18:55:22 INFO  : ----------------XSDB Script----------------
connect -url tcp:127.0.0.1:3121
targets -set -filter {jtag_cable_name =~ "Digilent Nexys A7 -100T 210292BCFA48A" && level==0 && jtag_device_ctx=="jsn-Nexys A7 -100T-210292BCFA48A-13631093-0"}
fpga -file C:/Users/tejasvissapragada/Documents/GitHub/cs153a/vitis/lab3b_vitis/lab3a_application/_ide/bitstream/design_1_wrapper.bit
targets -set -nocase -filter {name =~ "*microblaze*#0" && bscan=="USER2" }
loadhw -hw C:/Users/tejasvissapragada/Documents/GitHub/cs153a/vitis/lab3b_vitis/lab3a_platform/export/lab3a_platform/hw/design_1_wrapper.xsa -regs
configparams mdm-detect-bscan-mask 2
targets -set -nocase -filter {name =~ "*microblaze*#0" && bscan=="USER2" }
rst -system
after 3000
targets -set -nocase -filter {name =~ "*microblaze*#0" && bscan=="USER2" }
dow C:/Users/tejasvissapragada/Documents/GitHub/cs153a/vitis/lab3b_vitis/lab3a_application/Debug/lab3a_application.elf
----------------End of Script----------------

18:55:23 INFO  : Context for processor 'microblaze_0' is selected.
18:55:23 INFO  : 'con' command is executed.
18:55:23 INFO  : ----------------XSDB Script (After Launch)----------------
targets -set -nocase -filter {name =~ "*microblaze*#0" && bscan=="USER2" }
con
----------------End of Script----------------

18:55:23 INFO  : Launch script is exported to file 'C:\Users\tejasvissapragada\Documents\GitHub\cs153a\vitis\lab3b_vitis\lab3a_system\_ide\scripts\debugger_lab3a_application-default.tcl'
19:00:20 INFO  : Checking for BSP changes to sync application flags for project 'lab3a_application'...
19:00:24 INFO  : Disconnected from the channel tcfchan#52.
19:00:25 INFO  : Connected to target on host '127.0.0.1' and port '3121'.
19:00:25 INFO  : Jtag cable 'Digilent Nexys A7 -100T 210292BCFA48A' is selected.
19:00:25 INFO  : 'jtag frequency' command is executed.
19:00:25 INFO  : 'targets -set -filter {jtag_cable_name =~ "Digilent Nexys A7 -100T 210292BCFA48A" && level==0 && jtag_device_ctx=="jsn-Nexys A7 -100T-210292BCFA48A-13631093-0"}' command is executed.
19:00:27 INFO  : Device configured successfully with "C:/Users/tejasvissapragada/Documents/GitHub/cs153a/vitis/lab3b_vitis/lab3a_application/_ide/bitstream/design_1_wrapper.bit"
19:00:27 INFO  : Context for processor 'microblaze_0' is selected.
19:00:27 INFO  : Hardware design and registers information is loaded from 'C:/Users/tejasvissapragada/Documents/GitHub/cs153a/vitis/lab3b_vitis/lab3a_platform/export/lab3a_platform/hw/design_1_wrapper.xsa'.
19:00:27 INFO  : 'configparams mdm-detect-bscan-mask 2' command is executed.
19:00:27 INFO  : Context for processor 'microblaze_0' is selected.
19:00:27 INFO  : System reset is completed.
19:00:30 INFO  : 'after 3000' command is executed.
19:00:30 INFO  : Context for processor 'microblaze_0' is selected.
19:00:31 INFO  : The application 'C:/Users/tejasvissapragada/Documents/GitHub/cs153a/vitis/lab3b_vitis/lab3a_application/Debug/lab3a_application.elf' is downloaded to processor 'microblaze_0'.
19:00:31 INFO  : ----------------XSDB Script----------------
connect -url tcp:127.0.0.1:3121
targets -set -filter {jtag_cable_name =~ "Digilent Nexys A7 -100T 210292BCFA48A" && level==0 && jtag_device_ctx=="jsn-Nexys A7 -100T-210292BCFA48A-13631093-0"}
fpga -file C:/Users/tejasvissapragada/Documents/GitHub/cs153a/vitis/lab3b_vitis/lab3a_application/_ide/bitstream/design_1_wrapper.bit
targets -set -nocase -filter {name =~ "*microblaze*#0" && bscan=="USER2" }
loadhw -hw C:/Users/tejasvissapragada/Documents/GitHub/cs153a/vitis/lab3b_vitis/lab3a_platform/export/lab3a_platform/hw/design_1_wrapper.xsa -regs
configparams mdm-detect-bscan-mask 2
targets -set -nocase -filter {name =~ "*microblaze*#0" && bscan=="USER2" }
rst -system
after 3000
targets -set -nocase -filter {name =~ "*microblaze*#0" && bscan=="USER2" }
dow C:/Users/tejasvissapragada/Documents/GitHub/cs153a/vitis/lab3b_vitis/lab3a_application/Debug/lab3a_application.elf
----------------End of Script----------------

19:00:31 INFO  : Context for processor 'microblaze_0' is selected.
19:00:31 INFO  : 'con' command is executed.
19:00:31 INFO  : ----------------XSDB Script (After Launch)----------------
targets -set -nocase -filter {name =~ "*microblaze*#0" && bscan=="USER2" }
con
----------------End of Script----------------

19:00:31 INFO  : Launch script is exported to file 'C:\Users\tejasvissapragada\Documents\GitHub\cs153a\vitis\lab3b_vitis\lab3a_system\_ide\scripts\debugger_lab3a_application-default.tcl'
19:01:32 INFO  : Checking for BSP changes to sync application flags for project 'lab3a_application'...
19:01:35 INFO  : Disconnected from the channel tcfchan#53.
19:01:36 INFO  : Connected to target on host '127.0.0.1' and port '3121'.
19:01:36 INFO  : Jtag cable 'Digilent Nexys A7 -100T 210292BCFA48A' is selected.
19:01:36 INFO  : 'jtag frequency' command is executed.
19:01:36 INFO  : 'targets -set -filter {jtag_cable_name =~ "Digilent Nexys A7 -100T 210292BCFA48A" && level==0 && jtag_device_ctx=="jsn-Nexys A7 -100T-210292BCFA48A-13631093-0"}' command is executed.
19:01:39 INFO  : Device configured successfully with "C:/Users/tejasvissapragada/Documents/GitHub/cs153a/vitis/lab3b_vitis/lab3a_application/_ide/bitstream/design_1_wrapper.bit"
19:01:39 INFO  : Context for processor 'microblaze_0' is selected.
19:01:39 INFO  : Hardware design and registers information is loaded from 'C:/Users/tejasvissapragada/Documents/GitHub/cs153a/vitis/lab3b_vitis/lab3a_platform/export/lab3a_platform/hw/design_1_wrapper.xsa'.
19:01:39 INFO  : 'configparams mdm-detect-bscan-mask 2' command is executed.
19:01:39 INFO  : Context for processor 'microblaze_0' is selected.
19:01:39 INFO  : System reset is completed.
19:01:42 INFO  : 'after 3000' command is executed.
19:01:42 INFO  : Context for processor 'microblaze_0' is selected.
19:01:42 INFO  : The application 'C:/Users/tejasvissapragada/Documents/GitHub/cs153a/vitis/lab3b_vitis/lab3a_application/Debug/lab3a_application.elf' is downloaded to processor 'microblaze_0'.
19:01:42 INFO  : ----------------XSDB Script----------------
connect -url tcp:127.0.0.1:3121
targets -set -filter {jtag_cable_name =~ "Digilent Nexys A7 -100T 210292BCFA48A" && level==0 && jtag_device_ctx=="jsn-Nexys A7 -100T-210292BCFA48A-13631093-0"}
fpga -file C:/Users/tejasvissapragada/Documents/GitHub/cs153a/vitis/lab3b_vitis/lab3a_application/_ide/bitstream/design_1_wrapper.bit
targets -set -nocase -filter {name =~ "*microblaze*#0" && bscan=="USER2" }
loadhw -hw C:/Users/tejasvissapragada/Documents/GitHub/cs153a/vitis/lab3b_vitis/lab3a_platform/export/lab3a_platform/hw/design_1_wrapper.xsa -regs
configparams mdm-detect-bscan-mask 2
targets -set -nocase -filter {name =~ "*microblaze*#0" && bscan=="USER2" }
rst -system
after 3000
targets -set -nocase -filter {name =~ "*microblaze*#0" && bscan=="USER2" }
dow C:/Users/tejasvissapragada/Documents/GitHub/cs153a/vitis/lab3b_vitis/lab3a_application/Debug/lab3a_application.elf
----------------End of Script----------------

19:01:42 INFO  : Context for processor 'microblaze_0' is selected.
19:01:42 INFO  : 'con' command is executed.
19:01:42 INFO  : ----------------XSDB Script (After Launch)----------------
targets -set -nocase -filter {name =~ "*microblaze*#0" && bscan=="USER2" }
con
----------------End of Script----------------

19:01:42 INFO  : Launch script is exported to file 'C:\Users\tejasvissapragada\Documents\GitHub\cs153a\vitis\lab3b_vitis\lab3a_system\_ide\scripts\debugger_lab3a_application-default.tcl'
19:02:27 INFO  : Checking for BSP changes to sync application flags for project 'lab3a_application'...
19:02:31 INFO  : Disconnected from the channel tcfchan#54.
19:02:32 INFO  : Connected to target on host '127.0.0.1' and port '3121'.
19:02:32 INFO  : Jtag cable 'Digilent Nexys A7 -100T 210292BCFA48A' is selected.
19:02:32 INFO  : 'jtag frequency' command is executed.
19:02:32 INFO  : 'targets -set -filter {jtag_cable_name =~ "Digilent Nexys A7 -100T 210292BCFA48A" && level==0 && jtag_device_ctx=="jsn-Nexys A7 -100T-210292BCFA48A-13631093-0"}' command is executed.
19:02:35 INFO  : Device configured successfully with "C:/Users/tejasvissapragada/Documents/GitHub/cs153a/vitis/lab3b_vitis/lab3a_application/_ide/bitstream/design_1_wrapper.bit"
19:02:35 INFO  : Context for processor 'microblaze_0' is selected.
19:02:35 INFO  : Hardware design and registers information is loaded from 'C:/Users/tejasvissapragada/Documents/GitHub/cs153a/vitis/lab3b_vitis/lab3a_platform/export/lab3a_platform/hw/design_1_wrapper.xsa'.
19:02:35 INFO  : 'configparams mdm-detect-bscan-mask 2' command is executed.
19:02:35 INFO  : Context for processor 'microblaze_0' is selected.
19:02:35 INFO  : System reset is completed.
19:02:38 INFO  : 'after 3000' command is executed.
19:02:38 INFO  : Context for processor 'microblaze_0' is selected.
19:02:38 INFO  : The application 'C:/Users/tejasvissapragada/Documents/GitHub/cs153a/vitis/lab3b_vitis/lab3a_application/Debug/lab3a_application.elf' is downloaded to processor 'microblaze_0'.
19:02:38 INFO  : ----------------XSDB Script----------------
connect -url tcp:127.0.0.1:3121
targets -set -filter {jtag_cable_name =~ "Digilent Nexys A7 -100T 210292BCFA48A" && level==0 && jtag_device_ctx=="jsn-Nexys A7 -100T-210292BCFA48A-13631093-0"}
fpga -file C:/Users/tejasvissapragada/Documents/GitHub/cs153a/vitis/lab3b_vitis/lab3a_application/_ide/bitstream/design_1_wrapper.bit
targets -set -nocase -filter {name =~ "*microblaze*#0" && bscan=="USER2" }
loadhw -hw C:/Users/tejasvissapragada/Documents/GitHub/cs153a/vitis/lab3b_vitis/lab3a_platform/export/lab3a_platform/hw/design_1_wrapper.xsa -regs
configparams mdm-detect-bscan-mask 2
targets -set -nocase -filter {name =~ "*microblaze*#0" && bscan=="USER2" }
rst -system
after 3000
targets -set -nocase -filter {name =~ "*microblaze*#0" && bscan=="USER2" }
dow C:/Users/tejasvissapragada/Documents/GitHub/cs153a/vitis/lab3b_vitis/lab3a_application/Debug/lab3a_application.elf
----------------End of Script----------------

19:02:38 INFO  : Context for processor 'microblaze_0' is selected.
19:02:38 INFO  : 'con' command is executed.
19:02:38 INFO  : ----------------XSDB Script (After Launch)----------------
targets -set -nocase -filter {name =~ "*microblaze*#0" && bscan=="USER2" }
con
----------------End of Script----------------

19:02:38 INFO  : Launch script is exported to file 'C:\Users\tejasvissapragada\Documents\GitHub\cs153a\vitis\lab3b_vitis\lab3a_system\_ide\scripts\debugger_lab3a_application-default.tcl'
19:28:58 INFO  : Disconnected from the channel tcfchan#55.
16:07:29 DEBUG : Logs will be stored at 'C:/Users/tejasvissapragada/Documents/GitHub/cs153a/vitis/lab3b_vitis/IDE.log'.
16:07:30 INFO  : Launching XSCT server: xsct.bat -n  -interactive C:\Users\tejasvissapragada\Documents\GitHub\cs153a\vitis\lab3b_vitis\temp_xsdb_launch_script.tcl
16:07:38 INFO  : Registering command handlers for Vitis TCF services
16:07:39 INFO  : Platform repository initialization has completed.
16:07:42 INFO  : XSCT server has started successfully.
16:07:46 INFO  : plnx-install-location is set to ''
16:07:46 INFO  : Successfully done setting XSCT server connection channel  
16:07:46 INFO  : Successfully done query RDI_DATADIR 
16:07:46 INFO  : Successfully done setting workspace for the tool. 
16:33:42 INFO  : Checking for BSP changes to sync application flags for project 'lab3a_application'...
16:33:51 INFO  : Connected to target on host '127.0.0.1' and port '3121'.
16:33:53 INFO  : Jtag cable 'Digilent Nexys A7 -100T 210292BCFA48A' is selected.
16:33:53 INFO  : 'jtag frequency' command is executed.
16:33:54 INFO  : 'targets -set -filter {jtag_cable_name =~ "Digilent Nexys A7 -100T 210292BCFA48A" && level==0 && jtag_device_ctx=="jsn-Nexys A7 -100T-210292BCFA48A-13631093-0"}' command is executed.
16:33:57 INFO  : Device configured successfully with "C:/Users/tejasvissapragada/Documents/GitHub/cs153a/vitis/lab3b_vitis/lab3a_application/_ide/bitstream/design_1_wrapper.bit"
16:33:57 INFO  : Context for processor 'microblaze_0' is selected.
16:33:57 INFO  : Hardware design and registers information is loaded from 'C:/Users/tejasvissapragada/Documents/GitHub/cs153a/vitis/lab3b_vitis/lab3a_platform/export/lab3a_platform/hw/design_1_wrapper.xsa'.
16:33:57 INFO  : 'configparams mdm-detect-bscan-mask 2' command is executed.
16:33:58 INFO  : Context for processor 'microblaze_0' is selected.
16:33:58 INFO  : System reset is completed.
16:34:01 INFO  : 'after 3000' command is executed.
16:34:01 INFO  : Context for processor 'microblaze_0' is selected.
16:34:01 INFO  : The application 'C:/Users/tejasvissapragada/Documents/GitHub/cs153a/vitis/lab3b_vitis/lab3a_application/Debug/lab3a_application.elf' is downloaded to processor 'microblaze_0'.
16:34:01 INFO  : ----------------XSDB Script----------------
connect -url tcp:127.0.0.1:3121
targets -set -filter {jtag_cable_name =~ "Digilent Nexys A7 -100T 210292BCFA48A" && level==0 && jtag_device_ctx=="jsn-Nexys A7 -100T-210292BCFA48A-13631093-0"}
fpga -file C:/Users/tejasvissapragada/Documents/GitHub/cs153a/vitis/lab3b_vitis/lab3a_application/_ide/bitstream/design_1_wrapper.bit
targets -set -nocase -filter {name =~ "*microblaze*#0" && bscan=="USER2" }
loadhw -hw C:/Users/tejasvissapragada/Documents/GitHub/cs153a/vitis/lab3b_vitis/lab3a_platform/export/lab3a_platform/hw/design_1_wrapper.xsa -regs
configparams mdm-detect-bscan-mask 2
targets -set -nocase -filter {name =~ "*microblaze*#0" && bscan=="USER2" }
rst -system
after 3000
targets -set -nocase -filter {name =~ "*microblaze*#0" && bscan=="USER2" }
dow C:/Users/tejasvissapragada/Documents/GitHub/cs153a/vitis/lab3b_vitis/lab3a_application/Debug/lab3a_application.elf
----------------End of Script----------------

16:34:02 INFO  : Context for processor 'microblaze_0' is selected.
16:34:02 INFO  : 'con' command is executed.
16:34:02 INFO  : ----------------XSDB Script (After Launch)----------------
targets -set -nocase -filter {name =~ "*microblaze*#0" && bscan=="USER2" }
con
----------------End of Script----------------

16:34:02 INFO  : Launch script is exported to file 'C:\Users\tejasvissapragada\Documents\GitHub\cs153a\vitis\lab3b_vitis\lab3a_system\_ide\scripts\debugger_lab3a_application-default.tcl'
16:40:37 INFO  : Checking for BSP changes to sync application flags for project 'lab3a_application'...
16:43:30 INFO  : Checking for BSP changes to sync application flags for project 'lab3a_application'...
16:43:36 INFO  : Disconnected from the channel tcfchan#1.
16:43:37 INFO  : Connected to target on host '127.0.0.1' and port '3121'.
16:43:37 INFO  : Jtag cable 'Digilent Nexys A7 -100T 210292BCFA48A' is selected.
16:43:37 INFO  : 'jtag frequency' command is executed.
16:43:37 INFO  : 'targets -set -filter {jtag_cable_name =~ "Digilent Nexys A7 -100T 210292BCFA48A" && level==0 && jtag_device_ctx=="jsn-Nexys A7 -100T-210292BCFA48A-13631093-0"}' command is executed.
16:43:40 INFO  : Device configured successfully with "C:/Users/tejasvissapragada/Documents/GitHub/cs153a/vitis/lab3b_vitis/lab3a_application/_ide/bitstream/design_1_wrapper.bit"
16:43:40 INFO  : Context for processor 'microblaze_0' is selected.
16:43:40 INFO  : Hardware design and registers information is loaded from 'C:/Users/tejasvissapragada/Documents/GitHub/cs153a/vitis/lab3b_vitis/lab3a_platform/export/lab3a_platform/hw/design_1_wrapper.xsa'.
16:43:40 INFO  : 'configparams mdm-detect-bscan-mask 2' command is executed.
16:43:40 INFO  : Context for processor 'microblaze_0' is selected.
16:43:40 INFO  : System reset is completed.
16:43:43 INFO  : 'after 3000' command is executed.
16:43:44 INFO  : Context for processor 'microblaze_0' is selected.
16:43:44 INFO  : The application 'C:/Users/tejasvissapragada/Documents/GitHub/cs153a/vitis/lab3b_vitis/lab3a_application/Debug/lab3a_application.elf' is downloaded to processor 'microblaze_0'.
16:43:44 INFO  : ----------------XSDB Script----------------
connect -url tcp:127.0.0.1:3121
targets -set -filter {jtag_cable_name =~ "Digilent Nexys A7 -100T 210292BCFA48A" && level==0 && jtag_device_ctx=="jsn-Nexys A7 -100T-210292BCFA48A-13631093-0"}
fpga -file C:/Users/tejasvissapragada/Documents/GitHub/cs153a/vitis/lab3b_vitis/lab3a_application/_ide/bitstream/design_1_wrapper.bit
targets -set -nocase -filter {name =~ "*microblaze*#0" && bscan=="USER2" }
loadhw -hw C:/Users/tejasvissapragada/Documents/GitHub/cs153a/vitis/lab3b_vitis/lab3a_platform/export/lab3a_platform/hw/design_1_wrapper.xsa -regs
configparams mdm-detect-bscan-mask 2
targets -set -nocase -filter {name =~ "*microblaze*#0" && bscan=="USER2" }
rst -system
after 3000
targets -set -nocase -filter {name =~ "*microblaze*#0" && bscan=="USER2" }
dow C:/Users/tejasvissapragada/Documents/GitHub/cs153a/vitis/lab3b_vitis/lab3a_application/Debug/lab3a_application.elf
----------------End of Script----------------

16:43:44 INFO  : Context for processor 'microblaze_0' is selected.
16:43:44 INFO  : 'con' command is executed.
16:43:44 INFO  : ----------------XSDB Script (After Launch)----------------
targets -set -nocase -filter {name =~ "*microblaze*#0" && bscan=="USER2" }
con
----------------End of Script----------------

16:43:44 INFO  : Launch script is exported to file 'C:\Users\tejasvissapragada\Documents\GitHub\cs153a\vitis\lab3b_vitis\lab3a_system\_ide\scripts\debugger_lab3a_application-default.tcl'
16:49:13 INFO  : Checking for BSP changes to sync application flags for project 'lab3a_application'...
16:49:31 INFO  : Checking for BSP changes to sync application flags for project 'lab3a_application'...
16:49:35 INFO  : Disconnected from the channel tcfchan#2.
16:49:36 INFO  : Connected to target on host '127.0.0.1' and port '3121'.
16:49:36 INFO  : Jtag cable 'Digilent Nexys A7 -100T 210292BCFA48A' is selected.
16:49:36 INFO  : 'jtag frequency' command is executed.
16:49:36 INFO  : 'targets -set -filter {jtag_cable_name =~ "Digilent Nexys A7 -100T 210292BCFA48A" && level==0 && jtag_device_ctx=="jsn-Nexys A7 -100T-210292BCFA48A-13631093-0"}' command is executed.
16:49:39 INFO  : Device configured successfully with "C:/Users/tejasvissapragada/Documents/GitHub/cs153a/vitis/lab3b_vitis/lab3a_application/_ide/bitstream/design_1_wrapper.bit"
16:49:39 INFO  : Context for processor 'microblaze_0' is selected.
16:49:39 INFO  : Hardware design and registers information is loaded from 'C:/Users/tejasvissapragada/Documents/GitHub/cs153a/vitis/lab3b_vitis/lab3a_platform/export/lab3a_platform/hw/design_1_wrapper.xsa'.
16:49:39 INFO  : 'configparams mdm-detect-bscan-mask 2' command is executed.
16:49:39 INFO  : Context for processor 'microblaze_0' is selected.
16:49:39 INFO  : System reset is completed.
16:49:42 INFO  : 'after 3000' command is executed.
16:49:42 INFO  : Context for processor 'microblaze_0' is selected.
16:49:43 INFO  : The application 'C:/Users/tejasvissapragada/Documents/GitHub/cs153a/vitis/lab3b_vitis/lab3a_application/Debug/lab3a_application.elf' is downloaded to processor 'microblaze_0'.
16:49:43 INFO  : ----------------XSDB Script----------------
connect -url tcp:127.0.0.1:3121
targets -set -filter {jtag_cable_name =~ "Digilent Nexys A7 -100T 210292BCFA48A" && level==0 && jtag_device_ctx=="jsn-Nexys A7 -100T-210292BCFA48A-13631093-0"}
fpga -file C:/Users/tejasvissapragada/Documents/GitHub/cs153a/vitis/lab3b_vitis/lab3a_application/_ide/bitstream/design_1_wrapper.bit
targets -set -nocase -filter {name =~ "*microblaze*#0" && bscan=="USER2" }
loadhw -hw C:/Users/tejasvissapragada/Documents/GitHub/cs153a/vitis/lab3b_vitis/lab3a_platform/export/lab3a_platform/hw/design_1_wrapper.xsa -regs
configparams mdm-detect-bscan-mask 2
targets -set -nocase -filter {name =~ "*microblaze*#0" && bscan=="USER2" }
rst -system
after 3000
targets -set -nocase -filter {name =~ "*microblaze*#0" && bscan=="USER2" }
dow C:/Users/tejasvissapragada/Documents/GitHub/cs153a/vitis/lab3b_vitis/lab3a_application/Debug/lab3a_application.elf
----------------End of Script----------------

16:49:43 INFO  : Context for processor 'microblaze_0' is selected.
16:49:43 INFO  : 'con' command is executed.
16:49:43 INFO  : ----------------XSDB Script (After Launch)----------------
targets -set -nocase -filter {name =~ "*microblaze*#0" && bscan=="USER2" }
con
----------------End of Script----------------

16:49:43 INFO  : Launch script is exported to file 'C:\Users\tejasvissapragada\Documents\GitHub\cs153a\vitis\lab3b_vitis\lab3a_system\_ide\scripts\debugger_lab3a_application-default.tcl'
16:50:23 INFO  : Checking for BSP changes to sync application flags for project 'lab3a_application'...
16:50:28 INFO  : Disconnected from the channel tcfchan#3.
16:50:29 INFO  : Connected to target on host '127.0.0.1' and port '3121'.
16:50:38 INFO  : ----------------XSDB Script----------------
connect -url tcp:127.0.0.1:3121
----------------End of Script----------------

16:50:38 ERROR : Could not find FPGA device on the board for connection 'Local'.


Troubleshooting hints:
1. Check whether board is connected to system properly.
2. In case of zynq board, check whether Digilent/Xilinx cable switch settings are correct.
3. If you are using Xilinx Platform Cable USB, ensure that status LED is green.
16:50:44 INFO  : Connected to target on host '127.0.0.1' and port '3121'.
16:50:44 INFO  : Jtag cable 'Digilent Nexys A7 -100T 210292BCFA48A' is selected.
16:50:44 INFO  : 'jtag frequency' command is executed.
16:50:44 INFO  : 'targets -set -filter {jtag_cable_name =~ "Digilent Nexys A7 -100T 210292BCFA48A" && level==0 && jtag_device_ctx=="jsn-Nexys A7 -100T-210292BCFA48A-13631093-0"}' command is executed.
16:50:46 INFO  : Device configured successfully with "C:/Users/tejasvissapragada/Documents/GitHub/cs153a/vitis/lab3b_vitis/lab3a_application/_ide/bitstream/design_1_wrapper.bit"
16:50:47 INFO  : Context for processor 'microblaze_0' is selected.
16:50:47 INFO  : Hardware design and registers information is loaded from 'C:/Users/tejasvissapragada/Documents/GitHub/cs153a/vitis/lab3b_vitis/lab3a_platform/export/lab3a_platform/hw/design_1_wrapper.xsa'.
16:50:47 INFO  : 'configparams mdm-detect-bscan-mask 2' command is executed.
16:50:47 INFO  : Context for processor 'microblaze_0' is selected.
16:50:47 INFO  : System reset is completed.
16:50:50 INFO  : 'after 3000' command is executed.
16:50:50 INFO  : Context for processor 'microblaze_0' is selected.
16:50:51 INFO  : The application 'C:/Users/tejasvissapragada/Documents/GitHub/cs153a/vitis/lab3b_vitis/lab3a_application/Debug/lab3a_application.elf' is downloaded to processor 'microblaze_0'.
16:50:51 INFO  : ----------------XSDB Script----------------
connect -url tcp:127.0.0.1:3121
targets -set -filter {jtag_cable_name =~ "Digilent Nexys A7 -100T 210292BCFA48A" && level==0 && jtag_device_ctx=="jsn-Nexys A7 -100T-210292BCFA48A-13631093-0"}
fpga -file C:/Users/tejasvissapragada/Documents/GitHub/cs153a/vitis/lab3b_vitis/lab3a_application/_ide/bitstream/design_1_wrapper.bit
targets -set -nocase -filter {name =~ "*microblaze*#0" && bscan=="USER2" }
loadhw -hw C:/Users/tejasvissapragada/Documents/GitHub/cs153a/vitis/lab3b_vitis/lab3a_platform/export/lab3a_platform/hw/design_1_wrapper.xsa -regs
configparams mdm-detect-bscan-mask 2
targets -set -nocase -filter {name =~ "*microblaze*#0" && bscan=="USER2" }
rst -system
after 3000
targets -set -nocase -filter {name =~ "*microblaze*#0" && bscan=="USER2" }
dow C:/Users/tejasvissapragada/Documents/GitHub/cs153a/vitis/lab3b_vitis/lab3a_application/Debug/lab3a_application.elf
----------------End of Script----------------

16:50:51 INFO  : Context for processor 'microblaze_0' is selected.
16:50:51 INFO  : 'con' command is executed.
16:50:51 INFO  : ----------------XSDB Script (After Launch)----------------
targets -set -nocase -filter {name =~ "*microblaze*#0" && bscan=="USER2" }
con
----------------End of Script----------------

16:50:51 INFO  : Launch script is exported to file 'C:\Users\tejasvissapragada\Documents\GitHub\cs153a\vitis\lab3b_vitis\lab3a_system\_ide\scripts\debugger_lab3a_application-default.tcl'
16:51:42 INFO  : Checking for BSP changes to sync application flags for project 'lab3a_application'...
16:51:48 INFO  : Disconnected from the channel tcfchan#4.
16:51:49 INFO  : Connected to target on host '127.0.0.1' and port '3121'.
16:51:58 INFO  : ----------------XSDB Script----------------
connect -url tcp:127.0.0.1:3121
----------------End of Script----------------

16:51:58 ERROR : Could not find FPGA device on the board for connection 'Local'.


Troubleshooting hints:
1. Check whether board is connected to system properly.
2. In case of zynq board, check whether Digilent/Xilinx cable switch settings are correct.
3. If you are using Xilinx Platform Cable USB, ensure that status LED is green.
16:52:02 INFO  : Connected to target on host '127.0.0.1' and port '3121'.
16:52:02 INFO  : Jtag cable 'Digilent Nexys A7 -100T 210292BCFA48A' is selected.
16:52:02 INFO  : 'jtag frequency' command is executed.
16:52:02 INFO  : 'targets -set -filter {jtag_cable_name =~ "Digilent Nexys A7 -100T 210292BCFA48A" && level==0 && jtag_device_ctx=="jsn-Nexys A7 -100T-210292BCFA48A-13631093-0"}' command is executed.
16:52:04 INFO  : Device configured successfully with "C:/Users/tejasvissapragada/Documents/GitHub/cs153a/vitis/lab3b_vitis/lab3a_application/_ide/bitstream/design_1_wrapper.bit"
16:52:04 INFO  : Context for processor 'microblaze_0' is selected.
16:52:05 INFO  : Hardware design and registers information is loaded from 'C:/Users/tejasvissapragada/Documents/GitHub/cs153a/vitis/lab3b_vitis/lab3a_platform/export/lab3a_platform/hw/design_1_wrapper.xsa'.
16:52:05 INFO  : 'configparams mdm-detect-bscan-mask 2' command is executed.
16:52:05 INFO  : Context for processor 'microblaze_0' is selected.
16:52:05 INFO  : System reset is completed.
16:52:08 INFO  : 'after 3000' command is executed.
16:52:08 INFO  : Context for processor 'microblaze_0' is selected.
16:52:08 INFO  : The application 'C:/Users/tejasvissapragada/Documents/GitHub/cs153a/vitis/lab3b_vitis/lab3a_application/Debug/lab3a_application.elf' is downloaded to processor 'microblaze_0'.
16:52:08 INFO  : ----------------XSDB Script----------------
connect -url tcp:127.0.0.1:3121
targets -set -filter {jtag_cable_name =~ "Digilent Nexys A7 -100T 210292BCFA48A" && level==0 && jtag_device_ctx=="jsn-Nexys A7 -100T-210292BCFA48A-13631093-0"}
fpga -file C:/Users/tejasvissapragada/Documents/GitHub/cs153a/vitis/lab3b_vitis/lab3a_application/_ide/bitstream/design_1_wrapper.bit
targets -set -nocase -filter {name =~ "*microblaze*#0" && bscan=="USER2" }
loadhw -hw C:/Users/tejasvissapragada/Documents/GitHub/cs153a/vitis/lab3b_vitis/lab3a_platform/export/lab3a_platform/hw/design_1_wrapper.xsa -regs
configparams mdm-detect-bscan-mask 2
targets -set -nocase -filter {name =~ "*microblaze*#0" && bscan=="USER2" }
rst -system
after 3000
targets -set -nocase -filter {name =~ "*microblaze*#0" && bscan=="USER2" }
dow C:/Users/tejasvissapragada/Documents/GitHub/cs153a/vitis/lab3b_vitis/lab3a_application/Debug/lab3a_application.elf
----------------End of Script----------------

16:52:08 INFO  : Context for processor 'microblaze_0' is selected.
16:52:08 INFO  : 'con' command is executed.
16:52:08 INFO  : ----------------XSDB Script (After Launch)----------------
targets -set -nocase -filter {name =~ "*microblaze*#0" && bscan=="USER2" }
con
----------------End of Script----------------

16:52:08 INFO  : Launch script is exported to file 'C:\Users\tejasvissapragada\Documents\GitHub\cs153a\vitis\lab3b_vitis\lab3a_system\_ide\scripts\debugger_lab3a_application-default.tcl'
16:59:27 INFO  : Checking for BSP changes to sync application flags for project 'lab3a_application'...
16:59:31 INFO  : Disconnected from the channel tcfchan#5.
16:59:32 INFO  : Connected to target on host '127.0.0.1' and port '3121'.
16:59:41 INFO  : ----------------XSDB Script----------------
connect -url tcp:127.0.0.1:3121
----------------End of Script----------------

16:59:41 ERROR : Could not find FPGA device on the board for connection 'Local'.


Troubleshooting hints:
1. Check whether board is connected to system properly.
2. In case of zynq board, check whether Digilent/Xilinx cable switch settings are correct.
3. If you are using Xilinx Platform Cable USB, ensure that status LED is green.
17:00:25 INFO  : Connected to target on host '127.0.0.1' and port '3121'.
17:00:25 INFO  : Jtag cable 'Digilent Nexys A7 -100T 210292BCFA48A' is selected.
17:00:25 INFO  : 'jtag frequency' command is executed.
17:00:25 INFO  : 'targets -set -filter {jtag_cable_name =~ "Digilent Nexys A7 -100T 210292BCFA48A" && level==0 && jtag_device_ctx=="jsn-Nexys A7 -100T-210292BCFA48A-13631093-0"}' command is executed.
17:00:27 INFO  : Device configured successfully with "C:/Users/tejasvissapragada/Documents/GitHub/cs153a/vitis/lab3b_vitis/lab3a_application/_ide/bitstream/design_1_wrapper.bit"
17:00:27 INFO  : Context for processor 'microblaze_0' is selected.
17:00:28 INFO  : Hardware design and registers information is loaded from 'C:/Users/tejasvissapragada/Documents/GitHub/cs153a/vitis/lab3b_vitis/lab3a_platform/export/lab3a_platform/hw/design_1_wrapper.xsa'.
17:00:28 INFO  : 'configparams mdm-detect-bscan-mask 2' command is executed.
17:00:28 INFO  : Context for processor 'microblaze_0' is selected.
17:00:28 INFO  : System reset is completed.
17:00:31 INFO  : 'after 3000' command is executed.
17:00:31 INFO  : Context for processor 'microblaze_0' is selected.
17:00:31 INFO  : The application 'C:/Users/tejasvissapragada/Documents/GitHub/cs153a/vitis/lab3b_vitis/lab3a_application/Debug/lab3a_application.elf' is downloaded to processor 'microblaze_0'.
17:00:31 INFO  : ----------------XSDB Script----------------
connect -url tcp:127.0.0.1:3121
targets -set -filter {jtag_cable_name =~ "Digilent Nexys A7 -100T 210292BCFA48A" && level==0 && jtag_device_ctx=="jsn-Nexys A7 -100T-210292BCFA48A-13631093-0"}
fpga -file C:/Users/tejasvissapragada/Documents/GitHub/cs153a/vitis/lab3b_vitis/lab3a_application/_ide/bitstream/design_1_wrapper.bit
targets -set -nocase -filter {name =~ "*microblaze*#0" && bscan=="USER2" }
loadhw -hw C:/Users/tejasvissapragada/Documents/GitHub/cs153a/vitis/lab3b_vitis/lab3a_platform/export/lab3a_platform/hw/design_1_wrapper.xsa -regs
configparams mdm-detect-bscan-mask 2
targets -set -nocase -filter {name =~ "*microblaze*#0" && bscan=="USER2" }
rst -system
after 3000
targets -set -nocase -filter {name =~ "*microblaze*#0" && bscan=="USER2" }
dow C:/Users/tejasvissapragada/Documents/GitHub/cs153a/vitis/lab3b_vitis/lab3a_application/Debug/lab3a_application.elf
----------------End of Script----------------

17:00:32 INFO  : Context for processor 'microblaze_0' is selected.
17:00:32 INFO  : 'con' command is executed.
17:00:32 INFO  : ----------------XSDB Script (After Launch)----------------
targets -set -nocase -filter {name =~ "*microblaze*#0" && bscan=="USER2" }
con
----------------End of Script----------------

17:00:32 INFO  : Launch script is exported to file 'C:\Users\tejasvissapragada\Documents\GitHub\cs153a\vitis\lab3b_vitis\lab3a_system\_ide\scripts\debugger_lab3a_application-default.tcl'
17:09:23 INFO  : Checking for BSP changes to sync application flags for project 'lab3a_application'...
17:09:39 INFO  : Disconnected from the channel tcfchan#6.
17:09:40 INFO  : Connected to target on host '127.0.0.1' and port '3121'.
17:09:50 INFO  : ----------------XSDB Script----------------
connect -url tcp:127.0.0.1:3121
----------------End of Script----------------

17:09:50 ERROR : Could not find FPGA device on the board for connection 'Local'.


Troubleshooting hints:
1. Check whether board is connected to system properly.
2. In case of zynq board, check whether Digilent/Xilinx cable switch settings are correct.
3. If you are using Xilinx Platform Cable USB, ensure that status LED is green.
17:10:20 INFO  : Checking for BSP changes to sync application flags for project 'lab3a_application'...
17:10:52 INFO  : Checking for BSP changes to sync application flags for project 'lab3a_application'...
17:10:54 INFO  : Connected to target on host '127.0.0.1' and port '3121'.
17:10:54 INFO  : Jtag cable 'Digilent Nexys A7 -100T 210292BCFA48A' is selected.
17:10:54 INFO  : 'jtag frequency' command is executed.
17:10:54 INFO  : 'targets -set -filter {jtag_cable_name =~ "Digilent Nexys A7 -100T 210292BCFA48A" && level==0 && jtag_device_ctx=="jsn-Nexys A7 -100T-210292BCFA48A-13631093-0"}' command is executed.
17:10:56 INFO  : Device configured successfully with "C:/Users/tejasvissapragada/Documents/GitHub/cs153a/vitis/lab3b_vitis/lab3a_application/_ide/bitstream/design_1_wrapper.bit"
17:10:56 INFO  : Context for processor 'microblaze_0' is selected.
17:10:56 INFO  : Hardware design and registers information is loaded from 'C:/Users/tejasvissapragada/Documents/GitHub/cs153a/vitis/lab3b_vitis/lab3a_platform/export/lab3a_platform/hw/design_1_wrapper.xsa'.
17:10:56 INFO  : 'configparams mdm-detect-bscan-mask 2' command is executed.
17:10:56 INFO  : Context for processor 'microblaze_0' is selected.
17:10:56 INFO  : System reset is completed.
17:10:59 INFO  : 'after 3000' command is executed.
17:10:59 INFO  : Context for processor 'microblaze_0' is selected.
17:11:00 INFO  : The application 'C:/Users/tejasvissapragada/Documents/GitHub/cs153a/vitis/lab3b_vitis/lab3a_application/Debug/lab3a_application.elf' is downloaded to processor 'microblaze_0'.
17:11:00 INFO  : ----------------XSDB Script----------------
connect -url tcp:127.0.0.1:3121
targets -set -filter {jtag_cable_name =~ "Digilent Nexys A7 -100T 210292BCFA48A" && level==0 && jtag_device_ctx=="jsn-Nexys A7 -100T-210292BCFA48A-13631093-0"}
fpga -file C:/Users/tejasvissapragada/Documents/GitHub/cs153a/vitis/lab3b_vitis/lab3a_application/_ide/bitstream/design_1_wrapper.bit
targets -set -nocase -filter {name =~ "*microblaze*#0" && bscan=="USER2" }
loadhw -hw C:/Users/tejasvissapragada/Documents/GitHub/cs153a/vitis/lab3b_vitis/lab3a_platform/export/lab3a_platform/hw/design_1_wrapper.xsa -regs
configparams mdm-detect-bscan-mask 2
targets -set -nocase -filter {name =~ "*microblaze*#0" && bscan=="USER2" }
rst -system
after 3000
targets -set -nocase -filter {name =~ "*microblaze*#0" && bscan=="USER2" }
dow C:/Users/tejasvissapragada/Documents/GitHub/cs153a/vitis/lab3b_vitis/lab3a_application/Debug/lab3a_application.elf
----------------End of Script----------------

17:11:00 INFO  : Context for processor 'microblaze_0' is selected.
17:11:00 INFO  : 'con' command is executed.
17:11:00 INFO  : ----------------XSDB Script (After Launch)----------------
targets -set -nocase -filter {name =~ "*microblaze*#0" && bscan=="USER2" }
con
----------------End of Script----------------

17:11:00 INFO  : Launch script is exported to file 'C:\Users\tejasvissapragada\Documents\GitHub\cs153a\vitis\lab3b_vitis\lab3a_system\_ide\scripts\debugger_lab3a_application-default.tcl'
17:11:47 INFO  : Checking for BSP changes to sync application flags for project 'lab3a_application'...
17:11:50 INFO  : Disconnected from the channel tcfchan#7.
17:11:51 INFO  : Connected to target on host '127.0.0.1' and port '3121'.
17:12:00 INFO  : ----------------XSDB Script----------------
connect -url tcp:127.0.0.1:3121
----------------End of Script----------------

17:12:00 ERROR : Could not find FPGA device on the board for connection 'Local'.


Troubleshooting hints:
1. Check whether board is connected to system properly.
2. In case of zynq board, check whether Digilent/Xilinx cable switch settings are correct.
3. If you are using Xilinx Platform Cable USB, ensure that status LED is green.
17:12:04 INFO  : Connected to target on host '127.0.0.1' and port '3121'.
17:12:04 INFO  : Jtag cable 'Digilent Nexys A7 -100T 210292BCFA48A' is selected.
17:12:04 INFO  : 'jtag frequency' command is executed.
17:12:04 INFO  : 'targets -set -filter {jtag_cable_name =~ "Digilent Nexys A7 -100T 210292BCFA48A" && level==0 && jtag_device_ctx=="jsn-Nexys A7 -100T-210292BCFA48A-13631093-0"}' command is executed.
17:12:06 INFO  : Device configured successfully with "C:/Users/tejasvissapragada/Documents/GitHub/cs153a/vitis/lab3b_vitis/lab3a_application/_ide/bitstream/design_1_wrapper.bit"
17:12:06 INFO  : Context for processor 'microblaze_0' is selected.
17:12:07 INFO  : Hardware design and registers information is loaded from 'C:/Users/tejasvissapragada/Documents/GitHub/cs153a/vitis/lab3b_vitis/lab3a_platform/export/lab3a_platform/hw/design_1_wrapper.xsa'.
17:12:07 INFO  : 'configparams mdm-detect-bscan-mask 2' command is executed.
17:12:07 INFO  : Context for processor 'microblaze_0' is selected.
17:12:07 INFO  : System reset is completed.
17:12:10 INFO  : 'after 3000' command is executed.
17:12:10 INFO  : Context for processor 'microblaze_0' is selected.
17:12:10 INFO  : The application 'C:/Users/tejasvissapragada/Documents/GitHub/cs153a/vitis/lab3b_vitis/lab3a_application/Debug/lab3a_application.elf' is downloaded to processor 'microblaze_0'.
17:12:10 INFO  : ----------------XSDB Script----------------
connect -url tcp:127.0.0.1:3121
targets -set -filter {jtag_cable_name =~ "Digilent Nexys A7 -100T 210292BCFA48A" && level==0 && jtag_device_ctx=="jsn-Nexys A7 -100T-210292BCFA48A-13631093-0"}
fpga -file C:/Users/tejasvissapragada/Documents/GitHub/cs153a/vitis/lab3b_vitis/lab3a_application/_ide/bitstream/design_1_wrapper.bit
targets -set -nocase -filter {name =~ "*microblaze*#0" && bscan=="USER2" }
loadhw -hw C:/Users/tejasvissapragada/Documents/GitHub/cs153a/vitis/lab3b_vitis/lab3a_platform/export/lab3a_platform/hw/design_1_wrapper.xsa -regs
configparams mdm-detect-bscan-mask 2
targets -set -nocase -filter {name =~ "*microblaze*#0" && bscan=="USER2" }
rst -system
after 3000
targets -set -nocase -filter {name =~ "*microblaze*#0" && bscan=="USER2" }
dow C:/Users/tejasvissapragada/Documents/GitHub/cs153a/vitis/lab3b_vitis/lab3a_application/Debug/lab3a_application.elf
----------------End of Script----------------

17:12:10 INFO  : Context for processor 'microblaze_0' is selected.
17:12:10 INFO  : 'con' command is executed.
17:12:10 INFO  : ----------------XSDB Script (After Launch)----------------
targets -set -nocase -filter {name =~ "*microblaze*#0" && bscan=="USER2" }
con
----------------End of Script----------------

17:12:10 INFO  : Launch script is exported to file 'C:\Users\tejasvissapragada\Documents\GitHub\cs153a\vitis\lab3b_vitis\lab3a_system\_ide\scripts\debugger_lab3a_application-default.tcl'
17:20:25 INFO  : Checking for BSP changes to sync application flags for project 'lab3a_application'...
17:20:30 INFO  : Disconnected from the channel tcfchan#8.
17:20:31 INFO  : Connected to target on host '127.0.0.1' and port '3121'.
17:20:40 INFO  : ----------------XSDB Script----------------
connect -url tcp:127.0.0.1:3121
----------------End of Script----------------

17:20:40 ERROR : Could not find FPGA device on the board for connection 'Local'.


Troubleshooting hints:
1. Check whether board is connected to system properly.
2. In case of zynq board, check whether Digilent/Xilinx cable switch settings are correct.
3. If you are using Xilinx Platform Cable USB, ensure that status LED is green.
17:20:57 INFO  : Connected to target on host '127.0.0.1' and port '3121'.
17:20:57 INFO  : Jtag cable 'Digilent Nexys A7 -100T 210292BCFA48A' is selected.
17:20:57 INFO  : 'jtag frequency' command is executed.
17:20:57 INFO  : 'targets -set -filter {jtag_cable_name =~ "Digilent Nexys A7 -100T 210292BCFA48A" && level==0 && jtag_device_ctx=="jsn-Nexys A7 -100T-210292BCFA48A-13631093-0"}' command is executed.
17:21:00 INFO  : Device configured successfully with "C:/Users/tejasvissapragada/Documents/GitHub/cs153a/vitis/lab3b_vitis/lab3a_application/_ide/bitstream/design_1_wrapper.bit"
17:21:00 INFO  : Context for processor 'microblaze_0' is selected.
17:21:00 INFO  : Hardware design and registers information is loaded from 'C:/Users/tejasvissapragada/Documents/GitHub/cs153a/vitis/lab3b_vitis/lab3a_platform/export/lab3a_platform/hw/design_1_wrapper.xsa'.
17:21:00 INFO  : 'configparams mdm-detect-bscan-mask 2' command is executed.
17:21:00 INFO  : Context for processor 'microblaze_0' is selected.
17:21:00 INFO  : System reset is completed.
17:21:03 INFO  : 'after 3000' command is executed.
17:21:03 INFO  : Context for processor 'microblaze_0' is selected.
17:21:04 INFO  : The application 'C:/Users/tejasvissapragada/Documents/GitHub/cs153a/vitis/lab3b_vitis/lab3a_application/Debug/lab3a_application.elf' is downloaded to processor 'microblaze_0'.
17:21:04 INFO  : ----------------XSDB Script----------------
connect -url tcp:127.0.0.1:3121
targets -set -filter {jtag_cable_name =~ "Digilent Nexys A7 -100T 210292BCFA48A" && level==0 && jtag_device_ctx=="jsn-Nexys A7 -100T-210292BCFA48A-13631093-0"}
fpga -file C:/Users/tejasvissapragada/Documents/GitHub/cs153a/vitis/lab3b_vitis/lab3a_application/_ide/bitstream/design_1_wrapper.bit
targets -set -nocase -filter {name =~ "*microblaze*#0" && bscan=="USER2" }
loadhw -hw C:/Users/tejasvissapragada/Documents/GitHub/cs153a/vitis/lab3b_vitis/lab3a_platform/export/lab3a_platform/hw/design_1_wrapper.xsa -regs
configparams mdm-detect-bscan-mask 2
targets -set -nocase -filter {name =~ "*microblaze*#0" && bscan=="USER2" }
rst -system
after 3000
targets -set -nocase -filter {name =~ "*microblaze*#0" && bscan=="USER2" }
dow C:/Users/tejasvissapragada/Documents/GitHub/cs153a/vitis/lab3b_vitis/lab3a_application/Debug/lab3a_application.elf
----------------End of Script----------------

17:21:04 INFO  : Context for processor 'microblaze_0' is selected.
17:21:04 INFO  : 'con' command is executed.
17:21:04 INFO  : ----------------XSDB Script (After Launch)----------------
targets -set -nocase -filter {name =~ "*microblaze*#0" && bscan=="USER2" }
con
----------------End of Script----------------

17:21:04 INFO  : Launch script is exported to file 'C:\Users\tejasvissapragada\Documents\GitHub\cs153a\vitis\lab3b_vitis\lab3a_system\_ide\scripts\debugger_lab3a_application-default.tcl'
17:22:37 INFO  : Checking for BSP changes to sync application flags for project 'lab3a_application'...
17:22:46 INFO  : Disconnected from the channel tcfchan#9.
17:22:47 INFO  : Connected to target on host '127.0.0.1' and port '3121'.
17:22:56 INFO  : ----------------XSDB Script----------------
connect -url tcp:127.0.0.1:3121
----------------End of Script----------------

17:22:56 ERROR : Could not find FPGA device on the board for connection 'Local'.


Troubleshooting hints:
1. Check whether board is connected to system properly.
2. In case of zynq board, check whether Digilent/Xilinx cable switch settings are correct.
3. If you are using Xilinx Platform Cable USB, ensure that status LED is green.
17:23:00 INFO  : Connected to target on host '127.0.0.1' and port '3121'.
17:23:00 INFO  : Jtag cable 'Digilent Nexys A7 -100T 210292BCFA48A' is selected.
17:23:00 INFO  : 'jtag frequency' command is executed.
17:23:00 INFO  : 'targets -set -filter {jtag_cable_name =~ "Digilent Nexys A7 -100T 210292BCFA48A" && level==0 && jtag_device_ctx=="jsn-Nexys A7 -100T-210292BCFA48A-13631093-0"}' command is executed.
17:23:03 INFO  : Device configured successfully with "C:/Users/tejasvissapragada/Documents/GitHub/cs153a/vitis/lab3b_vitis/lab3a_application/_ide/bitstream/design_1_wrapper.bit"
17:23:03 INFO  : Context for processor 'microblaze_0' is selected.
17:23:03 INFO  : Hardware design and registers information is loaded from 'C:/Users/tejasvissapragada/Documents/GitHub/cs153a/vitis/lab3b_vitis/lab3a_platform/export/lab3a_platform/hw/design_1_wrapper.xsa'.
17:23:03 INFO  : 'configparams mdm-detect-bscan-mask 2' command is executed.
17:23:03 INFO  : Context for processor 'microblaze_0' is selected.
17:23:03 INFO  : System reset is completed.
17:23:06 INFO  : 'after 3000' command is executed.
17:23:06 INFO  : Context for processor 'microblaze_0' is selected.
17:23:07 INFO  : The application 'C:/Users/tejasvissapragada/Documents/GitHub/cs153a/vitis/lab3b_vitis/lab3a_application/Debug/lab3a_application.elf' is downloaded to processor 'microblaze_0'.
17:23:07 INFO  : ----------------XSDB Script----------------
connect -url tcp:127.0.0.1:3121
targets -set -filter {jtag_cable_name =~ "Digilent Nexys A7 -100T 210292BCFA48A" && level==0 && jtag_device_ctx=="jsn-Nexys A7 -100T-210292BCFA48A-13631093-0"}
fpga -file C:/Users/tejasvissapragada/Documents/GitHub/cs153a/vitis/lab3b_vitis/lab3a_application/_ide/bitstream/design_1_wrapper.bit
targets -set -nocase -filter {name =~ "*microblaze*#0" && bscan=="USER2" }
loadhw -hw C:/Users/tejasvissapragada/Documents/GitHub/cs153a/vitis/lab3b_vitis/lab3a_platform/export/lab3a_platform/hw/design_1_wrapper.xsa -regs
configparams mdm-detect-bscan-mask 2
targets -set -nocase -filter {name =~ "*microblaze*#0" && bscan=="USER2" }
rst -system
after 3000
targets -set -nocase -filter {name =~ "*microblaze*#0" && bscan=="USER2" }
dow C:/Users/tejasvissapragada/Documents/GitHub/cs153a/vitis/lab3b_vitis/lab3a_application/Debug/lab3a_application.elf
----------------End of Script----------------

17:23:07 INFO  : Context for processor 'microblaze_0' is selected.
17:23:07 INFO  : 'con' command is executed.
17:23:07 INFO  : ----------------XSDB Script (After Launch)----------------
targets -set -nocase -filter {name =~ "*microblaze*#0" && bscan=="USER2" }
con
----------------End of Script----------------

17:23:07 INFO  : Launch script is exported to file 'C:\Users\tejasvissapragada\Documents\GitHub\cs153a\vitis\lab3b_vitis\lab3a_system\_ide\scripts\debugger_lab3a_application-default.tcl'
17:25:51 INFO  : Checking for BSP changes to sync application flags for project 'lab3a_application'...
17:25:56 INFO  : Disconnected from the channel tcfchan#10.
17:25:57 INFO  : Connected to target on host '127.0.0.1' and port '3121'.
17:25:57 INFO  : Jtag cable 'Digilent Nexys A7 -100T 210292BCFA48A' is selected.
17:25:57 INFO  : 'jtag frequency' command is executed.
17:25:57 INFO  : 'targets -set -filter {jtag_cable_name =~ "Digilent Nexys A7 -100T 210292BCFA48A" && level==0 && jtag_device_ctx=="jsn-Nexys A7 -100T-210292BCFA48A-13631093-0"}' command is executed.
17:25:59 INFO  : Device configured successfully with "C:/Users/tejasvissapragada/Documents/GitHub/cs153a/vitis/lab3b_vitis/lab3a_application/_ide/bitstream/design_1_wrapper.bit"
17:25:59 INFO  : Context for processor 'microblaze_0' is selected.
17:26:00 INFO  : Hardware design and registers information is loaded from 'C:/Users/tejasvissapragada/Documents/GitHub/cs153a/vitis/lab3b_vitis/lab3a_platform/export/lab3a_platform/hw/design_1_wrapper.xsa'.
17:26:00 INFO  : 'configparams mdm-detect-bscan-mask 2' command is executed.
17:26:00 INFO  : Context for processor 'microblaze_0' is selected.
17:26:00 INFO  : System reset is completed.
17:26:03 INFO  : 'after 3000' command is executed.
17:26:03 INFO  : Context for processor 'microblaze_0' is selected.
17:26:03 INFO  : The application 'C:/Users/tejasvissapragada/Documents/GitHub/cs153a/vitis/lab3b_vitis/lab3a_application/Debug/lab3a_application.elf' is downloaded to processor 'microblaze_0'.
17:26:03 INFO  : ----------------XSDB Script----------------
connect -url tcp:127.0.0.1:3121
targets -set -filter {jtag_cable_name =~ "Digilent Nexys A7 -100T 210292BCFA48A" && level==0 && jtag_device_ctx=="jsn-Nexys A7 -100T-210292BCFA48A-13631093-0"}
fpga -file C:/Users/tejasvissapragada/Documents/GitHub/cs153a/vitis/lab3b_vitis/lab3a_application/_ide/bitstream/design_1_wrapper.bit
targets -set -nocase -filter {name =~ "*microblaze*#0" && bscan=="USER2" }
loadhw -hw C:/Users/tejasvissapragada/Documents/GitHub/cs153a/vitis/lab3b_vitis/lab3a_platform/export/lab3a_platform/hw/design_1_wrapper.xsa -regs
configparams mdm-detect-bscan-mask 2
targets -set -nocase -filter {name =~ "*microblaze*#0" && bscan=="USER2" }
rst -system
after 3000
targets -set -nocase -filter {name =~ "*microblaze*#0" && bscan=="USER2" }
dow C:/Users/tejasvissapragada/Documents/GitHub/cs153a/vitis/lab3b_vitis/lab3a_application/Debug/lab3a_application.elf
----------------End of Script----------------

17:26:03 INFO  : Context for processor 'microblaze_0' is selected.
17:26:03 INFO  : 'con' command is executed.
17:26:03 INFO  : ----------------XSDB Script (After Launch)----------------
targets -set -nocase -filter {name =~ "*microblaze*#0" && bscan=="USER2" }
con
----------------End of Script----------------

17:26:03 INFO  : Launch script is exported to file 'C:\Users\tejasvissapragada\Documents\GitHub\cs153a\vitis\lab3b_vitis\lab3a_system\_ide\scripts\debugger_lab3a_application-default.tcl'
17:38:26 INFO  : Checking for BSP changes to sync application flags for project 'lab3a_application'...
17:38:30 INFO  : Disconnected from the channel tcfchan#11.
17:38:31 INFO  : Connected to target on host '127.0.0.1' and port '3121'.
17:38:32 INFO  : Jtag cable 'Digilent Nexys A7 -100T 210292BCFA48A' is selected.
17:38:32 INFO  : 'jtag frequency' command is executed.
17:38:32 INFO  : 'targets -set -filter {jtag_cable_name =~ "Digilent Nexys A7 -100T 210292BCFA48A" && level==0 && jtag_device_ctx=="jsn-Nexys A7 -100T-210292BCFA48A-13631093-0"}' command is executed.
17:38:34 INFO  : Device configured successfully with "C:/Users/tejasvissapragada/Documents/GitHub/cs153a/vitis/lab3b_vitis/lab3a_application/_ide/bitstream/design_1_wrapper.bit"
17:38:34 INFO  : Context for processor 'microblaze_0' is selected.
17:38:35 INFO  : Hardware design and registers information is loaded from 'C:/Users/tejasvissapragada/Documents/GitHub/cs153a/vitis/lab3b_vitis/lab3a_platform/export/lab3a_platform/hw/design_1_wrapper.xsa'.
17:38:35 INFO  : 'configparams mdm-detect-bscan-mask 2' command is executed.
17:38:35 INFO  : Context for processor 'microblaze_0' is selected.
17:38:35 INFO  : System reset is completed.
17:38:38 INFO  : 'after 3000' command is executed.
17:38:38 INFO  : Context for processor 'microblaze_0' is selected.
17:38:38 INFO  : The application 'C:/Users/tejasvissapragada/Documents/GitHub/cs153a/vitis/lab3b_vitis/lab3a_application/Debug/lab3a_application.elf' is downloaded to processor 'microblaze_0'.
17:38:38 INFO  : ----------------XSDB Script----------------
connect -url tcp:127.0.0.1:3121
targets -set -filter {jtag_cable_name =~ "Digilent Nexys A7 -100T 210292BCFA48A" && level==0 && jtag_device_ctx=="jsn-Nexys A7 -100T-210292BCFA48A-13631093-0"}
fpga -file C:/Users/tejasvissapragada/Documents/GitHub/cs153a/vitis/lab3b_vitis/lab3a_application/_ide/bitstream/design_1_wrapper.bit
targets -set -nocase -filter {name =~ "*microblaze*#0" && bscan=="USER2" }
loadhw -hw C:/Users/tejasvissapragada/Documents/GitHub/cs153a/vitis/lab3b_vitis/lab3a_platform/export/lab3a_platform/hw/design_1_wrapper.xsa -regs
configparams mdm-detect-bscan-mask 2
targets -set -nocase -filter {name =~ "*microblaze*#0" && bscan=="USER2" }
rst -system
after 3000
targets -set -nocase -filter {name =~ "*microblaze*#0" && bscan=="USER2" }
dow C:/Users/tejasvissapragada/Documents/GitHub/cs153a/vitis/lab3b_vitis/lab3a_application/Debug/lab3a_application.elf
----------------End of Script----------------

17:38:38 INFO  : Context for processor 'microblaze_0' is selected.
17:38:38 INFO  : 'con' command is executed.
17:38:38 INFO  : ----------------XSDB Script (After Launch)----------------
targets -set -nocase -filter {name =~ "*microblaze*#0" && bscan=="USER2" }
con
----------------End of Script----------------

17:38:38 INFO  : Launch script is exported to file 'C:\Users\tejasvissapragada\Documents\GitHub\cs153a\vitis\lab3b_vitis\lab3a_system\_ide\scripts\debugger_lab3a_application-default.tcl'
17:40:58 INFO  : Checking for BSP changes to sync application flags for project 'lab3a_application'...
17:41:02 INFO  : Disconnected from the channel tcfchan#12.
17:41:03 INFO  : Connected to target on host '127.0.0.1' and port '3121'.
17:41:12 INFO  : ----------------XSDB Script----------------
connect -url tcp:127.0.0.1:3121
----------------End of Script----------------

17:41:12 ERROR : Could not find FPGA device on the board for connection 'Local'.


Troubleshooting hints:
1. Check whether board is connected to system properly.
2. In case of zynq board, check whether Digilent/Xilinx cable switch settings are correct.
3. If you are using Xilinx Platform Cable USB, ensure that status LED is green.
17:41:16 INFO  : Connected to target on host '127.0.0.1' and port '3121'.
17:41:16 INFO  : Jtag cable 'Digilent Nexys A7 -100T 210292BCFA48A' is selected.
17:41:16 INFO  : 'jtag frequency' command is executed.
17:41:16 INFO  : 'targets -set -filter {jtag_cable_name =~ "Digilent Nexys A7 -100T 210292BCFA48A" && level==0 && jtag_device_ctx=="jsn-Nexys A7 -100T-210292BCFA48A-13631093-0"}' command is executed.
17:41:18 INFO  : Device configured successfully with "C:/Users/tejasvissapragada/Documents/GitHub/cs153a/vitis/lab3b_vitis/lab3a_application/_ide/bitstream/design_1_wrapper.bit"
17:41:18 INFO  : Context for processor 'microblaze_0' is selected.
17:41:19 INFO  : Hardware design and registers information is loaded from 'C:/Users/tejasvissapragada/Documents/GitHub/cs153a/vitis/lab3b_vitis/lab3a_platform/export/lab3a_platform/hw/design_1_wrapper.xsa'.
17:41:19 INFO  : 'configparams mdm-detect-bscan-mask 2' command is executed.
17:41:19 INFO  : Context for processor 'microblaze_0' is selected.
17:41:19 INFO  : System reset is completed.
17:41:22 INFO  : 'after 3000' command is executed.
17:41:22 INFO  : Context for processor 'microblaze_0' is selected.
17:41:22 INFO  : The application 'C:/Users/tejasvissapragada/Documents/GitHub/cs153a/vitis/lab3b_vitis/lab3a_application/Debug/lab3a_application.elf' is downloaded to processor 'microblaze_0'.
17:41:22 INFO  : ----------------XSDB Script----------------
connect -url tcp:127.0.0.1:3121
targets -set -filter {jtag_cable_name =~ "Digilent Nexys A7 -100T 210292BCFA48A" && level==0 && jtag_device_ctx=="jsn-Nexys A7 -100T-210292BCFA48A-13631093-0"}
fpga -file C:/Users/tejasvissapragada/Documents/GitHub/cs153a/vitis/lab3b_vitis/lab3a_application/_ide/bitstream/design_1_wrapper.bit
targets -set -nocase -filter {name =~ "*microblaze*#0" && bscan=="USER2" }
loadhw -hw C:/Users/tejasvissapragada/Documents/GitHub/cs153a/vitis/lab3b_vitis/lab3a_platform/export/lab3a_platform/hw/design_1_wrapper.xsa -regs
configparams mdm-detect-bscan-mask 2
targets -set -nocase -filter {name =~ "*microblaze*#0" && bscan=="USER2" }
rst -system
after 3000
targets -set -nocase -filter {name =~ "*microblaze*#0" && bscan=="USER2" }
dow C:/Users/tejasvissapragada/Documents/GitHub/cs153a/vitis/lab3b_vitis/lab3a_application/Debug/lab3a_application.elf
----------------End of Script----------------

17:41:22 INFO  : Context for processor 'microblaze_0' is selected.
17:41:22 INFO  : 'con' command is executed.
17:41:22 INFO  : ----------------XSDB Script (After Launch)----------------
targets -set -nocase -filter {name =~ "*microblaze*#0" && bscan=="USER2" }
con
----------------End of Script----------------

17:41:22 INFO  : Launch script is exported to file 'C:\Users\tejasvissapragada\Documents\GitHub\cs153a\vitis\lab3b_vitis\lab3a_system\_ide\scripts\debugger_lab3a_application-default.tcl'
17:44:23 INFO  : Checking for BSP changes to sync application flags for project 'lab3a_application'...
17:44:27 INFO  : Disconnected from the channel tcfchan#13.
17:44:28 INFO  : Connected to target on host '127.0.0.1' and port '3121'.
17:44:37 INFO  : ----------------XSDB Script----------------
connect -url tcp:127.0.0.1:3121
----------------End of Script----------------

17:44:37 ERROR : Could not find FPGA device on the board for connection 'Local'.


Troubleshooting hints:
1. Check whether board is connected to system properly.
2. In case of zynq board, check whether Digilent/Xilinx cable switch settings are correct.
3. If you are using Xilinx Platform Cable USB, ensure that status LED is green.
17:44:40 INFO  : Connected to target on host '127.0.0.1' and port '3121'.
17:44:40 INFO  : Jtag cable 'Digilent Nexys A7 -100T 210292BCFA48A' is selected.
17:44:40 INFO  : 'jtag frequency' command is executed.
17:44:40 INFO  : 'targets -set -filter {jtag_cable_name =~ "Digilent Nexys A7 -100T 210292BCFA48A" && level==0 && jtag_device_ctx=="jsn-Nexys A7 -100T-210292BCFA48A-13631093-0"}' command is executed.
17:44:42 INFO  : Device configured successfully with "C:/Users/tejasvissapragada/Documents/GitHub/cs153a/vitis/lab3b_vitis/lab3a_application/_ide/bitstream/design_1_wrapper.bit"
17:44:42 INFO  : Context for processor 'microblaze_0' is selected.
17:44:43 INFO  : Hardware design and registers information is loaded from 'C:/Users/tejasvissapragada/Documents/GitHub/cs153a/vitis/lab3b_vitis/lab3a_platform/export/lab3a_platform/hw/design_1_wrapper.xsa'.
17:44:43 INFO  : 'configparams mdm-detect-bscan-mask 2' command is executed.
17:44:43 INFO  : Context for processor 'microblaze_0' is selected.
17:44:43 INFO  : System reset is completed.
17:44:46 INFO  : 'after 3000' command is executed.
17:44:46 INFO  : Context for processor 'microblaze_0' is selected.
17:44:46 INFO  : The application 'C:/Users/tejasvissapragada/Documents/GitHub/cs153a/vitis/lab3b_vitis/lab3a_application/Debug/lab3a_application.elf' is downloaded to processor 'microblaze_0'.
17:44:46 INFO  : ----------------XSDB Script----------------
connect -url tcp:127.0.0.1:3121
targets -set -filter {jtag_cable_name =~ "Digilent Nexys A7 -100T 210292BCFA48A" && level==0 && jtag_device_ctx=="jsn-Nexys A7 -100T-210292BCFA48A-13631093-0"}
fpga -file C:/Users/tejasvissapragada/Documents/GitHub/cs153a/vitis/lab3b_vitis/lab3a_application/_ide/bitstream/design_1_wrapper.bit
targets -set -nocase -filter {name =~ "*microblaze*#0" && bscan=="USER2" }
loadhw -hw C:/Users/tejasvissapragada/Documents/GitHub/cs153a/vitis/lab3b_vitis/lab3a_platform/export/lab3a_platform/hw/design_1_wrapper.xsa -regs
configparams mdm-detect-bscan-mask 2
targets -set -nocase -filter {name =~ "*microblaze*#0" && bscan=="USER2" }
rst -system
after 3000
targets -set -nocase -filter {name =~ "*microblaze*#0" && bscan=="USER2" }
dow C:/Users/tejasvissapragada/Documents/GitHub/cs153a/vitis/lab3b_vitis/lab3a_application/Debug/lab3a_application.elf
----------------End of Script----------------

17:44:46 INFO  : Context for processor 'microblaze_0' is selected.
17:44:46 INFO  : 'con' command is executed.
17:44:46 INFO  : ----------------XSDB Script (After Launch)----------------
targets -set -nocase -filter {name =~ "*microblaze*#0" && bscan=="USER2" }
con
----------------End of Script----------------

17:44:46 INFO  : Launch script is exported to file 'C:\Users\tejasvissapragada\Documents\GitHub\cs153a\vitis\lab3b_vitis\lab3a_system\_ide\scripts\debugger_lab3a_application-default.tcl'
17:49:44 INFO  : Checking for BSP changes to sync application flags for project 'lab3a_application'...
17:49:56 INFO  : Disconnected from the channel tcfchan#14.
17:49:57 INFO  : Connected to target on host '127.0.0.1' and port '3121'.
17:49:57 INFO  : Jtag cable 'Digilent Nexys A7 -100T 210292BCFA48A' is selected.
17:49:57 INFO  : 'jtag frequency' command is executed.
17:49:57 INFO  : 'targets -set -filter {jtag_cable_name =~ "Digilent Nexys A7 -100T 210292BCFA48A" && level==0 && jtag_device_ctx=="jsn-Nexys A7 -100T-210292BCFA48A-13631093-0"}' command is executed.
17:49:59 INFO  : Device configured successfully with "C:/Users/tejasvissapragada/Documents/GitHub/cs153a/vitis/lab3b_vitis/lab3a_application/_ide/bitstream/design_1_wrapper.bit"
17:49:59 INFO  : Context for processor 'microblaze_0' is selected.
17:50:00 INFO  : Hardware design and registers information is loaded from 'C:/Users/tejasvissapragada/Documents/GitHub/cs153a/vitis/lab3b_vitis/lab3a_platform/export/lab3a_platform/hw/design_1_wrapper.xsa'.
17:50:00 INFO  : 'configparams mdm-detect-bscan-mask 2' command is executed.
17:50:00 INFO  : Context for processor 'microblaze_0' is selected.
17:50:00 INFO  : System reset is completed.
17:50:03 INFO  : 'after 3000' command is executed.
17:50:03 INFO  : Context for processor 'microblaze_0' is selected.
17:50:04 INFO  : The application 'C:/Users/tejasvissapragada/Documents/GitHub/cs153a/vitis/lab3b_vitis/lab3a_application/Debug/lab3a_application.elf' is downloaded to processor 'microblaze_0'.
17:50:04 INFO  : ----------------XSDB Script----------------
connect -url tcp:127.0.0.1:3121
targets -set -filter {jtag_cable_name =~ "Digilent Nexys A7 -100T 210292BCFA48A" && level==0 && jtag_device_ctx=="jsn-Nexys A7 -100T-210292BCFA48A-13631093-0"}
fpga -file C:/Users/tejasvissapragada/Documents/GitHub/cs153a/vitis/lab3b_vitis/lab3a_application/_ide/bitstream/design_1_wrapper.bit
targets -set -nocase -filter {name =~ "*microblaze*#0" && bscan=="USER2" }
loadhw -hw C:/Users/tejasvissapragada/Documents/GitHub/cs153a/vitis/lab3b_vitis/lab3a_platform/export/lab3a_platform/hw/design_1_wrapper.xsa -regs
configparams mdm-detect-bscan-mask 2
targets -set -nocase -filter {name =~ "*microblaze*#0" && bscan=="USER2" }
rst -system
after 3000
targets -set -nocase -filter {name =~ "*microblaze*#0" && bscan=="USER2" }
dow C:/Users/tejasvissapragada/Documents/GitHub/cs153a/vitis/lab3b_vitis/lab3a_application/Debug/lab3a_application.elf
----------------End of Script----------------

17:50:04 INFO  : Context for processor 'microblaze_0' is selected.
17:50:04 INFO  : 'con' command is executed.
17:50:04 INFO  : ----------------XSDB Script (After Launch)----------------
targets -set -nocase -filter {name =~ "*microblaze*#0" && bscan=="USER2" }
con
----------------End of Script----------------

17:50:04 INFO  : Launch script is exported to file 'C:\Users\tejasvissapragada\Documents\GitHub\cs153a\vitis\lab3b_vitis\lab3a_system\_ide\scripts\debugger_lab3a_application-default.tcl'
17:52:26 INFO  : Checking for BSP changes to sync application flags for project 'lab3a_application'...
17:52:48 INFO  : Disconnected from the channel tcfchan#15.
17:52:49 INFO  : Connected to target on host '127.0.0.1' and port '3121'.
17:52:58 INFO  : ----------------XSDB Script----------------
connect -url tcp:127.0.0.1:3121
----------------End of Script----------------

17:52:58 ERROR : Could not find FPGA device on the board for connection 'Local'.


Troubleshooting hints:
1. Check whether board is connected to system properly.
2. In case of zynq board, check whether Digilent/Xilinx cable switch settings are correct.
3. If you are using Xilinx Platform Cable USB, ensure that status LED is green.
17:53:02 INFO  : Connected to target on host '127.0.0.1' and port '3121'.
17:53:03 INFO  : Jtag cable 'Digilent Nexys A7 -100T 210292BCFA48A' is selected.
17:53:03 INFO  : 'jtag frequency' command is executed.
17:53:03 INFO  : 'targets -set -filter {jtag_cable_name =~ "Digilent Nexys A7 -100T 210292BCFA48A" && level==0 && jtag_device_ctx=="jsn-Nexys A7 -100T-210292BCFA48A-13631093-0"}' command is executed.
17:53:05 INFO  : Device configured successfully with "C:/Users/tejasvissapragada/Documents/GitHub/cs153a/vitis/lab3b_vitis/lab3a_application/_ide/bitstream/design_1_wrapper.bit"
17:53:05 INFO  : Context for processor 'microblaze_0' is selected.
17:53:06 INFO  : Hardware design and registers information is loaded from 'C:/Users/tejasvissapragada/Documents/GitHub/cs153a/vitis/lab3b_vitis/lab3a_platform/export/lab3a_platform/hw/design_1_wrapper.xsa'.
17:53:06 INFO  : 'configparams mdm-detect-bscan-mask 2' command is executed.
17:53:06 INFO  : Context for processor 'microblaze_0' is selected.
17:53:06 INFO  : System reset is completed.
17:53:09 INFO  : 'after 3000' command is executed.
17:53:09 INFO  : Context for processor 'microblaze_0' is selected.
17:53:09 INFO  : The application 'C:/Users/tejasvissapragada/Documents/GitHub/cs153a/vitis/lab3b_vitis/lab3a_application/Debug/lab3a_application.elf' is downloaded to processor 'microblaze_0'.
17:53:09 INFO  : ----------------XSDB Script----------------
connect -url tcp:127.0.0.1:3121
targets -set -filter {jtag_cable_name =~ "Digilent Nexys A7 -100T 210292BCFA48A" && level==0 && jtag_device_ctx=="jsn-Nexys A7 -100T-210292BCFA48A-13631093-0"}
fpga -file C:/Users/tejasvissapragada/Documents/GitHub/cs153a/vitis/lab3b_vitis/lab3a_application/_ide/bitstream/design_1_wrapper.bit
targets -set -nocase -filter {name =~ "*microblaze*#0" && bscan=="USER2" }
loadhw -hw C:/Users/tejasvissapragada/Documents/GitHub/cs153a/vitis/lab3b_vitis/lab3a_platform/export/lab3a_platform/hw/design_1_wrapper.xsa -regs
configparams mdm-detect-bscan-mask 2
targets -set -nocase -filter {name =~ "*microblaze*#0" && bscan=="USER2" }
rst -system
after 3000
targets -set -nocase -filter {name =~ "*microblaze*#0" && bscan=="USER2" }
dow C:/Users/tejasvissapragada/Documents/GitHub/cs153a/vitis/lab3b_vitis/lab3a_application/Debug/lab3a_application.elf
----------------End of Script----------------

17:53:09 INFO  : Context for processor 'microblaze_0' is selected.
17:53:09 INFO  : 'con' command is executed.
17:53:09 INFO  : ----------------XSDB Script (After Launch)----------------
targets -set -nocase -filter {name =~ "*microblaze*#0" && bscan=="USER2" }
con
----------------End of Script----------------

17:53:09 INFO  : Launch script is exported to file 'C:\Users\tejasvissapragada\Documents\GitHub\cs153a\vitis\lab3b_vitis\lab3a_system\_ide\scripts\debugger_lab3a_application-default.tcl'
17:53:58 INFO  : Checking for BSP changes to sync application flags for project 'lab3a_application'...
17:54:18 INFO  : Disconnected from the channel tcfchan#16.
17:54:19 INFO  : Connected to target on host '127.0.0.1' and port '3121'.
17:54:28 INFO  : ----------------XSDB Script----------------
connect -url tcp:127.0.0.1:3121
----------------End of Script----------------

17:54:28 ERROR : Could not find FPGA device on the board for connection 'Local'.


Troubleshooting hints:
1. Check whether board is connected to system properly.
2. In case of zynq board, check whether Digilent/Xilinx cable switch settings are correct.
3. If you are using Xilinx Platform Cable USB, ensure that status LED is green.
17:56:04 INFO  : Connected to target on host '127.0.0.1' and port '3121'.
17:56:04 INFO  : Jtag cable 'Digilent Nexys A7 -100T 210292BCFA48A' is selected.
17:56:04 INFO  : 'jtag frequency' command is executed.
17:56:05 INFO  : 'targets -set -filter {jtag_cable_name =~ "Digilent Nexys A7 -100T 210292BCFA48A" && level==0 && jtag_device_ctx=="jsn-Nexys A7 -100T-210292BCFA48A-13631093-0"}' command is executed.
17:56:07 INFO  : Device configured successfully with "C:/Users/tejasvissapragada/Documents/GitHub/cs153a/vitis/lab3b_vitis/lab3a_application/_ide/bitstream/design_1_wrapper.bit"
17:56:07 INFO  : Context for processor 'microblaze_0' is selected.
17:56:08 INFO  : Hardware design and registers information is loaded from 'C:/Users/tejasvissapragada/Documents/GitHub/cs153a/vitis/lab3b_vitis/lab3a_platform/export/lab3a_platform/hw/design_1_wrapper.xsa'.
17:56:08 INFO  : 'configparams mdm-detect-bscan-mask 2' command is executed.
17:56:08 INFO  : Context for processor 'microblaze_0' is selected.
17:56:08 INFO  : System reset is completed.
17:56:11 INFO  : 'after 3000' command is executed.
17:56:11 INFO  : Context for processor 'microblaze_0' is selected.
17:56:11 INFO  : The application 'C:/Users/tejasvissapragada/Documents/GitHub/cs153a/vitis/lab3b_vitis/lab3a_application/Debug/lab3a_application.elf' is downloaded to processor 'microblaze_0'.
17:56:11 INFO  : ----------------XSDB Script----------------
connect -url tcp:127.0.0.1:3121
targets -set -filter {jtag_cable_name =~ "Digilent Nexys A7 -100T 210292BCFA48A" && level==0 && jtag_device_ctx=="jsn-Nexys A7 -100T-210292BCFA48A-13631093-0"}
fpga -file C:/Users/tejasvissapragada/Documents/GitHub/cs153a/vitis/lab3b_vitis/lab3a_application/_ide/bitstream/design_1_wrapper.bit
targets -set -nocase -filter {name =~ "*microblaze*#0" && bscan=="USER2" }
loadhw -hw C:/Users/tejasvissapragada/Documents/GitHub/cs153a/vitis/lab3b_vitis/lab3a_platform/export/lab3a_platform/hw/design_1_wrapper.xsa -regs
configparams mdm-detect-bscan-mask 2
targets -set -nocase -filter {name =~ "*microblaze*#0" && bscan=="USER2" }
rst -system
after 3000
targets -set -nocase -filter {name =~ "*microblaze*#0" && bscan=="USER2" }
dow C:/Users/tejasvissapragada/Documents/GitHub/cs153a/vitis/lab3b_vitis/lab3a_application/Debug/lab3a_application.elf
----------------End of Script----------------

17:56:11 INFO  : Context for processor 'microblaze_0' is selected.
17:56:11 INFO  : 'con' command is executed.
17:56:11 INFO  : ----------------XSDB Script (After Launch)----------------
targets -set -nocase -filter {name =~ "*microblaze*#0" && bscan=="USER2" }
con
----------------End of Script----------------

17:56:11 INFO  : Launch script is exported to file 'C:\Users\tejasvissapragada\Documents\GitHub\cs153a\vitis\lab3b_vitis\lab3a_system\_ide\scripts\debugger_lab3a_application-default.tcl'
18:20:56 INFO  : Checking for BSP changes to sync application flags for project 'lab3a_application'...
18:21:07 INFO  : Disconnected from the channel tcfchan#17.
18:21:08 INFO  : Connected to target on host '127.0.0.1' and port '3121'.
18:21:17 INFO  : ----------------XSDB Script----------------
connect -url tcp:127.0.0.1:3121
----------------End of Script----------------

18:21:17 ERROR : Could not find FPGA device on the board for connection 'Local'.


Troubleshooting hints:
1. Check whether board is connected to system properly.
2. In case of zynq board, check whether Digilent/Xilinx cable switch settings are correct.
3. If you are using Xilinx Platform Cable USB, ensure that status LED is green.
18:21:20 INFO  : Connected to target on host '127.0.0.1' and port '3121'.
18:21:20 INFO  : Jtag cable 'Digilent Nexys A7 -100T 210292BCFA48A' is selected.
18:21:20 INFO  : 'jtag frequency' command is executed.
18:21:20 INFO  : 'targets -set -filter {jtag_cable_name =~ "Digilent Nexys A7 -100T 210292BCFA48A" && level==0 && jtag_device_ctx=="jsn-Nexys A7 -100T-210292BCFA48A-13631093-0"}' command is executed.
18:21:23 INFO  : Device configured successfully with "C:/Users/tejasvissapragada/Documents/GitHub/cs153a/vitis/lab3b_vitis/lab3a_application/_ide/bitstream/design_1_wrapper.bit"
18:21:23 INFO  : Context for processor 'microblaze_0' is selected.
18:21:23 INFO  : Hardware design and registers information is loaded from 'C:/Users/tejasvissapragada/Documents/GitHub/cs153a/vitis/lab3b_vitis/lab3a_platform/export/lab3a_platform/hw/design_1_wrapper.xsa'.
18:21:23 INFO  : 'configparams mdm-detect-bscan-mask 2' command is executed.
18:21:23 INFO  : Context for processor 'microblaze_0' is selected.
18:21:23 INFO  : System reset is completed.
18:21:27 INFO  : 'after 3000' command is executed.
18:21:27 INFO  : Context for processor 'microblaze_0' is selected.
18:21:27 INFO  : The application 'C:/Users/tejasvissapragada/Documents/GitHub/cs153a/vitis/lab3b_vitis/lab3a_application/Debug/lab3a_application.elf' is downloaded to processor 'microblaze_0'.
18:21:27 INFO  : ----------------XSDB Script----------------
connect -url tcp:127.0.0.1:3121
targets -set -filter {jtag_cable_name =~ "Digilent Nexys A7 -100T 210292BCFA48A" && level==0 && jtag_device_ctx=="jsn-Nexys A7 -100T-210292BCFA48A-13631093-0"}
fpga -file C:/Users/tejasvissapragada/Documents/GitHub/cs153a/vitis/lab3b_vitis/lab3a_application/_ide/bitstream/design_1_wrapper.bit
targets -set -nocase -filter {name =~ "*microblaze*#0" && bscan=="USER2" }
loadhw -hw C:/Users/tejasvissapragada/Documents/GitHub/cs153a/vitis/lab3b_vitis/lab3a_platform/export/lab3a_platform/hw/design_1_wrapper.xsa -regs
configparams mdm-detect-bscan-mask 2
targets -set -nocase -filter {name =~ "*microblaze*#0" && bscan=="USER2" }
rst -system
after 3000
targets -set -nocase -filter {name =~ "*microblaze*#0" && bscan=="USER2" }
dow C:/Users/tejasvissapragada/Documents/GitHub/cs153a/vitis/lab3b_vitis/lab3a_application/Debug/lab3a_application.elf
----------------End of Script----------------

18:21:27 INFO  : Context for processor 'microblaze_0' is selected.
18:21:27 INFO  : 'con' command is executed.
18:21:27 INFO  : ----------------XSDB Script (After Launch)----------------
targets -set -nocase -filter {name =~ "*microblaze*#0" && bscan=="USER2" }
con
----------------End of Script----------------

18:21:27 INFO  : Launch script is exported to file 'C:\Users\tejasvissapragada\Documents\GitHub\cs153a\vitis\lab3b_vitis\lab3a_system\_ide\scripts\debugger_lab3a_application-default.tcl'
18:24:01 INFO  : Checking for BSP changes to sync application flags for project 'lab3a_application'...
18:24:04 INFO  : Disconnected from the channel tcfchan#18.
18:24:05 INFO  : Connected to target on host '127.0.0.1' and port '3121'.
18:24:14 INFO  : ----------------XSDB Script----------------
connect -url tcp:127.0.0.1:3121
----------------End of Script----------------

18:24:14 ERROR : Could not find FPGA device on the board for connection 'Local'.


Troubleshooting hints:
1. Check whether board is connected to system properly.
2. In case of zynq board, check whether Digilent/Xilinx cable switch settings are correct.
3. If you are using Xilinx Platform Cable USB, ensure that status LED is green.
18:24:18 INFO  : Connected to target on host '127.0.0.1' and port '3121'.
18:24:18 INFO  : Jtag cable 'Digilent Nexys A7 -100T 210292BCFA48A' is selected.
18:24:18 INFO  : 'jtag frequency' command is executed.
18:24:19 INFO  : 'targets -set -filter {jtag_cable_name =~ "Digilent Nexys A7 -100T 210292BCFA48A" && level==0 && jtag_device_ctx=="jsn-Nexys A7 -100T-210292BCFA48A-13631093-0"}' command is executed.
18:24:21 INFO  : Device configured successfully with "C:/Users/tejasvissapragada/Documents/GitHub/cs153a/vitis/lab3b_vitis/lab3a_application/_ide/bitstream/design_1_wrapper.bit"
18:24:21 INFO  : Context for processor 'microblaze_0' is selected.
18:24:22 INFO  : Hardware design and registers information is loaded from 'C:/Users/tejasvissapragada/Documents/GitHub/cs153a/vitis/lab3b_vitis/lab3a_platform/export/lab3a_platform/hw/design_1_wrapper.xsa'.
18:24:22 INFO  : 'configparams mdm-detect-bscan-mask 2' command is executed.
18:24:22 INFO  : Context for processor 'microblaze_0' is selected.
18:24:22 INFO  : System reset is completed.
18:24:25 INFO  : 'after 3000' command is executed.
18:24:25 INFO  : Context for processor 'microblaze_0' is selected.
18:24:25 INFO  : The application 'C:/Users/tejasvissapragada/Documents/GitHub/cs153a/vitis/lab3b_vitis/lab3a_application/Debug/lab3a_application.elf' is downloaded to processor 'microblaze_0'.
18:24:25 INFO  : ----------------XSDB Script----------------
connect -url tcp:127.0.0.1:3121
targets -set -filter {jtag_cable_name =~ "Digilent Nexys A7 -100T 210292BCFA48A" && level==0 && jtag_device_ctx=="jsn-Nexys A7 -100T-210292BCFA48A-13631093-0"}
fpga -file C:/Users/tejasvissapragada/Documents/GitHub/cs153a/vitis/lab3b_vitis/lab3a_application/_ide/bitstream/design_1_wrapper.bit
targets -set -nocase -filter {name =~ "*microblaze*#0" && bscan=="USER2" }
loadhw -hw C:/Users/tejasvissapragada/Documents/GitHub/cs153a/vitis/lab3b_vitis/lab3a_platform/export/lab3a_platform/hw/design_1_wrapper.xsa -regs
configparams mdm-detect-bscan-mask 2
targets -set -nocase -filter {name =~ "*microblaze*#0" && bscan=="USER2" }
rst -system
after 3000
targets -set -nocase -filter {name =~ "*microblaze*#0" && bscan=="USER2" }
dow C:/Users/tejasvissapragada/Documents/GitHub/cs153a/vitis/lab3b_vitis/lab3a_application/Debug/lab3a_application.elf
----------------End of Script----------------

18:24:25 INFO  : Context for processor 'microblaze_0' is selected.
18:24:25 INFO  : 'con' command is executed.
18:24:25 INFO  : ----------------XSDB Script (After Launch)----------------
targets -set -nocase -filter {name =~ "*microblaze*#0" && bscan=="USER2" }
con
----------------End of Script----------------

18:24:25 INFO  : Launch script is exported to file 'C:\Users\tejasvissapragada\Documents\GitHub\cs153a\vitis\lab3b_vitis\lab3a_system\_ide\scripts\debugger_lab3a_application-default.tcl'
18:30:37 INFO  : Checking for BSP changes to sync application flags for project 'lab3a_application'...
18:30:42 INFO  : Disconnected from the channel tcfchan#19.
18:30:43 INFO  : Connected to target on host '127.0.0.1' and port '3121'.
18:30:52 INFO  : ----------------XSDB Script----------------
connect -url tcp:127.0.0.1:3121
----------------End of Script----------------

18:30:52 ERROR : Could not find FPGA device on the board for connection 'Local'.


Troubleshooting hints:
1. Check whether board is connected to system properly.
2. In case of zynq board, check whether Digilent/Xilinx cable switch settings are correct.
3. If you are using Xilinx Platform Cable USB, ensure that status LED is green.
18:30:55 INFO  : Connected to target on host '127.0.0.1' and port '3121'.
18:30:55 INFO  : Jtag cable 'Digilent Nexys A7 -100T 210292BCFA48A' is selected.
18:30:55 INFO  : 'jtag frequency' command is executed.
18:30:56 INFO  : 'targets -set -filter {jtag_cable_name =~ "Digilent Nexys A7 -100T 210292BCFA48A" && level==0 && jtag_device_ctx=="jsn-Nexys A7 -100T-210292BCFA48A-13631093-0"}' command is executed.
18:30:58 INFO  : Device configured successfully with "C:/Users/tejasvissapragada/Documents/GitHub/cs153a/vitis/lab3b_vitis/lab3a_application/_ide/bitstream/design_1_wrapper.bit"
18:30:58 INFO  : Context for processor 'microblaze_0' is selected.
18:30:59 INFO  : Hardware design and registers information is loaded from 'C:/Users/tejasvissapragada/Documents/GitHub/cs153a/vitis/lab3b_vitis/lab3a_platform/export/lab3a_platform/hw/design_1_wrapper.xsa'.
18:30:59 INFO  : 'configparams mdm-detect-bscan-mask 2' command is executed.
18:30:59 INFO  : Context for processor 'microblaze_0' is selected.
18:30:59 INFO  : System reset is completed.
18:31:02 INFO  : 'after 3000' command is executed.
18:31:02 INFO  : Context for processor 'microblaze_0' is selected.
18:31:02 INFO  : The application 'C:/Users/tejasvissapragada/Documents/GitHub/cs153a/vitis/lab3b_vitis/lab3a_application/Debug/lab3a_application.elf' is downloaded to processor 'microblaze_0'.
18:31:02 INFO  : ----------------XSDB Script----------------
connect -url tcp:127.0.0.1:3121
targets -set -filter {jtag_cable_name =~ "Digilent Nexys A7 -100T 210292BCFA48A" && level==0 && jtag_device_ctx=="jsn-Nexys A7 -100T-210292BCFA48A-13631093-0"}
fpga -file C:/Users/tejasvissapragada/Documents/GitHub/cs153a/vitis/lab3b_vitis/lab3a_application/_ide/bitstream/design_1_wrapper.bit
targets -set -nocase -filter {name =~ "*microblaze*#0" && bscan=="USER2" }
loadhw -hw C:/Users/tejasvissapragada/Documents/GitHub/cs153a/vitis/lab3b_vitis/lab3a_platform/export/lab3a_platform/hw/design_1_wrapper.xsa -regs
configparams mdm-detect-bscan-mask 2
targets -set -nocase -filter {name =~ "*microblaze*#0" && bscan=="USER2" }
rst -system
after 3000
targets -set -nocase -filter {name =~ "*microblaze*#0" && bscan=="USER2" }
dow C:/Users/tejasvissapragada/Documents/GitHub/cs153a/vitis/lab3b_vitis/lab3a_application/Debug/lab3a_application.elf
----------------End of Script----------------

18:31:02 INFO  : Context for processor 'microblaze_0' is selected.
18:31:02 INFO  : 'con' command is executed.
18:31:02 INFO  : ----------------XSDB Script (After Launch)----------------
targets -set -nocase -filter {name =~ "*microblaze*#0" && bscan=="USER2" }
con
----------------End of Script----------------

18:31:02 INFO  : Launch script is exported to file 'C:\Users\tejasvissapragada\Documents\GitHub\cs153a\vitis\lab3b_vitis\lab3a_system\_ide\scripts\debugger_lab3a_application-default.tcl'
18:44:56 INFO  : Checking for BSP changes to sync application flags for project 'lab3a_application'...
18:45:22 INFO  : Checking for BSP changes to sync application flags for project 'lab3a_application'...
18:45:26 INFO  : Disconnected from the channel tcfchan#20.
18:45:27 INFO  : Connected to target on host '127.0.0.1' and port '3121'.
18:45:36 INFO  : ----------------XSDB Script----------------
connect -url tcp:127.0.0.1:3121
----------------End of Script----------------

18:45:36 ERROR : Could not find FPGA device on the board for connection 'Local'.


Troubleshooting hints:
1. Check whether board is connected to system properly.
2. In case of zynq board, check whether Digilent/Xilinx cable switch settings are correct.
3. If you are using Xilinx Platform Cable USB, ensure that status LED is green.
18:45:40 INFO  : Connected to target on host '127.0.0.1' and port '3121'.
18:45:41 INFO  : Jtag cable 'Digilent Nexys A7 -100T 210292BCFA48A' is selected.
18:45:41 INFO  : 'jtag frequency' command is executed.
18:45:41 INFO  : 'targets -set -filter {jtag_cable_name =~ "Digilent Nexys A7 -100T 210292BCFA48A" && level==0 && jtag_device_ctx=="jsn-Nexys A7 -100T-210292BCFA48A-13631093-0"}' command is executed.
18:45:43 INFO  : Device configured successfully with "C:/Users/tejasvissapragada/Documents/GitHub/cs153a/vitis/lab3b_vitis/lab3a_application/_ide/bitstream/design_1_wrapper.bit"
18:45:43 INFO  : Context for processor 'microblaze_0' is selected.
18:45:44 INFO  : Hardware design and registers information is loaded from 'C:/Users/tejasvissapragada/Documents/GitHub/cs153a/vitis/lab3b_vitis/lab3a_platform/export/lab3a_platform/hw/design_1_wrapper.xsa'.
18:45:44 INFO  : 'configparams mdm-detect-bscan-mask 2' command is executed.
18:45:44 INFO  : Context for processor 'microblaze_0' is selected.
18:45:44 INFO  : System reset is completed.
18:45:47 INFO  : 'after 3000' command is executed.
18:45:47 INFO  : Context for processor 'microblaze_0' is selected.
18:45:47 INFO  : The application 'C:/Users/tejasvissapragada/Documents/GitHub/cs153a/vitis/lab3b_vitis/lab3a_application/Debug/lab3a_application.elf' is downloaded to processor 'microblaze_0'.
18:45:47 INFO  : ----------------XSDB Script----------------
connect -url tcp:127.0.0.1:3121
targets -set -filter {jtag_cable_name =~ "Digilent Nexys A7 -100T 210292BCFA48A" && level==0 && jtag_device_ctx=="jsn-Nexys A7 -100T-210292BCFA48A-13631093-0"}
fpga -file C:/Users/tejasvissapragada/Documents/GitHub/cs153a/vitis/lab3b_vitis/lab3a_application/_ide/bitstream/design_1_wrapper.bit
targets -set -nocase -filter {name =~ "*microblaze*#0" && bscan=="USER2" }
loadhw -hw C:/Users/tejasvissapragada/Documents/GitHub/cs153a/vitis/lab3b_vitis/lab3a_platform/export/lab3a_platform/hw/design_1_wrapper.xsa -regs
configparams mdm-detect-bscan-mask 2
targets -set -nocase -filter {name =~ "*microblaze*#0" && bscan=="USER2" }
rst -system
after 3000
targets -set -nocase -filter {name =~ "*microblaze*#0" && bscan=="USER2" }
dow C:/Users/tejasvissapragada/Documents/GitHub/cs153a/vitis/lab3b_vitis/lab3a_application/Debug/lab3a_application.elf
----------------End of Script----------------

18:45:47 INFO  : Context for processor 'microblaze_0' is selected.
18:45:47 INFO  : 'con' command is executed.
18:45:47 INFO  : ----------------XSDB Script (After Launch)----------------
targets -set -nocase -filter {name =~ "*microblaze*#0" && bscan=="USER2" }
con
----------------End of Script----------------

18:45:47 INFO  : Launch script is exported to file 'C:\Users\tejasvissapragada\Documents\GitHub\cs153a\vitis\lab3b_vitis\lab3a_system\_ide\scripts\debugger_lab3a_application-default.tcl'
18:53:29 INFO  : Checking for BSP changes to sync application flags for project 'lab3a_application'...
18:53:33 INFO  : Disconnected from the channel tcfchan#21.
18:53:34 INFO  : Connected to target on host '127.0.0.1' and port '3121'.
18:53:43 INFO  : ----------------XSDB Script----------------
connect -url tcp:127.0.0.1:3121
----------------End of Script----------------

18:53:43 ERROR : Could not find FPGA device on the board for connection 'Local'.


Troubleshooting hints:
1. Check whether board is connected to system properly.
2. In case of zynq board, check whether Digilent/Xilinx cable switch settings are correct.
3. If you are using Xilinx Platform Cable USB, ensure that status LED is green.
18:53:51 INFO  : Connected to target on host '127.0.0.1' and port '3121'.
18:53:51 INFO  : Jtag cable 'Digilent Nexys A7 -100T 210292BCFA48A' is selected.
18:53:51 INFO  : 'jtag frequency' command is executed.
18:53:51 INFO  : 'targets -set -filter {jtag_cable_name =~ "Digilent Nexys A7 -100T 210292BCFA48A" && level==0 && jtag_device_ctx=="jsn-Nexys A7 -100T-210292BCFA48A-13631093-0"}' command is executed.
18:53:54 INFO  : Device configured successfully with "C:/Users/tejasvissapragada/Documents/GitHub/cs153a/vitis/lab3b_vitis/lab3a_application/_ide/bitstream/design_1_wrapper.bit"
18:53:54 INFO  : Context for processor 'microblaze_0' is selected.
18:53:54 INFO  : Hardware design and registers information is loaded from 'C:/Users/tejasvissapragada/Documents/GitHub/cs153a/vitis/lab3b_vitis/lab3a_platform/export/lab3a_platform/hw/design_1_wrapper.xsa'.
18:53:54 INFO  : 'configparams mdm-detect-bscan-mask 2' command is executed.
18:53:54 INFO  : Context for processor 'microblaze_0' is selected.
18:53:54 INFO  : System reset is completed.
18:53:57 INFO  : 'after 3000' command is executed.
18:53:57 INFO  : Context for processor 'microblaze_0' is selected.
18:53:58 INFO  : The application 'C:/Users/tejasvissapragada/Documents/GitHub/cs153a/vitis/lab3b_vitis/lab3a_application/Debug/lab3a_application.elf' is downloaded to processor 'microblaze_0'.
18:53:58 INFO  : ----------------XSDB Script----------------
connect -url tcp:127.0.0.1:3121
targets -set -filter {jtag_cable_name =~ "Digilent Nexys A7 -100T 210292BCFA48A" && level==0 && jtag_device_ctx=="jsn-Nexys A7 -100T-210292BCFA48A-13631093-0"}
fpga -file C:/Users/tejasvissapragada/Documents/GitHub/cs153a/vitis/lab3b_vitis/lab3a_application/_ide/bitstream/design_1_wrapper.bit
targets -set -nocase -filter {name =~ "*microblaze*#0" && bscan=="USER2" }
loadhw -hw C:/Users/tejasvissapragada/Documents/GitHub/cs153a/vitis/lab3b_vitis/lab3a_platform/export/lab3a_platform/hw/design_1_wrapper.xsa -regs
configparams mdm-detect-bscan-mask 2
targets -set -nocase -filter {name =~ "*microblaze*#0" && bscan=="USER2" }
rst -system
after 3000
targets -set -nocase -filter {name =~ "*microblaze*#0" && bscan=="USER2" }
dow C:/Users/tejasvissapragada/Documents/GitHub/cs153a/vitis/lab3b_vitis/lab3a_application/Debug/lab3a_application.elf
----------------End of Script----------------

18:53:58 INFO  : Context for processor 'microblaze_0' is selected.
18:53:58 INFO  : 'con' command is executed.
18:53:58 INFO  : ----------------XSDB Script (After Launch)----------------
targets -set -nocase -filter {name =~ "*microblaze*#0" && bscan=="USER2" }
con
----------------End of Script----------------

18:53:58 INFO  : Launch script is exported to file 'C:\Users\tejasvissapragada\Documents\GitHub\cs153a\vitis\lab3b_vitis\lab3a_system\_ide\scripts\debugger_lab3a_application-default.tcl'
18:54:19 INFO  : Checking for BSP changes to sync application flags for project 'lab3a_application'...
18:54:39 INFO  : Disconnected from the channel tcfchan#22.
18:54:40 INFO  : Connected to target on host '127.0.0.1' and port '3121'.
18:54:49 INFO  : ----------------XSDB Script----------------
connect -url tcp:127.0.0.1:3121
----------------End of Script----------------

18:54:49 ERROR : Could not find FPGA device on the board for connection 'Local'.


Troubleshooting hints:
1. Check whether board is connected to system properly.
2. In case of zynq board, check whether Digilent/Xilinx cable switch settings are correct.
3. If you are using Xilinx Platform Cable USB, ensure that status LED is green.
18:54:53 INFO  : Connected to target on host '127.0.0.1' and port '3121'.
18:54:53 INFO  : Jtag cable 'Digilent Nexys A7 -100T 210292BCFA48A' is selected.
18:54:53 INFO  : 'jtag frequency' command is executed.
18:54:53 INFO  : 'targets -set -filter {jtag_cable_name =~ "Digilent Nexys A7 -100T 210292BCFA48A" && level==0 && jtag_device_ctx=="jsn-Nexys A7 -100T-210292BCFA48A-13631093-0"}' command is executed.
18:54:55 INFO  : Device configured successfully with "C:/Users/tejasvissapragada/Documents/GitHub/cs153a/vitis/lab3b_vitis/lab3a_application/_ide/bitstream/design_1_wrapper.bit"
18:54:55 INFO  : Context for processor 'microblaze_0' is selected.
18:54:56 INFO  : Hardware design and registers information is loaded from 'C:/Users/tejasvissapragada/Documents/GitHub/cs153a/vitis/lab3b_vitis/lab3a_platform/export/lab3a_platform/hw/design_1_wrapper.xsa'.
18:54:56 INFO  : 'configparams mdm-detect-bscan-mask 2' command is executed.
18:54:56 INFO  : Context for processor 'microblaze_0' is selected.
18:54:56 INFO  : System reset is completed.
18:54:59 INFO  : 'after 3000' command is executed.
18:54:59 INFO  : Context for processor 'microblaze_0' is selected.
18:54:59 INFO  : The application 'C:/Users/tejasvissapragada/Documents/GitHub/cs153a/vitis/lab3b_vitis/lab3a_application/Debug/lab3a_application.elf' is downloaded to processor 'microblaze_0'.
18:54:59 INFO  : ----------------XSDB Script----------------
connect -url tcp:127.0.0.1:3121
targets -set -filter {jtag_cable_name =~ "Digilent Nexys A7 -100T 210292BCFA48A" && level==0 && jtag_device_ctx=="jsn-Nexys A7 -100T-210292BCFA48A-13631093-0"}
fpga -file C:/Users/tejasvissapragada/Documents/GitHub/cs153a/vitis/lab3b_vitis/lab3a_application/_ide/bitstream/design_1_wrapper.bit
targets -set -nocase -filter {name =~ "*microblaze*#0" && bscan=="USER2" }
loadhw -hw C:/Users/tejasvissapragada/Documents/GitHub/cs153a/vitis/lab3b_vitis/lab3a_platform/export/lab3a_platform/hw/design_1_wrapper.xsa -regs
configparams mdm-detect-bscan-mask 2
targets -set -nocase -filter {name =~ "*microblaze*#0" && bscan=="USER2" }
rst -system
after 3000
targets -set -nocase -filter {name =~ "*microblaze*#0" && bscan=="USER2" }
dow C:/Users/tejasvissapragada/Documents/GitHub/cs153a/vitis/lab3b_vitis/lab3a_application/Debug/lab3a_application.elf
----------------End of Script----------------

18:55:00 INFO  : Context for processor 'microblaze_0' is selected.
18:55:00 INFO  : 'con' command is executed.
18:55:00 INFO  : ----------------XSDB Script (After Launch)----------------
targets -set -nocase -filter {name =~ "*microblaze*#0" && bscan=="USER2" }
con
----------------End of Script----------------

18:55:00 INFO  : Launch script is exported to file 'C:\Users\tejasvissapragada\Documents\GitHub\cs153a\vitis\lab3b_vitis\lab3a_system\_ide\scripts\debugger_lab3a_application-default.tcl'
18:56:19 INFO  : Checking for BSP changes to sync application flags for project 'lab3a_application'...
18:56:25 INFO  : Disconnected from the channel tcfchan#23.
18:56:26 INFO  : Connected to target on host '127.0.0.1' and port '3121'.
18:56:26 INFO  : Jtag cable 'Digilent Nexys A7 -100T 210292BCFA48A' is selected.
18:56:26 INFO  : 'jtag frequency' command is executed.
18:56:26 INFO  : 'targets -set -filter {jtag_cable_name =~ "Digilent Nexys A7 -100T 210292BCFA48A" && level==0 && jtag_device_ctx=="jsn-Nexys A7 -100T-210292BCFA48A-13631093-0"}' command is executed.
18:56:28 INFO  : Device configured successfully with "C:/Users/tejasvissapragada/Documents/GitHub/cs153a/vitis/lab3b_vitis/lab3a_application/_ide/bitstream/design_1_wrapper.bit"
18:56:28 INFO  : Context for processor 'microblaze_0' is selected.
18:56:29 INFO  : Hardware design and registers information is loaded from 'C:/Users/tejasvissapragada/Documents/GitHub/cs153a/vitis/lab3b_vitis/lab3a_platform/export/lab3a_platform/hw/design_1_wrapper.xsa'.
18:56:29 INFO  : 'configparams mdm-detect-bscan-mask 2' command is executed.
18:56:29 INFO  : Context for processor 'microblaze_0' is selected.
18:56:29 INFO  : System reset is completed.
18:56:32 INFO  : 'after 3000' command is executed.
18:56:32 INFO  : Context for processor 'microblaze_0' is selected.
18:56:32 INFO  : The application 'C:/Users/tejasvissapragada/Documents/GitHub/cs153a/vitis/lab3b_vitis/lab3a_application/Debug/lab3a_application.elf' is downloaded to processor 'microblaze_0'.
18:56:32 INFO  : ----------------XSDB Script----------------
connect -url tcp:127.0.0.1:3121
targets -set -filter {jtag_cable_name =~ "Digilent Nexys A7 -100T 210292BCFA48A" && level==0 && jtag_device_ctx=="jsn-Nexys A7 -100T-210292BCFA48A-13631093-0"}
fpga -file C:/Users/tejasvissapragada/Documents/GitHub/cs153a/vitis/lab3b_vitis/lab3a_application/_ide/bitstream/design_1_wrapper.bit
targets -set -nocase -filter {name =~ "*microblaze*#0" && bscan=="USER2" }
loadhw -hw C:/Users/tejasvissapragada/Documents/GitHub/cs153a/vitis/lab3b_vitis/lab3a_platform/export/lab3a_platform/hw/design_1_wrapper.xsa -regs
configparams mdm-detect-bscan-mask 2
targets -set -nocase -filter {name =~ "*microblaze*#0" && bscan=="USER2" }
rst -system
after 3000
targets -set -nocase -filter {name =~ "*microblaze*#0" && bscan=="USER2" }
dow C:/Users/tejasvissapragada/Documents/GitHub/cs153a/vitis/lab3b_vitis/lab3a_application/Debug/lab3a_application.elf
----------------End of Script----------------

18:56:32 INFO  : Context for processor 'microblaze_0' is selected.
18:56:32 INFO  : 'con' command is executed.
18:56:32 INFO  : ----------------XSDB Script (After Launch)----------------
targets -set -nocase -filter {name =~ "*microblaze*#0" && bscan=="USER2" }
con
----------------End of Script----------------

18:56:32 INFO  : Launch script is exported to file 'C:\Users\tejasvissapragada\Documents\GitHub\cs153a\vitis\lab3b_vitis\lab3a_system\_ide\scripts\debugger_lab3a_application-default.tcl'
19:00:09 INFO  : Checking for BSP changes to sync application flags for project 'lab3a_application'...
19:00:18 INFO  : Disconnected from the channel tcfchan#24.
19:00:19 INFO  : Connected to target on host '127.0.0.1' and port '3121'.
19:00:22 INFO  : Connected to target on host '127.0.0.1' and port '3121'.
19:00:22 INFO  : Jtag cable 'Digilent Nexys A7 -100T 210292BCFA48A' is selected.
19:00:22 INFO  : 'jtag frequency' command is executed.
19:00:22 INFO  : 'targets -set -filter {jtag_cable_name =~ "Digilent Nexys A7 -100T 210292BCFA48A" && level==0 && jtag_device_ctx=="jsn-Nexys A7 -100T-210292BCFA48A-13631093-0"}' command is executed.
19:00:24 INFO  : Device configured successfully with "C:/Users/tejasvissapragada/Documents/GitHub/cs153a/vitis/lab3b_vitis/lab3a_application/_ide/bitstream/design_1_wrapper.bit"
19:00:24 INFO  : Context for processor 'microblaze_0' is selected.
19:00:25 INFO  : Hardware design and registers information is loaded from 'C:/Users/tejasvissapragada/Documents/GitHub/cs153a/vitis/lab3b_vitis/lab3a_platform/export/lab3a_platform/hw/design_1_wrapper.xsa'.
19:00:28 INFO  : ----------------XSDB Script----------------
connect -url tcp:127.0.0.1:3121
----------------End of Script----------------

19:00:28 ERROR : Could not find FPGA device on the board for connection 'Local'.


Troubleshooting hints:
1. Check whether board is connected to system properly.
2. In case of zynq board, check whether Digilent/Xilinx cable switch settings are correct.
3. If you are using Xilinx Platform Cable USB, ensure that status LED is green.
19:00:28 INFO  : 'configparams mdm-detect-bscan-mask 2' command is executed.
19:00:28 INFO  : Context for processor 'microblaze_0' is selected.
19:00:28 INFO  : System reset is completed.
19:00:31 INFO  : 'after 3000' command is executed.
19:00:31 INFO  : Context for processor 'microblaze_0' is selected.
19:00:32 INFO  : The application 'C:/Users/tejasvissapragada/Documents/GitHub/cs153a/vitis/lab3b_vitis/lab3a_application/Debug/lab3a_application.elf' is downloaded to processor 'microblaze_0'.
19:00:32 INFO  : ----------------XSDB Script----------------
connect -url tcp:127.0.0.1:3121
targets -set -filter {jtag_cable_name =~ "Digilent Nexys A7 -100T 210292BCFA48A" && level==0 && jtag_device_ctx=="jsn-Nexys A7 -100T-210292BCFA48A-13631093-0"}
fpga -file C:/Users/tejasvissapragada/Documents/GitHub/cs153a/vitis/lab3b_vitis/lab3a_application/_ide/bitstream/design_1_wrapper.bit
targets -set -nocase -filter {name =~ "*microblaze*#0" && bscan=="USER2" }
loadhw -hw C:/Users/tejasvissapragada/Documents/GitHub/cs153a/vitis/lab3b_vitis/lab3a_platform/export/lab3a_platform/hw/design_1_wrapper.xsa -regs
configparams mdm-detect-bscan-mask 2
targets -set -nocase -filter {name =~ "*microblaze*#0" && bscan=="USER2" }
rst -system
after 3000
targets -set -nocase -filter {name =~ "*microblaze*#0" && bscan=="USER2" }
dow C:/Users/tejasvissapragada/Documents/GitHub/cs153a/vitis/lab3b_vitis/lab3a_application/Debug/lab3a_application.elf
----------------End of Script----------------

19:00:32 INFO  : Context for processor 'microblaze_0' is selected.
19:00:32 INFO  : 'con' command is executed.
19:00:32 INFO  : ----------------XSDB Script (After Launch)----------------
targets -set -nocase -filter {name =~ "*microblaze*#0" && bscan=="USER2" }
con
----------------End of Script----------------

19:00:32 INFO  : Launch script is exported to file 'C:\Users\tejasvissapragada\Documents\GitHub\cs153a\vitis\lab3b_vitis\lab3a_system\_ide\scripts\debugger_lab3a_application-default.tcl'
19:02:15 INFO  : Checking for BSP changes to sync application flags for project 'lab3a_application'...
19:02:22 INFO  : Disconnected from the channel tcfchan#25.
19:02:23 INFO  : Connected to target on host '127.0.0.1' and port '3121'.
19:02:33 INFO  : ----------------XSDB Script----------------
connect -url tcp:127.0.0.1:3121
----------------End of Script----------------

19:02:33 ERROR : Could not find FPGA device on the board for connection 'Local'.


Troubleshooting hints:
1. Check whether board is connected to system properly.
2. In case of zynq board, check whether Digilent/Xilinx cable switch settings are correct.
3. If you are using Xilinx Platform Cable USB, ensure that status LED is green.
19:02:37 INFO  : Connected to target on host '127.0.0.1' and port '3121'.
19:02:37 INFO  : Jtag cable 'Digilent Nexys A7 -100T 210292BCFA48A' is selected.
19:02:37 INFO  : 'jtag frequency' command is executed.
19:02:37 INFO  : 'targets -set -filter {jtag_cable_name =~ "Digilent Nexys A7 -100T 210292BCFA48A" && level==0 && jtag_device_ctx=="jsn-Nexys A7 -100T-210292BCFA48A-13631093-0"}' command is executed.
19:02:39 INFO  : Device configured successfully with "C:/Users/tejasvissapragada/Documents/GitHub/cs153a/vitis/lab3b_vitis/lab3a_application/_ide/bitstream/design_1_wrapper.bit"
19:02:39 INFO  : Context for processor 'microblaze_0' is selected.
19:02:40 INFO  : Hardware design and registers information is loaded from 'C:/Users/tejasvissapragada/Documents/GitHub/cs153a/vitis/lab3b_vitis/lab3a_platform/export/lab3a_platform/hw/design_1_wrapper.xsa'.
19:02:40 INFO  : 'configparams mdm-detect-bscan-mask 2' command is executed.
19:02:40 INFO  : Context for processor 'microblaze_0' is selected.
19:02:40 INFO  : System reset is completed.
19:02:43 INFO  : 'after 3000' command is executed.
19:02:43 INFO  : Context for processor 'microblaze_0' is selected.
19:02:43 INFO  : The application 'C:/Users/tejasvissapragada/Documents/GitHub/cs153a/vitis/lab3b_vitis/lab3a_application/Debug/lab3a_application.elf' is downloaded to processor 'microblaze_0'.
19:02:43 INFO  : ----------------XSDB Script----------------
connect -url tcp:127.0.0.1:3121
targets -set -filter {jtag_cable_name =~ "Digilent Nexys A7 -100T 210292BCFA48A" && level==0 && jtag_device_ctx=="jsn-Nexys A7 -100T-210292BCFA48A-13631093-0"}
fpga -file C:/Users/tejasvissapragada/Documents/GitHub/cs153a/vitis/lab3b_vitis/lab3a_application/_ide/bitstream/design_1_wrapper.bit
targets -set -nocase -filter {name =~ "*microblaze*#0" && bscan=="USER2" }
loadhw -hw C:/Users/tejasvissapragada/Documents/GitHub/cs153a/vitis/lab3b_vitis/lab3a_platform/export/lab3a_platform/hw/design_1_wrapper.xsa -regs
configparams mdm-detect-bscan-mask 2
targets -set -nocase -filter {name =~ "*microblaze*#0" && bscan=="USER2" }
rst -system
after 3000
targets -set -nocase -filter {name =~ "*microblaze*#0" && bscan=="USER2" }
dow C:/Users/tejasvissapragada/Documents/GitHub/cs153a/vitis/lab3b_vitis/lab3a_application/Debug/lab3a_application.elf
----------------End of Script----------------

19:02:43 INFO  : Context for processor 'microblaze_0' is selected.
19:02:43 INFO  : 'con' command is executed.
19:02:43 INFO  : ----------------XSDB Script (After Launch)----------------
targets -set -nocase -filter {name =~ "*microblaze*#0" && bscan=="USER2" }
con
----------------End of Script----------------

19:02:43 INFO  : Launch script is exported to file 'C:\Users\tejasvissapragada\Documents\GitHub\cs153a\vitis\lab3b_vitis\lab3a_system\_ide\scripts\debugger_lab3a_application-default.tcl'
19:04:33 INFO  : Checking for BSP changes to sync application flags for project 'lab3a_application'...
19:04:46 INFO  : Disconnected from the channel tcfchan#26.
19:04:47 INFO  : Connected to target on host '127.0.0.1' and port '3121'.
19:04:56 INFO  : ----------------XSDB Script----------------
connect -url tcp:127.0.0.1:3121
----------------End of Script----------------

19:04:56 ERROR : Could not find FPGA device on the board for connection 'Local'.


Troubleshooting hints:
1. Check whether board is connected to system properly.
2. In case of zynq board, check whether Digilent/Xilinx cable switch settings are correct.
3. If you are using Xilinx Platform Cable USB, ensure that status LED is green.
19:05:00 INFO  : Connected to target on host '127.0.0.1' and port '3121'.
19:05:00 INFO  : Jtag cable 'Digilent Nexys A7 -100T 210292BCFA48A' is selected.
19:05:00 INFO  : 'jtag frequency' command is executed.
19:05:00 INFO  : 'targets -set -filter {jtag_cable_name =~ "Digilent Nexys A7 -100T 210292BCFA48A" && level==0 && jtag_device_ctx=="jsn-Nexys A7 -100T-210292BCFA48A-13631093-0"}' command is executed.
19:05:02 INFO  : Device configured successfully with "C:/Users/tejasvissapragada/Documents/GitHub/cs153a/vitis/lab3b_vitis/lab3a_application/_ide/bitstream/design_1_wrapper.bit"
19:05:02 INFO  : Context for processor 'microblaze_0' is selected.
19:05:03 INFO  : Hardware design and registers information is loaded from 'C:/Users/tejasvissapragada/Documents/GitHub/cs153a/vitis/lab3b_vitis/lab3a_platform/export/lab3a_platform/hw/design_1_wrapper.xsa'.
19:05:03 INFO  : 'configparams mdm-detect-bscan-mask 2' command is executed.
19:05:03 INFO  : Context for processor 'microblaze_0' is selected.
19:05:03 INFO  : System reset is completed.
19:05:06 INFO  : 'after 3000' command is executed.
19:05:06 INFO  : Context for processor 'microblaze_0' is selected.
19:05:06 INFO  : The application 'C:/Users/tejasvissapragada/Documents/GitHub/cs153a/vitis/lab3b_vitis/lab3a_application/Debug/lab3a_application.elf' is downloaded to processor 'microblaze_0'.
19:05:06 INFO  : ----------------XSDB Script----------------
connect -url tcp:127.0.0.1:3121
targets -set -filter {jtag_cable_name =~ "Digilent Nexys A7 -100T 210292BCFA48A" && level==0 && jtag_device_ctx=="jsn-Nexys A7 -100T-210292BCFA48A-13631093-0"}
fpga -file C:/Users/tejasvissapragada/Documents/GitHub/cs153a/vitis/lab3b_vitis/lab3a_application/_ide/bitstream/design_1_wrapper.bit
targets -set -nocase -filter {name =~ "*microblaze*#0" && bscan=="USER2" }
loadhw -hw C:/Users/tejasvissapragada/Documents/GitHub/cs153a/vitis/lab3b_vitis/lab3a_platform/export/lab3a_platform/hw/design_1_wrapper.xsa -regs
configparams mdm-detect-bscan-mask 2
targets -set -nocase -filter {name =~ "*microblaze*#0" && bscan=="USER2" }
rst -system
after 3000
targets -set -nocase -filter {name =~ "*microblaze*#0" && bscan=="USER2" }
dow C:/Users/tejasvissapragada/Documents/GitHub/cs153a/vitis/lab3b_vitis/lab3a_application/Debug/lab3a_application.elf
----------------End of Script----------------

19:05:06 INFO  : Context for processor 'microblaze_0' is selected.
19:05:06 INFO  : 'con' command is executed.
19:05:06 INFO  : ----------------XSDB Script (After Launch)----------------
targets -set -nocase -filter {name =~ "*microblaze*#0" && bscan=="USER2" }
con
----------------End of Script----------------

19:05:06 INFO  : Launch script is exported to file 'C:\Users\tejasvissapragada\Documents\GitHub\cs153a\vitis\lab3b_vitis\lab3a_system\_ide\scripts\debugger_lab3a_application-default.tcl'
19:06:16 INFO  : Checking for BSP changes to sync application flags for project 'lab3a_application'...
19:06:19 INFO  : Disconnected from the channel tcfchan#27.
19:06:20 INFO  : Connected to target on host '127.0.0.1' and port '3121'.
19:06:29 INFO  : ----------------XSDB Script----------------
connect -url tcp:127.0.0.1:3121
----------------End of Script----------------

19:06:29 ERROR : Could not find FPGA device on the board for connection 'Local'.


Troubleshooting hints:
1. Check whether board is connected to system properly.
2. In case of zynq board, check whether Digilent/Xilinx cable switch settings are correct.
3. If you are using Xilinx Platform Cable USB, ensure that status LED is green.
19:06:35 INFO  : Connected to target on host '127.0.0.1' and port '3121'.
19:06:35 INFO  : Jtag cable 'Digilent Nexys A7 -100T 210292BCFA48A' is selected.
19:06:35 INFO  : 'jtag frequency' command is executed.
19:06:35 INFO  : 'targets -set -filter {jtag_cable_name =~ "Digilent Nexys A7 -100T 210292BCFA48A" && level==0 && jtag_device_ctx=="jsn-Nexys A7 -100T-210292BCFA48A-13631093-0"}' command is executed.
19:06:37 INFO  : Device configured successfully with "C:/Users/tejasvissapragada/Documents/GitHub/cs153a/vitis/lab3b_vitis/lab3a_application/_ide/bitstream/design_1_wrapper.bit"
19:06:37 INFO  : Context for processor 'microblaze_0' is selected.
19:06:38 INFO  : Hardware design and registers information is loaded from 'C:/Users/tejasvissapragada/Documents/GitHub/cs153a/vitis/lab3b_vitis/lab3a_platform/export/lab3a_platform/hw/design_1_wrapper.xsa'.
19:06:38 INFO  : 'configparams mdm-detect-bscan-mask 2' command is executed.
19:06:38 INFO  : Context for processor 'microblaze_0' is selected.
19:06:38 INFO  : System reset is completed.
19:06:41 INFO  : 'after 3000' command is executed.
19:06:41 INFO  : Context for processor 'microblaze_0' is selected.
19:06:42 INFO  : The application 'C:/Users/tejasvissapragada/Documents/GitHub/cs153a/vitis/lab3b_vitis/lab3a_application/Debug/lab3a_application.elf' is downloaded to processor 'microblaze_0'.
19:06:42 INFO  : ----------------XSDB Script----------------
connect -url tcp:127.0.0.1:3121
targets -set -filter {jtag_cable_name =~ "Digilent Nexys A7 -100T 210292BCFA48A" && level==0 && jtag_device_ctx=="jsn-Nexys A7 -100T-210292BCFA48A-13631093-0"}
fpga -file C:/Users/tejasvissapragada/Documents/GitHub/cs153a/vitis/lab3b_vitis/lab3a_application/_ide/bitstream/design_1_wrapper.bit
targets -set -nocase -filter {name =~ "*microblaze*#0" && bscan=="USER2" }
loadhw -hw C:/Users/tejasvissapragada/Documents/GitHub/cs153a/vitis/lab3b_vitis/lab3a_platform/export/lab3a_platform/hw/design_1_wrapper.xsa -regs
configparams mdm-detect-bscan-mask 2
targets -set -nocase -filter {name =~ "*microblaze*#0" && bscan=="USER2" }
rst -system
after 3000
targets -set -nocase -filter {name =~ "*microblaze*#0" && bscan=="USER2" }
dow C:/Users/tejasvissapragada/Documents/GitHub/cs153a/vitis/lab3b_vitis/lab3a_application/Debug/lab3a_application.elf
----------------End of Script----------------

19:06:42 INFO  : Context for processor 'microblaze_0' is selected.
19:06:42 INFO  : 'con' command is executed.
19:06:42 INFO  : ----------------XSDB Script (After Launch)----------------
targets -set -nocase -filter {name =~ "*microblaze*#0" && bscan=="USER2" }
con
----------------End of Script----------------

19:06:42 INFO  : Launch script is exported to file 'C:\Users\tejasvissapragada\Documents\GitHub\cs153a\vitis\lab3b_vitis\lab3a_system\_ide\scripts\debugger_lab3a_application-default.tcl'
19:07:41 INFO  : Checking for BSP changes to sync application flags for project 'lab3a_application'...
19:07:47 INFO  : Disconnected from the channel tcfchan#28.
19:07:48 INFO  : Connected to target on host '127.0.0.1' and port '3121'.
19:07:57 INFO  : ----------------XSDB Script----------------
connect -url tcp:127.0.0.1:3121
----------------End of Script----------------

19:07:57 ERROR : Could not find FPGA device on the board for connection 'Local'.


Troubleshooting hints:
1. Check whether board is connected to system properly.
2. In case of zynq board, check whether Digilent/Xilinx cable switch settings are correct.
3. If you are using Xilinx Platform Cable USB, ensure that status LED is green.
19:08:01 INFO  : Connected to target on host '127.0.0.1' and port '3121'.
19:08:02 INFO  : Jtag cable 'Digilent Nexys A7 -100T 210292BCFA48A' is selected.
19:08:02 INFO  : 'jtag frequency' command is executed.
19:08:02 INFO  : 'targets -set -filter {jtag_cable_name =~ "Digilent Nexys A7 -100T 210292BCFA48A" && level==0 && jtag_device_ctx=="jsn-Nexys A7 -100T-210292BCFA48A-13631093-0"}' command is executed.
19:08:04 INFO  : Device configured successfully with "C:/Users/tejasvissapragada/Documents/GitHub/cs153a/vitis/lab3b_vitis/lab3a_application/_ide/bitstream/design_1_wrapper.bit"
19:08:04 INFO  : Context for processor 'microblaze_0' is selected.
19:08:05 INFO  : Hardware design and registers information is loaded from 'C:/Users/tejasvissapragada/Documents/GitHub/cs153a/vitis/lab3b_vitis/lab3a_platform/export/lab3a_platform/hw/design_1_wrapper.xsa'.
19:08:05 INFO  : 'configparams mdm-detect-bscan-mask 2' command is executed.
19:08:05 INFO  : Context for processor 'microblaze_0' is selected.
19:08:05 INFO  : System reset is completed.
19:08:08 INFO  : 'after 3000' command is executed.
19:08:08 INFO  : Context for processor 'microblaze_0' is selected.
19:08:08 INFO  : The application 'C:/Users/tejasvissapragada/Documents/GitHub/cs153a/vitis/lab3b_vitis/lab3a_application/Debug/lab3a_application.elf' is downloaded to processor 'microblaze_0'.
19:08:08 INFO  : ----------------XSDB Script----------------
connect -url tcp:127.0.0.1:3121
targets -set -filter {jtag_cable_name =~ "Digilent Nexys A7 -100T 210292BCFA48A" && level==0 && jtag_device_ctx=="jsn-Nexys A7 -100T-210292BCFA48A-13631093-0"}
fpga -file C:/Users/tejasvissapragada/Documents/GitHub/cs153a/vitis/lab3b_vitis/lab3a_application/_ide/bitstream/design_1_wrapper.bit
targets -set -nocase -filter {name =~ "*microblaze*#0" && bscan=="USER2" }
loadhw -hw C:/Users/tejasvissapragada/Documents/GitHub/cs153a/vitis/lab3b_vitis/lab3a_platform/export/lab3a_platform/hw/design_1_wrapper.xsa -regs
configparams mdm-detect-bscan-mask 2
targets -set -nocase -filter {name =~ "*microblaze*#0" && bscan=="USER2" }
rst -system
after 3000
targets -set -nocase -filter {name =~ "*microblaze*#0" && bscan=="USER2" }
dow C:/Users/tejasvissapragada/Documents/GitHub/cs153a/vitis/lab3b_vitis/lab3a_application/Debug/lab3a_application.elf
----------------End of Script----------------

19:08:08 INFO  : Context for processor 'microblaze_0' is selected.
19:08:08 INFO  : 'con' command is executed.
19:08:08 INFO  : ----------------XSDB Script (After Launch)----------------
targets -set -nocase -filter {name =~ "*microblaze*#0" && bscan=="USER2" }
con
----------------End of Script----------------

19:08:08 INFO  : Launch script is exported to file 'C:\Users\tejasvissapragada\Documents\GitHub\cs153a\vitis\lab3b_vitis\lab3a_system\_ide\scripts\debugger_lab3a_application-default.tcl'
11:04:38 DEBUG : Logs will be stored at 'C:/Users/ranchen/Documents/GitHub/cs153a/vitis/lab3b_vitis/IDE.log'.
11:04:39 INFO  : Launching XSCT server: xsct.bat -n  -interactive C:\Users\ranchen\Documents\GitHub\cs153a\vitis\lab3b_vitis\temp_xsdb_launch_script.tcl
11:04:45 INFO  : Registering command handlers for Vitis TCF services
11:04:47 INFO  : Platform repository initialization has completed.
11:04:47 INFO  : XSCT server has started successfully.
11:04:47 INFO  : plnx-install-location is set to ''
11:04:47 INFO  : Successfully done setting XSCT server connection channel  
11:04:48 INFO  : Successfully done setting workspace for the tool. 
11:04:48 INFO  : Successfully done query RDI_DATADIR 
11:04:51 INFO  : Checking for BSP changes to sync application flags for project 'lab3a_application'...
11:04:51 ERROR : Failed to get platform details for the project 'lab3a_application'. Cannot sync application flags.
11:05:25 INFO  : Result from executing command 'getProjects': lab3a_platform
11:05:25 INFO  : Result from executing command 'getPlatforms': xilinx_vck190_base_202210_1|C:/Xilinx/Vitis/2022.1/base_platforms/xilinx_vck190_base_202210_1/xilinx_vck190_base_202210_1.xpfm;xilinx_vck190_base_dfx_202210_1|C:/Xilinx/Vitis/2022.1/base_platforms/xilinx_vck190_base_dfx_202210_1/xilinx_vck190_base_dfx_202210_1.xpfm;xilinx_vmk180_base_202210_1|C:/Xilinx/Vitis/2022.1/base_platforms/xilinx_vmk180_base_202210_1/xilinx_vmk180_base_202210_1.xpfm;xilinx_zcu102_base_202210_1|C:/Xilinx/Vitis/2022.1/base_platforms/xilinx_zcu102_base_202210_1/xilinx_zcu102_base_202210_1.xpfm;xilinx_zcu102_base_dfx_202210_1|C:/Xilinx/Vitis/2022.1/base_platforms/xilinx_zcu102_base_dfx_202210_1/xilinx_zcu102_base_dfx_202210_1.xpfm;xilinx_zcu104_base_202210_1|C:/Xilinx/Vitis/2022.1/base_platforms/xilinx_zcu104_base_202210_1/xilinx_zcu104_base_202210_1.xpfm
11:05:26 INFO  : Checking for BSP changes to sync application flags for project 'lab3a_application'...
11:05:35 INFO  : Connected to target on host '127.0.0.1' and port '3121'.
11:05:36 INFO  : Jtag cable 'Digilent Nexys A7 -100T 210292BCFA48A' is selected.
11:05:36 INFO  : 'jtag frequency' command is executed.
11:05:37 INFO  : 'targets -set -filter {jtag_cable_name =~ "Digilent Nexys A7 -100T 210292BCFA48A" && level==0 && jtag_device_ctx=="jsn-Nexys A7 -100T-210292BCFA48A-13631093-0"}' command is executed.
11:05:40 INFO  : Device configured successfully with "C:/Users/ranchen/Documents/GitHub/cs153a/vitis/lab3b_vitis/lab3a_application/_ide/bitstream/design_1_wrapper.bit"
11:05:40 INFO  : Context for processor 'microblaze_0' is selected.
11:05:41 INFO  : Hardware design and registers information is loaded from 'C:/Users/ranchen/Documents/GitHub/cs153a/vitis/lab3b_vitis/lab3a_platform/export/lab3a_platform/hw/design_1_wrapper.xsa'.
11:05:41 INFO  : 'configparams mdm-detect-bscan-mask 2' command is executed.
11:05:41 INFO  : Context for processor 'microblaze_0' is selected.
11:05:41 INFO  : System reset is completed.
11:05:44 INFO  : 'after 3000' command is executed.
11:05:45 INFO  : Context for processor 'microblaze_0' is selected.
11:05:45 INFO  : The application 'C:/Users/ranchen/Documents/GitHub/cs153a/vitis/lab3b_vitis/lab3a_application/Debug/lab3a_application.elf' is downloaded to processor 'microblaze_0'.
11:05:45 INFO  : ----------------XSDB Script----------------
connect -url tcp:127.0.0.1:3121
targets -set -filter {jtag_cable_name =~ "Digilent Nexys A7 -100T 210292BCFA48A" && level==0 && jtag_device_ctx=="jsn-Nexys A7 -100T-210292BCFA48A-13631093-0"}
fpga -file C:/Users/ranchen/Documents/GitHub/cs153a/vitis/lab3b_vitis/lab3a_application/_ide/bitstream/design_1_wrapper.bit
targets -set -nocase -filter {name =~ "*microblaze*#0" && bscan=="USER2" }
loadhw -hw C:/Users/ranchen/Documents/GitHub/cs153a/vitis/lab3b_vitis/lab3a_platform/export/lab3a_platform/hw/design_1_wrapper.xsa -regs
configparams mdm-detect-bscan-mask 2
targets -set -nocase -filter {name =~ "*microblaze*#0" && bscan=="USER2" }
rst -system
after 3000
targets -set -nocase -filter {name =~ "*microblaze*#0" && bscan=="USER2" }
dow C:/Users/ranchen/Documents/GitHub/cs153a/vitis/lab3b_vitis/lab3a_application/Debug/lab3a_application.elf
----------------End of Script----------------

11:05:46 INFO  : Context for processor 'microblaze_0' is selected.
11:05:46 INFO  : 'con' command is executed.
11:05:46 INFO  : ----------------XSDB Script (After Launch)----------------
targets -set -nocase -filter {name =~ "*microblaze*#0" && bscan=="USER2" }
con
----------------End of Script----------------

11:05:46 INFO  : Launch script is exported to file 'C:\Users\ranchen\Documents\GitHub\cs153a\vitis\lab3b_vitis\lab3a_system\_ide\scripts\debugger_lab3a_application-default.tcl'
11:39:22 INFO  : Checking for BSP changes to sync application flags for project 'lab3a_application'...
11:40:29 INFO  : Checking for BSP changes to sync application flags for project 'lab3a_application'...
11:41:27 INFO  : Checking for BSP changes to sync application flags for project 'lab3a_application'...
11:41:33 INFO  : Disconnected from the channel tcfchan#2.
11:41:34 INFO  : Connected to target on host '127.0.0.1' and port '3121'.
11:41:43 INFO  : ----------------XSDB Script----------------
connect -url tcp:127.0.0.1:3121
----------------End of Script----------------

11:41:43 ERROR : Could not find FPGA device on the board for connection 'Local'.


Troubleshooting hints:
1. Check whether board is connected to system properly.
2. In case of zynq board, check whether Digilent/Xilinx cable switch settings are correct.
3. If you are using Xilinx Platform Cable USB, ensure that status LED is green.
11:41:46 INFO  : Connected to target on host '127.0.0.1' and port '3121'.
11:41:46 INFO  : Jtag cable 'Digilent Nexys A7 -100T 210292BCFA48A' is selected.
11:41:46 INFO  : 'jtag frequency' command is executed.
11:41:46 INFO  : 'targets -set -filter {jtag_cable_name =~ "Digilent Nexys A7 -100T 210292BCFA48A" && level==0 && jtag_device_ctx=="jsn-Nexys A7 -100T-210292BCFA48A-13631093-0"}' command is executed.
11:41:49 INFO  : Device configured successfully with "C:/Users/ranchen/Documents/GitHub/cs153a/vitis/lab3b_vitis/lab3a_application/_ide/bitstream/design_1_wrapper.bit"
11:41:49 INFO  : Context for processor 'microblaze_0' is selected.
11:41:49 INFO  : Hardware design and registers information is loaded from 'C:/Users/ranchen/Documents/GitHub/cs153a/vitis/lab3b_vitis/lab3a_platform/export/lab3a_platform/hw/design_1_wrapper.xsa'.
11:41:49 INFO  : 'configparams mdm-detect-bscan-mask 2' command is executed.
11:41:49 INFO  : Context for processor 'microblaze_0' is selected.
11:41:49 INFO  : System reset is completed.
11:41:52 INFO  : 'after 3000' command is executed.
11:41:52 INFO  : Context for processor 'microblaze_0' is selected.
11:41:52 INFO  : The application 'C:/Users/ranchen/Documents/GitHub/cs153a/vitis/lab3b_vitis/lab3a_application/Debug/lab3a_application.elf' is downloaded to processor 'microblaze_0'.
11:41:52 INFO  : ----------------XSDB Script----------------
connect -url tcp:127.0.0.1:3121
targets -set -filter {jtag_cable_name =~ "Digilent Nexys A7 -100T 210292BCFA48A" && level==0 && jtag_device_ctx=="jsn-Nexys A7 -100T-210292BCFA48A-13631093-0"}
fpga -file C:/Users/ranchen/Documents/GitHub/cs153a/vitis/lab3b_vitis/lab3a_application/_ide/bitstream/design_1_wrapper.bit
targets -set -nocase -filter {name =~ "*microblaze*#0" && bscan=="USER2" }
loadhw -hw C:/Users/ranchen/Documents/GitHub/cs153a/vitis/lab3b_vitis/lab3a_platform/export/lab3a_platform/hw/design_1_wrapper.xsa -regs
configparams mdm-detect-bscan-mask 2
targets -set -nocase -filter {name =~ "*microblaze*#0" && bscan=="USER2" }
rst -system
after 3000
targets -set -nocase -filter {name =~ "*microblaze*#0" && bscan=="USER2" }
dow C:/Users/ranchen/Documents/GitHub/cs153a/vitis/lab3b_vitis/lab3a_application/Debug/lab3a_application.elf
----------------End of Script----------------

11:41:52 INFO  : Context for processor 'microblaze_0' is selected.
11:41:52 INFO  : 'con' command is executed.
11:41:52 INFO  : ----------------XSDB Script (After Launch)----------------
targets -set -nocase -filter {name =~ "*microblaze*#0" && bscan=="USER2" }
con
----------------End of Script----------------

11:41:52 INFO  : Launch script is exported to file 'C:\Users\ranchen\Documents\GitHub\cs153a\vitis\lab3b_vitis\lab3a_system\_ide\scripts\debugger_lab3a_application-default.tcl'
11:42:41 INFO  : Checking for BSP changes to sync application flags for project 'lab3a_application'...
11:42:47 INFO  : Disconnected from the channel tcfchan#3.
11:42:48 INFO  : Connected to target on host '127.0.0.1' and port '3121'.
11:42:57 INFO  : ----------------XSDB Script----------------
connect -url tcp:127.0.0.1:3121
----------------End of Script----------------

11:42:57 ERROR : Could not find FPGA device on the board for connection 'Local'.


Troubleshooting hints:
1. Check whether board is connected to system properly.
2. In case of zynq board, check whether Digilent/Xilinx cable switch settings are correct.
3. If you are using Xilinx Platform Cable USB, ensure that status LED is green.
11:43:08 INFO  : Connected to target on host '127.0.0.1' and port '3121'.
11:43:08 INFO  : Jtag cable 'Digilent Nexys A7 -100T 210292BCFA48A' is selected.
11:43:08 INFO  : 'jtag frequency' command is executed.
11:43:08 INFO  : 'targets -set -filter {jtag_cable_name =~ "Digilent Nexys A7 -100T 210292BCFA48A" && level==0 && jtag_device_ctx=="jsn-Nexys A7 -100T-210292BCFA48A-13631093-0"}' command is executed.
11:43:10 INFO  : Device configured successfully with "C:/Users/ranchen/Documents/GitHub/cs153a/vitis/lab3b_vitis/lab3a_application/_ide/bitstream/design_1_wrapper.bit"
11:43:11 INFO  : Context for processor 'microblaze_0' is selected.
11:43:11 INFO  : Hardware design and registers information is loaded from 'C:/Users/ranchen/Documents/GitHub/cs153a/vitis/lab3b_vitis/lab3a_platform/export/lab3a_platform/hw/design_1_wrapper.xsa'.
11:43:11 INFO  : 'configparams mdm-detect-bscan-mask 2' command is executed.
11:43:11 INFO  : Context for processor 'microblaze_0' is selected.
11:43:11 INFO  : System reset is completed.
11:43:14 INFO  : 'after 3000' command is executed.
11:43:14 INFO  : Context for processor 'microblaze_0' is selected.
11:43:14 INFO  : The application 'C:/Users/ranchen/Documents/GitHub/cs153a/vitis/lab3b_vitis/lab3a_application/Debug/lab3a_application.elf' is downloaded to processor 'microblaze_0'.
11:43:14 INFO  : ----------------XSDB Script----------------
connect -url tcp:127.0.0.1:3121
targets -set -filter {jtag_cable_name =~ "Digilent Nexys A7 -100T 210292BCFA48A" && level==0 && jtag_device_ctx=="jsn-Nexys A7 -100T-210292BCFA48A-13631093-0"}
fpga -file C:/Users/ranchen/Documents/GitHub/cs153a/vitis/lab3b_vitis/lab3a_application/_ide/bitstream/design_1_wrapper.bit
targets -set -nocase -filter {name =~ "*microblaze*#0" && bscan=="USER2" }
loadhw -hw C:/Users/ranchen/Documents/GitHub/cs153a/vitis/lab3b_vitis/lab3a_platform/export/lab3a_platform/hw/design_1_wrapper.xsa -regs
configparams mdm-detect-bscan-mask 2
targets -set -nocase -filter {name =~ "*microblaze*#0" && bscan=="USER2" }
rst -system
after 3000
targets -set -nocase -filter {name =~ "*microblaze*#0" && bscan=="USER2" }
dow C:/Users/ranchen/Documents/GitHub/cs153a/vitis/lab3b_vitis/lab3a_application/Debug/lab3a_application.elf
----------------End of Script----------------

11:43:14 INFO  : Context for processor 'microblaze_0' is selected.
11:43:14 INFO  : 'con' command is executed.
11:43:14 INFO  : ----------------XSDB Script (After Launch)----------------
targets -set -nocase -filter {name =~ "*microblaze*#0" && bscan=="USER2" }
con
----------------End of Script----------------

11:43:14 INFO  : Launch script is exported to file 'C:\Users\ranchen\Documents\GitHub\cs153a\vitis\lab3b_vitis\lab3a_system\_ide\scripts\debugger_lab3a_application-default.tcl'
11:47:39 INFO  : Checking for BSP changes to sync application flags for project 'lab3a_application'...
11:47:42 INFO  : Disconnected from the channel tcfchan#4.
11:47:43 INFO  : Connected to target on host '127.0.0.1' and port '3121'.
11:47:46 INFO  : Connected to target on host '127.0.0.1' and port '3121'.
11:47:46 INFO  : Jtag cable 'Digilent Nexys A7 -100T 210292BCFA48A' is selected.
11:47:46 INFO  : 'jtag frequency' command is executed.
11:47:46 INFO  : 'targets -set -filter {jtag_cable_name =~ "Digilent Nexys A7 -100T 210292BCFA48A" && level==0 && jtag_device_ctx=="jsn-Nexys A7 -100T-210292BCFA48A-13631093-0"}' command is executed.
11:47:48 INFO  : Device configured successfully with "C:/Users/ranchen/Documents/GitHub/cs153a/vitis/lab3b_vitis/lab3a_application/_ide/bitstream/design_1_wrapper.bit"
11:47:49 INFO  : Context for processor 'microblaze_0' is selected.
11:47:49 INFO  : Hardware design and registers information is loaded from 'C:/Users/ranchen/Documents/GitHub/cs153a/vitis/lab3b_vitis/lab3a_platform/export/lab3a_platform/hw/design_1_wrapper.xsa'.
11:47:49 INFO  : 'configparams mdm-detect-bscan-mask 2' command is executed.
11:47:49 INFO  : Context for processor 'microblaze_0' is selected.
11:47:49 INFO  : System reset is completed.
11:47:52 INFO  : 'after 3000' command is executed.
11:47:55 INFO  : ----------------XSDB Script----------------
connect -url tcp:127.0.0.1:3121
----------------End of Script----------------

11:47:55 ERROR : Could not find FPGA device on the board for connection 'Local'.


Troubleshooting hints:
1. Check whether board is connected to system properly.
2. In case of zynq board, check whether Digilent/Xilinx cable switch settings are correct.
3. If you are using Xilinx Platform Cable USB, ensure that status LED is green.
11:47:55 INFO  : Context for processor 'microblaze_0' is selected.
11:47:55 INFO  : The application 'C:/Users/ranchen/Documents/GitHub/cs153a/vitis/lab3b_vitis/lab3a_application/Debug/lab3a_application.elf' is downloaded to processor 'microblaze_0'.
11:47:55 INFO  : ----------------XSDB Script----------------
connect -url tcp:127.0.0.1:3121
targets -set -filter {jtag_cable_name =~ "Digilent Nexys A7 -100T 210292BCFA48A" && level==0 && jtag_device_ctx=="jsn-Nexys A7 -100T-210292BCFA48A-13631093-0"}
fpga -file C:/Users/ranchen/Documents/GitHub/cs153a/vitis/lab3b_vitis/lab3a_application/_ide/bitstream/design_1_wrapper.bit
targets -set -nocase -filter {name =~ "*microblaze*#0" && bscan=="USER2" }
loadhw -hw C:/Users/ranchen/Documents/GitHub/cs153a/vitis/lab3b_vitis/lab3a_platform/export/lab3a_platform/hw/design_1_wrapper.xsa -regs
configparams mdm-detect-bscan-mask 2
targets -set -nocase -filter {name =~ "*microblaze*#0" && bscan=="USER2" }
rst -system
after 3000
targets -set -nocase -filter {name =~ "*microblaze*#0" && bscan=="USER2" }
dow C:/Users/ranchen/Documents/GitHub/cs153a/vitis/lab3b_vitis/lab3a_application/Debug/lab3a_application.elf
----------------End of Script----------------

11:47:55 INFO  : Context for processor 'microblaze_0' is selected.
11:47:55 INFO  : 'con' command is executed.
11:47:55 INFO  : ----------------XSDB Script (After Launch)----------------
targets -set -nocase -filter {name =~ "*microblaze*#0" && bscan=="USER2" }
con
----------------End of Script----------------

11:47:55 INFO  : Launch script is exported to file 'C:\Users\ranchen\Documents\GitHub\cs153a\vitis\lab3b_vitis\lab3a_system\_ide\scripts\debugger_lab3a_application-default.tcl'
11:48:39 INFO  : Checking for BSP changes to sync application flags for project 'lab3a_application'...
11:51:51 INFO  : Checking for BSP changes to sync application flags for project 'lab3a_application'...
11:51:55 INFO  : Disconnected from the channel tcfchan#5.
11:51:56 INFO  : Connected to target on host '127.0.0.1' and port '3121'.
11:52:05 INFO  : ----------------XSDB Script----------------
connect -url tcp:127.0.0.1:3121
----------------End of Script----------------

11:52:05 ERROR : Could not find FPGA device on the board for connection 'Local'.


Troubleshooting hints:
1. Check whether board is connected to system properly.
2. In case of zynq board, check whether Digilent/Xilinx cable switch settings are correct.
3. If you are using Xilinx Platform Cable USB, ensure that status LED is green.
11:52:05 INFO  : Connected to target on host '127.0.0.1' and port '3121'.
11:52:05 INFO  : Jtag cable 'Digilent Nexys A7 -100T 210292BCFA48A' is selected.
11:52:05 INFO  : 'jtag frequency' command is executed.
11:52:05 INFO  : 'targets -set -filter {jtag_cable_name =~ "Digilent Nexys A7 -100T 210292BCFA48A" && level==0 && jtag_device_ctx=="jsn-Nexys A7 -100T-210292BCFA48A-13631093-0"}' command is executed.
11:52:08 INFO  : Device configured successfully with "C:/Users/ranchen/Documents/GitHub/cs153a/vitis/lab3b_vitis/lab3a_application/_ide/bitstream/design_1_wrapper.bit"
11:52:08 INFO  : Context for processor 'microblaze_0' is selected.
11:52:08 INFO  : Hardware design and registers information is loaded from 'C:/Users/ranchen/Documents/GitHub/cs153a/vitis/lab3b_vitis/lab3a_platform/export/lab3a_platform/hw/design_1_wrapper.xsa'.
11:52:08 INFO  : 'configparams mdm-detect-bscan-mask 2' command is executed.
11:52:08 INFO  : Context for processor 'microblaze_0' is selected.
11:52:08 INFO  : System reset is completed.
11:52:11 INFO  : 'after 3000' command is executed.
11:52:11 INFO  : Context for processor 'microblaze_0' is selected.
11:52:11 INFO  : The application 'C:/Users/ranchen/Documents/GitHub/cs153a/vitis/lab3b_vitis/lab3a_application/Debug/lab3a_application.elf' is downloaded to processor 'microblaze_0'.
11:52:11 INFO  : ----------------XSDB Script----------------
connect -url tcp:127.0.0.1:3121
targets -set -filter {jtag_cable_name =~ "Digilent Nexys A7 -100T 210292BCFA48A" && level==0 && jtag_device_ctx=="jsn-Nexys A7 -100T-210292BCFA48A-13631093-0"}
fpga -file C:/Users/ranchen/Documents/GitHub/cs153a/vitis/lab3b_vitis/lab3a_application/_ide/bitstream/design_1_wrapper.bit
targets -set -nocase -filter {name =~ "*microblaze*#0" && bscan=="USER2" }
loadhw -hw C:/Users/ranchen/Documents/GitHub/cs153a/vitis/lab3b_vitis/lab3a_platform/export/lab3a_platform/hw/design_1_wrapper.xsa -regs
configparams mdm-detect-bscan-mask 2
targets -set -nocase -filter {name =~ "*microblaze*#0" && bscan=="USER2" }
rst -system
after 3000
targets -set -nocase -filter {name =~ "*microblaze*#0" && bscan=="USER2" }
dow C:/Users/ranchen/Documents/GitHub/cs153a/vitis/lab3b_vitis/lab3a_application/Debug/lab3a_application.elf
----------------End of Script----------------

11:52:11 INFO  : Context for processor 'microblaze_0' is selected.
11:52:11 INFO  : 'con' command is executed.
11:52:11 INFO  : ----------------XSDB Script (After Launch)----------------
targets -set -nocase -filter {name =~ "*microblaze*#0" && bscan=="USER2" }
con
----------------End of Script----------------

11:52:11 INFO  : Launch script is exported to file 'C:\Users\ranchen\Documents\GitHub\cs153a\vitis\lab3b_vitis\lab3a_system\_ide\scripts\debugger_lab3a_application-default.tcl'
11:53:09 INFO  : Checking for BSP changes to sync application flags for project 'lab3a_application'...
11:53:11 INFO  : Disconnected from the channel tcfchan#6.
11:53:12 INFO  : Connected to target on host '127.0.0.1' and port '3121'.
11:53:12 INFO  : Connected to target on host '127.0.0.1' and port '3121'.
11:53:15 INFO  : Jtag cable 'Digilent Nexys A7 -100T 210292BCFA48A' is selected.
11:53:15 INFO  : 'jtag frequency' command is executed.
11:53:15 INFO  : 'targets -set -filter {jtag_cable_name =~ "Digilent Nexys A7 -100T 210292BCFA48A" && level==0 && jtag_device_ctx=="jsn-Nexys A7 -100T-210292BCFA48A-13631093-0"}' command is executed.
11:53:17 INFO  : Device configured successfully with "C:/Users/ranchen/Documents/GitHub/cs153a/vitis/lab3b_vitis/lab3a_application/_ide/bitstream/design_1_wrapper.bit"
11:53:18 INFO  : Context for processor 'microblaze_0' is selected.
11:53:18 INFO  : Hardware design and registers information is loaded from 'C:/Users/ranchen/Documents/GitHub/cs153a/vitis/lab3b_vitis/lab3a_platform/export/lab3a_platform/hw/design_1_wrapper.xsa'.
11:53:18 INFO  : 'configparams mdm-detect-bscan-mask 2' command is executed.
11:53:18 INFO  : Context for processor 'microblaze_0' is selected.
11:53:18 INFO  : System reset is completed.
11:53:21 INFO  : 'after 3000' command is executed.
11:53:24 INFO  : ----------------XSDB Script----------------
connect -url tcp:127.0.0.1:3121
----------------End of Script----------------

11:53:24 ERROR : Could not find FPGA device on the board for connection 'Local'.


Troubleshooting hints:
1. Check whether board is connected to system properly.
2. In case of zynq board, check whether Digilent/Xilinx cable switch settings are correct.
3. If you are using Xilinx Platform Cable USB, ensure that status LED is green.
11:53:24 INFO  : Context for processor 'microblaze_0' is selected.
11:53:24 INFO  : The application 'C:/Users/ranchen/Documents/GitHub/cs153a/vitis/lab3b_vitis/lab3a_application/Debug/lab3a_application.elf' is downloaded to processor 'microblaze_0'.
11:53:24 INFO  : ----------------XSDB Script----------------
connect -url tcp:127.0.0.1:3121
targets -set -filter {jtag_cable_name =~ "Digilent Nexys A7 -100T 210292BCFA48A" && level==0 && jtag_device_ctx=="jsn-Nexys A7 -100T-210292BCFA48A-13631093-0"}
fpga -file C:/Users/ranchen/Documents/GitHub/cs153a/vitis/lab3b_vitis/lab3a_application/_ide/bitstream/design_1_wrapper.bit
targets -set -nocase -filter {name =~ "*microblaze*#0" && bscan=="USER2" }
loadhw -hw C:/Users/ranchen/Documents/GitHub/cs153a/vitis/lab3b_vitis/lab3a_platform/export/lab3a_platform/hw/design_1_wrapper.xsa -regs
configparams mdm-detect-bscan-mask 2
targets -set -nocase -filter {name =~ "*microblaze*#0" && bscan=="USER2" }
rst -system
after 3000
targets -set -nocase -filter {name =~ "*microblaze*#0" && bscan=="USER2" }
dow C:/Users/ranchen/Documents/GitHub/cs153a/vitis/lab3b_vitis/lab3a_application/Debug/lab3a_application.elf
----------------End of Script----------------

11:53:24 INFO  : Context for processor 'microblaze_0' is selected.
11:53:24 INFO  : 'con' command is executed.
11:53:24 INFO  : ----------------XSDB Script (After Launch)----------------
targets -set -nocase -filter {name =~ "*microblaze*#0" && bscan=="USER2" }
con
----------------End of Script----------------

11:53:24 INFO  : Launch script is exported to file 'C:\Users\ranchen\Documents\GitHub\cs153a\vitis\lab3b_vitis\lab3a_system\_ide\scripts\debugger_lab3a_application-default.tcl'
11:54:17 INFO  : Checking for BSP changes to sync application flags for project 'lab3a_application'...
11:54:23 INFO  : Disconnected from the channel tcfchan#7.
11:54:24 INFO  : Connected to target on host '127.0.0.1' and port '3121'.
11:54:27 INFO  : Connected to target on host '127.0.0.1' and port '3121'.
11:54:27 INFO  : Jtag cable 'Digilent Nexys A7 -100T 210292BCFA48A' is selected.
11:54:27 INFO  : 'jtag frequency' command is executed.
11:54:27 INFO  : 'targets -set -filter {jtag_cable_name =~ "Digilent Nexys A7 -100T 210292BCFA48A" && level==0 && jtag_device_ctx=="jsn-Nexys A7 -100T-210292BCFA48A-13631093-0"}' command is executed.
11:54:30 INFO  : Device configured successfully with "C:/Users/ranchen/Documents/GitHub/cs153a/vitis/lab3b_vitis/lab3a_application/_ide/bitstream/design_1_wrapper.bit"
11:54:30 INFO  : Context for processor 'microblaze_0' is selected.
11:54:30 INFO  : Hardware design and registers information is loaded from 'C:/Users/ranchen/Documents/GitHub/cs153a/vitis/lab3b_vitis/lab3a_platform/export/lab3a_platform/hw/design_1_wrapper.xsa'.
11:54:30 INFO  : 'configparams mdm-detect-bscan-mask 2' command is executed.
11:54:30 INFO  : Context for processor 'microblaze_0' is selected.
11:54:30 INFO  : System reset is completed.
11:54:33 INFO  : 'after 3000' command is executed.
11:54:36 INFO  : ----------------XSDB Script----------------
connect -url tcp:127.0.0.1:3121
----------------End of Script----------------

11:54:36 ERROR : Could not find FPGA device on the board for connection 'Local'.


Troubleshooting hints:
1. Check whether board is connected to system properly.
2. In case of zynq board, check whether Digilent/Xilinx cable switch settings are correct.
3. If you are using Xilinx Platform Cable USB, ensure that status LED is green.
11:54:36 INFO  : Context for processor 'microblaze_0' is selected.
11:54:36 INFO  : The application 'C:/Users/ranchen/Documents/GitHub/cs153a/vitis/lab3b_vitis/lab3a_application/Debug/lab3a_application.elf' is downloaded to processor 'microblaze_0'.
11:54:36 INFO  : ----------------XSDB Script----------------
connect -url tcp:127.0.0.1:3121
targets -set -filter {jtag_cable_name =~ "Digilent Nexys A7 -100T 210292BCFA48A" && level==0 && jtag_device_ctx=="jsn-Nexys A7 -100T-210292BCFA48A-13631093-0"}
fpga -file C:/Users/ranchen/Documents/GitHub/cs153a/vitis/lab3b_vitis/lab3a_application/_ide/bitstream/design_1_wrapper.bit
targets -set -nocase -filter {name =~ "*microblaze*#0" && bscan=="USER2" }
loadhw -hw C:/Users/ranchen/Documents/GitHub/cs153a/vitis/lab3b_vitis/lab3a_platform/export/lab3a_platform/hw/design_1_wrapper.xsa -regs
configparams mdm-detect-bscan-mask 2
targets -set -nocase -filter {name =~ "*microblaze*#0" && bscan=="USER2" }
rst -system
after 3000
targets -set -nocase -filter {name =~ "*microblaze*#0" && bscan=="USER2" }
dow C:/Users/ranchen/Documents/GitHub/cs153a/vitis/lab3b_vitis/lab3a_application/Debug/lab3a_application.elf
----------------End of Script----------------

11:54:36 INFO  : Context for processor 'microblaze_0' is selected.
11:54:36 INFO  : 'con' command is executed.
11:54:36 INFO  : ----------------XSDB Script (After Launch)----------------
targets -set -nocase -filter {name =~ "*microblaze*#0" && bscan=="USER2" }
con
----------------End of Script----------------

11:54:36 INFO  : Launch script is exported to file 'C:\Users\ranchen\Documents\GitHub\cs153a\vitis\lab3b_vitis\lab3a_system\_ide\scripts\debugger_lab3a_application-default.tcl'
11:55:18 INFO  : Checking for BSP changes to sync application flags for project 'lab3a_application'...
11:55:22 INFO  : Disconnected from the channel tcfchan#8.
11:55:23 INFO  : Connected to target on host '127.0.0.1' and port '3121'.
11:55:27 INFO  : Connected to target on host '127.0.0.1' and port '3121'.
11:55:28 INFO  : Jtag cable 'Digilent Nexys A7 -100T 210292BCFA48A' is selected.
11:55:28 INFO  : 'jtag frequency' command is executed.
11:55:28 INFO  : Connected to target on host '127.0.0.1' and port '3121'.
11:55:28 INFO  : 'targets -set -filter {jtag_cable_name =~ "Digilent Nexys A7 -100T 210292BCFA48A" && level==0 && jtag_device_ctx=="jsn-Nexys A7 -100T-210292BCFA48A-13631093-0"}' command is executed.
11:55:30 INFO  : Device configured successfully with "C:/Users/ranchen/Documents/GitHub/cs153a/vitis/lab3b_vitis/lab3a_application/_ide/bitstream/design_1_wrapper.bit"
11:55:33 INFO  : ----------------XSDB Script----------------
connect -url tcp:127.0.0.1:3121
----------------End of Script----------------

11:55:33 ERROR : Could not find FPGA device on the board for connection 'Local'.


Troubleshooting hints:
1. Check whether board is connected to system properly.
2. In case of zynq board, check whether Digilent/Xilinx cable switch settings are correct.
3. If you are using Xilinx Platform Cable USB, ensure that status LED is green.
11:55:33 INFO  : Context for processor 'microblaze_0' is selected.
11:55:33 INFO  : Hardware design and registers information is loaded from 'C:/Users/ranchen/Documents/GitHub/cs153a/vitis/lab3b_vitis/lab3a_platform/export/lab3a_platform/hw/design_1_wrapper.xsa'.
11:55:33 INFO  : 'configparams mdm-detect-bscan-mask 2' command is executed.
11:55:33 INFO  : Context for processor 'microblaze_0' is selected.
11:55:33 INFO  : System reset is completed.
11:55:36 INFO  : 'after 3000' command is executed.
11:55:36 INFO  : Context for processor 'microblaze_0' is selected.
11:55:36 INFO  : The application 'C:/Users/ranchen/Documents/GitHub/cs153a/vitis/lab3b_vitis/lab3a_application/Debug/lab3a_application.elf' is downloaded to processor 'microblaze_0'.
11:55:36 INFO  : ----------------XSDB Script----------------
connect -url tcp:127.0.0.1:3121
targets -set -filter {jtag_cable_name =~ "Digilent Nexys A7 -100T 210292BCFA48A" && level==0 && jtag_device_ctx=="jsn-Nexys A7 -100T-210292BCFA48A-13631093-0"}
fpga -file C:/Users/ranchen/Documents/GitHub/cs153a/vitis/lab3b_vitis/lab3a_application/_ide/bitstream/design_1_wrapper.bit
targets -set -nocase -filter {name =~ "*microblaze*#0" && bscan=="USER2" }
loadhw -hw C:/Users/ranchen/Documents/GitHub/cs153a/vitis/lab3b_vitis/lab3a_platform/export/lab3a_platform/hw/design_1_wrapper.xsa -regs
configparams mdm-detect-bscan-mask 2
targets -set -nocase -filter {name =~ "*microblaze*#0" && bscan=="USER2" }
rst -system
after 3000
targets -set -nocase -filter {name =~ "*microblaze*#0" && bscan=="USER2" }
dow C:/Users/ranchen/Documents/GitHub/cs153a/vitis/lab3b_vitis/lab3a_application/Debug/lab3a_application.elf
----------------End of Script----------------

11:55:37 INFO  : Context for processor 'microblaze_0' is selected.
11:55:37 INFO  : Jtag cable 'Digilent Nexys A7 -100T 210292BCFA48A' is selected.
11:55:37 INFO  : 'con' command is executed.
11:55:37 INFO  : ----------------XSDB Script (After Launch)----------------
targets -set -nocase -filter {name =~ "*microblaze*#0" && bscan=="USER2" }
con
----------------End of Script----------------

11:55:37 INFO  : Launch script is exported to file 'C:\Users\ranchen\Documents\GitHub\cs153a\vitis\lab3b_vitis\lab3a_system\_ide\scripts\debugger_lab3a_application-default.tcl'
11:55:37 INFO  : 'jtag frequency' command is executed.
11:55:37 INFO  : 'targets -set -filter {jtag_cable_name =~ "Digilent Nexys A7 -100T 210292BCFA48A" && level==0 && jtag_device_ctx=="jsn-Nexys A7 -100T-210292BCFA48A-13631093-0"}' command is executed.
11:55:39 INFO  : Device configured successfully with "C:/Users/ranchen/Documents/GitHub/cs153a/vitis/lab3b_vitis/lab3a_application/_ide/bitstream/design_1_wrapper.bit"
11:55:39 INFO  : Context for processor 'microblaze_0' is selected.
11:55:39 INFO  : Hardware design and registers information is loaded from 'C:/Users/ranchen/Documents/GitHub/cs153a/vitis/lab3b_vitis/lab3a_platform/export/lab3a_platform/hw/design_1_wrapper.xsa'.
11:55:39 INFO  : 'configparams mdm-detect-bscan-mask 2' command is executed.
11:55:39 INFO  : Context for processor 'microblaze_0' is selected.
11:55:39 INFO  : System reset is completed.
11:55:42 INFO  : 'after 3000' command is executed.
11:55:42 INFO  : Context for processor 'microblaze_0' is selected.
11:55:43 INFO  : The application 'C:/Users/ranchen/Documents/GitHub/cs153a/vitis/lab3b_vitis/lab3a_application/Debug/lab3a_application.elf' is downloaded to processor 'microblaze_0'.
11:55:43 INFO  : ----------------XSDB Script----------------
connect -url tcp:127.0.0.1:3121
targets -set -filter {jtag_cable_name =~ "Digilent Nexys A7 -100T 210292BCFA48A" && level==0 && jtag_device_ctx=="jsn-Nexys A7 -100T-210292BCFA48A-13631093-0"}
fpga -file C:/Users/ranchen/Documents/GitHub/cs153a/vitis/lab3b_vitis/lab3a_application/_ide/bitstream/design_1_wrapper.bit
targets -set -nocase -filter {name =~ "*microblaze*#0" && bscan=="USER2" }
loadhw -hw C:/Users/ranchen/Documents/GitHub/cs153a/vitis/lab3b_vitis/lab3a_platform/export/lab3a_platform/hw/design_1_wrapper.xsa -regs
configparams mdm-detect-bscan-mask 2
targets -set -nocase -filter {name =~ "*microblaze*#0" && bscan=="USER2" }
rst -system
after 3000
targets -set -nocase -filter {name =~ "*microblaze*#0" && bscan=="USER2" }
dow C:/Users/ranchen/Documents/GitHub/cs153a/vitis/lab3b_vitis/lab3a_application/Debug/lab3a_application.elf
----------------End of Script----------------

11:55:43 INFO  : Context for processor 'microblaze_0' is selected.
11:55:43 INFO  : 'con' command is executed.
11:55:43 INFO  : ----------------XSDB Script (After Launch)----------------
targets -set -nocase -filter {name =~ "*microblaze*#0" && bscan=="USER2" }
con
----------------End of Script----------------

11:55:43 INFO  : Launch script is exported to file 'C:\Users\ranchen\Documents\GitHub\cs153a\vitis\lab3b_vitis\lab3a_system\_ide\scripts\debugger_lab3a_application-default.tcl'
11:58:09 INFO  : Checking for BSP changes to sync application flags for project 'lab3a_application'...
11:58:16 INFO  : Disconnected from the channel tcfchan#9.
11:58:17 INFO  : Connected to target on host '127.0.0.1' and port '3121'.
11:58:17 INFO  : Connected to target on host '127.0.0.1' and port '3121'.
11:58:17 INFO  : Jtag cable 'Digilent Nexys A7 -100T 210292BCFA48A' is selected.
11:58:17 INFO  : 'jtag frequency' command is executed.
11:58:17 INFO  : 'targets -set -filter {jtag_cable_name =~ "Digilent Nexys A7 -100T 210292BCFA48A" && level==0 && jtag_device_ctx=="jsn-Nexys A7 -100T-210292BCFA48A-13631093-0"}' command is executed.
11:58:19 INFO  : Device configured successfully with "C:/Users/ranchen/Documents/GitHub/cs153a/vitis/lab3b_vitis/lab3a_application/_ide/bitstream/design_1_wrapper.bit"
11:58:19 INFO  : Context for processor 'microblaze_0' is selected.
11:58:20 INFO  : Hardware design and registers information is loaded from 'C:/Users/ranchen/Documents/GitHub/cs153a/vitis/lab3b_vitis/lab3a_platform/export/lab3a_platform/hw/design_1_wrapper.xsa'.
11:58:20 INFO  : 'configparams mdm-detect-bscan-mask 2' command is executed.
11:58:20 INFO  : Context for processor 'microblaze_0' is selected.
11:58:20 INFO  : System reset is completed.
11:58:20 INFO  : Jtag cable 'Digilent Nexys A7 -100T 210292BCFA48A' is selected.
11:58:23 INFO  : 'after 3000' command is executed.
11:58:23 INFO  : 'jtag frequency' command is executed.
11:58:23 INFO  : Context for processor 'microblaze_0' is selected.
11:58:23 INFO  : The application 'C:/Users/ranchen/Documents/GitHub/cs153a/vitis/lab3b_vitis/lab3a_application/Debug/lab3a_application.elf' is downloaded to processor 'microblaze_0'.
11:58:23 INFO  : ----------------XSDB Script----------------
connect -url tcp:127.0.0.1:3121
targets -set -filter {jtag_cable_name =~ "Digilent Nexys A7 -100T 210292BCFA48A" && level==0 && jtag_device_ctx=="jsn-Nexys A7 -100T-210292BCFA48A-13631093-0"}
fpga -file C:/Users/ranchen/Documents/GitHub/cs153a/vitis/lab3b_vitis/lab3a_application/_ide/bitstream/design_1_wrapper.bit
targets -set -nocase -filter {name =~ "*microblaze*#0" && bscan=="USER2" }
loadhw -hw C:/Users/ranchen/Documents/GitHub/cs153a/vitis/lab3b_vitis/lab3a_platform/export/lab3a_platform/hw/design_1_wrapper.xsa -regs
configparams mdm-detect-bscan-mask 2
targets -set -nocase -filter {name =~ "*microblaze*#0" && bscan=="USER2" }
rst -system
after 3000
targets -set -nocase -filter {name =~ "*microblaze*#0" && bscan=="USER2" }
dow C:/Users/ranchen/Documents/GitHub/cs153a/vitis/lab3b_vitis/lab3a_application/Debug/lab3a_application.elf
----------------End of Script----------------

11:58:23 INFO  : 'targets -set -filter {jtag_cable_name =~ "Digilent Nexys A7 -100T 210292BCFA48A" && level==0 && jtag_device_ctx=="jsn-Nexys A7 -100T-210292BCFA48A-13631093-0"}' command is executed.
11:58:23 INFO  : Context for processor 'microblaze_0' is selected.
11:58:25 INFO  : Device configured successfully with "C:/Users/ranchen/Documents/GitHub/cs153a/vitis/lab3b_vitis/lab3a_application/_ide/bitstream/design_1_wrapper.bit"
11:58:25 ERROR : Already running
11:58:26 INFO  : Context for processor 'microblaze_0' is selected.
11:58:26 INFO  : Hardware design and registers information is loaded from 'C:/Users/ranchen/Documents/GitHub/cs153a/vitis/lab3b_vitis/lab3a_platform/export/lab3a_platform/hw/design_1_wrapper.xsa'.
11:58:26 INFO  : 'configparams mdm-detect-bscan-mask 2' command is executed.
11:58:26 INFO  : Context for processor 'microblaze_0' is selected.
11:58:26 INFO  : System reset is completed.
11:58:29 INFO  : 'after 3000' command is executed.
11:58:29 INFO  : Context for processor 'microblaze_0' is selected.
11:58:29 INFO  : The application 'C:/Users/ranchen/Documents/GitHub/cs153a/vitis/lab3b_vitis/lab3a_application/Debug/lab3a_application.elf' is downloaded to processor 'microblaze_0'.
11:58:29 INFO  : ----------------XSDB Script----------------
connect -url tcp:127.0.0.1:3121
targets -set -filter {jtag_cable_name =~ "Digilent Nexys A7 -100T 210292BCFA48A" && level==0 && jtag_device_ctx=="jsn-Nexys A7 -100T-210292BCFA48A-13631093-0"}
fpga -file C:/Users/ranchen/Documents/GitHub/cs153a/vitis/lab3b_vitis/lab3a_application/_ide/bitstream/design_1_wrapper.bit
targets -set -nocase -filter {name =~ "*microblaze*#0" && bscan=="USER2" }
loadhw -hw C:/Users/ranchen/Documents/GitHub/cs153a/vitis/lab3b_vitis/lab3a_platform/export/lab3a_platform/hw/design_1_wrapper.xsa -regs
configparams mdm-detect-bscan-mask 2
targets -set -nocase -filter {name =~ "*microblaze*#0" && bscan=="USER2" }
rst -system
after 3000
targets -set -nocase -filter {name =~ "*microblaze*#0" && bscan=="USER2" }
dow C:/Users/ranchen/Documents/GitHub/cs153a/vitis/lab3b_vitis/lab3a_application/Debug/lab3a_application.elf
----------------End of Script----------------

11:58:29 INFO  : Context for processor 'microblaze_0' is selected.
11:58:29 INFO  : 'con' command is executed.
11:58:29 INFO  : ----------------XSDB Script (After Launch)----------------
targets -set -nocase -filter {name =~ "*microblaze*#0" && bscan=="USER2" }
con
----------------End of Script----------------

11:58:29 INFO  : Launch script is exported to file 'C:\Users\ranchen\Documents\GitHub\cs153a\vitis\lab3b_vitis\lab3a_system\_ide\scripts\debugger_lab3a_application-default.tcl'
12:00:49 INFO  : Checking for BSP changes to sync application flags for project 'lab3a_application'...
12:00:57 INFO  : Disconnected from the channel tcfchan#10.
12:00:58 INFO  : Connected to target on host '127.0.0.1' and port '3121'.
12:00:59 INFO  : Jtag cable 'Digilent Nexys A7 -100T 210292BCFA48A' is selected.
12:00:59 INFO  : 'jtag frequency' command is executed.
12:00:59 INFO  : 'targets -set -filter {jtag_cable_name =~ "Digilent Nexys A7 -100T 210292BCFA48A" && level==0 && jtag_device_ctx=="jsn-Nexys A7 -100T-210292BCFA48A-13631093-0"}' command is executed.
12:01:01 INFO  : Device configured successfully with "C:/Users/ranchen/Documents/GitHub/cs153a/vitis/lab3b_vitis/lab3a_application/_ide/bitstream/design_1_wrapper.bit"
12:01:01 INFO  : Context for processor 'microblaze_0' is selected.
12:01:01 INFO  : Hardware design and registers information is loaded from 'C:/Users/ranchen/Documents/GitHub/cs153a/vitis/lab3b_vitis/lab3a_platform/export/lab3a_platform/hw/design_1_wrapper.xsa'.
12:01:01 INFO  : 'configparams mdm-detect-bscan-mask 2' command is executed.
12:01:01 INFO  : Context for processor 'microblaze_0' is selected.
12:01:01 INFO  : System reset is completed.
12:01:04 INFO  : 'after 3000' command is executed.
12:01:04 INFO  : Context for processor 'microblaze_0' is selected.
12:01:04 INFO  : The application 'C:/Users/ranchen/Documents/GitHub/cs153a/vitis/lab3b_vitis/lab3a_application/Debug/lab3a_application.elf' is downloaded to processor 'microblaze_0'.
12:01:04 INFO  : ----------------XSDB Script----------------
connect -url tcp:127.0.0.1:3121
targets -set -filter {jtag_cable_name =~ "Digilent Nexys A7 -100T 210292BCFA48A" && level==0 && jtag_device_ctx=="jsn-Nexys A7 -100T-210292BCFA48A-13631093-0"}
fpga -file C:/Users/ranchen/Documents/GitHub/cs153a/vitis/lab3b_vitis/lab3a_application/_ide/bitstream/design_1_wrapper.bit
targets -set -nocase -filter {name =~ "*microblaze*#0" && bscan=="USER2" }
loadhw -hw C:/Users/ranchen/Documents/GitHub/cs153a/vitis/lab3b_vitis/lab3a_platform/export/lab3a_platform/hw/design_1_wrapper.xsa -regs
configparams mdm-detect-bscan-mask 2
targets -set -nocase -filter {name =~ "*microblaze*#0" && bscan=="USER2" }
rst -system
after 3000
targets -set -nocase -filter {name =~ "*microblaze*#0" && bscan=="USER2" }
dow C:/Users/ranchen/Documents/GitHub/cs153a/vitis/lab3b_vitis/lab3a_application/Debug/lab3a_application.elf
----------------End of Script----------------

12:01:05 INFO  : Context for processor 'microblaze_0' is selected.
12:01:05 INFO  : 'con' command is executed.
12:01:05 INFO  : ----------------XSDB Script (After Launch)----------------
targets -set -nocase -filter {name =~ "*microblaze*#0" && bscan=="USER2" }
con
----------------End of Script----------------

12:01:05 INFO  : Launch script is exported to file 'C:\Users\ranchen\Documents\GitHub\cs153a\vitis\lab3b_vitis\lab3a_system\_ide\scripts\debugger_lab3a_application-default.tcl'
12:01:32 INFO  : Checking for BSP changes to sync application flags for project 'lab3a_application'...
12:01:37 INFO  : Disconnected from the channel tcfchan#11.
12:01:38 INFO  : Connected to target on host '127.0.0.1' and port '3121'.
12:01:38 INFO  : Connected to target on host '127.0.0.1' and port '3121'.
12:01:38 INFO  : Jtag cable 'Digilent Nexys A7 -100T 210292BCFA48A' is selected.
12:01:38 INFO  : 'jtag frequency' command is executed.
12:01:39 INFO  : 'targets -set -filter {jtag_cable_name =~ "Digilent Nexys A7 -100T 210292BCFA48A" && level==0 && jtag_device_ctx=="jsn-Nexys A7 -100T-210292BCFA48A-13631093-0"}' command is executed.
12:01:41 INFO  : Device configured successfully with "C:/Users/ranchen/Documents/GitHub/cs153a/vitis/lab3b_vitis/lab3a_application/_ide/bitstream/design_1_wrapper.bit"
12:01:41 INFO  : Context for processor 'microblaze_0' is selected.
12:01:41 INFO  : Hardware design and registers information is loaded from 'C:/Users/ranchen/Documents/GitHub/cs153a/vitis/lab3b_vitis/lab3a_platform/export/lab3a_platform/hw/design_1_wrapper.xsa'.
12:01:41 INFO  : 'configparams mdm-detect-bscan-mask 2' command is executed.
12:01:41 INFO  : Context for processor 'microblaze_0' is selected.
12:01:41 INFO  : System reset is completed.
12:01:41 INFO  : Jtag cable 'Digilent Nexys A7 -100T 210292BCFA48A' is selected.
12:01:44 INFO  : 'after 3000' command is executed.
12:01:44 INFO  : 'jtag frequency' command is executed.
12:01:44 INFO  : Context for processor 'microblaze_0' is selected.
12:01:44 INFO  : The application 'C:/Users/ranchen/Documents/GitHub/cs153a/vitis/lab3b_vitis/lab3a_application/Debug/lab3a_application.elf' is downloaded to processor 'microblaze_0'.
12:01:44 INFO  : ----------------XSDB Script----------------
connect -url tcp:127.0.0.1:3121
targets -set -filter {jtag_cable_name =~ "Digilent Nexys A7 -100T 210292BCFA48A" && level==0 && jtag_device_ctx=="jsn-Nexys A7 -100T-210292BCFA48A-13631093-0"}
fpga -file C:/Users/ranchen/Documents/GitHub/cs153a/vitis/lab3b_vitis/lab3a_application/_ide/bitstream/design_1_wrapper.bit
targets -set -nocase -filter {name =~ "*microblaze*#0" && bscan=="USER2" }
loadhw -hw C:/Users/ranchen/Documents/GitHub/cs153a/vitis/lab3b_vitis/lab3a_platform/export/lab3a_platform/hw/design_1_wrapper.xsa -regs
configparams mdm-detect-bscan-mask 2
targets -set -nocase -filter {name =~ "*microblaze*#0" && bscan=="USER2" }
rst -system
after 3000
targets -set -nocase -filter {name =~ "*microblaze*#0" && bscan=="USER2" }
dow C:/Users/ranchen/Documents/GitHub/cs153a/vitis/lab3b_vitis/lab3a_application/Debug/lab3a_application.elf
----------------End of Script----------------

12:01:45 INFO  : 'targets -set -filter {jtag_cable_name =~ "Digilent Nexys A7 -100T 210292BCFA48A" && level==0 && jtag_device_ctx=="jsn-Nexys A7 -100T-210292BCFA48A-13631093-0"}' command is executed.
12:01:47 INFO  : Device configured successfully with "C:/Users/ranchen/Documents/GitHub/cs153a/vitis/lab3b_vitis/lab3a_application/_ide/bitstream/design_1_wrapper.bit"
12:01:47 INFO  : Context for processor 'microblaze_0' is selected.
12:01:47 INFO  : Context for processor 'microblaze_0' is selected.
12:01:47 ERROR : Already running
12:01:47 INFO  : Hardware design and registers information is loaded from 'C:/Users/ranchen/Documents/GitHub/cs153a/vitis/lab3b_vitis/lab3a_platform/export/lab3a_platform/hw/design_1_wrapper.xsa'.
12:01:47 INFO  : 'configparams mdm-detect-bscan-mask 2' command is executed.
12:01:47 INFO  : Context for processor 'microblaze_0' is selected.
12:01:47 INFO  : System reset is completed.
12:01:50 INFO  : 'after 3000' command is executed.
12:01:50 INFO  : Context for processor 'microblaze_0' is selected.
12:01:50 INFO  : The application 'C:/Users/ranchen/Documents/GitHub/cs153a/vitis/lab3b_vitis/lab3a_application/Debug/lab3a_application.elf' is downloaded to processor 'microblaze_0'.
12:01:50 INFO  : ----------------XSDB Script----------------
connect -url tcp:127.0.0.1:3121
targets -set -filter {jtag_cable_name =~ "Digilent Nexys A7 -100T 210292BCFA48A" && level==0 && jtag_device_ctx=="jsn-Nexys A7 -100T-210292BCFA48A-13631093-0"}
fpga -file C:/Users/ranchen/Documents/GitHub/cs153a/vitis/lab3b_vitis/lab3a_application/_ide/bitstream/design_1_wrapper.bit
targets -set -nocase -filter {name =~ "*microblaze*#0" && bscan=="USER2" }
loadhw -hw C:/Users/ranchen/Documents/GitHub/cs153a/vitis/lab3b_vitis/lab3a_platform/export/lab3a_platform/hw/design_1_wrapper.xsa -regs
configparams mdm-detect-bscan-mask 2
targets -set -nocase -filter {name =~ "*microblaze*#0" && bscan=="USER2" }
rst -system
after 3000
targets -set -nocase -filter {name =~ "*microblaze*#0" && bscan=="USER2" }
dow C:/Users/ranchen/Documents/GitHub/cs153a/vitis/lab3b_vitis/lab3a_application/Debug/lab3a_application.elf
----------------End of Script----------------

12:01:50 INFO  : Context for processor 'microblaze_0' is selected.
12:01:50 INFO  : 'con' command is executed.
12:01:50 INFO  : ----------------XSDB Script (After Launch)----------------
targets -set -nocase -filter {name =~ "*microblaze*#0" && bscan=="USER2" }
con
----------------End of Script----------------

12:01:50 INFO  : Launch script is exported to file 'C:\Users\ranchen\Documents\GitHub\cs153a\vitis\lab3b_vitis\lab3a_system\_ide\scripts\debugger_lab3a_application-default.tcl'
12:02:39 INFO  : Checking for BSP changes to sync application flags for project 'lab3a_application'...
12:02:42 INFO  : Disconnected from the channel tcfchan#12.
12:02:43 INFO  : Connected to target on host '127.0.0.1' and port '3121'.
12:02:43 INFO  : Connected to target on host '127.0.0.1' and port '3121'.
12:02:44 INFO  : Jtag cable 'Digilent Nexys A7 -100T 210292BCFA48A' is selected.
12:02:44 INFO  : 'jtag frequency' command is executed.
12:02:44 INFO  : 'targets -set -filter {jtag_cable_name =~ "Digilent Nexys A7 -100T 210292BCFA48A" && level==0 && jtag_device_ctx=="jsn-Nexys A7 -100T-210292BCFA48A-13631093-0"}' command is executed.
12:02:46 INFO  : Device configured successfully with "C:/Users/ranchen/Documents/GitHub/cs153a/vitis/lab3b_vitis/lab3a_application/_ide/bitstream/design_1_wrapper.bit"
12:02:46 INFO  : Context for processor 'microblaze_0' is selected.
12:02:46 INFO  : Hardware design and registers information is loaded from 'C:/Users/ranchen/Documents/GitHub/cs153a/vitis/lab3b_vitis/lab3a_platform/export/lab3a_platform/hw/design_1_wrapper.xsa'.
12:02:46 INFO  : 'configparams mdm-detect-bscan-mask 2' command is executed.
12:02:46 INFO  : Context for processor 'microblaze_0' is selected.
12:02:46 INFO  : System reset is completed.
12:02:46 INFO  : Jtag cable 'Digilent Nexys A7 -100T 210292BCFA48A' is selected.
12:02:49 INFO  : 'after 3000' command is executed.
12:02:49 INFO  : 'jtag frequency' command is executed.
12:02:49 INFO  : Context for processor 'microblaze_0' is selected.
12:02:49 INFO  : The application 'C:/Users/ranchen/Documents/GitHub/cs153a/vitis/lab3b_vitis/lab3a_application/Debug/lab3a_application.elf' is downloaded to processor 'microblaze_0'.
12:02:49 INFO  : ----------------XSDB Script----------------
connect -url tcp:127.0.0.1:3121
targets -set -filter {jtag_cable_name =~ "Digilent Nexys A7 -100T 210292BCFA48A" && level==0 && jtag_device_ctx=="jsn-Nexys A7 -100T-210292BCFA48A-13631093-0"}
fpga -file C:/Users/ranchen/Documents/GitHub/cs153a/vitis/lab3b_vitis/lab3a_application/_ide/bitstream/design_1_wrapper.bit
targets -set -nocase -filter {name =~ "*microblaze*#0" && bscan=="USER2" }
loadhw -hw C:/Users/ranchen/Documents/GitHub/cs153a/vitis/lab3b_vitis/lab3a_platform/export/lab3a_platform/hw/design_1_wrapper.xsa -regs
configparams mdm-detect-bscan-mask 2
targets -set -nocase -filter {name =~ "*microblaze*#0" && bscan=="USER2" }
rst -system
after 3000
targets -set -nocase -filter {name =~ "*microblaze*#0" && bscan=="USER2" }
dow C:/Users/ranchen/Documents/GitHub/cs153a/vitis/lab3b_vitis/lab3a_application/Debug/lab3a_application.elf
----------------End of Script----------------

12:02:50 INFO  : 'targets -set -filter {jtag_cable_name =~ "Digilent Nexys A7 -100T 210292BCFA48A" && level==0 && jtag_device_ctx=="jsn-Nexys A7 -100T-210292BCFA48A-13631093-0"}' command is executed.
12:02:52 INFO  : Device configured successfully with "C:/Users/ranchen/Documents/GitHub/cs153a/vitis/lab3b_vitis/lab3a_application/_ide/bitstream/design_1_wrapper.bit"
12:02:52 INFO  : Context for processor 'microblaze_0' is selected.
12:02:52 INFO  : Context for processor 'microblaze_0' is selected.
12:02:52 ERROR : Already running
12:02:52 INFO  : Hardware design and registers information is loaded from 'C:/Users/ranchen/Documents/GitHub/cs153a/vitis/lab3b_vitis/lab3a_platform/export/lab3a_platform/hw/design_1_wrapper.xsa'.
12:02:52 INFO  : 'configparams mdm-detect-bscan-mask 2' command is executed.
12:02:52 INFO  : Context for processor 'microblaze_0' is selected.
12:02:52 INFO  : System reset is completed.
12:02:55 INFO  : 'after 3000' command is executed.
12:02:55 INFO  : Context for processor 'microblaze_0' is selected.
12:02:55 INFO  : The application 'C:/Users/ranchen/Documents/GitHub/cs153a/vitis/lab3b_vitis/lab3a_application/Debug/lab3a_application.elf' is downloaded to processor 'microblaze_0'.
12:02:55 INFO  : ----------------XSDB Script----------------
connect -url tcp:127.0.0.1:3121
targets -set -filter {jtag_cable_name =~ "Digilent Nexys A7 -100T 210292BCFA48A" && level==0 && jtag_device_ctx=="jsn-Nexys A7 -100T-210292BCFA48A-13631093-0"}
fpga -file C:/Users/ranchen/Documents/GitHub/cs153a/vitis/lab3b_vitis/lab3a_application/_ide/bitstream/design_1_wrapper.bit
targets -set -nocase -filter {name =~ "*microblaze*#0" && bscan=="USER2" }
loadhw -hw C:/Users/ranchen/Documents/GitHub/cs153a/vitis/lab3b_vitis/lab3a_platform/export/lab3a_platform/hw/design_1_wrapper.xsa -regs
configparams mdm-detect-bscan-mask 2
targets -set -nocase -filter {name =~ "*microblaze*#0" && bscan=="USER2" }
rst -system
after 3000
targets -set -nocase -filter {name =~ "*microblaze*#0" && bscan=="USER2" }
dow C:/Users/ranchen/Documents/GitHub/cs153a/vitis/lab3b_vitis/lab3a_application/Debug/lab3a_application.elf
----------------End of Script----------------

12:02:55 INFO  : Context for processor 'microblaze_0' is selected.
12:02:55 INFO  : 'con' command is executed.
12:02:55 INFO  : ----------------XSDB Script (After Launch)----------------
targets -set -nocase -filter {name =~ "*microblaze*#0" && bscan=="USER2" }
con
----------------End of Script----------------

12:02:55 INFO  : Launch script is exported to file 'C:\Users\ranchen\Documents\GitHub\cs153a\vitis\lab3b_vitis\lab3a_system\_ide\scripts\debugger_lab3a_application-default.tcl'
12:08:22 INFO  : Checking for BSP changes to sync application flags for project 'lab3a_application'...
12:09:12 INFO  : Checking for BSP changes to sync application flags for project 'lab3a_application'...
12:09:33 INFO  : Checking for BSP changes to sync application flags for project 'lab3a_application'...
12:09:38 INFO  : Disconnected from the channel tcfchan#13.
12:09:39 INFO  : Connected to target on host '127.0.0.1' and port '3121'.
12:09:39 INFO  : Jtag cable 'Digilent Nexys A7 -100T 210292BCFA48A' is selected.
12:09:39 INFO  : 'jtag frequency' command is executed.
12:09:39 INFO  : 'targets -set -filter {jtag_cable_name =~ "Digilent Nexys A7 -100T 210292BCFA48A" && level==0 && jtag_device_ctx=="jsn-Nexys A7 -100T-210292BCFA48A-13631093-0"}' command is executed.
12:09:41 INFO  : Device configured successfully with "C:/Users/ranchen/Documents/GitHub/cs153a/vitis/lab3b_vitis/lab3a_application/_ide/bitstream/design_1_wrapper.bit"
12:09:41 INFO  : Context for processor 'microblaze_0' is selected.
12:09:41 INFO  : Hardware design and registers information is loaded from 'C:/Users/ranchen/Documents/GitHub/cs153a/vitis/lab3b_vitis/lab3a_platform/export/lab3a_platform/hw/design_1_wrapper.xsa'.
12:09:41 INFO  : 'configparams mdm-detect-bscan-mask 2' command is executed.
12:09:41 INFO  : Context for processor 'microblaze_0' is selected.
12:09:41 INFO  : System reset is completed.
12:09:44 INFO  : 'after 3000' command is executed.
12:09:44 INFO  : Context for processor 'microblaze_0' is selected.
12:09:45 INFO  : The application 'C:/Users/ranchen/Documents/GitHub/cs153a/vitis/lab3b_vitis/lab3a_application/Debug/lab3a_application.elf' is downloaded to processor 'microblaze_0'.
12:09:45 INFO  : ----------------XSDB Script----------------
connect -url tcp:127.0.0.1:3121
targets -set -filter {jtag_cable_name =~ "Digilent Nexys A7 -100T 210292BCFA48A" && level==0 && jtag_device_ctx=="jsn-Nexys A7 -100T-210292BCFA48A-13631093-0"}
fpga -file C:/Users/ranchen/Documents/GitHub/cs153a/vitis/lab3b_vitis/lab3a_application/_ide/bitstream/design_1_wrapper.bit
targets -set -nocase -filter {name =~ "*microblaze*#0" && bscan=="USER2" }
loadhw -hw C:/Users/ranchen/Documents/GitHub/cs153a/vitis/lab3b_vitis/lab3a_platform/export/lab3a_platform/hw/design_1_wrapper.xsa -regs
configparams mdm-detect-bscan-mask 2
targets -set -nocase -filter {name =~ "*microblaze*#0" && bscan=="USER2" }
rst -system
after 3000
targets -set -nocase -filter {name =~ "*microblaze*#0" && bscan=="USER2" }
dow C:/Users/ranchen/Documents/GitHub/cs153a/vitis/lab3b_vitis/lab3a_application/Debug/lab3a_application.elf
----------------End of Script----------------

12:09:45 INFO  : Context for processor 'microblaze_0' is selected.
12:09:45 INFO  : 'con' command is executed.
12:09:45 INFO  : ----------------XSDB Script (After Launch)----------------
targets -set -nocase -filter {name =~ "*microblaze*#0" && bscan=="USER2" }
con
----------------End of Script----------------

12:09:45 INFO  : Launch script is exported to file 'C:\Users\ranchen\Documents\GitHub\cs153a\vitis\lab3b_vitis\lab3a_system\_ide\scripts\debugger_lab3a_application-default.tcl'
12:11:08 INFO  : Checking for BSP changes to sync application flags for project 'lab3a_application'...
12:11:14 INFO  : Disconnected from the channel tcfchan#14.
12:11:15 INFO  : Connected to target on host '127.0.0.1' and port '3121'.
12:11:15 INFO  : Connected to target on host '127.0.0.1' and port '3121'.
12:11:15 INFO  : Jtag cable 'Digilent Nexys A7 -100T 210292BCFA48A' is selected.
12:11:15 INFO  : 'jtag frequency' command is executed.
12:11:15 INFO  : 'targets -set -filter {jtag_cable_name =~ "Digilent Nexys A7 -100T 210292BCFA48A" && level==0 && jtag_device_ctx=="jsn-Nexys A7 -100T-210292BCFA48A-13631093-0"}' command is executed.
12:11:18 INFO  : Device configured successfully with "C:/Users/ranchen/Documents/GitHub/cs153a/vitis/lab3b_vitis/lab3a_application/_ide/bitstream/design_1_wrapper.bit"
12:11:18 INFO  : Context for processor 'microblaze_0' is selected.
12:11:18 INFO  : Hardware design and registers information is loaded from 'C:/Users/ranchen/Documents/GitHub/cs153a/vitis/lab3b_vitis/lab3a_platform/export/lab3a_platform/hw/design_1_wrapper.xsa'.
12:11:18 INFO  : 'configparams mdm-detect-bscan-mask 2' command is executed.
12:11:18 INFO  : Jtag cable 'Digilent Nexys A7 -100T 210292BCFA48A' is selected.
12:11:18 INFO  : Context for processor 'microblaze_0' is selected.
12:11:18 INFO  : 'jtag frequency' command is executed.
12:11:18 INFO  : System reset is completed.
12:11:21 INFO  : 'after 3000' command is executed.
12:11:21 INFO  : Context for processor 'microblaze_0' is selected.
12:11:21 INFO  : The application 'C:/Users/ranchen/Documents/GitHub/cs153a/vitis/lab3b_vitis/lab3a_application/Debug/lab3a_application.elf' is downloaded to processor 'microblaze_0'.
12:11:21 INFO  : ----------------XSDB Script----------------
connect -url tcp:127.0.0.1:3121
targets -set -filter {jtag_cable_name =~ "Digilent Nexys A7 -100T 210292BCFA48A" && level==0 && jtag_device_ctx=="jsn-Nexys A7 -100T-210292BCFA48A-13631093-0"}
fpga -file C:/Users/ranchen/Documents/GitHub/cs153a/vitis/lab3b_vitis/lab3a_application/_ide/bitstream/design_1_wrapper.bit
targets -set -nocase -filter {name =~ "*microblaze*#0" && bscan=="USER2" }
loadhw -hw C:/Users/ranchen/Documents/GitHub/cs153a/vitis/lab3b_vitis/lab3a_platform/export/lab3a_platform/hw/design_1_wrapper.xsa -regs
configparams mdm-detect-bscan-mask 2
targets -set -nocase -filter {name =~ "*microblaze*#0" && bscan=="USER2" }
rst -system
after 3000
targets -set -nocase -filter {name =~ "*microblaze*#0" && bscan=="USER2" }
dow C:/Users/ranchen/Documents/GitHub/cs153a/vitis/lab3b_vitis/lab3a_application/Debug/lab3a_application.elf
----------------End of Script----------------

12:11:21 INFO  : 'targets -set -filter {jtag_cable_name =~ "Digilent Nexys A7 -100T 210292BCFA48A" && level==0 && jtag_device_ctx=="jsn-Nexys A7 -100T-210292BCFA48A-13631093-0"}' command is executed.
12:11:24 INFO  : Device configured successfully with "C:/Users/ranchen/Documents/GitHub/cs153a/vitis/lab3b_vitis/lab3a_application/_ide/bitstream/design_1_wrapper.bit"
12:11:24 INFO  : Context for processor 'microblaze_0' is selected.
12:11:24 INFO  : Context for processor 'microblaze_0' is selected.
12:11:24 ERROR : Already running
12:11:24 INFO  : Hardware design and registers information is loaded from 'C:/Users/ranchen/Documents/GitHub/cs153a/vitis/lab3b_vitis/lab3a_platform/export/lab3a_platform/hw/design_1_wrapper.xsa'.
12:11:24 INFO  : 'configparams mdm-detect-bscan-mask 2' command is executed.
12:11:24 INFO  : Context for processor 'microblaze_0' is selected.
12:11:24 INFO  : System reset is completed.
12:11:27 INFO  : 'after 3000' command is executed.
12:11:27 INFO  : Context for processor 'microblaze_0' is selected.
12:11:27 INFO  : The application 'C:/Users/ranchen/Documents/GitHub/cs153a/vitis/lab3b_vitis/lab3a_application/Debug/lab3a_application.elf' is downloaded to processor 'microblaze_0'.
12:11:27 INFO  : ----------------XSDB Script----------------
connect -url tcp:127.0.0.1:3121
targets -set -filter {jtag_cable_name =~ "Digilent Nexys A7 -100T 210292BCFA48A" && level==0 && jtag_device_ctx=="jsn-Nexys A7 -100T-210292BCFA48A-13631093-0"}
fpga -file C:/Users/ranchen/Documents/GitHub/cs153a/vitis/lab3b_vitis/lab3a_application/_ide/bitstream/design_1_wrapper.bit
targets -set -nocase -filter {name =~ "*microblaze*#0" && bscan=="USER2" }
loadhw -hw C:/Users/ranchen/Documents/GitHub/cs153a/vitis/lab3b_vitis/lab3a_platform/export/lab3a_platform/hw/design_1_wrapper.xsa -regs
configparams mdm-detect-bscan-mask 2
targets -set -nocase -filter {name =~ "*microblaze*#0" && bscan=="USER2" }
rst -system
after 3000
targets -set -nocase -filter {name =~ "*microblaze*#0" && bscan=="USER2" }
dow C:/Users/ranchen/Documents/GitHub/cs153a/vitis/lab3b_vitis/lab3a_application/Debug/lab3a_application.elf
----------------End of Script----------------

12:11:27 INFO  : Context for processor 'microblaze_0' is selected.
12:11:27 INFO  : 'con' command is executed.
12:11:27 INFO  : ----------------XSDB Script (After Launch)----------------
targets -set -nocase -filter {name =~ "*microblaze*#0" && bscan=="USER2" }
con
----------------End of Script----------------

12:11:27 INFO  : Launch script is exported to file 'C:\Users\ranchen\Documents\GitHub\cs153a\vitis\lab3b_vitis\lab3a_system\_ide\scripts\debugger_lab3a_application-default.tcl'
12:12:25 INFO  : Checking for BSP changes to sync application flags for project 'lab3a_application'...
12:13:19 INFO  : Checking for BSP changes to sync application flags for project 'lab3a_application'...
12:13:24 INFO  : Disconnected from the channel tcfchan#15.
12:13:25 INFO  : Connected to target on host '127.0.0.1' and port '3121'.
12:13:25 INFO  : Connected to target on host '127.0.0.1' and port '3121'.
12:13:25 INFO  : Jtag cable 'Digilent Nexys A7 -100T 210292BCFA48A' is selected.
12:13:25 INFO  : 'jtag frequency' command is executed.
12:13:25 INFO  : 'targets -set -filter {jtag_cable_name =~ "Digilent Nexys A7 -100T 210292BCFA48A" && level==0 && jtag_device_ctx=="jsn-Nexys A7 -100T-210292BCFA48A-13631093-0"}' command is executed.
12:13:27 INFO  : Device configured successfully with "C:/Users/ranchen/Documents/GitHub/cs153a/vitis/lab3b_vitis/lab3a_application/_ide/bitstream/design_1_wrapper.bit"
12:13:27 INFO  : Context for processor 'microblaze_0' is selected.
12:13:27 INFO  : Hardware design and registers information is loaded from 'C:/Users/ranchen/Documents/GitHub/cs153a/vitis/lab3b_vitis/lab3a_platform/export/lab3a_platform/hw/design_1_wrapper.xsa'.
12:13:27 INFO  : 'configparams mdm-detect-bscan-mask 2' command is executed.
12:13:27 INFO  : Jtag cable 'Digilent Nexys A7 -100T 210292BCFA48A' is selected.
12:13:27 INFO  : Context for processor 'microblaze_0' is selected.
12:13:27 INFO  : 'jtag frequency' command is executed.
12:13:27 INFO  : System reset is completed.
12:13:30 INFO  : 'after 3000' command is executed.
12:13:30 INFO  : Context for processor 'microblaze_0' is selected.
12:13:31 INFO  : The application 'C:/Users/ranchen/Documents/GitHub/cs153a/vitis/lab3b_vitis/lab3a_application/Debug/lab3a_application.elf' is downloaded to processor 'microblaze_0'.
12:13:31 INFO  : ----------------XSDB Script----------------
connect -url tcp:127.0.0.1:3121
targets -set -filter {jtag_cable_name =~ "Digilent Nexys A7 -100T 210292BCFA48A" && level==0 && jtag_device_ctx=="jsn-Nexys A7 -100T-210292BCFA48A-13631093-0"}
fpga -file C:/Users/ranchen/Documents/GitHub/cs153a/vitis/lab3b_vitis/lab3a_application/_ide/bitstream/design_1_wrapper.bit
targets -set -nocase -filter {name =~ "*microblaze*#0" && bscan=="USER2" }
loadhw -hw C:/Users/ranchen/Documents/GitHub/cs153a/vitis/lab3b_vitis/lab3a_platform/export/lab3a_platform/hw/design_1_wrapper.xsa -regs
configparams mdm-detect-bscan-mask 2
targets -set -nocase -filter {name =~ "*microblaze*#0" && bscan=="USER2" }
rst -system
after 3000
targets -set -nocase -filter {name =~ "*microblaze*#0" && bscan=="USER2" }
dow C:/Users/ranchen/Documents/GitHub/cs153a/vitis/lab3b_vitis/lab3a_application/Debug/lab3a_application.elf
----------------End of Script----------------

12:13:31 INFO  : 'targets -set -filter {jtag_cable_name =~ "Digilent Nexys A7 -100T 210292BCFA48A" && level==0 && jtag_device_ctx=="jsn-Nexys A7 -100T-210292BCFA48A-13631093-0"}' command is executed.
12:13:33 INFO  : Device configured successfully with "C:/Users/ranchen/Documents/GitHub/cs153a/vitis/lab3b_vitis/lab3a_application/_ide/bitstream/design_1_wrapper.bit"
12:13:33 INFO  : Context for processor 'microblaze_0' is selected.
12:13:33 INFO  : Context for processor 'microblaze_0' is selected.
12:13:33 ERROR : Already running
12:13:33 INFO  : Hardware design and registers information is loaded from 'C:/Users/ranchen/Documents/GitHub/cs153a/vitis/lab3b_vitis/lab3a_platform/export/lab3a_platform/hw/design_1_wrapper.xsa'.
12:13:33 INFO  : 'configparams mdm-detect-bscan-mask 2' command is executed.
12:13:33 INFO  : Context for processor 'microblaze_0' is selected.
12:13:33 INFO  : System reset is completed.
12:13:36 INFO  : 'after 3000' command is executed.
12:13:36 INFO  : Context for processor 'microblaze_0' is selected.
12:13:37 INFO  : The application 'C:/Users/ranchen/Documents/GitHub/cs153a/vitis/lab3b_vitis/lab3a_application/Debug/lab3a_application.elf' is downloaded to processor 'microblaze_0'.
12:13:37 INFO  : ----------------XSDB Script----------------
connect -url tcp:127.0.0.1:3121
targets -set -filter {jtag_cable_name =~ "Digilent Nexys A7 -100T 210292BCFA48A" && level==0 && jtag_device_ctx=="jsn-Nexys A7 -100T-210292BCFA48A-13631093-0"}
fpga -file C:/Users/ranchen/Documents/GitHub/cs153a/vitis/lab3b_vitis/lab3a_application/_ide/bitstream/design_1_wrapper.bit
targets -set -nocase -filter {name =~ "*microblaze*#0" && bscan=="USER2" }
loadhw -hw C:/Users/ranchen/Documents/GitHub/cs153a/vitis/lab3b_vitis/lab3a_platform/export/lab3a_platform/hw/design_1_wrapper.xsa -regs
configparams mdm-detect-bscan-mask 2
targets -set -nocase -filter {name =~ "*microblaze*#0" && bscan=="USER2" }
rst -system
after 3000
targets -set -nocase -filter {name =~ "*microblaze*#0" && bscan=="USER2" }
dow C:/Users/ranchen/Documents/GitHub/cs153a/vitis/lab3b_vitis/lab3a_application/Debug/lab3a_application.elf
----------------End of Script----------------

12:13:37 INFO  : Context for processor 'microblaze_0' is selected.
12:13:37 INFO  : 'con' command is executed.
12:13:37 INFO  : ----------------XSDB Script (After Launch)----------------
targets -set -nocase -filter {name =~ "*microblaze*#0" && bscan=="USER2" }
con
----------------End of Script----------------

12:13:37 INFO  : Launch script is exported to file 'C:\Users\ranchen\Documents\GitHub\cs153a\vitis\lab3b_vitis\lab3a_system\_ide\scripts\debugger_lab3a_application-default.tcl'
