17:21:09 DEBUG : Logs will be stored at 'C:/Users/tejasvissapragada/Documents/cs153a/vitis/lab2b_vitis/IDE.log'.
17:21:14 INFO  : Launching XSCT server: xsct.bat -n  -interactive C:\Users\tejasvissapragada\Documents\cs153a\vitis\lab2b_vitis\temp_xsdb_launch_script.tcl
17:21:14 INFO  : Registering command handlers for Vitis TCF services
17:21:15 INFO  : Platform repository initialization has completed.
17:21:18 INFO  : XSCT server has started successfully.
17:21:18 INFO  : plnx-install-location is set to ''
17:21:18 INFO  : Successfully done setting XSCT server connection channel  
17:21:18 INFO  : Successfully done query RDI_DATADIR 
17:21:18 INFO  : Successfully done setting workspace for the tool. 
17:22:15 INFO  : Result from executing command 'getProjects': lab2b_platform
17:22:15 INFO  : Result from executing command 'getPlatforms': xilinx_vck190_base_202210_1|C:/Xilinx/Vitis/2022.1/base_platforms/xilinx_vck190_base_202210_1/xilinx_vck190_base_202210_1.xpfm;xilinx_vck190_base_dfx_202210_1|C:/Xilinx/Vitis/2022.1/base_platforms/xilinx_vck190_base_dfx_202210_1/xilinx_vck190_base_dfx_202210_1.xpfm;xilinx_vmk180_base_202210_1|C:/Xilinx/Vitis/2022.1/base_platforms/xilinx_vmk180_base_202210_1/xilinx_vmk180_base_202210_1.xpfm;xilinx_zcu102_base_202210_1|C:/Xilinx/Vitis/2022.1/base_platforms/xilinx_zcu102_base_202210_1/xilinx_zcu102_base_202210_1.xpfm;xilinx_zcu102_base_dfx_202210_1|C:/Xilinx/Vitis/2022.1/base_platforms/xilinx_zcu102_base_dfx_202210_1/xilinx_zcu102_base_dfx_202210_1.xpfm;xilinx_zcu104_base_202210_1|C:/Xilinx/Vitis/2022.1/base_platforms/xilinx_zcu104_base_202210_1/xilinx_zcu104_base_202210_1.xpfm
17:25:42 INFO  : No changes in MSS file content so sources will not be generated.
17:44:36 INFO  : Result from executing command 'getProjects': lab2b_platform
17:44:36 INFO  : Result from executing command 'getPlatforms': lab2b_platform|C:/Users/tejasvissapragada/Documents/cs153a/vitis/lab2b_vitis/lab2b_platform/export/lab2b_platform/lab2b_platform.xpfm;xilinx_vck190_base_202210_1|C:/Xilinx/Vitis/2022.1/base_platforms/xilinx_vck190_base_202210_1/xilinx_vck190_base_202210_1.xpfm;xilinx_vck190_base_dfx_202210_1|C:/Xilinx/Vitis/2022.1/base_platforms/xilinx_vck190_base_dfx_202210_1/xilinx_vck190_base_dfx_202210_1.xpfm;xilinx_vmk180_base_202210_1|C:/Xilinx/Vitis/2022.1/base_platforms/xilinx_vmk180_base_202210_1/xilinx_vmk180_base_202210_1.xpfm;xilinx_zcu102_base_202210_1|C:/Xilinx/Vitis/2022.1/base_platforms/xilinx_zcu102_base_202210_1/xilinx_zcu102_base_202210_1.xpfm;xilinx_zcu102_base_dfx_202210_1|C:/Xilinx/Vitis/2022.1/base_platforms/xilinx_zcu102_base_dfx_202210_1/xilinx_zcu102_base_dfx_202210_1.xpfm;xilinx_zcu104_base_202210_1|C:/Xilinx/Vitis/2022.1/base_platforms/xilinx_zcu104_base_202210_1/xilinx_zcu104_base_202210_1.xpfm
17:44:37 INFO  : Checking for BSP changes to sync application flags for project 'lab2b_application'...
17:44:47 INFO  : Checking for BSP changes to sync application flags for project 'lab2b_application'...
17:45:51 INFO  : Bit file 'C:/Users/tejasvissapragada/Documents/cs153a/vitis/lab2b_vitis/lab2b_application/_ide/bitstream/download.bit' is generated.
17:45:54 INFO  : Connected to target on host '127.0.0.1' and port '3121'.
17:45:56 INFO  : 'targets -set -filter {jtag_cable_name =~ "Digilent Nexys A7 -100T 210292BCFA48A" && level==0 && jtag_device_ctx=="jsn-Nexys A7 -100T-210292BCFA48A-13631093-0"}' command is executed.
17:45:59 INFO  : Device configured successfully with "C:/Users/tejasvissapragada/Documents/cs153a/vitis/lab2b_vitis/lab2b_application/_ide/bitstream/download.bit"
17:47:54 INFO  : Connected to target on host '127.0.0.1' and port '3121'.
17:47:54 INFO  : Jtag cable 'Digilent Nexys A7 -100T 210292BCFA48A' is selected.
17:47:54 INFO  : 'jtag frequency' command is executed.
17:47:54 INFO  : 'targets -set -filter {jtag_cable_name =~ "Digilent Nexys A7 -100T 210292BCFA48A" && level==0 && jtag_device_ctx=="jsn-Nexys A7 -100T-210292BCFA48A-13631093-0"}' command is executed.
17:47:56 INFO  : Device configured successfully with "C:/Users/tejasvissapragada/Documents/cs153a/vitis/lab2b_vitis/lab2b_application/_ide/bitstream/download.bit"
17:47:56 INFO  : Context for processor 'microblaze_0' is selected.
17:47:56 INFO  : Hardware design and registers information is loaded from 'C:/Users/tejasvissapragada/Documents/cs153a/vitis/lab2b_vitis/lab2b_platform/export/lab2b_platform/hw/design_1_wrapper.xsa'.
17:47:56 INFO  : 'configparams mdm-detect-bscan-mask 2' command is executed.
17:47:56 INFO  : Context for processor 'microblaze_0' is selected.
17:47:56 INFO  : System reset is completed.
17:47:59 INFO  : 'after 3000' command is executed.
17:47:59 INFO  : ----------------XSDB Script----------------
connect -url tcp:127.0.0.1:3121
targets -set -filter {jtag_cable_name =~ "Digilent Nexys A7 -100T 210292BCFA48A" && level==0 && jtag_device_ctx=="jsn-Nexys A7 -100T-210292BCFA48A-13631093-0"}
fpga -file C:/Users/tejasvissapragada/Documents/cs153a/vitis/lab2b_vitis/lab2b_application/_ide/bitstream/download.bit
targets -set -nocase -filter {name =~ "*microblaze*#0" && bscan=="USER2" }
loadhw -hw C:/Users/tejasvissapragada/Documents/cs153a/vitis/lab2b_vitis/lab2b_platform/export/lab2b_platform/hw/design_1_wrapper.xsa -regs
configparams mdm-detect-bscan-mask 2
targets -set -nocase -filter {name =~ "*microblaze*#0" && bscan=="USER2" }
rst -system
after 3000
----------------End of Script----------------

17:48:00 INFO  : Launch script is exported to file 'C:\Users\tejasvissapragada\Documents\cs153a\vitis\lab2b_vitis\lab2b_application_system\_ide\scripts\debugger_lab2b_application-default.tcl'
17:48:36 INFO  : Disconnected from the channel tcfchan#2.
17:48:37 INFO  : Connected to target on host '127.0.0.1' and port '3121'.
17:48:38 INFO  : Jtag cable 'Digilent Nexys A7 -100T 210292BCFA48A' is selected.
17:48:38 INFO  : 'jtag frequency' command is executed.
17:48:38 INFO  : 'targets -set -filter {jtag_cable_name =~ "Digilent Nexys A7 -100T 210292BCFA48A" && level==0 && jtag_device_ctx=="jsn-Nexys A7 -100T-210292BCFA48A-13631093-0"}' command is executed.
17:48:40 INFO  : Device configured successfully with "C:/Users/tejasvissapragada/Documents/cs153a/vitis/lab2b_vitis/lab2b_application/_ide/bitstream/download.bit"
17:48:40 INFO  : Context for processor 'microblaze_0' is selected.
17:48:40 INFO  : Hardware design and registers information is loaded from 'C:/Users/tejasvissapragada/Documents/cs153a/vitis/lab2b_vitis/lab2b_platform/export/lab2b_platform/hw/design_1_wrapper.xsa'.
17:48:40 INFO  : 'configparams mdm-detect-bscan-mask 2' command is executed.
17:48:40 INFO  : Context for processor 'microblaze_0' is selected.
17:48:40 INFO  : System reset is completed.
17:48:43 INFO  : 'after 3000' command is executed.
17:48:43 INFO  : ----------------XSDB Script----------------
connect -url tcp:127.0.0.1:3121
targets -set -filter {jtag_cable_name =~ "Digilent Nexys A7 -100T 210292BCFA48A" && level==0 && jtag_device_ctx=="jsn-Nexys A7 -100T-210292BCFA48A-13631093-0"}
fpga -file C:/Users/tejasvissapragada/Documents/cs153a/vitis/lab2b_vitis/lab2b_application/_ide/bitstream/download.bit
targets -set -nocase -filter {name =~ "*microblaze*#0" && bscan=="USER2" }
loadhw -hw C:/Users/tejasvissapragada/Documents/cs153a/vitis/lab2b_vitis/lab2b_platform/export/lab2b_platform/hw/design_1_wrapper.xsa -regs
configparams mdm-detect-bscan-mask 2
targets -set -nocase -filter {name =~ "*microblaze*#0" && bscan=="USER2" }
rst -system
after 3000
----------------End of Script----------------

17:48:43 INFO  : Launch script is exported to file 'C:\Users\tejasvissapragada\Documents\cs153a\vitis\lab2b_vitis\lab2b_application_system\_ide\scripts\debugger_lab2b_application-default.tcl'
17:49:06 INFO  : Disconnected from the channel tcfchan#3.
17:49:07 INFO  : Connected to target on host '127.0.0.1' and port '3121'.
17:49:07 INFO  : Jtag cable 'Digilent Nexys A7 -100T 210292BCFA48A' is selected.
17:49:07 INFO  : 'jtag frequency' command is executed.
17:49:08 INFO  : 'targets -set -filter {jtag_cable_name =~ "Digilent Nexys A7 -100T 210292BCFA48A" && level==0 && jtag_device_ctx=="jsn-Nexys A7 -100T-210292BCFA48A-13631093-0"}' command is executed.
17:49:10 INFO  : Device configured successfully with "C:/Users/tejasvissapragada/Documents/cs153a/vitis/lab2b_vitis/lab2b_application/_ide/bitstream/download.bit"
17:49:10 INFO  : Context for processor 'microblaze_0' is selected.
17:49:10 INFO  : Hardware design and registers information is loaded from 'C:/Users/tejasvissapragada/Documents/cs153a/vitis/lab2b_vitis/lab2b_platform/export/lab2b_platform/hw/design_1_wrapper.xsa'.
17:49:10 INFO  : 'configparams mdm-detect-bscan-mask 2' command is executed.
17:49:10 INFO  : Context for processor 'microblaze_0' is selected.
17:49:10 INFO  : System reset is completed.
17:49:13 INFO  : 'after 3000' command is executed.
17:49:13 INFO  : ----------------XSDB Script----------------
connect -url tcp:127.0.0.1:3121
targets -set -filter {jtag_cable_name =~ "Digilent Nexys A7 -100T 210292BCFA48A" && level==0 && jtag_device_ctx=="jsn-Nexys A7 -100T-210292BCFA48A-13631093-0"}
fpga -file C:/Users/tejasvissapragada/Documents/cs153a/vitis/lab2b_vitis/lab2b_application/_ide/bitstream/download.bit
targets -set -nocase -filter {name =~ "*microblaze*#0" && bscan=="USER2" }
loadhw -hw C:/Users/tejasvissapragada/Documents/cs153a/vitis/lab2b_vitis/lab2b_platform/export/lab2b_platform/hw/design_1_wrapper.xsa -regs
configparams mdm-detect-bscan-mask 2
targets -set -nocase -filter {name =~ "*microblaze*#0" && bscan=="USER2" }
rst -system
after 3000
----------------End of Script----------------

17:49:13 INFO  : Launch script is exported to file 'C:\Users\tejasvissapragada\Documents\cs153a\vitis\lab2b_vitis\lab2b_application_system\_ide\scripts\debugger_lab2b_application-default.tcl'
17:50:38 INFO  : Checking for BSP changes to sync application flags for project 'lab2b_application'...
17:50:55 INFO  : Disconnected from the channel tcfchan#4.
17:50:56 INFO  : Connected to target on host '127.0.0.1' and port '3121'.
17:51:05 INFO  : ----------------XSDB Script----------------
connect -url tcp:127.0.0.1:3121
----------------End of Script----------------

17:51:05 ERROR : Could not find FPGA device on the board for connection 'Local'.


Troubleshooting hints:
1. Check whether board is connected to system properly.
2. In case of zynq board, check whether Digilent/Xilinx cable switch settings are correct.
3. If you are using Xilinx Platform Cable USB, ensure that status LED is green.
17:51:16 INFO  : Connected to target on host '127.0.0.1' and port '3121'.
17:51:16 INFO  : Jtag cable 'Digilent Nexys A7 -100T 210292BCFA48A' is selected.
17:51:16 INFO  : 'jtag frequency' command is executed.
17:51:16 INFO  : 'targets -set -filter {jtag_cable_name =~ "Digilent Nexys A7 -100T 210292BCFA48A" && level==0 && jtag_device_ctx=="jsn-Nexys A7 -100T-210292BCFA48A-13631093-0"}' command is executed.
17:51:18 INFO  : Device configured successfully with "C:/Users/tejasvissapragada/Documents/cs153a/vitis/lab2b_vitis/lab2b_application/_ide/bitstream/download.bit"
17:51:18 INFO  : Context for processor 'microblaze_0' is selected.
17:51:18 INFO  : Hardware design and registers information is loaded from 'C:/Users/tejasvissapragada/Documents/cs153a/vitis/lab2b_vitis/lab2b_platform/export/lab2b_platform/hw/design_1_wrapper.xsa'.
17:51:18 INFO  : 'configparams mdm-detect-bscan-mask 2' command is executed.
17:51:18 INFO  : Context for processor 'microblaze_0' is selected.
17:51:18 INFO  : System reset is completed.
17:51:21 INFO  : 'after 3000' command is executed.
17:51:21 INFO  : ----------------XSDB Script----------------
connect -url tcp:127.0.0.1:3121
targets -set -filter {jtag_cable_name =~ "Digilent Nexys A7 -100T 210292BCFA48A" && level==0 && jtag_device_ctx=="jsn-Nexys A7 -100T-210292BCFA48A-13631093-0"}
fpga -file C:/Users/tejasvissapragada/Documents/cs153a/vitis/lab2b_vitis/lab2b_application/_ide/bitstream/download.bit
targets -set -nocase -filter {name =~ "*microblaze*#0" && bscan=="USER2" }
loadhw -hw C:/Users/tejasvissapragada/Documents/cs153a/vitis/lab2b_vitis/lab2b_platform/export/lab2b_platform/hw/design_1_wrapper.xsa -regs
configparams mdm-detect-bscan-mask 2
targets -set -nocase -filter {name =~ "*microblaze*#0" && bscan=="USER2" }
rst -system
after 3000
----------------End of Script----------------

17:51:21 INFO  : Launch script is exported to file 'C:\Users\tejasvissapragada\Documents\cs153a\vitis\lab2b_vitis\lab2b_application_system\_ide\scripts\debugger_lab2b_application-default.tcl'
17:54:45 INFO  : Checking for BSP changes to sync application flags for project 'lab2b_application'...
17:54:49 INFO  : Disconnected from the channel tcfchan#5.
17:54:50 INFO  : Connected to target on host '127.0.0.1' and port '3121'.
17:54:59 INFO  : ----------------XSDB Script----------------
connect -url tcp:127.0.0.1:3121
----------------End of Script----------------

17:54:59 ERROR : Could not find FPGA device on the board for connection 'Local'.


Troubleshooting hints:
1. Check whether board is connected to system properly.
2. In case of zynq board, check whether Digilent/Xilinx cable switch settings are correct.
3. If you are using Xilinx Platform Cable USB, ensure that status LED is green.
17:55:03 INFO  : Connected to target on host '127.0.0.1' and port '3121'.
17:55:03 INFO  : Jtag cable 'Digilent Nexys A7 -100T 210292BCFA48A' is selected.
17:55:03 INFO  : 'jtag frequency' command is executed.
17:55:03 INFO  : 'targets -set -filter {jtag_cable_name =~ "Digilent Nexys A7 -100T 210292BCFA48A" && level==0 && jtag_device_ctx=="jsn-Nexys A7 -100T-210292BCFA48A-13631093-0"}' command is executed.
17:55:05 INFO  : Device configured successfully with "C:/Users/tejasvissapragada/Documents/cs153a/vitis/lab2b_vitis/lab2b_application/_ide/bitstream/download.bit"
17:55:05 INFO  : Context for processor 'microblaze_0' is selected.
17:55:05 INFO  : Hardware design and registers information is loaded from 'C:/Users/tejasvissapragada/Documents/cs153a/vitis/lab2b_vitis/lab2b_platform/export/lab2b_platform/hw/design_1_wrapper.xsa'.
17:55:05 INFO  : 'configparams mdm-detect-bscan-mask 2' command is executed.
17:55:05 INFO  : Context for processor 'microblaze_0' is selected.
17:55:05 INFO  : System reset is completed.
17:55:08 INFO  : 'after 3000' command is executed.
17:55:08 INFO  : ----------------XSDB Script----------------
connect -url tcp:127.0.0.1:3121
targets -set -filter {jtag_cable_name =~ "Digilent Nexys A7 -100T 210292BCFA48A" && level==0 && jtag_device_ctx=="jsn-Nexys A7 -100T-210292BCFA48A-13631093-0"}
fpga -file C:/Users/tejasvissapragada/Documents/cs153a/vitis/lab2b_vitis/lab2b_application/_ide/bitstream/download.bit
targets -set -nocase -filter {name =~ "*microblaze*#0" && bscan=="USER2" }
loadhw -hw C:/Users/tejasvissapragada/Documents/cs153a/vitis/lab2b_vitis/lab2b_platform/export/lab2b_platform/hw/design_1_wrapper.xsa -regs
configparams mdm-detect-bscan-mask 2
targets -set -nocase -filter {name =~ "*microblaze*#0" && bscan=="USER2" }
rst -system
after 3000
----------------End of Script----------------

17:55:08 INFO  : Launch script is exported to file 'C:\Users\tejasvissapragada\Documents\cs153a\vitis\lab2b_vitis\lab2b_application_system\_ide\scripts\debugger_lab2b_application-default.tcl'
18:01:03 INFO  : Disconnected from the channel tcfchan#6.
18:01:04 INFO  : Connected to target on host '127.0.0.1' and port '3121'.
18:01:13 INFO  : ----------------XSDB Script----------------
connect -url tcp:127.0.0.1:3121
----------------End of Script----------------

18:01:13 ERROR : Could not find FPGA device on the board for connection 'Local'.


Troubleshooting hints:
1. Check whether board is connected to system properly.
2. In case of zynq board, check whether Digilent/Xilinx cable switch settings are correct.
3. If you are using Xilinx Platform Cable USB, ensure that status LED is green.
18:01:16 INFO  : Connected to target on host '127.0.0.1' and port '3121'.
18:01:16 INFO  : Jtag cable 'Digilent Nexys A7 -100T 210292BCFA48A' is selected.
18:01:16 INFO  : 'jtag frequency' command is executed.
18:01:16 INFO  : 'targets -set -filter {jtag_cable_name =~ "Digilent Nexys A7 -100T 210292BCFA48A" && level==0 && jtag_device_ctx=="jsn-Nexys A7 -100T-210292BCFA48A-13631093-0"}' command is executed.
18:01:19 INFO  : Device configured successfully with "C:/Users/tejasvissapragada/Documents/cs153a/vitis/lab2b_vitis/lab2b_application/_ide/bitstream/download.bit"
18:01:19 INFO  : Context for processor 'microblaze_0' is selected.
18:01:19 INFO  : Hardware design and registers information is loaded from 'C:/Users/tejasvissapragada/Documents/cs153a/vitis/lab2b_vitis/lab2b_platform/export/lab2b_platform/hw/design_1_wrapper.xsa'.
18:01:19 INFO  : 'configparams mdm-detect-bscan-mask 2' command is executed.
18:01:19 INFO  : Context for processor 'microblaze_0' is selected.
18:01:19 INFO  : System reset is completed.
18:01:22 INFO  : 'after 3000' command is executed.
18:01:22 INFO  : Context for processor 'microblaze_0' is selected.
18:01:22 INFO  : The application 'C:/Users/tejasvissapragada/Documents/cs153a/vitis/lab2b_vitis/lab2b_application/Debug/lab2b_application.elf' is downloaded to processor 'microblaze_0'.
18:01:22 INFO  : ----------------XSDB Script----------------
connect -url tcp:127.0.0.1:3121
targets -set -filter {jtag_cable_name =~ "Digilent Nexys A7 -100T 210292BCFA48A" && level==0 && jtag_device_ctx=="jsn-Nexys A7 -100T-210292BCFA48A-13631093-0"}
fpga -file C:/Users/tejasvissapragada/Documents/cs153a/vitis/lab2b_vitis/lab2b_application/_ide/bitstream/download.bit
targets -set -nocase -filter {name =~ "*microblaze*#0" && bscan=="USER2" }
loadhw -hw C:/Users/tejasvissapragada/Documents/cs153a/vitis/lab2b_vitis/lab2b_platform/export/lab2b_platform/hw/design_1_wrapper.xsa -regs
configparams mdm-detect-bscan-mask 2
targets -set -nocase -filter {name =~ "*microblaze*#0" && bscan=="USER2" }
rst -system
after 3000
targets -set -nocase -filter {name =~ "*microblaze*#0" && bscan=="USER2" }
dow C:/Users/tejasvissapragada/Documents/cs153a/vitis/lab2b_vitis/lab2b_application/Debug/lab2b_application.elf
----------------End of Script----------------

18:01:22 INFO  : Context for processor 'microblaze_0' is selected.
18:01:22 INFO  : 'con' command is executed.
18:01:22 INFO  : ----------------XSDB Script (After Launch)----------------
targets -set -nocase -filter {name =~ "*microblaze*#0" && bscan=="USER2" }
con
----------------End of Script----------------

18:01:22 INFO  : Launch script is exported to file 'C:\Users\tejasvissapragada\Documents\cs153a\vitis\lab2b_vitis\lab2b_application_system\_ide\scripts\debugger_lab2b_application-default.tcl'
18:18:28 INFO  : Checking for BSP changes to sync application flags for project 'lab2b_application'...
18:21:00 INFO  : Checking for BSP changes to sync application flags for project 'lab2b_application'...
18:21:06 INFO  : Disconnected from the channel tcfchan#7.
18:21:07 INFO  : Connected to target on host '127.0.0.1' and port '3121'.
18:21:16 INFO  : ----------------XSDB Script----------------
connect -url tcp:127.0.0.1:3121
----------------End of Script----------------

18:21:16 ERROR : Could not find FPGA device on the board for connection 'Local'.


Troubleshooting hints:
1. Check whether board is connected to system properly.
2. In case of zynq board, check whether Digilent/Xilinx cable switch settings are correct.
3. If you are using Xilinx Platform Cable USB, ensure that status LED is green.
18:21:20 INFO  : Connected to target on host '127.0.0.1' and port '3121'.
18:21:20 INFO  : Jtag cable 'Digilent Nexys A7 -100T 210292BCFA48A' is selected.
18:21:20 INFO  : 'jtag frequency' command is executed.
18:21:21 INFO  : 'targets -set -filter {jtag_cable_name =~ "Digilent Nexys A7 -100T 210292BCFA48A" && level==0 && jtag_device_ctx=="jsn-Nexys A7 -100T-210292BCFA48A-13631093-0"}' command is executed.
18:21:23 INFO  : Device configured successfully with "C:/Users/tejasvissapragada/Documents/cs153a/vitis/lab2b_vitis/lab2b_application/_ide/bitstream/download.bit"
18:21:23 INFO  : Context for processor 'microblaze_0' is selected.
18:21:23 INFO  : Hardware design and registers information is loaded from 'C:/Users/tejasvissapragada/Documents/cs153a/vitis/lab2b_vitis/lab2b_platform/export/lab2b_platform/hw/design_1_wrapper.xsa'.
18:21:23 INFO  : 'configparams mdm-detect-bscan-mask 2' command is executed.
18:21:23 INFO  : Context for processor 'microblaze_0' is selected.
18:21:23 INFO  : System reset is completed.
18:21:26 INFO  : 'after 3000' command is executed.
18:21:26 INFO  : Context for processor 'microblaze_0' is selected.
18:21:26 INFO  : The application 'C:/Users/tejasvissapragada/Documents/cs153a/vitis/lab2b_vitis/lab2b_application/Debug/lab2b_application.elf' is downloaded to processor 'microblaze_0'.
18:21:26 INFO  : ----------------XSDB Script----------------
connect -url tcp:127.0.0.1:3121
targets -set -filter {jtag_cable_name =~ "Digilent Nexys A7 -100T 210292BCFA48A" && level==0 && jtag_device_ctx=="jsn-Nexys A7 -100T-210292BCFA48A-13631093-0"}
fpga -file C:/Users/tejasvissapragada/Documents/cs153a/vitis/lab2b_vitis/lab2b_application/_ide/bitstream/download.bit
targets -set -nocase -filter {name =~ "*microblaze*#0" && bscan=="USER2" }
loadhw -hw C:/Users/tejasvissapragada/Documents/cs153a/vitis/lab2b_vitis/lab2b_platform/export/lab2b_platform/hw/design_1_wrapper.xsa -regs
configparams mdm-detect-bscan-mask 2
targets -set -nocase -filter {name =~ "*microblaze*#0" && bscan=="USER2" }
rst -system
after 3000
targets -set -nocase -filter {name =~ "*microblaze*#0" && bscan=="USER2" }
dow C:/Users/tejasvissapragada/Documents/cs153a/vitis/lab2b_vitis/lab2b_application/Debug/lab2b_application.elf
----------------End of Script----------------

18:21:26 INFO  : Context for processor 'microblaze_0' is selected.
18:21:26 INFO  : 'con' command is executed.
18:21:26 INFO  : ----------------XSDB Script (After Launch)----------------
targets -set -nocase -filter {name =~ "*microblaze*#0" && bscan=="USER2" }
con
----------------End of Script----------------

18:21:26 INFO  : Launch script is exported to file 'C:\Users\tejasvissapragada\Documents\cs153a\vitis\lab2b_vitis\lab2b_application_system\_ide\scripts\debugger_lab2b_application-default.tcl'
18:21:45 INFO  : Checking for BSP changes to sync application flags for project 'lab2b_application'...
18:21:52 INFO  : Disconnected from the channel tcfchan#8.
18:21:53 INFO  : Connected to target on host '127.0.0.1' and port '3121'.
18:21:53 INFO  : Jtag cable 'Digilent Nexys A7 -100T 210292BCFA48A' is selected.
18:21:53 INFO  : 'jtag frequency' command is executed.
18:21:53 INFO  : 'targets -set -filter {jtag_cable_name =~ "Digilent Nexys A7 -100T 210292BCFA48A" && level==0 && jtag_device_ctx=="jsn-Nexys A7 -100T-210292BCFA48A-13631093-0"}' command is executed.
18:21:55 INFO  : Device configured successfully with "C:/Users/tejasvissapragada/Documents/cs153a/vitis/lab2b_vitis/lab2b_application/_ide/bitstream/download.bit"
18:21:56 INFO  : Context for processor 'microblaze_0' is selected.
18:21:56 INFO  : Hardware design and registers information is loaded from 'C:/Users/tejasvissapragada/Documents/cs153a/vitis/lab2b_vitis/lab2b_platform/export/lab2b_platform/hw/design_1_wrapper.xsa'.
18:21:56 INFO  : 'configparams mdm-detect-bscan-mask 2' command is executed.
18:21:56 INFO  : Context for processor 'microblaze_0' is selected.
18:21:56 INFO  : System reset is completed.
18:21:59 INFO  : 'after 3000' command is executed.
18:21:59 INFO  : Context for processor 'microblaze_0' is selected.
18:21:59 INFO  : The application 'C:/Users/tejasvissapragada/Documents/cs153a/vitis/lab2b_vitis/lab2b_application/Debug/lab2b_application.elf' is downloaded to processor 'microblaze_0'.
18:21:59 INFO  : ----------------XSDB Script----------------
connect -url tcp:127.0.0.1:3121
targets -set -filter {jtag_cable_name =~ "Digilent Nexys A7 -100T 210292BCFA48A" && level==0 && jtag_device_ctx=="jsn-Nexys A7 -100T-210292BCFA48A-13631093-0"}
fpga -file C:/Users/tejasvissapragada/Documents/cs153a/vitis/lab2b_vitis/lab2b_application/_ide/bitstream/download.bit
targets -set -nocase -filter {name =~ "*microblaze*#0" && bscan=="USER2" }
loadhw -hw C:/Users/tejasvissapragada/Documents/cs153a/vitis/lab2b_vitis/lab2b_platform/export/lab2b_platform/hw/design_1_wrapper.xsa -regs
configparams mdm-detect-bscan-mask 2
targets -set -nocase -filter {name =~ "*microblaze*#0" && bscan=="USER2" }
rst -system
after 3000
targets -set -nocase -filter {name =~ "*microblaze*#0" && bscan=="USER2" }
dow C:/Users/tejasvissapragada/Documents/cs153a/vitis/lab2b_vitis/lab2b_application/Debug/lab2b_application.elf
----------------End of Script----------------

18:21:59 INFO  : Context for processor 'microblaze_0' is selected.
18:21:59 INFO  : 'con' command is executed.
18:21:59 INFO  : ----------------XSDB Script (After Launch)----------------
targets -set -nocase -filter {name =~ "*microblaze*#0" && bscan=="USER2" }
con
----------------End of Script----------------

18:21:59 INFO  : Launch script is exported to file 'C:\Users\tejasvissapragada\Documents\cs153a\vitis\lab2b_vitis\lab2b_application_system\_ide\scripts\debugger_lab2b_application-default.tcl'
18:23:26 INFO  : Checking for BSP changes to sync application flags for project 'lab2b_application'...
18:23:31 INFO  : Checking for BSP changes to sync application flags for project 'lab2b_application'...
18:23:34 INFO  : Checking for BSP changes to sync application flags for project 'lab2b_application'...
18:23:50 INFO  : Checking for BSP changes to sync application flags for project 'lab2b_application'...
18:24:02 INFO  : Checking for BSP changes to sync application flags for project 'lab2b_application'...
18:24:52 INFO  : Disconnected from the channel tcfchan#9.
18:24:53 INFO  : Connected to target on host '127.0.0.1' and port '3121'.
18:25:02 INFO  : ----------------XSDB Script----------------
connect -url tcp:127.0.0.1:3121
----------------End of Script----------------

18:25:02 ERROR : Could not find FPGA device on the board for connection 'Local'.


Troubleshooting hints:
1. Check whether board is connected to system properly.
2. In case of zynq board, check whether Digilent/Xilinx cable switch settings are correct.
3. If you are using Xilinx Platform Cable USB, ensure that status LED is green.
18:26:26 INFO  : Connected to target on host '127.0.0.1' and port '3121'.
18:26:27 INFO  : Jtag cable 'Digilent Nexys A7 -100T 210292BCFA48A' is selected.
18:26:27 INFO  : 'jtag frequency' command is executed.
18:26:27 INFO  : 'targets -set -filter {jtag_cable_name =~ "Digilent Nexys A7 -100T 210292BCFA48A" && level==0 && jtag_device_ctx=="jsn-Nexys A7 -100T-210292BCFA48A-13631093-0"}' command is executed.
18:26:29 INFO  : Device configured successfully with "C:/Users/tejasvissapragada/Documents/cs153a/vitis/lab2b_vitis/lab2b_application/_ide/bitstream/download.bit"
18:26:29 INFO  : Context for processor 'microblaze_0' is selected.
18:26:29 INFO  : Hardware design and registers information is loaded from 'C:/Users/tejasvissapragada/Documents/cs153a/vitis/lab2b_vitis/lab2b_platform/export/lab2b_platform/hw/design_1_wrapper.xsa'.
18:26:29 INFO  : 'configparams mdm-detect-bscan-mask 2' command is executed.
18:26:29 INFO  : Context for processor 'microblaze_0' is selected.
18:26:29 INFO  : System reset is completed.
18:26:32 INFO  : 'after 3000' command is executed.
18:26:32 INFO  : Context for processor 'microblaze_0' is selected.
18:26:32 INFO  : The application 'C:/Users/tejasvissapragada/Documents/cs153a/vitis/lab2b_vitis/lab2b_application/Debug/lab2b_application.elf' is downloaded to processor 'microblaze_0'.
18:26:32 INFO  : ----------------XSDB Script----------------
connect -url tcp:127.0.0.1:3121
targets -set -filter {jtag_cable_name =~ "Digilent Nexys A7 -100T 210292BCFA48A" && level==0 && jtag_device_ctx=="jsn-Nexys A7 -100T-210292BCFA48A-13631093-0"}
fpga -file C:/Users/tejasvissapragada/Documents/cs153a/vitis/lab2b_vitis/lab2b_application/_ide/bitstream/download.bit
targets -set -nocase -filter {name =~ "*microblaze*#0" && bscan=="USER2" }
loadhw -hw C:/Users/tejasvissapragada/Documents/cs153a/vitis/lab2b_vitis/lab2b_platform/export/lab2b_platform/hw/design_1_wrapper.xsa -regs
configparams mdm-detect-bscan-mask 2
targets -set -nocase -filter {name =~ "*microblaze*#0" && bscan=="USER2" }
rst -system
after 3000
targets -set -nocase -filter {name =~ "*microblaze*#0" && bscan=="USER2" }
dow C:/Users/tejasvissapragada/Documents/cs153a/vitis/lab2b_vitis/lab2b_application/Debug/lab2b_application.elf
----------------End of Script----------------

18:26:32 INFO  : Context for processor 'microblaze_0' is selected.
18:26:32 INFO  : 'con' command is executed.
18:26:32 INFO  : ----------------XSDB Script (After Launch)----------------
targets -set -nocase -filter {name =~ "*microblaze*#0" && bscan=="USER2" }
con
----------------End of Script----------------

18:26:32 INFO  : Launch script is exported to file 'C:\Users\tejasvissapragada\Documents\cs153a\vitis\lab2b_vitis\lab2b_application_system\_ide\scripts\debugger_lab2b_application-default.tcl'
18:27:13 INFO  : Checking for BSP changes to sync application flags for project 'lab2b_application'...
18:27:24 INFO  : Disconnected from the channel tcfchan#10.
18:27:25 INFO  : Connected to target on host '127.0.0.1' and port '3121'.
18:27:35 INFO  : ----------------XSDB Script----------------
connect -url tcp:127.0.0.1:3121
----------------End of Script----------------

18:27:35 ERROR : Could not find FPGA device on the board for connection 'Local'.


Troubleshooting hints:
1. Check whether board is connected to system properly.
2. In case of zynq board, check whether Digilent/Xilinx cable switch settings are correct.
3. If you are using Xilinx Platform Cable USB, ensure that status LED is green.
18:27:38 INFO  : Connected to target on host '127.0.0.1' and port '3121'.
18:27:38 INFO  : Jtag cable 'Digilent Nexys A7 -100T 210292BCFA48A' is selected.
18:27:38 INFO  : 'jtag frequency' command is executed.
18:27:38 INFO  : 'targets -set -filter {jtag_cable_name =~ "Digilent Nexys A7 -100T 210292BCFA48A" && level==0 && jtag_device_ctx=="jsn-Nexys A7 -100T-210292BCFA48A-13631093-0"}' command is executed.
18:27:40 INFO  : Device configured successfully with "C:/Users/tejasvissapragada/Documents/cs153a/vitis/lab2b_vitis/lab2b_application/_ide/bitstream/download.bit"
18:27:40 INFO  : Context for processor 'microblaze_0' is selected.
18:27:40 INFO  : Hardware design and registers information is loaded from 'C:/Users/tejasvissapragada/Documents/cs153a/vitis/lab2b_vitis/lab2b_platform/export/lab2b_platform/hw/design_1_wrapper.xsa'.
18:27:40 INFO  : 'configparams mdm-detect-bscan-mask 2' command is executed.
18:27:40 INFO  : Context for processor 'microblaze_0' is selected.
18:27:40 INFO  : System reset is completed.
18:27:43 INFO  : 'after 3000' command is executed.
18:27:43 INFO  : Context for processor 'microblaze_0' is selected.
18:27:44 INFO  : The application 'C:/Users/tejasvissapragada/Documents/cs153a/vitis/lab2b_vitis/lab2b_application/Debug/lab2b_application.elf' is downloaded to processor 'microblaze_0'.
18:27:44 INFO  : ----------------XSDB Script----------------
connect -url tcp:127.0.0.1:3121
targets -set -filter {jtag_cable_name =~ "Digilent Nexys A7 -100T 210292BCFA48A" && level==0 && jtag_device_ctx=="jsn-Nexys A7 -100T-210292BCFA48A-13631093-0"}
fpga -file C:/Users/tejasvissapragada/Documents/cs153a/vitis/lab2b_vitis/lab2b_application/_ide/bitstream/download.bit
targets -set -nocase -filter {name =~ "*microblaze*#0" && bscan=="USER2" }
loadhw -hw C:/Users/tejasvissapragada/Documents/cs153a/vitis/lab2b_vitis/lab2b_platform/export/lab2b_platform/hw/design_1_wrapper.xsa -regs
configparams mdm-detect-bscan-mask 2
targets -set -nocase -filter {name =~ "*microblaze*#0" && bscan=="USER2" }
rst -system
after 3000
targets -set -nocase -filter {name =~ "*microblaze*#0" && bscan=="USER2" }
dow C:/Users/tejasvissapragada/Documents/cs153a/vitis/lab2b_vitis/lab2b_application/Debug/lab2b_application.elf
----------------End of Script----------------

18:27:44 INFO  : Context for processor 'microblaze_0' is selected.
18:27:44 INFO  : 'con' command is executed.
18:27:44 INFO  : ----------------XSDB Script (After Launch)----------------
targets -set -nocase -filter {name =~ "*microblaze*#0" && bscan=="USER2" }
con
----------------End of Script----------------

18:27:44 INFO  : Launch script is exported to file 'C:\Users\tejasvissapragada\Documents\cs153a\vitis\lab2b_vitis\lab2b_application_system\_ide\scripts\debugger_lab2b_application-default.tcl'
18:33:21 INFO  : Checking for BSP changes to sync application flags for project 'lab2b_application'...
18:33:42 INFO  : Disconnected from the channel tcfchan#11.
18:33:43 INFO  : Connected to target on host '127.0.0.1' and port '3121'.
18:33:52 INFO  : ----------------XSDB Script----------------
connect -url tcp:127.0.0.1:3121
----------------End of Script----------------

18:33:52 ERROR : Could not find FPGA device on the board for connection 'Local'.


Troubleshooting hints:
1. Check whether board is connected to system properly.
2. In case of zynq board, check whether Digilent/Xilinx cable switch settings are correct.
3. If you are using Xilinx Platform Cable USB, ensure that status LED is green.
18:34:04 INFO  : Connected to target on host '127.0.0.1' and port '3121'.
18:34:04 INFO  : Jtag cable 'Digilent Nexys A7 -100T 210292BCFA48A' is selected.
18:34:04 INFO  : 'jtag frequency' command is executed.
18:34:04 INFO  : 'targets -set -filter {jtag_cable_name =~ "Digilent Nexys A7 -100T 210292BCFA48A" && level==0 && jtag_device_ctx=="jsn-Nexys A7 -100T-210292BCFA48A-13631093-0"}' command is executed.
18:34:06 INFO  : Device configured successfully with "C:/Users/tejasvissapragada/Documents/cs153a/vitis/lab2b_vitis/lab2b_application/_ide/bitstream/download.bit"
18:34:06 INFO  : Context for processor 'microblaze_0' is selected.
18:34:06 INFO  : Hardware design and registers information is loaded from 'C:/Users/tejasvissapragada/Documents/cs153a/vitis/lab2b_vitis/lab2b_platform/export/lab2b_platform/hw/design_1_wrapper.xsa'.
18:34:06 INFO  : 'configparams mdm-detect-bscan-mask 2' command is executed.
18:34:06 INFO  : Context for processor 'microblaze_0' is selected.
18:34:06 INFO  : System reset is completed.
18:34:09 INFO  : 'after 3000' command is executed.
18:34:09 INFO  : Context for processor 'microblaze_0' is selected.
18:34:09 INFO  : The application 'C:/Users/tejasvissapragada/Documents/cs153a/vitis/lab2b_vitis/lab2b_application/Debug/lab2b_application.elf' is downloaded to processor 'microblaze_0'.
18:34:09 INFO  : ----------------XSDB Script----------------
connect -url tcp:127.0.0.1:3121
targets -set -filter {jtag_cable_name =~ "Digilent Nexys A7 -100T 210292BCFA48A" && level==0 && jtag_device_ctx=="jsn-Nexys A7 -100T-210292BCFA48A-13631093-0"}
fpga -file C:/Users/tejasvissapragada/Documents/cs153a/vitis/lab2b_vitis/lab2b_application/_ide/bitstream/download.bit
targets -set -nocase -filter {name =~ "*microblaze*#0" && bscan=="USER2" }
loadhw -hw C:/Users/tejasvissapragada/Documents/cs153a/vitis/lab2b_vitis/lab2b_platform/export/lab2b_platform/hw/design_1_wrapper.xsa -regs
configparams mdm-detect-bscan-mask 2
targets -set -nocase -filter {name =~ "*microblaze*#0" && bscan=="USER2" }
rst -system
after 3000
targets -set -nocase -filter {name =~ "*microblaze*#0" && bscan=="USER2" }
dow C:/Users/tejasvissapragada/Documents/cs153a/vitis/lab2b_vitis/lab2b_application/Debug/lab2b_application.elf
----------------End of Script----------------

18:34:09 INFO  : Context for processor 'microblaze_0' is selected.
18:34:09 INFO  : 'con' command is executed.
18:34:09 INFO  : ----------------XSDB Script (After Launch)----------------
targets -set -nocase -filter {name =~ "*microblaze*#0" && bscan=="USER2" }
con
----------------End of Script----------------

18:34:09 INFO  : Launch script is exported to file 'C:\Users\tejasvissapragada\Documents\cs153a\vitis\lab2b_vitis\lab2b_application_system\_ide\scripts\debugger_lab2b_application-default.tcl'
18:40:48 INFO  : Checking for BSP changes to sync application flags for project 'lab2b_application'...
18:40:55 INFO  : Disconnected from the channel tcfchan#12.
18:40:56 INFO  : Connected to target on host '127.0.0.1' and port '3121'.
18:41:05 INFO  : ----------------XSDB Script----------------
connect -url tcp:127.0.0.1:3121
----------------End of Script----------------

18:41:05 ERROR : Could not find FPGA device on the board for connection 'Local'.


Troubleshooting hints:
1. Check whether board is connected to system properly.
2. In case of zynq board, check whether Digilent/Xilinx cable switch settings are correct.
3. If you are using Xilinx Platform Cable USB, ensure that status LED is green.
18:41:09 INFO  : Connected to target on host '127.0.0.1' and port '3121'.
18:41:09 INFO  : Jtag cable 'Digilent Nexys A7 -100T 210292BCFA48A' is selected.
18:41:09 INFO  : 'jtag frequency' command is executed.
18:41:09 INFO  : 'targets -set -filter {jtag_cable_name =~ "Digilent Nexys A7 -100T 210292BCFA48A" && level==0 && jtag_device_ctx=="jsn-Nexys A7 -100T-210292BCFA48A-13631093-0"}' command is executed.
18:41:12 INFO  : Device configured successfully with "C:/Users/tejasvissapragada/Documents/cs153a/vitis/lab2b_vitis/lab2b_application/_ide/bitstream/download.bit"
18:41:12 INFO  : Context for processor 'microblaze_0' is selected.
18:41:12 INFO  : Hardware design and registers information is loaded from 'C:/Users/tejasvissapragada/Documents/cs153a/vitis/lab2b_vitis/lab2b_platform/export/lab2b_platform/hw/design_1_wrapper.xsa'.
18:41:12 INFO  : 'configparams mdm-detect-bscan-mask 2' command is executed.
18:41:12 INFO  : Context for processor 'microblaze_0' is selected.
18:41:12 INFO  : System reset is completed.
18:41:15 INFO  : 'after 3000' command is executed.
18:41:15 INFO  : Context for processor 'microblaze_0' is selected.
18:41:15 INFO  : The application 'C:/Users/tejasvissapragada/Documents/cs153a/vitis/lab2b_vitis/lab2b_application/Debug/lab2b_application.elf' is downloaded to processor 'microblaze_0'.
18:41:15 INFO  : ----------------XSDB Script----------------
connect -url tcp:127.0.0.1:3121
targets -set -filter {jtag_cable_name =~ "Digilent Nexys A7 -100T 210292BCFA48A" && level==0 && jtag_device_ctx=="jsn-Nexys A7 -100T-210292BCFA48A-13631093-0"}
fpga -file C:/Users/tejasvissapragada/Documents/cs153a/vitis/lab2b_vitis/lab2b_application/_ide/bitstream/download.bit
targets -set -nocase -filter {name =~ "*microblaze*#0" && bscan=="USER2" }
loadhw -hw C:/Users/tejasvissapragada/Documents/cs153a/vitis/lab2b_vitis/lab2b_platform/export/lab2b_platform/hw/design_1_wrapper.xsa -regs
configparams mdm-detect-bscan-mask 2
targets -set -nocase -filter {name =~ "*microblaze*#0" && bscan=="USER2" }
rst -system
after 3000
targets -set -nocase -filter {name =~ "*microblaze*#0" && bscan=="USER2" }
dow C:/Users/tejasvissapragada/Documents/cs153a/vitis/lab2b_vitis/lab2b_application/Debug/lab2b_application.elf
----------------End of Script----------------

18:41:15 INFO  : Context for processor 'microblaze_0' is selected.
18:41:15 INFO  : 'con' command is executed.
18:41:15 INFO  : ----------------XSDB Script (After Launch)----------------
targets -set -nocase -filter {name =~ "*microblaze*#0" && bscan=="USER2" }
con
----------------End of Script----------------

18:41:15 INFO  : Launch script is exported to file 'C:\Users\tejasvissapragada\Documents\cs153a\vitis\lab2b_vitis\lab2b_application_system\_ide\scripts\debugger_lab2b_application-default.tcl'
18:41:31 INFO  : Checking for BSP changes to sync application flags for project 'lab2b_application'...
18:41:35 INFO  : Disconnected from the channel tcfchan#13.
18:41:36 INFO  : Connected to target on host '127.0.0.1' and port '3121'.
18:41:45 INFO  : ----------------XSDB Script----------------
connect -url tcp:127.0.0.1:3121
----------------End of Script----------------

18:41:45 ERROR : Could not find FPGA device on the board for connection 'Local'.


Troubleshooting hints:
1. Check whether board is connected to system properly.
2. In case of zynq board, check whether Digilent/Xilinx cable switch settings are correct.
3. If you are using Xilinx Platform Cable USB, ensure that status LED is green.
18:41:50 INFO  : Connected to target on host '127.0.0.1' and port '3121'.
18:41:50 INFO  : Jtag cable 'Digilent Nexys A7 -100T 210292BCFA48A' is selected.
18:41:50 INFO  : 'jtag frequency' command is executed.
18:41:50 INFO  : 'targets -set -filter {jtag_cable_name =~ "Digilent Nexys A7 -100T 210292BCFA48A" && level==0 && jtag_device_ctx=="jsn-Nexys A7 -100T-210292BCFA48A-13631093-0"}' command is executed.
18:41:52 INFO  : Device configured successfully with "C:/Users/tejasvissapragada/Documents/cs153a/vitis/lab2b_vitis/lab2b_application/_ide/bitstream/download.bit"
18:41:52 INFO  : Context for processor 'microblaze_0' is selected.
18:41:52 INFO  : Hardware design and registers information is loaded from 'C:/Users/tejasvissapragada/Documents/cs153a/vitis/lab2b_vitis/lab2b_platform/export/lab2b_platform/hw/design_1_wrapper.xsa'.
18:41:52 INFO  : 'configparams mdm-detect-bscan-mask 2' command is executed.
18:41:52 INFO  : Context for processor 'microblaze_0' is selected.
18:41:52 INFO  : System reset is completed.
18:41:55 INFO  : 'after 3000' command is executed.
18:41:55 INFO  : Context for processor 'microblaze_0' is selected.
18:41:55 INFO  : The application 'C:/Users/tejasvissapragada/Documents/cs153a/vitis/lab2b_vitis/lab2b_application/Debug/lab2b_application.elf' is downloaded to processor 'microblaze_0'.
18:41:55 INFO  : ----------------XSDB Script----------------
connect -url tcp:127.0.0.1:3121
targets -set -filter {jtag_cable_name =~ "Digilent Nexys A7 -100T 210292BCFA48A" && level==0 && jtag_device_ctx=="jsn-Nexys A7 -100T-210292BCFA48A-13631093-0"}
fpga -file C:/Users/tejasvissapragada/Documents/cs153a/vitis/lab2b_vitis/lab2b_application/_ide/bitstream/download.bit
targets -set -nocase -filter {name =~ "*microblaze*#0" && bscan=="USER2" }
loadhw -hw C:/Users/tejasvissapragada/Documents/cs153a/vitis/lab2b_vitis/lab2b_platform/export/lab2b_platform/hw/design_1_wrapper.xsa -regs
configparams mdm-detect-bscan-mask 2
targets -set -nocase -filter {name =~ "*microblaze*#0" && bscan=="USER2" }
rst -system
after 3000
targets -set -nocase -filter {name =~ "*microblaze*#0" && bscan=="USER2" }
dow C:/Users/tejasvissapragada/Documents/cs153a/vitis/lab2b_vitis/lab2b_application/Debug/lab2b_application.elf
----------------End of Script----------------

18:41:55 INFO  : Context for processor 'microblaze_0' is selected.
18:41:55 INFO  : 'con' command is executed.
18:41:55 INFO  : ----------------XSDB Script (After Launch)----------------
targets -set -nocase -filter {name =~ "*microblaze*#0" && bscan=="USER2" }
con
----------------End of Script----------------

18:41:55 INFO  : Launch script is exported to file 'C:\Users\tejasvissapragada\Documents\cs153a\vitis\lab2b_vitis\lab2b_application_system\_ide\scripts\debugger_lab2b_application-default.tcl'
18:43:16 INFO  : Checking for BSP changes to sync application flags for project 'lab2b_application'...
18:43:21 INFO  : Disconnected from the channel tcfchan#14.
18:43:22 INFO  : Connected to target on host '127.0.0.1' and port '3121'.
18:43:31 INFO  : ----------------XSDB Script----------------
connect -url tcp:127.0.0.1:3121
----------------End of Script----------------

18:43:31 ERROR : Could not find FPGA device on the board for connection 'Local'.


Troubleshooting hints:
1. Check whether board is connected to system properly.
2. In case of zynq board, check whether Digilent/Xilinx cable switch settings are correct.
3. If you are using Xilinx Platform Cable USB, ensure that status LED is green.
18:43:34 INFO  : Connected to target on host '127.0.0.1' and port '3121'.
18:43:34 INFO  : Jtag cable 'Digilent Nexys A7 -100T 210292BCFA48A' is selected.
18:43:34 INFO  : 'jtag frequency' command is executed.
18:43:34 INFO  : 'targets -set -filter {jtag_cable_name =~ "Digilent Nexys A7 -100T 210292BCFA48A" && level==0 && jtag_device_ctx=="jsn-Nexys A7 -100T-210292BCFA48A-13631093-0"}' command is executed.
18:43:36 INFO  : Device configured successfully with "C:/Users/tejasvissapragada/Documents/cs153a/vitis/lab2b_vitis/lab2b_application/_ide/bitstream/download.bit"
18:43:36 INFO  : Context for processor 'microblaze_0' is selected.
18:43:36 INFO  : Hardware design and registers information is loaded from 'C:/Users/tejasvissapragada/Documents/cs153a/vitis/lab2b_vitis/lab2b_platform/export/lab2b_platform/hw/design_1_wrapper.xsa'.
18:43:36 INFO  : 'configparams mdm-detect-bscan-mask 2' command is executed.
18:43:36 INFO  : Context for processor 'microblaze_0' is selected.
18:43:36 INFO  : System reset is completed.
18:43:39 INFO  : 'after 3000' command is executed.
18:43:39 INFO  : Context for processor 'microblaze_0' is selected.
18:43:39 INFO  : The application 'C:/Users/tejasvissapragada/Documents/cs153a/vitis/lab2b_vitis/lab2b_application/Debug/lab2b_application.elf' is downloaded to processor 'microblaze_0'.
18:43:39 INFO  : ----------------XSDB Script----------------
connect -url tcp:127.0.0.1:3121
targets -set -filter {jtag_cable_name =~ "Digilent Nexys A7 -100T 210292BCFA48A" && level==0 && jtag_device_ctx=="jsn-Nexys A7 -100T-210292BCFA48A-13631093-0"}
fpga -file C:/Users/tejasvissapragada/Documents/cs153a/vitis/lab2b_vitis/lab2b_application/_ide/bitstream/download.bit
targets -set -nocase -filter {name =~ "*microblaze*#0" && bscan=="USER2" }
loadhw -hw C:/Users/tejasvissapragada/Documents/cs153a/vitis/lab2b_vitis/lab2b_platform/export/lab2b_platform/hw/design_1_wrapper.xsa -regs
configparams mdm-detect-bscan-mask 2
targets -set -nocase -filter {name =~ "*microblaze*#0" && bscan=="USER2" }
rst -system
after 3000
targets -set -nocase -filter {name =~ "*microblaze*#0" && bscan=="USER2" }
dow C:/Users/tejasvissapragada/Documents/cs153a/vitis/lab2b_vitis/lab2b_application/Debug/lab2b_application.elf
----------------End of Script----------------

18:43:39 INFO  : Context for processor 'microblaze_0' is selected.
18:43:39 INFO  : 'con' command is executed.
18:43:39 INFO  : ----------------XSDB Script (After Launch)----------------
targets -set -nocase -filter {name =~ "*microblaze*#0" && bscan=="USER2" }
con
----------------End of Script----------------

18:43:39 INFO  : Launch script is exported to file 'C:\Users\tejasvissapragada\Documents\cs153a\vitis\lab2b_vitis\lab2b_application_system\_ide\scripts\debugger_lab2b_application-default.tcl'
18:45:58 INFO  : Checking for BSP changes to sync application flags for project 'lab2b_application'...
18:46:11 INFO  : Disconnected from the channel tcfchan#15.
18:46:12 INFO  : Connected to target on host '127.0.0.1' and port '3121'.
18:46:21 INFO  : ----------------XSDB Script----------------
connect -url tcp:127.0.0.1:3121
----------------End of Script----------------

18:46:21 ERROR : Could not find FPGA device on the board for connection 'Local'.


Troubleshooting hints:
1. Check whether board is connected to system properly.
2. In case of zynq board, check whether Digilent/Xilinx cable switch settings are correct.
3. If you are using Xilinx Platform Cable USB, ensure that status LED is green.
18:46:25 INFO  : Connected to target on host '127.0.0.1' and port '3121'.
18:46:25 INFO  : Jtag cable 'Digilent Nexys A7 -100T 210292BCFA48A' is selected.
18:46:25 INFO  : 'jtag frequency' command is executed.
18:46:25 INFO  : 'targets -set -filter {jtag_cable_name =~ "Digilent Nexys A7 -100T 210292BCFA48A" && level==0 && jtag_device_ctx=="jsn-Nexys A7 -100T-210292BCFA48A-13631093-0"}' command is executed.
18:46:27 INFO  : Device configured successfully with "C:/Users/tejasvissapragada/Documents/cs153a/vitis/lab2b_vitis/lab2b_application/_ide/bitstream/download.bit"
18:46:27 INFO  : Context for processor 'microblaze_0' is selected.
18:46:27 INFO  : Hardware design and registers information is loaded from 'C:/Users/tejasvissapragada/Documents/cs153a/vitis/lab2b_vitis/lab2b_platform/export/lab2b_platform/hw/design_1_wrapper.xsa'.
18:46:27 INFO  : 'configparams mdm-detect-bscan-mask 2' command is executed.
18:46:28 INFO  : Context for processor 'microblaze_0' is selected.
18:46:28 INFO  : System reset is completed.
18:46:31 INFO  : 'after 3000' command is executed.
18:46:31 INFO  : Context for processor 'microblaze_0' is selected.
18:46:31 INFO  : The application 'C:/Users/tejasvissapragada/Documents/cs153a/vitis/lab2b_vitis/lab2b_application/Debug/lab2b_application.elf' is downloaded to processor 'microblaze_0'.
18:46:31 INFO  : ----------------XSDB Script----------------
connect -url tcp:127.0.0.1:3121
targets -set -filter {jtag_cable_name =~ "Digilent Nexys A7 -100T 210292BCFA48A" && level==0 && jtag_device_ctx=="jsn-Nexys A7 -100T-210292BCFA48A-13631093-0"}
fpga -file C:/Users/tejasvissapragada/Documents/cs153a/vitis/lab2b_vitis/lab2b_application/_ide/bitstream/download.bit
targets -set -nocase -filter {name =~ "*microblaze*#0" && bscan=="USER2" }
loadhw -hw C:/Users/tejasvissapragada/Documents/cs153a/vitis/lab2b_vitis/lab2b_platform/export/lab2b_platform/hw/design_1_wrapper.xsa -regs
configparams mdm-detect-bscan-mask 2
targets -set -nocase -filter {name =~ "*microblaze*#0" && bscan=="USER2" }
rst -system
after 3000
targets -set -nocase -filter {name =~ "*microblaze*#0" && bscan=="USER2" }
dow C:/Users/tejasvissapragada/Documents/cs153a/vitis/lab2b_vitis/lab2b_application/Debug/lab2b_application.elf
----------------End of Script----------------

18:46:31 INFO  : Context for processor 'microblaze_0' is selected.
18:46:31 INFO  : 'con' command is executed.
18:46:31 INFO  : ----------------XSDB Script (After Launch)----------------
targets -set -nocase -filter {name =~ "*microblaze*#0" && bscan=="USER2" }
con
----------------End of Script----------------

18:46:31 INFO  : Launch script is exported to file 'C:\Users\tejasvissapragada\Documents\cs153a\vitis\lab2b_vitis\lab2b_application_system\_ide\scripts\debugger_lab2b_application-default.tcl'
18:46:58 INFO  : Checking for BSP changes to sync application flags for project 'lab2b_application'...
18:47:02 INFO  : Disconnected from the channel tcfchan#16.
18:47:04 INFO  : Connected to target on host '127.0.0.1' and port '3121'.
18:47:13 INFO  : ----------------XSDB Script----------------
connect -url tcp:127.0.0.1:3121
----------------End of Script----------------

18:47:13 ERROR : Could not find FPGA device on the board for connection 'Local'.


Troubleshooting hints:
1. Check whether board is connected to system properly.
2. In case of zynq board, check whether Digilent/Xilinx cable switch settings are correct.
3. If you are using Xilinx Platform Cable USB, ensure that status LED is green.
18:47:15 INFO  : Connected to target on host '127.0.0.1' and port '3121'.
18:47:15 INFO  : Jtag cable 'Digilent Nexys A7 -100T 210292BCFA48A' is selected.
18:47:15 INFO  : 'jtag frequency' command is executed.
18:47:15 INFO  : 'targets -set -filter {jtag_cable_name =~ "Digilent Nexys A7 -100T 210292BCFA48A" && level==0 && jtag_device_ctx=="jsn-Nexys A7 -100T-210292BCFA48A-13631093-0"}' command is executed.
18:47:18 INFO  : Device configured successfully with "C:/Users/tejasvissapragada/Documents/cs153a/vitis/lab2b_vitis/lab2b_application/_ide/bitstream/download.bit"
18:47:18 INFO  : Context for processor 'microblaze_0' is selected.
18:47:18 INFO  : Hardware design and registers information is loaded from 'C:/Users/tejasvissapragada/Documents/cs153a/vitis/lab2b_vitis/lab2b_platform/export/lab2b_platform/hw/design_1_wrapper.xsa'.
18:47:18 INFO  : 'configparams mdm-detect-bscan-mask 2' command is executed.
18:47:18 INFO  : Context for processor 'microblaze_0' is selected.
18:47:18 INFO  : System reset is completed.
18:47:21 INFO  : 'after 3000' command is executed.
18:47:21 INFO  : Context for processor 'microblaze_0' is selected.
18:47:21 INFO  : The application 'C:/Users/tejasvissapragada/Documents/cs153a/vitis/lab2b_vitis/lab2b_application/Debug/lab2b_application.elf' is downloaded to processor 'microblaze_0'.
18:47:21 INFO  : ----------------XSDB Script----------------
connect -url tcp:127.0.0.1:3121
targets -set -filter {jtag_cable_name =~ "Digilent Nexys A7 -100T 210292BCFA48A" && level==0 && jtag_device_ctx=="jsn-Nexys A7 -100T-210292BCFA48A-13631093-0"}
fpga -file C:/Users/tejasvissapragada/Documents/cs153a/vitis/lab2b_vitis/lab2b_application/_ide/bitstream/download.bit
targets -set -nocase -filter {name =~ "*microblaze*#0" && bscan=="USER2" }
loadhw -hw C:/Users/tejasvissapragada/Documents/cs153a/vitis/lab2b_vitis/lab2b_platform/export/lab2b_platform/hw/design_1_wrapper.xsa -regs
configparams mdm-detect-bscan-mask 2
targets -set -nocase -filter {name =~ "*microblaze*#0" && bscan=="USER2" }
rst -system
after 3000
targets -set -nocase -filter {name =~ "*microblaze*#0" && bscan=="USER2" }
dow C:/Users/tejasvissapragada/Documents/cs153a/vitis/lab2b_vitis/lab2b_application/Debug/lab2b_application.elf
----------------End of Script----------------

18:47:21 INFO  : Context for processor 'microblaze_0' is selected.
18:47:21 INFO  : 'con' command is executed.
18:47:21 INFO  : ----------------XSDB Script (After Launch)----------------
targets -set -nocase -filter {name =~ "*microblaze*#0" && bscan=="USER2" }
con
----------------End of Script----------------

18:47:21 INFO  : Launch script is exported to file 'C:\Users\tejasvissapragada\Documents\cs153a\vitis\lab2b_vitis\lab2b_application_system\_ide\scripts\debugger_lab2b_application-default.tcl'
18:53:20 INFO  : Checking for BSP changes to sync application flags for project 'lab2b_application'...
18:53:26 INFO  : Disconnected from the channel tcfchan#17.
18:53:27 INFO  : Connected to target on host '127.0.0.1' and port '3121'.
18:53:36 INFO  : ----------------XSDB Script----------------
connect -url tcp:127.0.0.1:3121
----------------End of Script----------------

18:53:36 ERROR : Could not find FPGA device on the board for connection 'Local'.


Troubleshooting hints:
1. Check whether board is connected to system properly.
2. In case of zynq board, check whether Digilent/Xilinx cable switch settings are correct.
3. If you are using Xilinx Platform Cable USB, ensure that status LED is green.
18:53:39 INFO  : Connected to target on host '127.0.0.1' and port '3121'.
18:53:39 INFO  : Jtag cable 'Digilent Nexys A7 -100T 210292BCFA48A' is selected.
18:53:39 INFO  : 'jtag frequency' command is executed.
18:53:39 INFO  : 'targets -set -filter {jtag_cable_name =~ "Digilent Nexys A7 -100T 210292BCFA48A" && level==0 && jtag_device_ctx=="jsn-Nexys A7 -100T-210292BCFA48A-13631093-0"}' command is executed.
18:53:41 INFO  : Device configured successfully with "C:/Users/tejasvissapragada/Documents/cs153a/vitis/lab2b_vitis/lab2b_application/_ide/bitstream/download.bit"
18:53:41 INFO  : Context for processor 'microblaze_0' is selected.
18:53:41 INFO  : Hardware design and registers information is loaded from 'C:/Users/tejasvissapragada/Documents/cs153a/vitis/lab2b_vitis/lab2b_platform/export/lab2b_platform/hw/design_1_wrapper.xsa'.
18:53:41 INFO  : 'configparams mdm-detect-bscan-mask 2' command is executed.
18:53:41 INFO  : Context for processor 'microblaze_0' is selected.
18:53:41 INFO  : System reset is completed.
18:53:44 INFO  : 'after 3000' command is executed.
18:53:44 INFO  : Context for processor 'microblaze_0' is selected.
18:53:44 INFO  : The application 'C:/Users/tejasvissapragada/Documents/cs153a/vitis/lab2b_vitis/lab2b_application/Debug/lab2b_application.elf' is downloaded to processor 'microblaze_0'.
18:53:44 INFO  : ----------------XSDB Script----------------
connect -url tcp:127.0.0.1:3121
targets -set -filter {jtag_cable_name =~ "Digilent Nexys A7 -100T 210292BCFA48A" && level==0 && jtag_device_ctx=="jsn-Nexys A7 -100T-210292BCFA48A-13631093-0"}
fpga -file C:/Users/tejasvissapragada/Documents/cs153a/vitis/lab2b_vitis/lab2b_application/_ide/bitstream/download.bit
targets -set -nocase -filter {name =~ "*microblaze*#0" && bscan=="USER2" }
loadhw -hw C:/Users/tejasvissapragada/Documents/cs153a/vitis/lab2b_vitis/lab2b_platform/export/lab2b_platform/hw/design_1_wrapper.xsa -regs
configparams mdm-detect-bscan-mask 2
targets -set -nocase -filter {name =~ "*microblaze*#0" && bscan=="USER2" }
rst -system
after 3000
targets -set -nocase -filter {name =~ "*microblaze*#0" && bscan=="USER2" }
dow C:/Users/tejasvissapragada/Documents/cs153a/vitis/lab2b_vitis/lab2b_application/Debug/lab2b_application.elf
----------------End of Script----------------

18:53:44 INFO  : Context for processor 'microblaze_0' is selected.
18:53:44 INFO  : 'con' command is executed.
18:53:44 INFO  : ----------------XSDB Script (After Launch)----------------
targets -set -nocase -filter {name =~ "*microblaze*#0" && bscan=="USER2" }
con
----------------End of Script----------------

18:53:44 INFO  : Launch script is exported to file 'C:\Users\tejasvissapragada\Documents\cs153a\vitis\lab2b_vitis\lab2b_application_system\_ide\scripts\debugger_lab2b_application-default.tcl'
18:56:20 INFO  : Checking for BSP changes to sync application flags for project 'lab2b_application'...
18:56:31 INFO  : Disconnected from the channel tcfchan#18.
18:56:32 INFO  : Connected to target on host '127.0.0.1' and port '3121'.
18:56:41 INFO  : ----------------XSDB Script----------------
connect -url tcp:127.0.0.1:3121
----------------End of Script----------------

18:56:41 ERROR : Could not find FPGA device on the board for connection 'Local'.


Troubleshooting hints:
1. Check whether board is connected to system properly.
2. In case of zynq board, check whether Digilent/Xilinx cable switch settings are correct.
3. If you are using Xilinx Platform Cable USB, ensure that status LED is green.
18:56:43 INFO  : Connected to target on host '127.0.0.1' and port '3121'.
18:56:43 INFO  : Jtag cable 'Digilent Nexys A7 -100T 210292BCFA48A' is selected.
18:56:43 INFO  : 'jtag frequency' command is executed.
18:56:44 INFO  : 'targets -set -filter {jtag_cable_name =~ "Digilent Nexys A7 -100T 210292BCFA48A" && level==0 && jtag_device_ctx=="jsn-Nexys A7 -100T-210292BCFA48A-13631093-0"}' command is executed.
18:56:46 INFO  : Device configured successfully with "C:/Users/tejasvissapragada/Documents/cs153a/vitis/lab2b_vitis/lab2b_application/_ide/bitstream/download.bit"
18:56:46 INFO  : Context for processor 'microblaze_0' is selected.
18:56:46 INFO  : Hardware design and registers information is loaded from 'C:/Users/tejasvissapragada/Documents/cs153a/vitis/lab2b_vitis/lab2b_platform/export/lab2b_platform/hw/design_1_wrapper.xsa'.
18:56:46 INFO  : 'configparams mdm-detect-bscan-mask 2' command is executed.
18:56:46 INFO  : Context for processor 'microblaze_0' is selected.
18:56:46 INFO  : System reset is completed.
18:56:49 INFO  : 'after 3000' command is executed.
18:56:49 INFO  : Context for processor 'microblaze_0' is selected.
18:56:49 INFO  : The application 'C:/Users/tejasvissapragada/Documents/cs153a/vitis/lab2b_vitis/lab2b_application/Debug/lab2b_application.elf' is downloaded to processor 'microblaze_0'.
18:56:49 INFO  : ----------------XSDB Script----------------
connect -url tcp:127.0.0.1:3121
targets -set -filter {jtag_cable_name =~ "Digilent Nexys A7 -100T 210292BCFA48A" && level==0 && jtag_device_ctx=="jsn-Nexys A7 -100T-210292BCFA48A-13631093-0"}
fpga -file C:/Users/tejasvissapragada/Documents/cs153a/vitis/lab2b_vitis/lab2b_application/_ide/bitstream/download.bit
targets -set -nocase -filter {name =~ "*microblaze*#0" && bscan=="USER2" }
loadhw -hw C:/Users/tejasvissapragada/Documents/cs153a/vitis/lab2b_vitis/lab2b_platform/export/lab2b_platform/hw/design_1_wrapper.xsa -regs
configparams mdm-detect-bscan-mask 2
targets -set -nocase -filter {name =~ "*microblaze*#0" && bscan=="USER2" }
rst -system
after 3000
targets -set -nocase -filter {name =~ "*microblaze*#0" && bscan=="USER2" }
dow C:/Users/tejasvissapragada/Documents/cs153a/vitis/lab2b_vitis/lab2b_application/Debug/lab2b_application.elf
----------------End of Script----------------

18:56:49 INFO  : Context for processor 'microblaze_0' is selected.
18:56:49 INFO  : 'con' command is executed.
18:56:49 INFO  : ----------------XSDB Script (After Launch)----------------
targets -set -nocase -filter {name =~ "*microblaze*#0" && bscan=="USER2" }
con
----------------End of Script----------------

18:56:49 INFO  : Launch script is exported to file 'C:\Users\tejasvissapragada\Documents\cs153a\vitis\lab2b_vitis\lab2b_application_system\_ide\scripts\debugger_lab2b_application-default.tcl'
18:59:23 INFO  : Checking for BSP changes to sync application flags for project 'lab2b_application'...
18:59:28 INFO  : Disconnected from the channel tcfchan#19.
18:59:29 INFO  : Connected to target on host '127.0.0.1' and port '3121'.
18:59:38 INFO  : ----------------XSDB Script----------------
connect -url tcp:127.0.0.1:3121
----------------End of Script----------------

18:59:38 ERROR : Could not find FPGA device on the board for connection 'Local'.


Troubleshooting hints:
1. Check whether board is connected to system properly.
2. In case of zynq board, check whether Digilent/Xilinx cable switch settings are correct.
3. If you are using Xilinx Platform Cable USB, ensure that status LED is green.
18:59:41 INFO  : Connected to target on host '127.0.0.1' and port '3121'.
18:59:42 INFO  : Jtag cable 'Digilent Nexys A7 -100T 210292BCFA48A' is selected.
18:59:42 INFO  : 'jtag frequency' command is executed.
18:59:42 INFO  : 'targets -set -filter {jtag_cable_name =~ "Digilent Nexys A7 -100T 210292BCFA48A" && level==0 && jtag_device_ctx=="jsn-Nexys A7 -100T-210292BCFA48A-13631093-0"}' command is executed.
18:59:44 INFO  : Device configured successfully with "C:/Users/tejasvissapragada/Documents/cs153a/vitis/lab2b_vitis/lab2b_application/_ide/bitstream/download.bit"
18:59:44 INFO  : Context for processor 'microblaze_0' is selected.
18:59:44 INFO  : Hardware design and registers information is loaded from 'C:/Users/tejasvissapragada/Documents/cs153a/vitis/lab2b_vitis/lab2b_platform/export/lab2b_platform/hw/design_1_wrapper.xsa'.
18:59:44 INFO  : 'configparams mdm-detect-bscan-mask 2' command is executed.
18:59:44 INFO  : Context for processor 'microblaze_0' is selected.
18:59:44 INFO  : System reset is completed.
18:59:47 INFO  : 'after 3000' command is executed.
18:59:47 INFO  : Context for processor 'microblaze_0' is selected.
18:59:47 INFO  : The application 'C:/Users/tejasvissapragada/Documents/cs153a/vitis/lab2b_vitis/lab2b_application/Debug/lab2b_application.elf' is downloaded to processor 'microblaze_0'.
18:59:47 INFO  : ----------------XSDB Script----------------
connect -url tcp:127.0.0.1:3121
targets -set -filter {jtag_cable_name =~ "Digilent Nexys A7 -100T 210292BCFA48A" && level==0 && jtag_device_ctx=="jsn-Nexys A7 -100T-210292BCFA48A-13631093-0"}
fpga -file C:/Users/tejasvissapragada/Documents/cs153a/vitis/lab2b_vitis/lab2b_application/_ide/bitstream/download.bit
targets -set -nocase -filter {name =~ "*microblaze*#0" && bscan=="USER2" }
loadhw -hw C:/Users/tejasvissapragada/Documents/cs153a/vitis/lab2b_vitis/lab2b_platform/export/lab2b_platform/hw/design_1_wrapper.xsa -regs
configparams mdm-detect-bscan-mask 2
targets -set -nocase -filter {name =~ "*microblaze*#0" && bscan=="USER2" }
rst -system
after 3000
targets -set -nocase -filter {name =~ "*microblaze*#0" && bscan=="USER2" }
dow C:/Users/tejasvissapragada/Documents/cs153a/vitis/lab2b_vitis/lab2b_application/Debug/lab2b_application.elf
----------------End of Script----------------

18:59:47 INFO  : Context for processor 'microblaze_0' is selected.
18:59:47 INFO  : 'con' command is executed.
18:59:47 INFO  : ----------------XSDB Script (After Launch)----------------
targets -set -nocase -filter {name =~ "*microblaze*#0" && bscan=="USER2" }
con
----------------End of Script----------------

18:59:47 INFO  : Launch script is exported to file 'C:\Users\tejasvissapragada\Documents\cs153a\vitis\lab2b_vitis\lab2b_application_system\_ide\scripts\debugger_lab2b_application-default.tcl'
19:00:21 INFO  : Checking for BSP changes to sync application flags for project 'lab2b_application'...
19:00:27 INFO  : Disconnected from the channel tcfchan#20.
19:00:28 INFO  : Connected to target on host '127.0.0.1' and port '3121'.
19:00:28 INFO  : Jtag cable 'Digilent Nexys A7 -100T 210292BCFA48A' is selected.
19:00:28 INFO  : 'jtag frequency' command is executed.
19:00:28 INFO  : 'targets -set -filter {jtag_cable_name =~ "Digilent Nexys A7 -100T 210292BCFA48A" && level==0 && jtag_device_ctx=="jsn-Nexys A7 -100T-210292BCFA48A-13631093-0"}' command is executed.
19:00:30 INFO  : Device configured successfully with "C:/Users/tejasvissapragada/Documents/cs153a/vitis/lab2b_vitis/lab2b_application/_ide/bitstream/download.bit"
19:00:30 INFO  : Context for processor 'microblaze_0' is selected.
19:00:30 INFO  : Hardware design and registers information is loaded from 'C:/Users/tejasvissapragada/Documents/cs153a/vitis/lab2b_vitis/lab2b_platform/export/lab2b_platform/hw/design_1_wrapper.xsa'.
19:00:30 INFO  : 'configparams mdm-detect-bscan-mask 2' command is executed.
19:00:30 INFO  : Context for processor 'microblaze_0' is selected.
19:00:30 INFO  : System reset is completed.
19:00:33 INFO  : 'after 3000' command is executed.
19:00:33 INFO  : Context for processor 'microblaze_0' is selected.
19:00:34 INFO  : The application 'C:/Users/tejasvissapragada/Documents/cs153a/vitis/lab2b_vitis/lab2b_application/Debug/lab2b_application.elf' is downloaded to processor 'microblaze_0'.
19:00:34 INFO  : ----------------XSDB Script----------------
connect -url tcp:127.0.0.1:3121
targets -set -filter {jtag_cable_name =~ "Digilent Nexys A7 -100T 210292BCFA48A" && level==0 && jtag_device_ctx=="jsn-Nexys A7 -100T-210292BCFA48A-13631093-0"}
fpga -file C:/Users/tejasvissapragada/Documents/cs153a/vitis/lab2b_vitis/lab2b_application/_ide/bitstream/download.bit
targets -set -nocase -filter {name =~ "*microblaze*#0" && bscan=="USER2" }
loadhw -hw C:/Users/tejasvissapragada/Documents/cs153a/vitis/lab2b_vitis/lab2b_platform/export/lab2b_platform/hw/design_1_wrapper.xsa -regs
configparams mdm-detect-bscan-mask 2
targets -set -nocase -filter {name =~ "*microblaze*#0" && bscan=="USER2" }
rst -system
after 3000
targets -set -nocase -filter {name =~ "*microblaze*#0" && bscan=="USER2" }
dow C:/Users/tejasvissapragada/Documents/cs153a/vitis/lab2b_vitis/lab2b_application/Debug/lab2b_application.elf
----------------End of Script----------------

19:00:34 INFO  : Context for processor 'microblaze_0' is selected.
19:00:34 INFO  : 'con' command is executed.
19:00:34 INFO  : ----------------XSDB Script (After Launch)----------------
targets -set -nocase -filter {name =~ "*microblaze*#0" && bscan=="USER2" }
con
----------------End of Script----------------

19:00:34 INFO  : Launch script is exported to file 'C:\Users\tejasvissapragada\Documents\cs153a\vitis\lab2b_vitis\lab2b_application_system\_ide\scripts\debugger_lab2b_application-default.tcl'
19:00:59 INFO  : Checking for BSP changes to sync application flags for project 'lab2b_application'...
19:01:05 INFO  : Disconnected from the channel tcfchan#21.
19:01:06 INFO  : Connected to target on host '127.0.0.1' and port '3121'.
19:01:15 INFO  : ----------------XSDB Script----------------
connect -url tcp:127.0.0.1:3121
----------------End of Script----------------

19:01:15 ERROR : Could not find FPGA device on the board for connection 'Local'.


Troubleshooting hints:
1. Check whether board is connected to system properly.
2. In case of zynq board, check whether Digilent/Xilinx cable switch settings are correct.
3. If you are using Xilinx Platform Cable USB, ensure that status LED is green.
19:01:19 INFO  : Connected to target on host '127.0.0.1' and port '3121'.
19:01:19 INFO  : Jtag cable 'Digilent Nexys A7 -100T 210292BCFA48A' is selected.
19:01:19 INFO  : 'jtag frequency' command is executed.
19:01:19 INFO  : 'targets -set -filter {jtag_cable_name =~ "Digilent Nexys A7 -100T 210292BCFA48A" && level==0 && jtag_device_ctx=="jsn-Nexys A7 -100T-210292BCFA48A-13631093-0"}' command is executed.
19:01:22 INFO  : Device configured successfully with "C:/Users/tejasvissapragada/Documents/cs153a/vitis/lab2b_vitis/lab2b_application/_ide/bitstream/download.bit"
19:01:22 INFO  : Context for processor 'microblaze_0' is selected.
19:01:22 INFO  : Hardware design and registers information is loaded from 'C:/Users/tejasvissapragada/Documents/cs153a/vitis/lab2b_vitis/lab2b_platform/export/lab2b_platform/hw/design_1_wrapper.xsa'.
19:01:22 INFO  : 'configparams mdm-detect-bscan-mask 2' command is executed.
19:01:22 INFO  : Context for processor 'microblaze_0' is selected.
19:01:22 INFO  : System reset is completed.
19:01:25 INFO  : 'after 3000' command is executed.
19:01:25 INFO  : Context for processor 'microblaze_0' is selected.
19:01:25 INFO  : The application 'C:/Users/tejasvissapragada/Documents/cs153a/vitis/lab2b_vitis/lab2b_application/Debug/lab2b_application.elf' is downloaded to processor 'microblaze_0'.
19:01:25 INFO  : ----------------XSDB Script----------------
connect -url tcp:127.0.0.1:3121
targets -set -filter {jtag_cable_name =~ "Digilent Nexys A7 -100T 210292BCFA48A" && level==0 && jtag_device_ctx=="jsn-Nexys A7 -100T-210292BCFA48A-13631093-0"}
fpga -file C:/Users/tejasvissapragada/Documents/cs153a/vitis/lab2b_vitis/lab2b_application/_ide/bitstream/download.bit
targets -set -nocase -filter {name =~ "*microblaze*#0" && bscan=="USER2" }
loadhw -hw C:/Users/tejasvissapragada/Documents/cs153a/vitis/lab2b_vitis/lab2b_platform/export/lab2b_platform/hw/design_1_wrapper.xsa -regs
configparams mdm-detect-bscan-mask 2
targets -set -nocase -filter {name =~ "*microblaze*#0" && bscan=="USER2" }
rst -system
after 3000
targets -set -nocase -filter {name =~ "*microblaze*#0" && bscan=="USER2" }
dow C:/Users/tejasvissapragada/Documents/cs153a/vitis/lab2b_vitis/lab2b_application/Debug/lab2b_application.elf
----------------End of Script----------------

19:01:25 INFO  : Context for processor 'microblaze_0' is selected.
19:01:25 INFO  : 'con' command is executed.
19:01:25 INFO  : ----------------XSDB Script (After Launch)----------------
targets -set -nocase -filter {name =~ "*microblaze*#0" && bscan=="USER2" }
con
----------------End of Script----------------

19:01:25 INFO  : Launch script is exported to file 'C:\Users\tejasvissapragada\Documents\cs153a\vitis\lab2b_vitis\lab2b_application_system\_ide\scripts\debugger_lab2b_application-default.tcl'
20:02:43 INFO  : Checking for BSP changes to sync application flags for project 'lab2b_application'...
20:02:49 INFO  : Disconnected from the channel tcfchan#22.
20:02:50 INFO  : Connected to target on host '127.0.0.1' and port '3121'.
20:02:59 INFO  : ----------------XSDB Script----------------
connect -url tcp:127.0.0.1:3121
----------------End of Script----------------

20:02:59 ERROR : Could not find FPGA device on the board for connection 'Local'.


Troubleshooting hints:
1. Check whether board is connected to system properly.
2. In case of zynq board, check whether Digilent/Xilinx cable switch settings are correct.
3. If you are using Xilinx Platform Cable USB, ensure that status LED is green.
20:03:08 INFO  : Connected to target on host '127.0.0.1' and port '3121'.
20:03:08 INFO  : Jtag cable 'Digilent Nexys A7 -100T 210292BCFA48A' is selected.
20:03:08 INFO  : 'jtag frequency' command is executed.
20:03:09 INFO  : 'targets -set -filter {jtag_cable_name =~ "Digilent Nexys A7 -100T 210292BCFA48A" && level==0 && jtag_device_ctx=="jsn-Nexys A7 -100T-210292BCFA48A-13631093-0"}' command is executed.
20:03:11 INFO  : Device configured successfully with "C:/Users/tejasvissapragada/Documents/cs153a/vitis/lab2b_vitis/lab2b_application/_ide/bitstream/download.bit"
20:03:11 INFO  : Context for processor 'microblaze_0' is selected.
20:03:11 INFO  : Hardware design and registers information is loaded from 'C:/Users/tejasvissapragada/Documents/cs153a/vitis/lab2b_vitis/lab2b_platform/export/lab2b_platform/hw/design_1_wrapper.xsa'.
20:03:11 INFO  : 'configparams mdm-detect-bscan-mask 2' command is executed.
20:03:11 INFO  : Context for processor 'microblaze_0' is selected.
20:03:11 INFO  : System reset is completed.
20:03:14 INFO  : 'after 3000' command is executed.
20:03:14 INFO  : Context for processor 'microblaze_0' is selected.
20:03:14 INFO  : The application 'C:/Users/tejasvissapragada/Documents/cs153a/vitis/lab2b_vitis/lab2b_application/Debug/lab2b_application.elf' is downloaded to processor 'microblaze_0'.
20:03:14 INFO  : ----------------XSDB Script----------------
connect -url tcp:127.0.0.1:3121
targets -set -filter {jtag_cable_name =~ "Digilent Nexys A7 -100T 210292BCFA48A" && level==0 && jtag_device_ctx=="jsn-Nexys A7 -100T-210292BCFA48A-13631093-0"}
fpga -file C:/Users/tejasvissapragada/Documents/cs153a/vitis/lab2b_vitis/lab2b_application/_ide/bitstream/download.bit
targets -set -nocase -filter {name =~ "*microblaze*#0" && bscan=="USER2" }
loadhw -hw C:/Users/tejasvissapragada/Documents/cs153a/vitis/lab2b_vitis/lab2b_platform/export/lab2b_platform/hw/design_1_wrapper.xsa -regs
configparams mdm-detect-bscan-mask 2
targets -set -nocase -filter {name =~ "*microblaze*#0" && bscan=="USER2" }
rst -system
after 3000
targets -set -nocase -filter {name =~ "*microblaze*#0" && bscan=="USER2" }
dow C:/Users/tejasvissapragada/Documents/cs153a/vitis/lab2b_vitis/lab2b_application/Debug/lab2b_application.elf
----------------End of Script----------------

20:03:14 INFO  : Context for processor 'microblaze_0' is selected.
20:03:14 INFO  : 'con' command is executed.
20:03:14 INFO  : ----------------XSDB Script (After Launch)----------------
targets -set -nocase -filter {name =~ "*microblaze*#0" && bscan=="USER2" }
con
----------------End of Script----------------

20:03:14 INFO  : Launch script is exported to file 'C:\Users\tejasvissapragada\Documents\cs153a\vitis\lab2b_vitis\lab2b_application_system\_ide\scripts\debugger_lab2b_application-default.tcl'
20:04:21 INFO  : Checking for BSP changes to sync application flags for project 'lab2b_application'...
20:04:26 INFO  : Disconnected from the channel tcfchan#23.
20:04:27 INFO  : Connected to target on host '127.0.0.1' and port '3121'.
20:04:36 INFO  : ----------------XSDB Script----------------
connect -url tcp:127.0.0.1:3121
----------------End of Script----------------

20:04:36 ERROR : Could not find FPGA device on the board for connection 'Local'.


Troubleshooting hints:
1. Check whether board is connected to system properly.
2. In case of zynq board, check whether Digilent/Xilinx cable switch settings are correct.
3. If you are using Xilinx Platform Cable USB, ensure that status LED is green.
20:04:47 INFO  : Connected to target on host '127.0.0.1' and port '3121'.
20:04:47 INFO  : Jtag cable 'Digilent Nexys A7 -100T 210292BCFA48A' is selected.
20:04:47 INFO  : 'jtag frequency' command is executed.
20:04:47 INFO  : 'targets -set -filter {jtag_cable_name =~ "Digilent Nexys A7 -100T 210292BCFA48A" && level==0 && jtag_device_ctx=="jsn-Nexys A7 -100T-210292BCFA48A-13631093-0"}' command is executed.
20:04:49 INFO  : Device configured successfully with "C:/Users/tejasvissapragada/Documents/cs153a/vitis/lab2b_vitis/lab2b_application/_ide/bitstream/download.bit"
20:04:49 INFO  : Context for processor 'microblaze_0' is selected.
20:04:49 INFO  : Hardware design and registers information is loaded from 'C:/Users/tejasvissapragada/Documents/cs153a/vitis/lab2b_vitis/lab2b_platform/export/lab2b_platform/hw/design_1_wrapper.xsa'.
20:04:49 INFO  : 'configparams mdm-detect-bscan-mask 2' command is executed.
20:04:49 INFO  : Context for processor 'microblaze_0' is selected.
20:04:49 INFO  : System reset is completed.
20:04:52 INFO  : 'after 3000' command is executed.
20:04:52 INFO  : Context for processor 'microblaze_0' is selected.
20:04:53 INFO  : The application 'C:/Users/tejasvissapragada/Documents/cs153a/vitis/lab2b_vitis/lab2b_application/Debug/lab2b_application.elf' is downloaded to processor 'microblaze_0'.
20:04:53 INFO  : ----------------XSDB Script----------------
connect -url tcp:127.0.0.1:3121
targets -set -filter {jtag_cable_name =~ "Digilent Nexys A7 -100T 210292BCFA48A" && level==0 && jtag_device_ctx=="jsn-Nexys A7 -100T-210292BCFA48A-13631093-0"}
fpga -file C:/Users/tejasvissapragada/Documents/cs153a/vitis/lab2b_vitis/lab2b_application/_ide/bitstream/download.bit
targets -set -nocase -filter {name =~ "*microblaze*#0" && bscan=="USER2" }
loadhw -hw C:/Users/tejasvissapragada/Documents/cs153a/vitis/lab2b_vitis/lab2b_platform/export/lab2b_platform/hw/design_1_wrapper.xsa -regs
configparams mdm-detect-bscan-mask 2
targets -set -nocase -filter {name =~ "*microblaze*#0" && bscan=="USER2" }
rst -system
after 3000
targets -set -nocase -filter {name =~ "*microblaze*#0" && bscan=="USER2" }
dow C:/Users/tejasvissapragada/Documents/cs153a/vitis/lab2b_vitis/lab2b_application/Debug/lab2b_application.elf
----------------End of Script----------------

20:04:53 INFO  : Context for processor 'microblaze_0' is selected.
20:04:53 INFO  : 'con' command is executed.
20:04:53 INFO  : ----------------XSDB Script (After Launch)----------------
targets -set -nocase -filter {name =~ "*microblaze*#0" && bscan=="USER2" }
con
----------------End of Script----------------

20:04:53 INFO  : Launch script is exported to file 'C:\Users\tejasvissapragada\Documents\cs153a\vitis\lab2b_vitis\lab2b_application_system\_ide\scripts\debugger_lab2b_application-default.tcl'
20:05:49 INFO  : Checking for BSP changes to sync application flags for project 'lab2b_application'...
20:05:54 INFO  : Disconnected from the channel tcfchan#24.
20:05:55 INFO  : Connected to target on host '127.0.0.1' and port '3121'.
20:06:04 INFO  : ----------------XSDB Script----------------
connect -url tcp:127.0.0.1:3121
----------------End of Script----------------

20:06:04 ERROR : Could not find FPGA device on the board for connection 'Local'.


Troubleshooting hints:
1. Check whether board is connected to system properly.
2. In case of zynq board, check whether Digilent/Xilinx cable switch settings are correct.
3. If you are using Xilinx Platform Cable USB, ensure that status LED is green.
20:06:07 INFO  : Connected to target on host '127.0.0.1' and port '3121'.
20:06:07 INFO  : Jtag cable 'Digilent Nexys A7 -100T 210292BCFA48A' is selected.
20:06:07 INFO  : 'jtag frequency' command is executed.
20:06:08 INFO  : 'targets -set -filter {jtag_cable_name =~ "Digilent Nexys A7 -100T 210292BCFA48A" && level==0 && jtag_device_ctx=="jsn-Nexys A7 -100T-210292BCFA48A-13631093-0"}' command is executed.
20:06:10 INFO  : Device configured successfully with "C:/Users/tejasvissapragada/Documents/cs153a/vitis/lab2b_vitis/lab2b_application/_ide/bitstream/download.bit"
20:06:10 INFO  : Context for processor 'microblaze_0' is selected.
20:06:10 INFO  : Hardware design and registers information is loaded from 'C:/Users/tejasvissapragada/Documents/cs153a/vitis/lab2b_vitis/lab2b_platform/export/lab2b_platform/hw/design_1_wrapper.xsa'.
20:06:10 INFO  : 'configparams mdm-detect-bscan-mask 2' command is executed.
20:06:10 INFO  : Context for processor 'microblaze_0' is selected.
20:06:10 INFO  : System reset is completed.
20:06:13 INFO  : 'after 3000' command is executed.
20:06:13 INFO  : Context for processor 'microblaze_0' is selected.
20:06:13 INFO  : The application 'C:/Users/tejasvissapragada/Documents/cs153a/vitis/lab2b_vitis/lab2b_application/Debug/lab2b_application.elf' is downloaded to processor 'microblaze_0'.
20:06:13 INFO  : ----------------XSDB Script----------------
connect -url tcp:127.0.0.1:3121
targets -set -filter {jtag_cable_name =~ "Digilent Nexys A7 -100T 210292BCFA48A" && level==0 && jtag_device_ctx=="jsn-Nexys A7 -100T-210292BCFA48A-13631093-0"}
fpga -file C:/Users/tejasvissapragada/Documents/cs153a/vitis/lab2b_vitis/lab2b_application/_ide/bitstream/download.bit
targets -set -nocase -filter {name =~ "*microblaze*#0" && bscan=="USER2" }
loadhw -hw C:/Users/tejasvissapragada/Documents/cs153a/vitis/lab2b_vitis/lab2b_platform/export/lab2b_platform/hw/design_1_wrapper.xsa -regs
configparams mdm-detect-bscan-mask 2
targets -set -nocase -filter {name =~ "*microblaze*#0" && bscan=="USER2" }
rst -system
after 3000
targets -set -nocase -filter {name =~ "*microblaze*#0" && bscan=="USER2" }
dow C:/Users/tejasvissapragada/Documents/cs153a/vitis/lab2b_vitis/lab2b_application/Debug/lab2b_application.elf
----------------End of Script----------------

20:06:13 INFO  : Context for processor 'microblaze_0' is selected.
20:06:13 INFO  : 'con' command is executed.
20:06:13 INFO  : ----------------XSDB Script (After Launch)----------------
targets -set -nocase -filter {name =~ "*microblaze*#0" && bscan=="USER2" }
con
----------------End of Script----------------

20:06:13 INFO  : Launch script is exported to file 'C:\Users\tejasvissapragada\Documents\cs153a\vitis\lab2b_vitis\lab2b_application_system\_ide\scripts\debugger_lab2b_application-default.tcl'
20:13:52 INFO  : Checking for BSP changes to sync application flags for project 'lab2b_application'...
20:13:57 INFO  : Disconnected from the channel tcfchan#25.
20:13:58 INFO  : Connected to target on host '127.0.0.1' and port '3121'.
20:14:07 INFO  : ----------------XSDB Script----------------
connect -url tcp:127.0.0.1:3121
----------------End of Script----------------

20:14:07 ERROR : Could not find FPGA device on the board for connection 'Local'.


Troubleshooting hints:
1. Check whether board is connected to system properly.
2. In case of zynq board, check whether Digilent/Xilinx cable switch settings are correct.
3. If you are using Xilinx Platform Cable USB, ensure that status LED is green.
20:14:10 INFO  : Connected to target on host '127.0.0.1' and port '3121'.
20:14:10 INFO  : Jtag cable 'Digilent Nexys A7 -100T 210292BCFA48A' is selected.
20:14:10 INFO  : 'jtag frequency' command is executed.
20:14:11 INFO  : 'targets -set -filter {jtag_cable_name =~ "Digilent Nexys A7 -100T 210292BCFA48A" && level==0 && jtag_device_ctx=="jsn-Nexys A7 -100T-210292BCFA48A-13631093-0"}' command is executed.
20:14:13 INFO  : Device configured successfully with "C:/Users/tejasvissapragada/Documents/cs153a/vitis/lab2b_vitis/lab2b_application/_ide/bitstream/download.bit"
20:14:13 INFO  : Context for processor 'microblaze_0' is selected.
20:14:13 INFO  : Hardware design and registers information is loaded from 'C:/Users/tejasvissapragada/Documents/cs153a/vitis/lab2b_vitis/lab2b_platform/export/lab2b_platform/hw/design_1_wrapper.xsa'.
20:14:13 INFO  : 'configparams mdm-detect-bscan-mask 2' command is executed.
20:14:13 INFO  : Context for processor 'microblaze_0' is selected.
20:14:13 INFO  : System reset is completed.
20:14:16 INFO  : 'after 3000' command is executed.
20:14:16 INFO  : Context for processor 'microblaze_0' is selected.
20:14:16 INFO  : The application 'C:/Users/tejasvissapragada/Documents/cs153a/vitis/lab2b_vitis/lab2b_application/Debug/lab2b_application.elf' is downloaded to processor 'microblaze_0'.
20:14:16 INFO  : ----------------XSDB Script----------------
connect -url tcp:127.0.0.1:3121
targets -set -filter {jtag_cable_name =~ "Digilent Nexys A7 -100T 210292BCFA48A" && level==0 && jtag_device_ctx=="jsn-Nexys A7 -100T-210292BCFA48A-13631093-0"}
fpga -file C:/Users/tejasvissapragada/Documents/cs153a/vitis/lab2b_vitis/lab2b_application/_ide/bitstream/download.bit
targets -set -nocase -filter {name =~ "*microblaze*#0" && bscan=="USER2" }
loadhw -hw C:/Users/tejasvissapragada/Documents/cs153a/vitis/lab2b_vitis/lab2b_platform/export/lab2b_platform/hw/design_1_wrapper.xsa -regs
configparams mdm-detect-bscan-mask 2
targets -set -nocase -filter {name =~ "*microblaze*#0" && bscan=="USER2" }
rst -system
after 3000
targets -set -nocase -filter {name =~ "*microblaze*#0" && bscan=="USER2" }
dow C:/Users/tejasvissapragada/Documents/cs153a/vitis/lab2b_vitis/lab2b_application/Debug/lab2b_application.elf
----------------End of Script----------------

20:14:16 INFO  : Context for processor 'microblaze_0' is selected.
20:14:16 INFO  : 'con' command is executed.
20:14:16 INFO  : ----------------XSDB Script (After Launch)----------------
targets -set -nocase -filter {name =~ "*microblaze*#0" && bscan=="USER2" }
con
----------------End of Script----------------

20:14:16 INFO  : Launch script is exported to file 'C:\Users\tejasvissapragada\Documents\cs153a\vitis\lab2b_vitis\lab2b_application_system\_ide\scripts\debugger_lab2b_application-default.tcl'
20:17:01 INFO  : Checking for BSP changes to sync application flags for project 'lab2b_application'...
20:17:06 INFO  : Disconnected from the channel tcfchan#26.
20:17:07 INFO  : Connected to target on host '127.0.0.1' and port '3121'.
20:17:16 INFO  : ----------------XSDB Script----------------
connect -url tcp:127.0.0.1:3121
----------------End of Script----------------

20:17:16 ERROR : Could not find FPGA device on the board for connection 'Local'.


Troubleshooting hints:
1. Check whether board is connected to system properly.
2. In case of zynq board, check whether Digilent/Xilinx cable switch settings are correct.
3. If you are using Xilinx Platform Cable USB, ensure that status LED is green.
20:17:23 INFO  : Connected to target on host '127.0.0.1' and port '3121'.
20:17:23 INFO  : Jtag cable 'Digilent Nexys A7 -100T 210292BCFA48A' is selected.
20:17:23 INFO  : 'jtag frequency' command is executed.
20:17:23 INFO  : 'targets -set -filter {jtag_cable_name =~ "Digilent Nexys A7 -100T 210292BCFA48A" && level==0 && jtag_device_ctx=="jsn-Nexys A7 -100T-210292BCFA48A-13631093-0"}' command is executed.
20:17:26 INFO  : Device configured successfully with "C:/Users/tejasvissapragada/Documents/cs153a/vitis/lab2b_vitis/lab2b_application/_ide/bitstream/download.bit"
20:17:26 INFO  : Context for processor 'microblaze_0' is selected.
20:17:26 INFO  : Hardware design and registers information is loaded from 'C:/Users/tejasvissapragada/Documents/cs153a/vitis/lab2b_vitis/lab2b_platform/export/lab2b_platform/hw/design_1_wrapper.xsa'.
20:17:26 INFO  : 'configparams mdm-detect-bscan-mask 2' command is executed.
20:17:26 INFO  : Context for processor 'microblaze_0' is selected.
20:17:26 INFO  : System reset is completed.
20:17:29 INFO  : 'after 3000' command is executed.
20:17:29 INFO  : Context for processor 'microblaze_0' is selected.
20:17:29 INFO  : The application 'C:/Users/tejasvissapragada/Documents/cs153a/vitis/lab2b_vitis/lab2b_application/Debug/lab2b_application.elf' is downloaded to processor 'microblaze_0'.
20:17:29 INFO  : ----------------XSDB Script----------------
connect -url tcp:127.0.0.1:3121
targets -set -filter {jtag_cable_name =~ "Digilent Nexys A7 -100T 210292BCFA48A" && level==0 && jtag_device_ctx=="jsn-Nexys A7 -100T-210292BCFA48A-13631093-0"}
fpga -file C:/Users/tejasvissapragada/Documents/cs153a/vitis/lab2b_vitis/lab2b_application/_ide/bitstream/download.bit
targets -set -nocase -filter {name =~ "*microblaze*#0" && bscan=="USER2" }
loadhw -hw C:/Users/tejasvissapragada/Documents/cs153a/vitis/lab2b_vitis/lab2b_platform/export/lab2b_platform/hw/design_1_wrapper.xsa -regs
configparams mdm-detect-bscan-mask 2
targets -set -nocase -filter {name =~ "*microblaze*#0" && bscan=="USER2" }
rst -system
after 3000
targets -set -nocase -filter {name =~ "*microblaze*#0" && bscan=="USER2" }
dow C:/Users/tejasvissapragada/Documents/cs153a/vitis/lab2b_vitis/lab2b_application/Debug/lab2b_application.elf
----------------End of Script----------------

20:17:29 INFO  : Context for processor 'microblaze_0' is selected.
20:17:29 INFO  : 'con' command is executed.
20:17:29 INFO  : ----------------XSDB Script (After Launch)----------------
targets -set -nocase -filter {name =~ "*microblaze*#0" && bscan=="USER2" }
con
----------------End of Script----------------

20:17:29 INFO  : Launch script is exported to file 'C:\Users\tejasvissapragada\Documents\cs153a\vitis\lab2b_vitis\lab2b_application_system\_ide\scripts\debugger_lab2b_application-default.tcl'
20:20:48 INFO  : Checking for BSP changes to sync application flags for project 'lab2b_application'...
20:20:52 INFO  : Disconnected from the channel tcfchan#27.
20:20:53 INFO  : Connected to target on host '127.0.0.1' and port '3121'.
20:21:02 INFO  : ----------------XSDB Script----------------
connect -url tcp:127.0.0.1:3121
----------------End of Script----------------

20:21:02 ERROR : Could not find FPGA device on the board for connection 'Local'.


Troubleshooting hints:
1. Check whether board is connected to system properly.
2. In case of zynq board, check whether Digilent/Xilinx cable switch settings are correct.
3. If you are using Xilinx Platform Cable USB, ensure that status LED is green.
20:21:08 INFO  : Connected to target on host '127.0.0.1' and port '3121'.
20:21:09 INFO  : Jtag cable 'Digilent Nexys A7 -100T 210292BCFA48A' is selected.
20:21:09 INFO  : 'jtag frequency' command is executed.
20:21:09 INFO  : 'targets -set -filter {jtag_cable_name =~ "Digilent Nexys A7 -100T 210292BCFA48A" && level==0 && jtag_device_ctx=="jsn-Nexys A7 -100T-210292BCFA48A-13631093-0"}' command is executed.
20:21:11 INFO  : Device configured successfully with "C:/Users/tejasvissapragada/Documents/cs153a/vitis/lab2b_vitis/lab2b_application/_ide/bitstream/download.bit"
20:21:11 INFO  : Context for processor 'microblaze_0' is selected.
20:21:11 INFO  : Hardware design and registers information is loaded from 'C:/Users/tejasvissapragada/Documents/cs153a/vitis/lab2b_vitis/lab2b_platform/export/lab2b_platform/hw/design_1_wrapper.xsa'.
20:21:11 INFO  : 'configparams mdm-detect-bscan-mask 2' command is executed.
20:21:11 INFO  : Context for processor 'microblaze_0' is selected.
20:21:11 INFO  : System reset is completed.
20:21:14 INFO  : 'after 3000' command is executed.
20:21:14 INFO  : Context for processor 'microblaze_0' is selected.
20:21:14 INFO  : The application 'C:/Users/tejasvissapragada/Documents/cs153a/vitis/lab2b_vitis/lab2b_application/Debug/lab2b_application.elf' is downloaded to processor 'microblaze_0'.
20:21:14 INFO  : ----------------XSDB Script----------------
connect -url tcp:127.0.0.1:3121
targets -set -filter {jtag_cable_name =~ "Digilent Nexys A7 -100T 210292BCFA48A" && level==0 && jtag_device_ctx=="jsn-Nexys A7 -100T-210292BCFA48A-13631093-0"}
fpga -file C:/Users/tejasvissapragada/Documents/cs153a/vitis/lab2b_vitis/lab2b_application/_ide/bitstream/download.bit
targets -set -nocase -filter {name =~ "*microblaze*#0" && bscan=="USER2" }
loadhw -hw C:/Users/tejasvissapragada/Documents/cs153a/vitis/lab2b_vitis/lab2b_platform/export/lab2b_platform/hw/design_1_wrapper.xsa -regs
configparams mdm-detect-bscan-mask 2
targets -set -nocase -filter {name =~ "*microblaze*#0" && bscan=="USER2" }
rst -system
after 3000
targets -set -nocase -filter {name =~ "*microblaze*#0" && bscan=="USER2" }
dow C:/Users/tejasvissapragada/Documents/cs153a/vitis/lab2b_vitis/lab2b_application/Debug/lab2b_application.elf
----------------End of Script----------------

20:21:14 INFO  : Context for processor 'microblaze_0' is selected.
20:21:14 INFO  : 'con' command is executed.
20:21:14 INFO  : ----------------XSDB Script (After Launch)----------------
targets -set -nocase -filter {name =~ "*microblaze*#0" && bscan=="USER2" }
con
----------------End of Script----------------

20:21:14 INFO  : Launch script is exported to file 'C:\Users\tejasvissapragada\Documents\cs153a\vitis\lab2b_vitis\lab2b_application_system\_ide\scripts\debugger_lab2b_application-default.tcl'
20:28:29 INFO  : Checking for BSP changes to sync application flags for project 'lab2b_application'...
20:28:33 INFO  : Disconnected from the channel tcfchan#28.
20:28:34 INFO  : Connected to target on host '127.0.0.1' and port '3121'.
20:28:43 INFO  : ----------------XSDB Script----------------
connect -url tcp:127.0.0.1:3121
----------------End of Script----------------

20:28:43 ERROR : Could not find FPGA device on the board for connection 'Local'.


Troubleshooting hints:
1. Check whether board is connected to system properly.
2. In case of zynq board, check whether Digilent/Xilinx cable switch settings are correct.
3. If you are using Xilinx Platform Cable USB, ensure that status LED is green.
20:28:47 INFO  : Connected to target on host '127.0.0.1' and port '3121'.
20:28:47 INFO  : Jtag cable 'Digilent Nexys A7 -100T 210292BCFA48A' is selected.
20:28:47 INFO  : 'jtag frequency' command is executed.
20:28:47 INFO  : 'targets -set -filter {jtag_cable_name =~ "Digilent Nexys A7 -100T 210292BCFA48A" && level==0 && jtag_device_ctx=="jsn-Nexys A7 -100T-210292BCFA48A-13631093-0"}' command is executed.
20:28:50 INFO  : Device configured successfully with "C:/Users/tejasvissapragada/Documents/cs153a/vitis/lab2b_vitis/lab2b_application/_ide/bitstream/download.bit"
20:28:50 INFO  : Context for processor 'microblaze_0' is selected.
20:28:50 INFO  : Hardware design and registers information is loaded from 'C:/Users/tejasvissapragada/Documents/cs153a/vitis/lab2b_vitis/lab2b_platform/export/lab2b_platform/hw/design_1_wrapper.xsa'.
20:28:50 INFO  : 'configparams mdm-detect-bscan-mask 2' command is executed.
20:28:50 INFO  : Context for processor 'microblaze_0' is selected.
20:28:50 INFO  : System reset is completed.
20:28:53 INFO  : 'after 3000' command is executed.
20:28:53 INFO  : Context for processor 'microblaze_0' is selected.
20:28:53 INFO  : The application 'C:/Users/tejasvissapragada/Documents/cs153a/vitis/lab2b_vitis/lab2b_application/Debug/lab2b_application.elf' is downloaded to processor 'microblaze_0'.
20:28:53 INFO  : ----------------XSDB Script----------------
connect -url tcp:127.0.0.1:3121
targets -set -filter {jtag_cable_name =~ "Digilent Nexys A7 -100T 210292BCFA48A" && level==0 && jtag_device_ctx=="jsn-Nexys A7 -100T-210292BCFA48A-13631093-0"}
fpga -file C:/Users/tejasvissapragada/Documents/cs153a/vitis/lab2b_vitis/lab2b_application/_ide/bitstream/download.bit
targets -set -nocase -filter {name =~ "*microblaze*#0" && bscan=="USER2" }
loadhw -hw C:/Users/tejasvissapragada/Documents/cs153a/vitis/lab2b_vitis/lab2b_platform/export/lab2b_platform/hw/design_1_wrapper.xsa -regs
configparams mdm-detect-bscan-mask 2
targets -set -nocase -filter {name =~ "*microblaze*#0" && bscan=="USER2" }
rst -system
after 3000
targets -set -nocase -filter {name =~ "*microblaze*#0" && bscan=="USER2" }
dow C:/Users/tejasvissapragada/Documents/cs153a/vitis/lab2b_vitis/lab2b_application/Debug/lab2b_application.elf
----------------End of Script----------------

20:28:53 INFO  : Context for processor 'microblaze_0' is selected.
20:28:53 INFO  : 'con' command is executed.
20:28:53 INFO  : ----------------XSDB Script (After Launch)----------------
targets -set -nocase -filter {name =~ "*microblaze*#0" && bscan=="USER2" }
con
----------------End of Script----------------

20:28:53 INFO  : Launch script is exported to file 'C:\Users\tejasvissapragada\Documents\cs153a\vitis\lab2b_vitis\lab2b_application_system\_ide\scripts\debugger_lab2b_application-default.tcl'
20:37:25 INFO  : Checking for BSP changes to sync application flags for project 'lab2b_application'...
20:37:30 INFO  : Disconnected from the channel tcfchan#29.
20:37:31 INFO  : Connected to target on host '127.0.0.1' and port '3121'.
20:37:40 INFO  : ----------------XSDB Script----------------
connect -url tcp:127.0.0.1:3121
----------------End of Script----------------

20:37:40 ERROR : Could not find FPGA device on the board for connection 'Local'.


Troubleshooting hints:
1. Check whether board is connected to system properly.
2. In case of zynq board, check whether Digilent/Xilinx cable switch settings are correct.
3. If you are using Xilinx Platform Cable USB, ensure that status LED is green.
20:37:57 INFO  : Connected to target on host '127.0.0.1' and port '3121'.
20:37:57 INFO  : Jtag cable 'Digilent Nexys A7 -100T 210292BCFA48A' is selected.
20:37:57 INFO  : 'jtag frequency' command is executed.
20:37:57 INFO  : 'targets -set -filter {jtag_cable_name =~ "Digilent Nexys A7 -100T 210292BCFA48A" && level==0 && jtag_device_ctx=="jsn-Nexys A7 -100T-210292BCFA48A-13631093-0"}' command is executed.
20:37:59 INFO  : Device configured successfully with "C:/Users/tejasvissapragada/Documents/cs153a/vitis/lab2b_vitis/lab2b_application/_ide/bitstream/download.bit"
20:37:59 INFO  : Context for processor 'microblaze_0' is selected.
20:37:59 INFO  : Hardware design and registers information is loaded from 'C:/Users/tejasvissapragada/Documents/cs153a/vitis/lab2b_vitis/lab2b_platform/export/lab2b_platform/hw/design_1_wrapper.xsa'.
20:37:59 INFO  : 'configparams mdm-detect-bscan-mask 2' command is executed.
20:37:59 INFO  : Context for processor 'microblaze_0' is selected.
20:37:59 INFO  : System reset is completed.
20:38:03 INFO  : 'after 3000' command is executed.
20:38:03 INFO  : Context for processor 'microblaze_0' is selected.
20:38:03 INFO  : The application 'C:/Users/tejasvissapragada/Documents/cs153a/vitis/lab2b_vitis/lab2b_application/Debug/lab2b_application.elf' is downloaded to processor 'microblaze_0'.
20:38:03 INFO  : ----------------XSDB Script----------------
connect -url tcp:127.0.0.1:3121
targets -set -filter {jtag_cable_name =~ "Digilent Nexys A7 -100T 210292BCFA48A" && level==0 && jtag_device_ctx=="jsn-Nexys A7 -100T-210292BCFA48A-13631093-0"}
fpga -file C:/Users/tejasvissapragada/Documents/cs153a/vitis/lab2b_vitis/lab2b_application/_ide/bitstream/download.bit
targets -set -nocase -filter {name =~ "*microblaze*#0" && bscan=="USER2" }
loadhw -hw C:/Users/tejasvissapragada/Documents/cs153a/vitis/lab2b_vitis/lab2b_platform/export/lab2b_platform/hw/design_1_wrapper.xsa -regs
configparams mdm-detect-bscan-mask 2
targets -set -nocase -filter {name =~ "*microblaze*#0" && bscan=="USER2" }
rst -system
after 3000
targets -set -nocase -filter {name =~ "*microblaze*#0" && bscan=="USER2" }
dow C:/Users/tejasvissapragada/Documents/cs153a/vitis/lab2b_vitis/lab2b_application/Debug/lab2b_application.elf
----------------End of Script----------------

20:38:03 INFO  : Context for processor 'microblaze_0' is selected.
20:38:03 INFO  : 'con' command is executed.
20:38:03 INFO  : ----------------XSDB Script (After Launch)----------------
targets -set -nocase -filter {name =~ "*microblaze*#0" && bscan=="USER2" }
con
----------------End of Script----------------

20:38:03 INFO  : Launch script is exported to file 'C:\Users\tejasvissapragada\Documents\cs153a\vitis\lab2b_vitis\lab2b_application_system\_ide\scripts\debugger_lab2b_application-default.tcl'
20:54:03 INFO  : Checking for BSP changes to sync application flags for project 'lab2b_application'...
20:55:57 INFO  : Checking for BSP changes to sync application flags for project 'lab2b_application'...
20:56:18 INFO  : Checking for BSP changes to sync application flags for project 'lab2b_application'...
20:56:24 INFO  : Disconnected from the channel tcfchan#30.
20:56:25 INFO  : Connected to target on host '127.0.0.1' and port '3121'.
20:56:34 INFO  : ----------------XSDB Script----------------
connect -url tcp:127.0.0.1:3121
----------------End of Script----------------

20:56:34 ERROR : Could not find FPGA device on the board for connection 'Local'.


Troubleshooting hints:
1. Check whether board is connected to system properly.
2. In case of zynq board, check whether Digilent/Xilinx cable switch settings are correct.
3. If you are using Xilinx Platform Cable USB, ensure that status LED is green.
20:56:39 INFO  : Connected to target on host '127.0.0.1' and port '3121'.
20:56:39 INFO  : Jtag cable 'Digilent Nexys A7 -100T 210292BCFA48A' is selected.
20:56:40 INFO  : 'jtag frequency' command is executed.
20:56:40 INFO  : 'targets -set -filter {jtag_cable_name =~ "Digilent Nexys A7 -100T 210292BCFA48A" && level==0 && jtag_device_ctx=="jsn-Nexys A7 -100T-210292BCFA48A-13631093-0"}' command is executed.
20:56:42 INFO  : Device configured successfully with "C:/Users/tejasvissapragada/Documents/cs153a/vitis/lab2b_vitis/lab2b_application/_ide/bitstream/download.bit"
20:56:42 INFO  : Context for processor 'microblaze_0' is selected.
20:56:42 INFO  : Hardware design and registers information is loaded from 'C:/Users/tejasvissapragada/Documents/cs153a/vitis/lab2b_vitis/lab2b_platform/export/lab2b_platform/hw/design_1_wrapper.xsa'.
20:56:42 INFO  : 'configparams mdm-detect-bscan-mask 2' command is executed.
20:56:42 INFO  : Context for processor 'microblaze_0' is selected.
20:56:42 INFO  : System reset is completed.
20:56:45 INFO  : 'after 3000' command is executed.
20:56:45 INFO  : Context for processor 'microblaze_0' is selected.
20:56:45 INFO  : The application 'C:/Users/tejasvissapragada/Documents/cs153a/vitis/lab2b_vitis/lab2b_application/Debug/lab2b_application.elf' is downloaded to processor 'microblaze_0'.
20:56:45 INFO  : ----------------XSDB Script----------------
connect -url tcp:127.0.0.1:3121
targets -set -filter {jtag_cable_name =~ "Digilent Nexys A7 -100T 210292BCFA48A" && level==0 && jtag_device_ctx=="jsn-Nexys A7 -100T-210292BCFA48A-13631093-0"}
fpga -file C:/Users/tejasvissapragada/Documents/cs153a/vitis/lab2b_vitis/lab2b_application/_ide/bitstream/download.bit
targets -set -nocase -filter {name =~ "*microblaze*#0" && bscan=="USER2" }
loadhw -hw C:/Users/tejasvissapragada/Documents/cs153a/vitis/lab2b_vitis/lab2b_platform/export/lab2b_platform/hw/design_1_wrapper.xsa -regs
configparams mdm-detect-bscan-mask 2
targets -set -nocase -filter {name =~ "*microblaze*#0" && bscan=="USER2" }
rst -system
after 3000
targets -set -nocase -filter {name =~ "*microblaze*#0" && bscan=="USER2" }
dow C:/Users/tejasvissapragada/Documents/cs153a/vitis/lab2b_vitis/lab2b_application/Debug/lab2b_application.elf
----------------End of Script----------------

20:56:45 INFO  : Context for processor 'microblaze_0' is selected.
20:56:45 INFO  : 'con' command is executed.
20:56:45 INFO  : ----------------XSDB Script (After Launch)----------------
targets -set -nocase -filter {name =~ "*microblaze*#0" && bscan=="USER2" }
con
----------------End of Script----------------

20:56:45 INFO  : Launch script is exported to file 'C:\Users\tejasvissapragada\Documents\cs153a\vitis\lab2b_vitis\lab2b_application_system\_ide\scripts\debugger_lab2b_application-default.tcl'
08:18:13 DEBUG : Logs will be stored at 'C:/Users/tejasvissapragada/Documents/cs153a/vitis/lab2b_vitis/IDE.log'.
08:18:13 INFO  : Launching XSCT server: xsct.bat -n  -interactive C:\Users\tejasvissapragada\Documents\cs153a\vitis\lab2b_vitis\temp_xsdb_launch_script.tcl
08:18:20 INFO  : XSCT server has started successfully.
08:18:20 INFO  : plnx-install-location is set to ''
08:18:20 INFO  : Successfully done setting XSCT server connection channel  
08:18:20 INFO  : Successfully done setting workspace for the tool. 
08:18:24 INFO  : Registering command handlers for Vitis TCF services
08:18:25 INFO  : Platform repository initialization has completed.
08:18:29 INFO  : Successfully done query RDI_DATADIR 
08:19:01 INFO  : Result from executing command 'getProjects': lab2b_platform
08:19:01 INFO  : Result from executing command 'getPlatforms': xilinx_vck190_base_202210_1|C:/Xilinx/Vitis/2022.1/base_platforms/xilinx_vck190_base_202210_1/xilinx_vck190_base_202210_1.xpfm;xilinx_vck190_base_dfx_202210_1|C:/Xilinx/Vitis/2022.1/base_platforms/xilinx_vck190_base_dfx_202210_1/xilinx_vck190_base_dfx_202210_1.xpfm;xilinx_vmk180_base_202210_1|C:/Xilinx/Vitis/2022.1/base_platforms/xilinx_vmk180_base_202210_1/xilinx_vmk180_base_202210_1.xpfm;xilinx_zcu102_base_202210_1|C:/Xilinx/Vitis/2022.1/base_platforms/xilinx_zcu102_base_202210_1/xilinx_zcu102_base_202210_1.xpfm;xilinx_zcu102_base_dfx_202210_1|C:/Xilinx/Vitis/2022.1/base_platforms/xilinx_zcu102_base_dfx_202210_1/xilinx_zcu102_base_dfx_202210_1.xpfm;xilinx_zcu104_base_202210_1|C:/Xilinx/Vitis/2022.1/base_platforms/xilinx_zcu104_base_202210_1/xilinx_zcu104_base_202210_1.xpfm
08:19:03 INFO  : Checking for BSP changes to sync application flags for project 'lab2b_application'...
08:28:04 INFO  : Checking for BSP changes to sync application flags for project 'lab2b_application'...
08:30:56 INFO  : Checking for BSP changes to sync application flags for project 'lab2b_application'...
08:31:03 INFO  : Connected to target on host '127.0.0.1' and port '3121'.
08:31:04 INFO  : Jtag cable 'Digilent Nexys A7 -100T 210292BCFA48A' is selected.
08:31:04 INFO  : 'jtag frequency' command is executed.
08:31:05 INFO  : 'targets -set -filter {jtag_cable_name =~ "Digilent Nexys A7 -100T 210292BCFA48A" && level==0 && jtag_device_ctx=="jsn-Nexys A7 -100T-210292BCFA48A-13631093-0"}' command is executed.
08:31:07 ERROR : 'fpga -file C:/Users/tejasvissapragada/Documents/cs153a/vitis/lab2b_vitis/lab2b_application/_ide/bitstream/download.bit' is cancelled.
08:31:07 ERROR : Exception occured while running Program Device.
java.lang.RuntimeException: 'fpga -file C:/Users/tejasvissapragada/Documents/cs153a/vitis/lab2b_vitis/lab2b_application/_ide/bitstream/download.bit' is cancelled.
08:31:07 INFO  : ----------------XSDB Script----------------
connect -url tcp:127.0.0.1:3121
----------------End of Script----------------

08:31:07 ERROR : 'fpga -file C:/Users/tejasvissapragada/Documents/cs153a/vitis/lab2b_vitis/lab2b_application/_ide/bitstream/download.bit' is cancelled.
08:31:30 INFO  : Bit file 'C:/Users/tejasvissapragada/Documents/cs153a/vitis/lab2b_vitis/lab2b_application/_ide/bitstream/download.bit' is generated.
08:31:30 INFO  : Connected to target on host '127.0.0.1' and port '3121'.
08:31:30 INFO  : 'targets -set -filter {jtag_cable_name =~ "Digilent Nexys A7 -100T 210292BCFA48A" && level==0 && jtag_device_ctx=="jsn-Nexys A7 -100T-210292BCFA48A-13631093-0"}' command is executed.
08:31:32 INFO  : Device configured successfully with "C:/Users/tejasvissapragada/Documents/cs153a/vitis/lab2b_vitis/lab2b_application/_ide/bitstream/download.bit"
08:31:57 INFO  : Checking for BSP changes to sync application flags for project 'lab2b_application'...
08:32:05 INFO  : Connected to target on host '127.0.0.1' and port '3121'.
08:32:05 INFO  : Jtag cable 'Digilent Nexys A7 -100T 210292BCFA48A' is selected.
08:32:05 INFO  : 'jtag frequency' command is executed.
08:32:05 INFO  : 'targets -set -filter {jtag_cable_name =~ "Digilent Nexys A7 -100T 210292BCFA48A" && level==0 && jtag_device_ctx=="jsn-Nexys A7 -100T-210292BCFA48A-13631093-0"}' command is executed.
08:32:07 INFO  : Device configured successfully with "C:/Users/tejasvissapragada/Documents/cs153a/vitis/lab2b_vitis/lab2b_application/_ide/bitstream/download.bit"
08:32:07 INFO  : Context for processor 'microblaze_0' is selected.
08:32:07 INFO  : Hardware design and registers information is loaded from 'C:/Users/tejasvissapragada/Documents/cs153a/vitis/lab2b_vitis/lab2b_platform/export/lab2b_platform/hw/design_1_wrapper.xsa'.
08:32:07 INFO  : 'configparams mdm-detect-bscan-mask 2' command is executed.
08:32:07 INFO  : Context for processor 'microblaze_0' is selected.
08:32:07 INFO  : System reset is completed.
08:32:10 INFO  : 'after 3000' command is executed.
08:32:10 INFO  : Context for processor 'microblaze_0' is selected.
08:32:10 INFO  : The application 'C:/Users/tejasvissapragada/Documents/cs153a/vitis/lab2b_vitis/lab2b_application/Debug/lab2b_application.elf' is downloaded to processor 'microblaze_0'.
08:32:10 INFO  : ----------------XSDB Script----------------
connect -url tcp:127.0.0.1:3121
targets -set -filter {jtag_cable_name =~ "Digilent Nexys A7 -100T 210292BCFA48A" && level==0 && jtag_device_ctx=="jsn-Nexys A7 -100T-210292BCFA48A-13631093-0"}
fpga -file C:/Users/tejasvissapragada/Documents/cs153a/vitis/lab2b_vitis/lab2b_application/_ide/bitstream/download.bit
targets -set -nocase -filter {name =~ "*microblaze*#0" && bscan=="USER2" }
loadhw -hw C:/Users/tejasvissapragada/Documents/cs153a/vitis/lab2b_vitis/lab2b_platform/export/lab2b_platform/hw/design_1_wrapper.xsa -regs
configparams mdm-detect-bscan-mask 2
targets -set -nocase -filter {name =~ "*microblaze*#0" && bscan=="USER2" }
rst -system
after 3000
targets -set -nocase -filter {name =~ "*microblaze*#0" && bscan=="USER2" }
dow C:/Users/tejasvissapragada/Documents/cs153a/vitis/lab2b_vitis/lab2b_application/Debug/lab2b_application.elf
----------------End of Script----------------

08:32:11 INFO  : Context for processor 'microblaze_0' is selected.
08:32:11 INFO  : 'con' command is executed.
08:32:11 INFO  : ----------------XSDB Script (After Launch)----------------
targets -set -nocase -filter {name =~ "*microblaze*#0" && bscan=="USER2" }
con
----------------End of Script----------------

08:32:11 INFO  : Launch script is exported to file 'C:\Users\tejasvissapragada\Documents\cs153a\vitis\lab2b_vitis\lab2b_application_system\_ide\scripts\debugger_lab2b_application-default.tcl'
08:34:28 INFO  : Checking for BSP changes to sync application flags for project 'lab2b_application'...
08:34:32 INFO  : Disconnected from the channel tcfchan#2.
08:34:33 INFO  : Connected to target on host '127.0.0.1' and port '3121'.
08:34:42 INFO  : ----------------XSDB Script----------------
connect -url tcp:127.0.0.1:3121
----------------End of Script----------------

08:34:42 ERROR : Could not find FPGA device on the board for connection 'Local'.


Troubleshooting hints:
1. Check whether board is connected to system properly.
2. In case of zynq board, check whether Digilent/Xilinx cable switch settings are correct.
3. If you are using Xilinx Platform Cable USB, ensure that status LED is green.
08:34:49 INFO  : Connected to target on host '127.0.0.1' and port '3121'.
08:34:49 INFO  : Jtag cable 'Digilent Nexys A7 -100T 210292BCFA48A' is selected.
08:34:49 INFO  : 'jtag frequency' command is executed.
08:34:49 INFO  : 'targets -set -filter {jtag_cable_name =~ "Digilent Nexys A7 -100T 210292BCFA48A" && level==0 && jtag_device_ctx=="jsn-Nexys A7 -100T-210292BCFA48A-13631093-0"}' command is executed.
08:34:51 INFO  : Device configured successfully with "C:/Users/tejasvissapragada/Documents/cs153a/vitis/lab2b_vitis/lab2b_application/_ide/bitstream/download.bit"
08:34:51 INFO  : Context for processor 'microblaze_0' is selected.
08:34:51 INFO  : Hardware design and registers information is loaded from 'C:/Users/tejasvissapragada/Documents/cs153a/vitis/lab2b_vitis/lab2b_platform/export/lab2b_platform/hw/design_1_wrapper.xsa'.
08:34:51 INFO  : 'configparams mdm-detect-bscan-mask 2' command is executed.
08:34:51 INFO  : Context for processor 'microblaze_0' is selected.
08:34:51 INFO  : System reset is completed.
08:34:54 INFO  : 'after 3000' command is executed.
08:34:54 INFO  : Context for processor 'microblaze_0' is selected.
08:34:55 INFO  : The application 'C:/Users/tejasvissapragada/Documents/cs153a/vitis/lab2b_vitis/lab2b_application/Debug/lab2b_application.elf' is downloaded to processor 'microblaze_0'.
08:34:55 INFO  : ----------------XSDB Script----------------
connect -url tcp:127.0.0.1:3121
targets -set -filter {jtag_cable_name =~ "Digilent Nexys A7 -100T 210292BCFA48A" && level==0 && jtag_device_ctx=="jsn-Nexys A7 -100T-210292BCFA48A-13631093-0"}
fpga -file C:/Users/tejasvissapragada/Documents/cs153a/vitis/lab2b_vitis/lab2b_application/_ide/bitstream/download.bit
targets -set -nocase -filter {name =~ "*microblaze*#0" && bscan=="USER2" }
loadhw -hw C:/Users/tejasvissapragada/Documents/cs153a/vitis/lab2b_vitis/lab2b_platform/export/lab2b_platform/hw/design_1_wrapper.xsa -regs
configparams mdm-detect-bscan-mask 2
targets -set -nocase -filter {name =~ "*microblaze*#0" && bscan=="USER2" }
rst -system
after 3000
targets -set -nocase -filter {name =~ "*microblaze*#0" && bscan=="USER2" }
dow C:/Users/tejasvissapragada/Documents/cs153a/vitis/lab2b_vitis/lab2b_application/Debug/lab2b_application.elf
----------------End of Script----------------

08:34:55 INFO  : Context for processor 'microblaze_0' is selected.
08:34:55 INFO  : 'con' command is executed.
08:34:55 INFO  : ----------------XSDB Script (After Launch)----------------
targets -set -nocase -filter {name =~ "*microblaze*#0" && bscan=="USER2" }
con
----------------End of Script----------------

08:34:55 INFO  : Launch script is exported to file 'C:\Users\tejasvissapragada\Documents\cs153a\vitis\lab2b_vitis\lab2b_application_system\_ide\scripts\debugger_lab2b_application-default.tcl'
08:35:06 INFO  : Disconnected from the channel tcfchan#3.
08:35:07 INFO  : Connected to target on host '127.0.0.1' and port '3121'.
08:35:16 INFO  : ----------------XSDB Script----------------
connect -url tcp:127.0.0.1:3121
----------------End of Script----------------

08:35:16 ERROR : Could not find FPGA device on the board for connection 'Local'.


Troubleshooting hints:
1. Check whether board is connected to system properly.
2. In case of zynq board, check whether Digilent/Xilinx cable switch settings are correct.
3. If you are using Xilinx Platform Cable USB, ensure that status LED is green.
08:35:20 INFO  : Connected to target on host '127.0.0.1' and port '3121'.
08:35:20 INFO  : Jtag cable 'Digilent Nexys A7 -100T 210292BCFA48A' is selected.
08:35:20 INFO  : 'jtag frequency' command is executed.
08:35:20 INFO  : 'targets -set -filter {jtag_cable_name =~ "Digilent Nexys A7 -100T 210292BCFA48A" && level==0 && jtag_device_ctx=="jsn-Nexys A7 -100T-210292BCFA48A-13631093-0"}' command is executed.
08:35:22 INFO  : Device configured successfully with "C:/Users/tejasvissapragada/Documents/cs153a/vitis/lab2b_vitis/lab2b_application/_ide/bitstream/download.bit"
08:35:22 INFO  : Context for processor 'microblaze_0' is selected.
08:35:22 INFO  : Hardware design and registers information is loaded from 'C:/Users/tejasvissapragada/Documents/cs153a/vitis/lab2b_vitis/lab2b_platform/export/lab2b_platform/hw/design_1_wrapper.xsa'.
08:35:22 INFO  : 'configparams mdm-detect-bscan-mask 2' command is executed.
08:35:22 INFO  : Context for processor 'microblaze_0' is selected.
08:35:22 INFO  : System reset is completed.
08:35:25 INFO  : 'after 3000' command is executed.
08:35:25 INFO  : Context for processor 'microblaze_0' is selected.
08:35:25 INFO  : The application 'C:/Users/tejasvissapragada/Documents/cs153a/vitis/lab2b_vitis/lab2b_application/Debug/lab2b_application.elf' is downloaded to processor 'microblaze_0'.
08:35:25 INFO  : ----------------XSDB Script----------------
connect -url tcp:127.0.0.1:3121
targets -set -filter {jtag_cable_name =~ "Digilent Nexys A7 -100T 210292BCFA48A" && level==0 && jtag_device_ctx=="jsn-Nexys A7 -100T-210292BCFA48A-13631093-0"}
fpga -file C:/Users/tejasvissapragada/Documents/cs153a/vitis/lab2b_vitis/lab2b_application/_ide/bitstream/download.bit
targets -set -nocase -filter {name =~ "*microblaze*#0" && bscan=="USER2" }
loadhw -hw C:/Users/tejasvissapragada/Documents/cs153a/vitis/lab2b_vitis/lab2b_platform/export/lab2b_platform/hw/design_1_wrapper.xsa -regs
configparams mdm-detect-bscan-mask 2
targets -set -nocase -filter {name =~ "*microblaze*#0" && bscan=="USER2" }
rst -system
after 3000
targets -set -nocase -filter {name =~ "*microblaze*#0" && bscan=="USER2" }
dow C:/Users/tejasvissapragada/Documents/cs153a/vitis/lab2b_vitis/lab2b_application/Debug/lab2b_application.elf
----------------End of Script----------------

08:35:25 INFO  : Context for processor 'microblaze_0' is selected.
08:35:25 INFO  : 'con' command is executed.
08:35:25 INFO  : ----------------XSDB Script (After Launch)----------------
targets -set -nocase -filter {name =~ "*microblaze*#0" && bscan=="USER2" }
con
----------------End of Script----------------

08:35:25 INFO  : Launch script is exported to file 'C:\Users\tejasvissapragada\Documents\cs153a\vitis\lab2b_vitis\lab2b_application_system\_ide\scripts\debugger_lab2b_application-default.tcl'
08:37:57 INFO  : Checking for BSP changes to sync application flags for project 'lab2b_application'...
08:38:04 INFO  : Disconnected from the channel tcfchan#4.
08:38:05 INFO  : Connected to target on host '127.0.0.1' and port '3121'.
08:38:14 INFO  : ----------------XSDB Script----------------
connect -url tcp:127.0.0.1:3121
----------------End of Script----------------

08:38:14 ERROR : Could not find FPGA device on the board for connection 'Local'.


Troubleshooting hints:
1. Check whether board is connected to system properly.
2. In case of zynq board, check whether Digilent/Xilinx cable switch settings are correct.
3. If you are using Xilinx Platform Cable USB, ensure that status LED is green.
08:38:22 INFO  : Connected to target on host '127.0.0.1' and port '3121'.
08:38:23 INFO  : Jtag cable 'Digilent Nexys A7 -100T 210292BCFA48A' is selected.
08:38:23 INFO  : 'jtag frequency' command is executed.
08:38:23 INFO  : 'targets -set -filter {jtag_cable_name =~ "Digilent Nexys A7 -100T 210292BCFA48A" && level==0 && jtag_device_ctx=="jsn-Nexys A7 -100T-210292BCFA48A-13631093-0"}' command is executed.
08:38:25 INFO  : Device configured successfully with "C:/Users/tejasvissapragada/Documents/cs153a/vitis/lab2b_vitis/lab2b_application/_ide/bitstream/download.bit"
08:38:25 INFO  : Context for processor 'microblaze_0' is selected.
08:38:25 INFO  : Hardware design and registers information is loaded from 'C:/Users/tejasvissapragada/Documents/cs153a/vitis/lab2b_vitis/lab2b_platform/export/lab2b_platform/hw/design_1_wrapper.xsa'.
08:38:25 INFO  : 'configparams mdm-detect-bscan-mask 2' command is executed.
08:38:25 INFO  : Context for processor 'microblaze_0' is selected.
08:38:25 INFO  : System reset is completed.
08:38:28 INFO  : 'after 3000' command is executed.
08:38:28 INFO  : Context for processor 'microblaze_0' is selected.
08:38:28 INFO  : The application 'C:/Users/tejasvissapragada/Documents/cs153a/vitis/lab2b_vitis/lab2b_application/Debug/lab2b_application.elf' is downloaded to processor 'microblaze_0'.
08:38:28 INFO  : ----------------XSDB Script----------------
connect -url tcp:127.0.0.1:3121
targets -set -filter {jtag_cable_name =~ "Digilent Nexys A7 -100T 210292BCFA48A" && level==0 && jtag_device_ctx=="jsn-Nexys A7 -100T-210292BCFA48A-13631093-0"}
fpga -file C:/Users/tejasvissapragada/Documents/cs153a/vitis/lab2b_vitis/lab2b_application/_ide/bitstream/download.bit
targets -set -nocase -filter {name =~ "*microblaze*#0" && bscan=="USER2" }
loadhw -hw C:/Users/tejasvissapragada/Documents/cs153a/vitis/lab2b_vitis/lab2b_platform/export/lab2b_platform/hw/design_1_wrapper.xsa -regs
configparams mdm-detect-bscan-mask 2
targets -set -nocase -filter {name =~ "*microblaze*#0" && bscan=="USER2" }
rst -system
after 3000
targets -set -nocase -filter {name =~ "*microblaze*#0" && bscan=="USER2" }
dow C:/Users/tejasvissapragada/Documents/cs153a/vitis/lab2b_vitis/lab2b_application/Debug/lab2b_application.elf
----------------End of Script----------------

08:38:28 INFO  : Context for processor 'microblaze_0' is selected.
08:38:28 INFO  : 'con' command is executed.
08:38:28 INFO  : ----------------XSDB Script (After Launch)----------------
targets -set -nocase -filter {name =~ "*microblaze*#0" && bscan=="USER2" }
con
----------------End of Script----------------

08:38:28 INFO  : Launch script is exported to file 'C:\Users\tejasvissapragada\Documents\cs153a\vitis\lab2b_vitis\lab2b_application_system\_ide\scripts\debugger_lab2b_application-default.tcl'
08:39:30 INFO  : Checking for BSP changes to sync application flags for project 'lab2b_application'...
08:39:38 INFO  : Disconnected from the channel tcfchan#5.
08:39:39 INFO  : Connected to target on host '127.0.0.1' and port '3121'.
08:39:48 INFO  : ----------------XSDB Script----------------
connect -url tcp:127.0.0.1:3121
----------------End of Script----------------

08:39:48 ERROR : Could not find FPGA device on the board for connection 'Local'.


Troubleshooting hints:
1. Check whether board is connected to system properly.
2. In case of zynq board, check whether Digilent/Xilinx cable switch settings are correct.
3. If you are using Xilinx Platform Cable USB, ensure that status LED is green.
08:39:53 INFO  : Connected to target on host '127.0.0.1' and port '3121'.
08:39:53 INFO  : Jtag cable 'Digilent Nexys A7 -100T 210292BCFA48A' is selected.
08:39:53 INFO  : 'jtag frequency' command is executed.
08:39:53 INFO  : 'targets -set -filter {jtag_cable_name =~ "Digilent Nexys A7 -100T 210292BCFA48A" && level==0 && jtag_device_ctx=="jsn-Nexys A7 -100T-210292BCFA48A-13631093-0"}' command is executed.
08:39:55 INFO  : Device configured successfully with "C:/Users/tejasvissapragada/Documents/cs153a/vitis/lab2b_vitis/lab2b_application/_ide/bitstream/download.bit"
08:39:55 INFO  : Context for processor 'microblaze_0' is selected.
08:39:55 INFO  : Hardware design and registers information is loaded from 'C:/Users/tejasvissapragada/Documents/cs153a/vitis/lab2b_vitis/lab2b_platform/export/lab2b_platform/hw/design_1_wrapper.xsa'.
08:39:55 INFO  : 'configparams mdm-detect-bscan-mask 2' command is executed.
08:39:55 INFO  : Context for processor 'microblaze_0' is selected.
08:39:55 INFO  : System reset is completed.
08:39:58 INFO  : 'after 3000' command is executed.
08:39:58 INFO  : Context for processor 'microblaze_0' is selected.
08:39:58 INFO  : The application 'C:/Users/tejasvissapragada/Documents/cs153a/vitis/lab2b_vitis/lab2b_application/Debug/lab2b_application.elf' is downloaded to processor 'microblaze_0'.
08:39:58 INFO  : ----------------XSDB Script----------------
connect -url tcp:127.0.0.1:3121
targets -set -filter {jtag_cable_name =~ "Digilent Nexys A7 -100T 210292BCFA48A" && level==0 && jtag_device_ctx=="jsn-Nexys A7 -100T-210292BCFA48A-13631093-0"}
fpga -file C:/Users/tejasvissapragada/Documents/cs153a/vitis/lab2b_vitis/lab2b_application/_ide/bitstream/download.bit
targets -set -nocase -filter {name =~ "*microblaze*#0" && bscan=="USER2" }
loadhw -hw C:/Users/tejasvissapragada/Documents/cs153a/vitis/lab2b_vitis/lab2b_platform/export/lab2b_platform/hw/design_1_wrapper.xsa -regs
configparams mdm-detect-bscan-mask 2
targets -set -nocase -filter {name =~ "*microblaze*#0" && bscan=="USER2" }
rst -system
after 3000
targets -set -nocase -filter {name =~ "*microblaze*#0" && bscan=="USER2" }
dow C:/Users/tejasvissapragada/Documents/cs153a/vitis/lab2b_vitis/lab2b_application/Debug/lab2b_application.elf
----------------End of Script----------------

08:39:58 INFO  : Context for processor 'microblaze_0' is selected.
08:39:58 INFO  : 'con' command is executed.
08:39:58 INFO  : ----------------XSDB Script (After Launch)----------------
targets -set -nocase -filter {name =~ "*microblaze*#0" && bscan=="USER2" }
con
----------------End of Script----------------

08:39:58 INFO  : Launch script is exported to file 'C:\Users\tejasvissapragada\Documents\cs153a\vitis\lab2b_vitis\lab2b_application_system\_ide\scripts\debugger_lab2b_application-default.tcl'
08:41:19 INFO  : Checking for BSP changes to sync application flags for project 'lab2b_application'...
08:41:23 INFO  : Disconnected from the channel tcfchan#6.
08:41:24 INFO  : Connected to target on host '127.0.0.1' and port '3121'.
08:41:33 INFO  : ----------------XSDB Script----------------
connect -url tcp:127.0.0.1:3121
----------------End of Script----------------

08:41:33 ERROR : Could not find FPGA device on the board for connection 'Local'.


Troubleshooting hints:
1. Check whether board is connected to system properly.
2. In case of zynq board, check whether Digilent/Xilinx cable switch settings are correct.
3. If you are using Xilinx Platform Cable USB, ensure that status LED is green.
08:41:55 INFO  : Connected to target on host '127.0.0.1' and port '3121'.
08:41:55 INFO  : Jtag cable 'Digilent Nexys A7 -100T 210292BCFA48A' is selected.
08:41:55 INFO  : 'jtag frequency' command is executed.
08:41:56 INFO  : 'targets -set -filter {jtag_cable_name =~ "Digilent Nexys A7 -100T 210292BCFA48A" && level==0 && jtag_device_ctx=="jsn-Nexys A7 -100T-210292BCFA48A-13631093-0"}' command is executed.
08:41:58 INFO  : Device configured successfully with "C:/Users/tejasvissapragada/Documents/cs153a/vitis/lab2b_vitis/lab2b_application/_ide/bitstream/download.bit"
08:41:58 INFO  : Context for processor 'microblaze_0' is selected.
08:41:58 INFO  : Hardware design and registers information is loaded from 'C:/Users/tejasvissapragada/Documents/cs153a/vitis/lab2b_vitis/lab2b_platform/export/lab2b_platform/hw/design_1_wrapper.xsa'.
08:41:58 INFO  : 'configparams mdm-detect-bscan-mask 2' command is executed.
08:41:58 INFO  : Context for processor 'microblaze_0' is selected.
08:41:58 INFO  : System reset is completed.
08:42:01 INFO  : 'after 3000' command is executed.
08:42:01 INFO  : Context for processor 'microblaze_0' is selected.
08:42:01 INFO  : The application 'C:/Users/tejasvissapragada/Documents/cs153a/vitis/lab2b_vitis/lab2b_application/Debug/lab2b_application.elf' is downloaded to processor 'microblaze_0'.
08:42:01 INFO  : ----------------XSDB Script----------------
connect -url tcp:127.0.0.1:3121
targets -set -filter {jtag_cable_name =~ "Digilent Nexys A7 -100T 210292BCFA48A" && level==0 && jtag_device_ctx=="jsn-Nexys A7 -100T-210292BCFA48A-13631093-0"}
fpga -file C:/Users/tejasvissapragada/Documents/cs153a/vitis/lab2b_vitis/lab2b_application/_ide/bitstream/download.bit
targets -set -nocase -filter {name =~ "*microblaze*#0" && bscan=="USER2" }
loadhw -hw C:/Users/tejasvissapragada/Documents/cs153a/vitis/lab2b_vitis/lab2b_platform/export/lab2b_platform/hw/design_1_wrapper.xsa -regs
configparams mdm-detect-bscan-mask 2
targets -set -nocase -filter {name =~ "*microblaze*#0" && bscan=="USER2" }
rst -system
after 3000
targets -set -nocase -filter {name =~ "*microblaze*#0" && bscan=="USER2" }
dow C:/Users/tejasvissapragada/Documents/cs153a/vitis/lab2b_vitis/lab2b_application/Debug/lab2b_application.elf
----------------End of Script----------------

08:42:01 INFO  : Context for processor 'microblaze_0' is selected.
08:42:01 INFO  : 'con' command is executed.
08:42:01 INFO  : ----------------XSDB Script (After Launch)----------------
targets -set -nocase -filter {name =~ "*microblaze*#0" && bscan=="USER2" }
con
----------------End of Script----------------

08:42:01 INFO  : Launch script is exported to file 'C:\Users\tejasvissapragada\Documents\cs153a\vitis\lab2b_vitis\lab2b_application_system\_ide\scripts\debugger_lab2b_application-default.tcl'
08:42:21 INFO  : Checking for BSP changes to sync application flags for project 'lab2b_application'...
08:42:26 INFO  : Disconnected from the channel tcfchan#7.
08:42:27 INFO  : Connected to target on host '127.0.0.1' and port '3121'.
08:42:36 INFO  : ----------------XSDB Script----------------
connect -url tcp:127.0.0.1:3121
----------------End of Script----------------

08:42:36 ERROR : Could not find FPGA device on the board for connection 'Local'.


Troubleshooting hints:
1. Check whether board is connected to system properly.
2. In case of zynq board, check whether Digilent/Xilinx cable switch settings are correct.
3. If you are using Xilinx Platform Cable USB, ensure that status LED is green.
08:42:39 INFO  : Connected to target on host '127.0.0.1' and port '3121'.
08:42:39 INFO  : Jtag cable 'Digilent Nexys A7 -100T 210292BCFA48A' is selected.
08:42:39 INFO  : 'jtag frequency' command is executed.
08:42:39 INFO  : 'targets -set -filter {jtag_cable_name =~ "Digilent Nexys A7 -100T 210292BCFA48A" && level==0 && jtag_device_ctx=="jsn-Nexys A7 -100T-210292BCFA48A-13631093-0"}' command is executed.
08:42:41 INFO  : Device configured successfully with "C:/Users/tejasvissapragada/Documents/cs153a/vitis/lab2b_vitis/lab2b_application/_ide/bitstream/download.bit"
08:42:41 INFO  : Context for processor 'microblaze_0' is selected.
08:42:41 INFO  : Hardware design and registers information is loaded from 'C:/Users/tejasvissapragada/Documents/cs153a/vitis/lab2b_vitis/lab2b_platform/export/lab2b_platform/hw/design_1_wrapper.xsa'.
08:42:41 INFO  : 'configparams mdm-detect-bscan-mask 2' command is executed.
08:42:41 INFO  : Context for processor 'microblaze_0' is selected.
08:42:41 INFO  : System reset is completed.
08:42:44 INFO  : 'after 3000' command is executed.
08:42:44 INFO  : Context for processor 'microblaze_0' is selected.
08:42:44 INFO  : The application 'C:/Users/tejasvissapragada/Documents/cs153a/vitis/lab2b_vitis/lab2b_application/Debug/lab2b_application.elf' is downloaded to processor 'microblaze_0'.
08:42:44 INFO  : ----------------XSDB Script----------------
connect -url tcp:127.0.0.1:3121
targets -set -filter {jtag_cable_name =~ "Digilent Nexys A7 -100T 210292BCFA48A" && level==0 && jtag_device_ctx=="jsn-Nexys A7 -100T-210292BCFA48A-13631093-0"}
fpga -file C:/Users/tejasvissapragada/Documents/cs153a/vitis/lab2b_vitis/lab2b_application/_ide/bitstream/download.bit
targets -set -nocase -filter {name =~ "*microblaze*#0" && bscan=="USER2" }
loadhw -hw C:/Users/tejasvissapragada/Documents/cs153a/vitis/lab2b_vitis/lab2b_platform/export/lab2b_platform/hw/design_1_wrapper.xsa -regs
configparams mdm-detect-bscan-mask 2
targets -set -nocase -filter {name =~ "*microblaze*#0" && bscan=="USER2" }
rst -system
after 3000
targets -set -nocase -filter {name =~ "*microblaze*#0" && bscan=="USER2" }
dow C:/Users/tejasvissapragada/Documents/cs153a/vitis/lab2b_vitis/lab2b_application/Debug/lab2b_application.elf
----------------End of Script----------------

08:42:44 INFO  : Context for processor 'microblaze_0' is selected.
08:42:45 INFO  : 'con' command is executed.
08:42:45 INFO  : ----------------XSDB Script (After Launch)----------------
targets -set -nocase -filter {name =~ "*microblaze*#0" && bscan=="USER2" }
con
----------------End of Script----------------

08:42:45 INFO  : Launch script is exported to file 'C:\Users\tejasvissapragada\Documents\cs153a\vitis\lab2b_vitis\lab2b_application_system\_ide\scripts\debugger_lab2b_application-default.tcl'
08:46:45 INFO  : Checking for BSP changes to sync application flags for project 'lab2b_application'...
08:47:07 INFO  : Checking for BSP changes to sync application flags for project 'lab2b_application'...
08:47:11 INFO  : Disconnected from the channel tcfchan#8.
08:47:12 INFO  : Connected to target on host '127.0.0.1' and port '3121'.
08:47:22 INFO  : ----------------XSDB Script----------------
connect -url tcp:127.0.0.1:3121
----------------End of Script----------------

08:47:22 ERROR : Could not find FPGA device on the board for connection 'Local'.


Troubleshooting hints:
1. Check whether board is connected to system properly.
2. In case of zynq board, check whether Digilent/Xilinx cable switch settings are correct.
3. If you are using Xilinx Platform Cable USB, ensure that status LED is green.
08:47:26 INFO  : Connected to target on host '127.0.0.1' and port '3121'.
08:47:27 INFO  : Jtag cable 'Digilent Nexys A7 -100T 210292BCFA48A' is selected.
08:47:27 INFO  : 'jtag frequency' command is executed.
08:47:27 INFO  : 'targets -set -filter {jtag_cable_name =~ "Digilent Nexys A7 -100T 210292BCFA48A" && level==0 && jtag_device_ctx=="jsn-Nexys A7 -100T-210292BCFA48A-13631093-0"}' command is executed.
08:47:29 INFO  : Device configured successfully with "C:/Users/tejasvissapragada/Documents/cs153a/vitis/lab2b_vitis/lab2b_application/_ide/bitstream/download.bit"
08:47:29 INFO  : Context for processor 'microblaze_0' is selected.
08:47:29 INFO  : Hardware design and registers information is loaded from 'C:/Users/tejasvissapragada/Documents/cs153a/vitis/lab2b_vitis/lab2b_platform/export/lab2b_platform/hw/design_1_wrapper.xsa'.
08:47:29 INFO  : 'configparams mdm-detect-bscan-mask 2' command is executed.
08:47:29 INFO  : Context for processor 'microblaze_0' is selected.
08:47:29 INFO  : System reset is completed.
08:47:32 INFO  : 'after 3000' command is executed.
08:47:32 INFO  : Context for processor 'microblaze_0' is selected.
08:47:32 INFO  : The application 'C:/Users/tejasvissapragada/Documents/cs153a/vitis/lab2b_vitis/lab2b_application/Debug/lab2b_application.elf' is downloaded to processor 'microblaze_0'.
08:47:32 INFO  : ----------------XSDB Script----------------
connect -url tcp:127.0.0.1:3121
targets -set -filter {jtag_cable_name =~ "Digilent Nexys A7 -100T 210292BCFA48A" && level==0 && jtag_device_ctx=="jsn-Nexys A7 -100T-210292BCFA48A-13631093-0"}
fpga -file C:/Users/tejasvissapragada/Documents/cs153a/vitis/lab2b_vitis/lab2b_application/_ide/bitstream/download.bit
targets -set -nocase -filter {name =~ "*microblaze*#0" && bscan=="USER2" }
loadhw -hw C:/Users/tejasvissapragada/Documents/cs153a/vitis/lab2b_vitis/lab2b_platform/export/lab2b_platform/hw/design_1_wrapper.xsa -regs
configparams mdm-detect-bscan-mask 2
targets -set -nocase -filter {name =~ "*microblaze*#0" && bscan=="USER2" }
rst -system
after 3000
targets -set -nocase -filter {name =~ "*microblaze*#0" && bscan=="USER2" }
dow C:/Users/tejasvissapragada/Documents/cs153a/vitis/lab2b_vitis/lab2b_application/Debug/lab2b_application.elf
----------------End of Script----------------

08:47:32 INFO  : Context for processor 'microblaze_0' is selected.
08:47:32 INFO  : 'con' command is executed.
08:47:32 INFO  : ----------------XSDB Script (After Launch)----------------
targets -set -nocase -filter {name =~ "*microblaze*#0" && bscan=="USER2" }
con
----------------End of Script----------------

08:47:32 INFO  : Launch script is exported to file 'C:\Users\tejasvissapragada\Documents\cs153a\vitis\lab2b_vitis\lab2b_application_system\_ide\scripts\debugger_lab2b_application-default.tcl'
08:50:31 INFO  : Checking for BSP changes to sync application flags for project 'lab2b_application'...
08:50:38 INFO  : Disconnected from the channel tcfchan#9.
08:50:39 INFO  : Connected to target on host '127.0.0.1' and port '3121'.
08:50:48 INFO  : ----------------XSDB Script----------------
connect -url tcp:127.0.0.1:3121
----------------End of Script----------------

08:50:48 ERROR : Could not find FPGA device on the board for connection 'Local'.


Troubleshooting hints:
1. Check whether board is connected to system properly.
2. In case of zynq board, check whether Digilent/Xilinx cable switch settings are correct.
3. If you are using Xilinx Platform Cable USB, ensure that status LED is green.
08:50:59 INFO  : Connected to target on host '127.0.0.1' and port '3121'.
08:50:59 INFO  : Jtag cable 'Digilent Nexys A7 -100T 210292BCFA48A' is selected.
08:50:59 INFO  : 'jtag frequency' command is executed.
08:50:59 INFO  : 'targets -set -filter {jtag_cable_name =~ "Digilent Nexys A7 -100T 210292BCFA48A" && level==0 && jtag_device_ctx=="jsn-Nexys A7 -100T-210292BCFA48A-13631093-0"}' command is executed.
08:51:01 INFO  : Device configured successfully with "C:/Users/tejasvissapragada/Documents/cs153a/vitis/lab2b_vitis/lab2b_application/_ide/bitstream/download.bit"
08:51:01 INFO  : Context for processor 'microblaze_0' is selected.
08:51:01 INFO  : Hardware design and registers information is loaded from 'C:/Users/tejasvissapragada/Documents/cs153a/vitis/lab2b_vitis/lab2b_platform/export/lab2b_platform/hw/design_1_wrapper.xsa'.
08:51:01 INFO  : 'configparams mdm-detect-bscan-mask 2' command is executed.
08:51:01 INFO  : Context for processor 'microblaze_0' is selected.
08:51:01 INFO  : System reset is completed.
08:51:04 INFO  : 'after 3000' command is executed.
08:51:04 INFO  : Context for processor 'microblaze_0' is selected.
08:51:04 INFO  : The application 'C:/Users/tejasvissapragada/Documents/cs153a/vitis/lab2b_vitis/lab2b_application/Debug/lab2b_application.elf' is downloaded to processor 'microblaze_0'.
08:51:04 INFO  : ----------------XSDB Script----------------
connect -url tcp:127.0.0.1:3121
targets -set -filter {jtag_cable_name =~ "Digilent Nexys A7 -100T 210292BCFA48A" && level==0 && jtag_device_ctx=="jsn-Nexys A7 -100T-210292BCFA48A-13631093-0"}
fpga -file C:/Users/tejasvissapragada/Documents/cs153a/vitis/lab2b_vitis/lab2b_application/_ide/bitstream/download.bit
targets -set -nocase -filter {name =~ "*microblaze*#0" && bscan=="USER2" }
loadhw -hw C:/Users/tejasvissapragada/Documents/cs153a/vitis/lab2b_vitis/lab2b_platform/export/lab2b_platform/hw/design_1_wrapper.xsa -regs
configparams mdm-detect-bscan-mask 2
targets -set -nocase -filter {name =~ "*microblaze*#0" && bscan=="USER2" }
rst -system
after 3000
targets -set -nocase -filter {name =~ "*microblaze*#0" && bscan=="USER2" }
dow C:/Users/tejasvissapragada/Documents/cs153a/vitis/lab2b_vitis/lab2b_application/Debug/lab2b_application.elf
----------------End of Script----------------

08:51:04 INFO  : Context for processor 'microblaze_0' is selected.
08:51:04 INFO  : 'con' command is executed.
08:51:04 INFO  : ----------------XSDB Script (After Launch)----------------
targets -set -nocase -filter {name =~ "*microblaze*#0" && bscan=="USER2" }
con
----------------End of Script----------------

08:51:04 INFO  : Launch script is exported to file 'C:\Users\tejasvissapragada\Documents\cs153a\vitis\lab2b_vitis\lab2b_application_system\_ide\scripts\debugger_lab2b_application-default.tcl'
08:53:30 INFO  : Checking for BSP changes to sync application flags for project 'lab2b_application'...
08:53:38 INFO  : Disconnected from the channel tcfchan#10.
08:53:39 INFO  : Connected to target on host '127.0.0.1' and port '3121'.
08:53:48 INFO  : ----------------XSDB Script----------------
connect -url tcp:127.0.0.1:3121
----------------End of Script----------------

08:53:48 ERROR : Could not find FPGA device on the board for connection 'Local'.


Troubleshooting hints:
1. Check whether board is connected to system properly.
2. In case of zynq board, check whether Digilent/Xilinx cable switch settings are correct.
3. If you are using Xilinx Platform Cable USB, ensure that status LED is green.
08:53:56 INFO  : Checking for BSP changes to sync application flags for project 'lab2b_application'...
08:53:58 INFO  : Connected to target on host '127.0.0.1' and port '3121'.
08:53:58 INFO  : Jtag cable 'Digilent Nexys A7 -100T 210292BCFA48A' is selected.
08:53:58 INFO  : 'jtag frequency' command is executed.
08:53:58 INFO  : 'targets -set -filter {jtag_cable_name =~ "Digilent Nexys A7 -100T 210292BCFA48A" && level==0 && jtag_device_ctx=="jsn-Nexys A7 -100T-210292BCFA48A-13631093-0"}' command is executed.
08:54:01 INFO  : Device configured successfully with "C:/Users/tejasvissapragada/Documents/cs153a/vitis/lab2b_vitis/lab2b_application/_ide/bitstream/download.bit"
08:54:01 INFO  : Context for processor 'microblaze_0' is selected.
08:54:01 INFO  : Hardware design and registers information is loaded from 'C:/Users/tejasvissapragada/Documents/cs153a/vitis/lab2b_vitis/lab2b_platform/export/lab2b_platform/hw/design_1_wrapper.xsa'.
08:54:01 INFO  : 'configparams mdm-detect-bscan-mask 2' command is executed.
08:54:01 INFO  : Context for processor 'microblaze_0' is selected.
08:54:01 INFO  : System reset is completed.
08:54:04 INFO  : 'after 3000' command is executed.
08:54:04 INFO  : Context for processor 'microblaze_0' is selected.
08:54:04 INFO  : The application 'C:/Users/tejasvissapragada/Documents/cs153a/vitis/lab2b_vitis/lab2b_application/Debug/lab2b_application.elf' is downloaded to processor 'microblaze_0'.
08:54:04 INFO  : ----------------XSDB Script----------------
connect -url tcp:127.0.0.1:3121
targets -set -filter {jtag_cable_name =~ "Digilent Nexys A7 -100T 210292BCFA48A" && level==0 && jtag_device_ctx=="jsn-Nexys A7 -100T-210292BCFA48A-13631093-0"}
fpga -file C:/Users/tejasvissapragada/Documents/cs153a/vitis/lab2b_vitis/lab2b_application/_ide/bitstream/download.bit
targets -set -nocase -filter {name =~ "*microblaze*#0" && bscan=="USER2" }
loadhw -hw C:/Users/tejasvissapragada/Documents/cs153a/vitis/lab2b_vitis/lab2b_platform/export/lab2b_platform/hw/design_1_wrapper.xsa -regs
configparams mdm-detect-bscan-mask 2
targets -set -nocase -filter {name =~ "*microblaze*#0" && bscan=="USER2" }
rst -system
after 3000
targets -set -nocase -filter {name =~ "*microblaze*#0" && bscan=="USER2" }
dow C:/Users/tejasvissapragada/Documents/cs153a/vitis/lab2b_vitis/lab2b_application/Debug/lab2b_application.elf
----------------End of Script----------------

08:54:04 INFO  : Context for processor 'microblaze_0' is selected.
08:54:04 INFO  : 'con' command is executed.
08:54:04 INFO  : ----------------XSDB Script (After Launch)----------------
targets -set -nocase -filter {name =~ "*microblaze*#0" && bscan=="USER2" }
con
----------------End of Script----------------

08:54:04 INFO  : Launch script is exported to file 'C:\Users\tejasvissapragada\Documents\cs153a\vitis\lab2b_vitis\lab2b_application_system\_ide\scripts\debugger_lab2b_application-default.tcl'
08:58:05 INFO  : Checking for BSP changes to sync application flags for project 'lab2b_application'...
08:58:09 INFO  : Disconnected from the channel tcfchan#11.
08:58:10 INFO  : Connected to target on host '127.0.0.1' and port '3121'.
08:58:19 INFO  : ----------------XSDB Script----------------
connect -url tcp:127.0.0.1:3121
----------------End of Script----------------

08:58:19 ERROR : Could not find FPGA device on the board for connection 'Local'.


Troubleshooting hints:
1. Check whether board is connected to system properly.
2. In case of zynq board, check whether Digilent/Xilinx cable switch settings are correct.
3. If you are using Xilinx Platform Cable USB, ensure that status LED is green.
08:58:30 INFO  : Connected to target on host '127.0.0.1' and port '3121'.
08:58:31 INFO  : Jtag cable 'Digilent Nexys A7 -100T 210292BCFA48A' is selected.
08:58:31 INFO  : 'jtag frequency' command is executed.
08:58:31 INFO  : 'targets -set -filter {jtag_cable_name =~ "Digilent Nexys A7 -100T 210292BCFA48A" && level==0 && jtag_device_ctx=="jsn-Nexys A7 -100T-210292BCFA48A-13631093-0"}' command is executed.
08:58:33 INFO  : Device configured successfully with "C:/Users/tejasvissapragada/Documents/cs153a/vitis/lab2b_vitis/lab2b_application/_ide/bitstream/download.bit"
08:58:33 INFO  : Context for processor 'microblaze_0' is selected.
08:58:33 INFO  : Hardware design and registers information is loaded from 'C:/Users/tejasvissapragada/Documents/cs153a/vitis/lab2b_vitis/lab2b_platform/export/lab2b_platform/hw/design_1_wrapper.xsa'.
08:58:33 INFO  : 'configparams mdm-detect-bscan-mask 2' command is executed.
08:58:33 INFO  : Context for processor 'microblaze_0' is selected.
08:58:33 INFO  : System reset is completed.
08:58:36 INFO  : 'after 3000' command is executed.
08:58:36 INFO  : Context for processor 'microblaze_0' is selected.
08:58:36 INFO  : The application 'C:/Users/tejasvissapragada/Documents/cs153a/vitis/lab2b_vitis/lab2b_application/Debug/lab2b_application.elf' is downloaded to processor 'microblaze_0'.
08:58:36 INFO  : ----------------XSDB Script----------------
connect -url tcp:127.0.0.1:3121
targets -set -filter {jtag_cable_name =~ "Digilent Nexys A7 -100T 210292BCFA48A" && level==0 && jtag_device_ctx=="jsn-Nexys A7 -100T-210292BCFA48A-13631093-0"}
fpga -file C:/Users/tejasvissapragada/Documents/cs153a/vitis/lab2b_vitis/lab2b_application/_ide/bitstream/download.bit
targets -set -nocase -filter {name =~ "*microblaze*#0" && bscan=="USER2" }
loadhw -hw C:/Users/tejasvissapragada/Documents/cs153a/vitis/lab2b_vitis/lab2b_platform/export/lab2b_platform/hw/design_1_wrapper.xsa -regs
configparams mdm-detect-bscan-mask 2
targets -set -nocase -filter {name =~ "*microblaze*#0" && bscan=="USER2" }
rst -system
after 3000
targets -set -nocase -filter {name =~ "*microblaze*#0" && bscan=="USER2" }
dow C:/Users/tejasvissapragada/Documents/cs153a/vitis/lab2b_vitis/lab2b_application/Debug/lab2b_application.elf
----------------End of Script----------------

08:58:36 INFO  : Context for processor 'microblaze_0' is selected.
08:58:36 INFO  : 'con' command is executed.
08:58:36 INFO  : ----------------XSDB Script (After Launch)----------------
targets -set -nocase -filter {name =~ "*microblaze*#0" && bscan=="USER2" }
con
----------------End of Script----------------

08:58:36 INFO  : Launch script is exported to file 'C:\Users\tejasvissapragada\Documents\cs153a\vitis\lab2b_vitis\lab2b_application_system\_ide\scripts\debugger_lab2b_application-default.tcl'
09:00:23 INFO  : Checking for BSP changes to sync application flags for project 'lab2b_application'...
09:00:26 INFO  : Disconnected from the channel tcfchan#12.
09:00:27 INFO  : Connected to target on host '127.0.0.1' and port '3121'.
09:00:36 INFO  : ----------------XSDB Script----------------
connect -url tcp:127.0.0.1:3121
----------------End of Script----------------

09:00:36 ERROR : Could not find FPGA device on the board for connection 'Local'.


Troubleshooting hints:
1. Check whether board is connected to system properly.
2. In case of zynq board, check whether Digilent/Xilinx cable switch settings are correct.
3. If you are using Xilinx Platform Cable USB, ensure that status LED is green.
09:00:41 INFO  : Connected to target on host '127.0.0.1' and port '3121'.
09:00:42 INFO  : Jtag cable 'Digilent Nexys A7 -100T 210292BCFA48A' is selected.
09:00:42 INFO  : 'jtag frequency' command is executed.
09:00:42 INFO  : 'targets -set -filter {jtag_cable_name =~ "Digilent Nexys A7 -100T 210292BCFA48A" && level==0 && jtag_device_ctx=="jsn-Nexys A7 -100T-210292BCFA48A-13631093-0"}' command is executed.
09:00:44 INFO  : Device configured successfully with "C:/Users/tejasvissapragada/Documents/cs153a/vitis/lab2b_vitis/lab2b_application/_ide/bitstream/download.bit"
09:00:44 INFO  : Context for processor 'microblaze_0' is selected.
09:00:44 INFO  : Hardware design and registers information is loaded from 'C:/Users/tejasvissapragada/Documents/cs153a/vitis/lab2b_vitis/lab2b_platform/export/lab2b_platform/hw/design_1_wrapper.xsa'.
09:00:44 INFO  : 'configparams mdm-detect-bscan-mask 2' command is executed.
09:00:44 INFO  : Context for processor 'microblaze_0' is selected.
09:00:44 INFO  : System reset is completed.
09:00:47 INFO  : 'after 3000' command is executed.
09:00:47 INFO  : Context for processor 'microblaze_0' is selected.
09:00:47 INFO  : The application 'C:/Users/tejasvissapragada/Documents/cs153a/vitis/lab2b_vitis/lab2b_application/Debug/lab2b_application.elf' is downloaded to processor 'microblaze_0'.
09:00:47 INFO  : ----------------XSDB Script----------------
connect -url tcp:127.0.0.1:3121
targets -set -filter {jtag_cable_name =~ "Digilent Nexys A7 -100T 210292BCFA48A" && level==0 && jtag_device_ctx=="jsn-Nexys A7 -100T-210292BCFA48A-13631093-0"}
fpga -file C:/Users/tejasvissapragada/Documents/cs153a/vitis/lab2b_vitis/lab2b_application/_ide/bitstream/download.bit
targets -set -nocase -filter {name =~ "*microblaze*#0" && bscan=="USER2" }
loadhw -hw C:/Users/tejasvissapragada/Documents/cs153a/vitis/lab2b_vitis/lab2b_platform/export/lab2b_platform/hw/design_1_wrapper.xsa -regs
configparams mdm-detect-bscan-mask 2
targets -set -nocase -filter {name =~ "*microblaze*#0" && bscan=="USER2" }
rst -system
after 3000
targets -set -nocase -filter {name =~ "*microblaze*#0" && bscan=="USER2" }
dow C:/Users/tejasvissapragada/Documents/cs153a/vitis/lab2b_vitis/lab2b_application/Debug/lab2b_application.elf
----------------End of Script----------------

09:00:47 INFO  : Context for processor 'microblaze_0' is selected.
09:00:47 INFO  : 'con' command is executed.
09:00:47 INFO  : ----------------XSDB Script (After Launch)----------------
targets -set -nocase -filter {name =~ "*microblaze*#0" && bscan=="USER2" }
con
----------------End of Script----------------

09:00:47 INFO  : Launch script is exported to file 'C:\Users\tejasvissapragada\Documents\cs153a\vitis\lab2b_vitis\lab2b_application_system\_ide\scripts\debugger_lab2b_application-default.tcl'
09:01:56 INFO  : Checking for BSP changes to sync application flags for project 'lab2b_application'...
09:02:01 INFO  : Disconnected from the channel tcfchan#13.
09:02:02 INFO  : Connected to target on host '127.0.0.1' and port '3121'.
09:02:02 INFO  : Jtag cable 'Digilent Nexys A7 -100T 210292BCFA48A' is selected.
09:02:02 INFO  : 'jtag frequency' command is executed.
09:02:02 INFO  : 'targets -set -filter {jtag_cable_name =~ "Digilent Nexys A7 -100T 210292BCFA48A" && level==0 && jtag_device_ctx=="jsn-Nexys A7 -100T-210292BCFA48A-13631093-0"}' command is executed.
09:02:04 INFO  : Device configured successfully with "C:/Users/tejasvissapragada/Documents/cs153a/vitis/lab2b_vitis/lab2b_application/_ide/bitstream/download.bit"
09:02:04 INFO  : Context for processor 'microblaze_0' is selected.
09:02:04 INFO  : Hardware design and registers information is loaded from 'C:/Users/tejasvissapragada/Documents/cs153a/vitis/lab2b_vitis/lab2b_platform/export/lab2b_platform/hw/design_1_wrapper.xsa'.
09:02:04 INFO  : 'configparams mdm-detect-bscan-mask 2' command is executed.
09:02:04 INFO  : Context for processor 'microblaze_0' is selected.
09:02:04 INFO  : System reset is completed.
09:02:07 INFO  : 'after 3000' command is executed.
09:02:07 INFO  : Context for processor 'microblaze_0' is selected.
09:02:07 INFO  : The application 'C:/Users/tejasvissapragada/Documents/cs153a/vitis/lab2b_vitis/lab2b_application/Debug/lab2b_application.elf' is downloaded to processor 'microblaze_0'.
09:02:07 INFO  : ----------------XSDB Script----------------
connect -url tcp:127.0.0.1:3121
targets -set -filter {jtag_cable_name =~ "Digilent Nexys A7 -100T 210292BCFA48A" && level==0 && jtag_device_ctx=="jsn-Nexys A7 -100T-210292BCFA48A-13631093-0"}
fpga -file C:/Users/tejasvissapragada/Documents/cs153a/vitis/lab2b_vitis/lab2b_application/_ide/bitstream/download.bit
targets -set -nocase -filter {name =~ "*microblaze*#0" && bscan=="USER2" }
loadhw -hw C:/Users/tejasvissapragada/Documents/cs153a/vitis/lab2b_vitis/lab2b_platform/export/lab2b_platform/hw/design_1_wrapper.xsa -regs
configparams mdm-detect-bscan-mask 2
targets -set -nocase -filter {name =~ "*microblaze*#0" && bscan=="USER2" }
rst -system
after 3000
targets -set -nocase -filter {name =~ "*microblaze*#0" && bscan=="USER2" }
dow C:/Users/tejasvissapragada/Documents/cs153a/vitis/lab2b_vitis/lab2b_application/Debug/lab2b_application.elf
----------------End of Script----------------

09:02:07 INFO  : Context for processor 'microblaze_0' is selected.
09:02:07 INFO  : 'con' command is executed.
09:02:07 INFO  : ----------------XSDB Script (After Launch)----------------
targets -set -nocase -filter {name =~ "*microblaze*#0" && bscan=="USER2" }
con
----------------End of Script----------------

09:02:07 INFO  : Launch script is exported to file 'C:\Users\tejasvissapragada\Documents\cs153a\vitis\lab2b_vitis\lab2b_application_system\_ide\scripts\debugger_lab2b_application-default.tcl'
09:03:12 INFO  : Checking for BSP changes to sync application flags for project 'lab2b_application'...
09:03:16 INFO  : Disconnected from the channel tcfchan#14.
09:03:18 INFO  : Connected to target on host '127.0.0.1' and port '3121'.
09:03:27 INFO  : ----------------XSDB Script----------------
connect -url tcp:127.0.0.1:3121
----------------End of Script----------------

09:03:27 ERROR : Could not find FPGA device on the board for connection 'Local'.


Troubleshooting hints:
1. Check whether board is connected to system properly.
2. In case of zynq board, check whether Digilent/Xilinx cable switch settings are correct.
3. If you are using Xilinx Platform Cable USB, ensure that status LED is green.
09:03:33 INFO  : Connected to target on host '127.0.0.1' and port '3121'.
09:03:33 INFO  : Jtag cable 'Digilent Nexys A7 -100T 210292BCFA48A' is selected.
09:03:33 INFO  : 'jtag frequency' command is executed.
09:03:33 INFO  : 'targets -set -filter {jtag_cable_name =~ "Digilent Nexys A7 -100T 210292BCFA48A" && level==0 && jtag_device_ctx=="jsn-Nexys A7 -100T-210292BCFA48A-13631093-0"}' command is executed.
09:03:35 INFO  : Device configured successfully with "C:/Users/tejasvissapragada/Documents/cs153a/vitis/lab2b_vitis/lab2b_application/_ide/bitstream/download.bit"
09:03:35 INFO  : Context for processor 'microblaze_0' is selected.
09:03:35 INFO  : Hardware design and registers information is loaded from 'C:/Users/tejasvissapragada/Documents/cs153a/vitis/lab2b_vitis/lab2b_platform/export/lab2b_platform/hw/design_1_wrapper.xsa'.
09:03:35 INFO  : 'configparams mdm-detect-bscan-mask 2' command is executed.
09:03:35 INFO  : Context for processor 'microblaze_0' is selected.
09:03:35 INFO  : System reset is completed.
09:03:38 INFO  : 'after 3000' command is executed.
09:03:38 INFO  : Context for processor 'microblaze_0' is selected.
09:03:38 INFO  : The application 'C:/Users/tejasvissapragada/Documents/cs153a/vitis/lab2b_vitis/lab2b_application/Debug/lab2b_application.elf' is downloaded to processor 'microblaze_0'.
09:03:38 INFO  : ----------------XSDB Script----------------
connect -url tcp:127.0.0.1:3121
targets -set -filter {jtag_cable_name =~ "Digilent Nexys A7 -100T 210292BCFA48A" && level==0 && jtag_device_ctx=="jsn-Nexys A7 -100T-210292BCFA48A-13631093-0"}
fpga -file C:/Users/tejasvissapragada/Documents/cs153a/vitis/lab2b_vitis/lab2b_application/_ide/bitstream/download.bit
targets -set -nocase -filter {name =~ "*microblaze*#0" && bscan=="USER2" }
loadhw -hw C:/Users/tejasvissapragada/Documents/cs153a/vitis/lab2b_vitis/lab2b_platform/export/lab2b_platform/hw/design_1_wrapper.xsa -regs
configparams mdm-detect-bscan-mask 2
targets -set -nocase -filter {name =~ "*microblaze*#0" && bscan=="USER2" }
rst -system
after 3000
targets -set -nocase -filter {name =~ "*microblaze*#0" && bscan=="USER2" }
dow C:/Users/tejasvissapragada/Documents/cs153a/vitis/lab2b_vitis/lab2b_application/Debug/lab2b_application.elf
----------------End of Script----------------

09:03:39 INFO  : Context for processor 'microblaze_0' is selected.
09:03:39 INFO  : 'con' command is executed.
09:03:39 INFO  : ----------------XSDB Script (After Launch)----------------
targets -set -nocase -filter {name =~ "*microblaze*#0" && bscan=="USER2" }
con
----------------End of Script----------------

09:03:39 INFO  : Launch script is exported to file 'C:\Users\tejasvissapragada\Documents\cs153a\vitis\lab2b_vitis\lab2b_application_system\_ide\scripts\debugger_lab2b_application-default.tcl'
09:05:25 INFO  : Checking for BSP changes to sync application flags for project 'lab2b_application'...
09:05:31 INFO  : Disconnected from the channel tcfchan#15.
09:05:32 INFO  : Connected to target on host '127.0.0.1' and port '3121'.
09:05:41 INFO  : ----------------XSDB Script----------------
connect -url tcp:127.0.0.1:3121
----------------End of Script----------------

09:05:41 ERROR : Could not find FPGA device on the board for connection 'Local'.


Troubleshooting hints:
1. Check whether board is connected to system properly.
2. In case of zynq board, check whether Digilent/Xilinx cable switch settings are correct.
3. If you are using Xilinx Platform Cable USB, ensure that status LED is green.
09:05:47 INFO  : Connected to target on host '127.0.0.1' and port '3121'.
09:05:47 INFO  : Jtag cable 'Digilent Nexys A7 -100T 210292BCFA48A' is selected.
09:05:47 INFO  : 'jtag frequency' command is executed.
09:05:47 INFO  : 'targets -set -filter {jtag_cable_name =~ "Digilent Nexys A7 -100T 210292BCFA48A" && level==0 && jtag_device_ctx=="jsn-Nexys A7 -100T-210292BCFA48A-13631093-0"}' command is executed.
09:05:50 INFO  : Device configured successfully with "C:/Users/tejasvissapragada/Documents/cs153a/vitis/lab2b_vitis/lab2b_application/_ide/bitstream/download.bit"
09:05:50 INFO  : Context for processor 'microblaze_0' is selected.
09:05:50 INFO  : Hardware design and registers information is loaded from 'C:/Users/tejasvissapragada/Documents/cs153a/vitis/lab2b_vitis/lab2b_platform/export/lab2b_platform/hw/design_1_wrapper.xsa'.
09:05:50 INFO  : 'configparams mdm-detect-bscan-mask 2' command is executed.
09:05:50 INFO  : Context for processor 'microblaze_0' is selected.
09:05:50 INFO  : System reset is completed.
09:05:53 INFO  : 'after 3000' command is executed.
09:05:53 INFO  : Context for processor 'microblaze_0' is selected.
09:05:53 INFO  : The application 'C:/Users/tejasvissapragada/Documents/cs153a/vitis/lab2b_vitis/lab2b_application/Debug/lab2b_application.elf' is downloaded to processor 'microblaze_0'.
09:05:53 INFO  : ----------------XSDB Script----------------
connect -url tcp:127.0.0.1:3121
targets -set -filter {jtag_cable_name =~ "Digilent Nexys A7 -100T 210292BCFA48A" && level==0 && jtag_device_ctx=="jsn-Nexys A7 -100T-210292BCFA48A-13631093-0"}
fpga -file C:/Users/tejasvissapragada/Documents/cs153a/vitis/lab2b_vitis/lab2b_application/_ide/bitstream/download.bit
targets -set -nocase -filter {name =~ "*microblaze*#0" && bscan=="USER2" }
loadhw -hw C:/Users/tejasvissapragada/Documents/cs153a/vitis/lab2b_vitis/lab2b_platform/export/lab2b_platform/hw/design_1_wrapper.xsa -regs
configparams mdm-detect-bscan-mask 2
targets -set -nocase -filter {name =~ "*microblaze*#0" && bscan=="USER2" }
rst -system
after 3000
targets -set -nocase -filter {name =~ "*microblaze*#0" && bscan=="USER2" }
dow C:/Users/tejasvissapragada/Documents/cs153a/vitis/lab2b_vitis/lab2b_application/Debug/lab2b_application.elf
----------------End of Script----------------

09:05:53 INFO  : Context for processor 'microblaze_0' is selected.
09:05:53 INFO  : 'con' command is executed.
09:05:53 INFO  : ----------------XSDB Script (After Launch)----------------
targets -set -nocase -filter {name =~ "*microblaze*#0" && bscan=="USER2" }
con
----------------End of Script----------------

09:05:53 INFO  : Launch script is exported to file 'C:\Users\tejasvissapragada\Documents\cs153a\vitis\lab2b_vitis\lab2b_application_system\_ide\scripts\debugger_lab2b_application-default.tcl'
09:08:58 INFO  : Checking for BSP changes to sync application flags for project 'lab2b_application'...
09:09:03 INFO  : Disconnected from the channel tcfchan#16.
09:09:04 INFO  : Connected to target on host '127.0.0.1' and port '3121'.
09:09:13 INFO  : ----------------XSDB Script----------------
connect -url tcp:127.0.0.1:3121
----------------End of Script----------------

09:09:13 ERROR : Could not find FPGA device on the board for connection 'Local'.


Troubleshooting hints:
1. Check whether board is connected to system properly.
2. In case of zynq board, check whether Digilent/Xilinx cable switch settings are correct.
3. If you are using Xilinx Platform Cable USB, ensure that status LED is green.
09:09:15 INFO  : Connected to target on host '127.0.0.1' and port '3121'.
09:09:16 INFO  : Jtag cable 'Digilent Nexys A7 -100T 210292BCFA48A' is selected.
09:09:16 INFO  : 'jtag frequency' command is executed.
09:09:16 INFO  : 'targets -set -filter {jtag_cable_name =~ "Digilent Nexys A7 -100T 210292BCFA48A" && level==0 && jtag_device_ctx=="jsn-Nexys A7 -100T-210292BCFA48A-13631093-0"}' command is executed.
09:09:18 INFO  : Device configured successfully with "C:/Users/tejasvissapragada/Documents/cs153a/vitis/lab2b_vitis/lab2b_application/_ide/bitstream/download.bit"
09:09:18 INFO  : Context for processor 'microblaze_0' is selected.
09:09:18 INFO  : Hardware design and registers information is loaded from 'C:/Users/tejasvissapragada/Documents/cs153a/vitis/lab2b_vitis/lab2b_platform/export/lab2b_platform/hw/design_1_wrapper.xsa'.
09:09:18 INFO  : 'configparams mdm-detect-bscan-mask 2' command is executed.
09:09:18 INFO  : Context for processor 'microblaze_0' is selected.
09:09:18 INFO  : System reset is completed.
09:09:21 INFO  : 'after 3000' command is executed.
09:09:21 INFO  : Context for processor 'microblaze_0' is selected.
09:09:21 INFO  : The application 'C:/Users/tejasvissapragada/Documents/cs153a/vitis/lab2b_vitis/lab2b_application/Debug/lab2b_application.elf' is downloaded to processor 'microblaze_0'.
09:09:21 INFO  : ----------------XSDB Script----------------
connect -url tcp:127.0.0.1:3121
targets -set -filter {jtag_cable_name =~ "Digilent Nexys A7 -100T 210292BCFA48A" && level==0 && jtag_device_ctx=="jsn-Nexys A7 -100T-210292BCFA48A-13631093-0"}
fpga -file C:/Users/tejasvissapragada/Documents/cs153a/vitis/lab2b_vitis/lab2b_application/_ide/bitstream/download.bit
targets -set -nocase -filter {name =~ "*microblaze*#0" && bscan=="USER2" }
loadhw -hw C:/Users/tejasvissapragada/Documents/cs153a/vitis/lab2b_vitis/lab2b_platform/export/lab2b_platform/hw/design_1_wrapper.xsa -regs
configparams mdm-detect-bscan-mask 2
targets -set -nocase -filter {name =~ "*microblaze*#0" && bscan=="USER2" }
rst -system
after 3000
targets -set -nocase -filter {name =~ "*microblaze*#0" && bscan=="USER2" }
dow C:/Users/tejasvissapragada/Documents/cs153a/vitis/lab2b_vitis/lab2b_application/Debug/lab2b_application.elf
----------------End of Script----------------

09:09:21 INFO  : Context for processor 'microblaze_0' is selected.
09:09:21 INFO  : 'con' command is executed.
09:09:21 INFO  : ----------------XSDB Script (After Launch)----------------
targets -set -nocase -filter {name =~ "*microblaze*#0" && bscan=="USER2" }
con
----------------End of Script----------------

09:09:21 INFO  : Launch script is exported to file 'C:\Users\tejasvissapragada\Documents\cs153a\vitis\lab2b_vitis\lab2b_application_system\_ide\scripts\debugger_lab2b_application-default.tcl'
09:11:06 INFO  : Checking for BSP changes to sync application flags for project 'lab2b_application'...
09:11:10 INFO  : Disconnected from the channel tcfchan#17.
09:11:11 INFO  : Connected to target on host '127.0.0.1' and port '3121'.
09:11:20 INFO  : ----------------XSDB Script----------------
connect -url tcp:127.0.0.1:3121
----------------End of Script----------------

09:11:20 ERROR : Could not find FPGA device on the board for connection 'Local'.


Troubleshooting hints:
1. Check whether board is connected to system properly.
2. In case of zynq board, check whether Digilent/Xilinx cable switch settings are correct.
3. If you are using Xilinx Platform Cable USB, ensure that status LED is green.
09:11:22 INFO  : Connected to target on host '127.0.0.1' and port '3121'.
09:11:22 INFO  : Jtag cable 'Digilent Nexys A7 -100T 210292BCFA48A' is selected.
09:11:22 INFO  : 'jtag frequency' command is executed.
09:11:23 INFO  : 'targets -set -filter {jtag_cable_name =~ "Digilent Nexys A7 -100T 210292BCFA48A" && level==0 && jtag_device_ctx=="jsn-Nexys A7 -100T-210292BCFA48A-13631093-0"}' command is executed.
09:11:25 INFO  : Device configured successfully with "C:/Users/tejasvissapragada/Documents/cs153a/vitis/lab2b_vitis/lab2b_application/_ide/bitstream/download.bit"
09:11:25 INFO  : Context for processor 'microblaze_0' is selected.
09:11:25 INFO  : Hardware design and registers information is loaded from 'C:/Users/tejasvissapragada/Documents/cs153a/vitis/lab2b_vitis/lab2b_platform/export/lab2b_platform/hw/design_1_wrapper.xsa'.
09:11:25 INFO  : 'configparams mdm-detect-bscan-mask 2' command is executed.
09:11:25 INFO  : Context for processor 'microblaze_0' is selected.
09:11:25 INFO  : System reset is completed.
09:11:28 INFO  : 'after 3000' command is executed.
09:11:28 INFO  : Context for processor 'microblaze_0' is selected.
09:11:28 INFO  : The application 'C:/Users/tejasvissapragada/Documents/cs153a/vitis/lab2b_vitis/lab2b_application/Debug/lab2b_application.elf' is downloaded to processor 'microblaze_0'.
09:11:28 INFO  : ----------------XSDB Script----------------
connect -url tcp:127.0.0.1:3121
targets -set -filter {jtag_cable_name =~ "Digilent Nexys A7 -100T 210292BCFA48A" && level==0 && jtag_device_ctx=="jsn-Nexys A7 -100T-210292BCFA48A-13631093-0"}
fpga -file C:/Users/tejasvissapragada/Documents/cs153a/vitis/lab2b_vitis/lab2b_application/_ide/bitstream/download.bit
targets -set -nocase -filter {name =~ "*microblaze*#0" && bscan=="USER2" }
loadhw -hw C:/Users/tejasvissapragada/Documents/cs153a/vitis/lab2b_vitis/lab2b_platform/export/lab2b_platform/hw/design_1_wrapper.xsa -regs
configparams mdm-detect-bscan-mask 2
targets -set -nocase -filter {name =~ "*microblaze*#0" && bscan=="USER2" }
rst -system
after 3000
targets -set -nocase -filter {name =~ "*microblaze*#0" && bscan=="USER2" }
dow C:/Users/tejasvissapragada/Documents/cs153a/vitis/lab2b_vitis/lab2b_application/Debug/lab2b_application.elf
----------------End of Script----------------

09:11:28 INFO  : Context for processor 'microblaze_0' is selected.
09:11:28 INFO  : 'con' command is executed.
09:11:28 INFO  : ----------------XSDB Script (After Launch)----------------
targets -set -nocase -filter {name =~ "*microblaze*#0" && bscan=="USER2" }
con
----------------End of Script----------------

09:11:28 INFO  : Launch script is exported to file 'C:\Users\tejasvissapragada\Documents\cs153a\vitis\lab2b_vitis\lab2b_application_system\_ide\scripts\debugger_lab2b_application-default.tcl'
09:17:31 INFO  : Checking for BSP changes to sync application flags for project 'lab2b_application'...
09:17:47 INFO  : Checking for BSP changes to sync application flags for project 'lab2b_application'...
09:17:51 INFO  : Disconnected from the channel tcfchan#18.
09:17:52 INFO  : Connected to target on host '127.0.0.1' and port '3121'.
09:18:01 INFO  : ----------------XSDB Script----------------
connect -url tcp:127.0.0.1:3121
----------------End of Script----------------

09:18:01 ERROR : Could not find FPGA device on the board for connection 'Local'.


Troubleshooting hints:
1. Check whether board is connected to system properly.
2. In case of zynq board, check whether Digilent/Xilinx cable switch settings are correct.
3. If you are using Xilinx Platform Cable USB, ensure that status LED is green.
09:18:08 INFO  : Connected to target on host '127.0.0.1' and port '3121'.
09:18:08 INFO  : Jtag cable 'Digilent Nexys A7 -100T 210292BCFA48A' is selected.
09:18:08 INFO  : 'jtag frequency' command is executed.
09:18:08 INFO  : 'targets -set -filter {jtag_cable_name =~ "Digilent Nexys A7 -100T 210292BCFA48A" && level==0 && jtag_device_ctx=="jsn-Nexys A7 -100T-210292BCFA48A-13631093-0"}' command is executed.
09:18:10 INFO  : Device configured successfully with "C:/Users/tejasvissapragada/Documents/cs153a/vitis/lab2b_vitis/lab2b_application/_ide/bitstream/download.bit"
09:18:10 INFO  : Context for processor 'microblaze_0' is selected.
09:18:10 INFO  : Hardware design and registers information is loaded from 'C:/Users/tejasvissapragada/Documents/cs153a/vitis/lab2b_vitis/lab2b_platform/export/lab2b_platform/hw/design_1_wrapper.xsa'.
09:18:10 INFO  : 'configparams mdm-detect-bscan-mask 2' command is executed.
09:18:10 INFO  : Context for processor 'microblaze_0' is selected.
09:18:10 INFO  : System reset is completed.
09:18:14 INFO  : 'after 3000' command is executed.
09:18:14 INFO  : Context for processor 'microblaze_0' is selected.
09:18:14 INFO  : The application 'C:/Users/tejasvissapragada/Documents/cs153a/vitis/lab2b_vitis/lab2b_application/Debug/lab2b_application.elf' is downloaded to processor 'microblaze_0'.
09:18:14 INFO  : ----------------XSDB Script----------------
connect -url tcp:127.0.0.1:3121
targets -set -filter {jtag_cable_name =~ "Digilent Nexys A7 -100T 210292BCFA48A" && level==0 && jtag_device_ctx=="jsn-Nexys A7 -100T-210292BCFA48A-13631093-0"}
fpga -file C:/Users/tejasvissapragada/Documents/cs153a/vitis/lab2b_vitis/lab2b_application/_ide/bitstream/download.bit
targets -set -nocase -filter {name =~ "*microblaze*#0" && bscan=="USER2" }
loadhw -hw C:/Users/tejasvissapragada/Documents/cs153a/vitis/lab2b_vitis/lab2b_platform/export/lab2b_platform/hw/design_1_wrapper.xsa -regs
configparams mdm-detect-bscan-mask 2
targets -set -nocase -filter {name =~ "*microblaze*#0" && bscan=="USER2" }
rst -system
after 3000
targets -set -nocase -filter {name =~ "*microblaze*#0" && bscan=="USER2" }
dow C:/Users/tejasvissapragada/Documents/cs153a/vitis/lab2b_vitis/lab2b_application/Debug/lab2b_application.elf
----------------End of Script----------------

09:18:14 INFO  : Context for processor 'microblaze_0' is selected.
09:18:14 INFO  : 'con' command is executed.
09:18:14 INFO  : ----------------XSDB Script (After Launch)----------------
targets -set -nocase -filter {name =~ "*microblaze*#0" && bscan=="USER2" }
con
----------------End of Script----------------

09:18:14 INFO  : Launch script is exported to file 'C:\Users\tejasvissapragada\Documents\cs153a\vitis\lab2b_vitis\lab2b_application_system\_ide\scripts\debugger_lab2b_application-default.tcl'
09:18:29 INFO  : Checking for BSP changes to sync application flags for project 'lab2b_application'...
09:18:34 INFO  : Disconnected from the channel tcfchan#19.
09:18:35 INFO  : Connected to target on host '127.0.0.1' and port '3121'.
09:18:44 INFO  : ----------------XSDB Script----------------
connect -url tcp:127.0.0.1:3121
----------------End of Script----------------

09:18:44 ERROR : Could not find FPGA device on the board for connection 'Local'.


Troubleshooting hints:
1. Check whether board is connected to system properly.
2. In case of zynq board, check whether Digilent/Xilinx cable switch settings are correct.
3. If you are using Xilinx Platform Cable USB, ensure that status LED is green.
09:18:46 INFO  : Connected to target on host '127.0.0.1' and port '3121'.
09:18:46 INFO  : Jtag cable 'Digilent Nexys A7 -100T 210292BCFA48A' is selected.
09:18:46 INFO  : 'jtag frequency' command is executed.
09:18:46 INFO  : 'targets -set -filter {jtag_cable_name =~ "Digilent Nexys A7 -100T 210292BCFA48A" && level==0 && jtag_device_ctx=="jsn-Nexys A7 -100T-210292BCFA48A-13631093-0"}' command is executed.
09:18:48 INFO  : Device configured successfully with "C:/Users/tejasvissapragada/Documents/cs153a/vitis/lab2b_vitis/lab2b_application/_ide/bitstream/download.bit"
09:18:48 INFO  : Context for processor 'microblaze_0' is selected.
09:18:48 INFO  : Hardware design and registers information is loaded from 'C:/Users/tejasvissapragada/Documents/cs153a/vitis/lab2b_vitis/lab2b_platform/export/lab2b_platform/hw/design_1_wrapper.xsa'.
09:18:48 INFO  : 'configparams mdm-detect-bscan-mask 2' command is executed.
09:18:48 INFO  : Context for processor 'microblaze_0' is selected.
09:18:48 INFO  : System reset is completed.
09:18:51 INFO  : 'after 3000' command is executed.
09:18:51 INFO  : Context for processor 'microblaze_0' is selected.
09:18:52 INFO  : The application 'C:/Users/tejasvissapragada/Documents/cs153a/vitis/lab2b_vitis/lab2b_application/Debug/lab2b_application.elf' is downloaded to processor 'microblaze_0'.
09:18:52 INFO  : ----------------XSDB Script----------------
connect -url tcp:127.0.0.1:3121
targets -set -filter {jtag_cable_name =~ "Digilent Nexys A7 -100T 210292BCFA48A" && level==0 && jtag_device_ctx=="jsn-Nexys A7 -100T-210292BCFA48A-13631093-0"}
fpga -file C:/Users/tejasvissapragada/Documents/cs153a/vitis/lab2b_vitis/lab2b_application/_ide/bitstream/download.bit
targets -set -nocase -filter {name =~ "*microblaze*#0" && bscan=="USER2" }
loadhw -hw C:/Users/tejasvissapragada/Documents/cs153a/vitis/lab2b_vitis/lab2b_platform/export/lab2b_platform/hw/design_1_wrapper.xsa -regs
configparams mdm-detect-bscan-mask 2
targets -set -nocase -filter {name =~ "*microblaze*#0" && bscan=="USER2" }
rst -system
after 3000
targets -set -nocase -filter {name =~ "*microblaze*#0" && bscan=="USER2" }
dow C:/Users/tejasvissapragada/Documents/cs153a/vitis/lab2b_vitis/lab2b_application/Debug/lab2b_application.elf
----------------End of Script----------------

09:18:52 INFO  : Context for processor 'microblaze_0' is selected.
09:18:52 INFO  : 'con' command is executed.
09:18:52 INFO  : ----------------XSDB Script (After Launch)----------------
targets -set -nocase -filter {name =~ "*microblaze*#0" && bscan=="USER2" }
con
----------------End of Script----------------

09:18:52 INFO  : Launch script is exported to file 'C:\Users\tejasvissapragada\Documents\cs153a\vitis\lab2b_vitis\lab2b_application_system\_ide\scripts\debugger_lab2b_application-default.tcl'
09:21:21 INFO  : Checking for BSP changes to sync application flags for project 'lab2b_application'...
09:21:37 INFO  : Checking for BSP changes to sync application flags for project 'lab2b_application'...
09:21:41 INFO  : Disconnected from the channel tcfchan#20.
09:21:42 INFO  : Connected to target on host '127.0.0.1' and port '3121'.
09:21:52 INFO  : ----------------XSDB Script----------------
connect -url tcp:127.0.0.1:3121
----------------End of Script----------------

09:21:52 ERROR : Could not find FPGA device on the board for connection 'Local'.


Troubleshooting hints:
1. Check whether board is connected to system properly.
2. In case of zynq board, check whether Digilent/Xilinx cable switch settings are correct.
3. If you are using Xilinx Platform Cable USB, ensure that status LED is green.
09:21:54 INFO  : Connected to target on host '127.0.0.1' and port '3121'.
09:21:55 INFO  : Jtag cable 'Digilent Nexys A7 -100T 210292BCFA48A' is selected.
09:21:55 INFO  : 'jtag frequency' command is executed.
09:21:55 INFO  : 'targets -set -filter {jtag_cable_name =~ "Digilent Nexys A7 -100T 210292BCFA48A" && level==0 && jtag_device_ctx=="jsn-Nexys A7 -100T-210292BCFA48A-13631093-0"}' command is executed.
09:21:57 INFO  : Device configured successfully with "C:/Users/tejasvissapragada/Documents/cs153a/vitis/lab2b_vitis/lab2b_application/_ide/bitstream/download.bit"
09:21:57 INFO  : Context for processor 'microblaze_0' is selected.
09:21:57 INFO  : Hardware design and registers information is loaded from 'C:/Users/tejasvissapragada/Documents/cs153a/vitis/lab2b_vitis/lab2b_platform/export/lab2b_platform/hw/design_1_wrapper.xsa'.
09:21:57 INFO  : 'configparams mdm-detect-bscan-mask 2' command is executed.
09:21:57 INFO  : Context for processor 'microblaze_0' is selected.
09:21:57 INFO  : System reset is completed.
09:22:00 INFO  : 'after 3000' command is executed.
09:22:00 INFO  : Context for processor 'microblaze_0' is selected.
09:22:00 INFO  : The application 'C:/Users/tejasvissapragada/Documents/cs153a/vitis/lab2b_vitis/lab2b_application/Debug/lab2b_application.elf' is downloaded to processor 'microblaze_0'.
09:22:00 INFO  : ----------------XSDB Script----------------
connect -url tcp:127.0.0.1:3121
targets -set -filter {jtag_cable_name =~ "Digilent Nexys A7 -100T 210292BCFA48A" && level==0 && jtag_device_ctx=="jsn-Nexys A7 -100T-210292BCFA48A-13631093-0"}
fpga -file C:/Users/tejasvissapragada/Documents/cs153a/vitis/lab2b_vitis/lab2b_application/_ide/bitstream/download.bit
targets -set -nocase -filter {name =~ "*microblaze*#0" && bscan=="USER2" }
loadhw -hw C:/Users/tejasvissapragada/Documents/cs153a/vitis/lab2b_vitis/lab2b_platform/export/lab2b_platform/hw/design_1_wrapper.xsa -regs
configparams mdm-detect-bscan-mask 2
targets -set -nocase -filter {name =~ "*microblaze*#0" && bscan=="USER2" }
rst -system
after 3000
targets -set -nocase -filter {name =~ "*microblaze*#0" && bscan=="USER2" }
dow C:/Users/tejasvissapragada/Documents/cs153a/vitis/lab2b_vitis/lab2b_application/Debug/lab2b_application.elf
----------------End of Script----------------

09:22:00 INFO  : Context for processor 'microblaze_0' is selected.
09:22:00 INFO  : 'con' command is executed.
09:22:00 INFO  : ----------------XSDB Script (After Launch)----------------
targets -set -nocase -filter {name =~ "*microblaze*#0" && bscan=="USER2" }
con
----------------End of Script----------------

09:22:00 INFO  : Launch script is exported to file 'C:\Users\tejasvissapragada\Documents\cs153a\vitis\lab2b_vitis\lab2b_application_system\_ide\scripts\debugger_lab2b_application-default.tcl'
09:22:48 INFO  : Checking for BSP changes to sync application flags for project 'lab2b_application'...
09:23:00 INFO  : Checking for BSP changes to sync application flags for project 'lab2b_application'...
09:23:15 INFO  : Disconnected from the channel tcfchan#21.
09:23:16 INFO  : Connected to target on host '127.0.0.1' and port '3121'.
09:23:25 INFO  : ----------------XSDB Script----------------
connect -url tcp:127.0.0.1:3121
----------------End of Script----------------

09:23:25 ERROR : Could not find FPGA device on the board for connection 'Local'.


Troubleshooting hints:
1. Check whether board is connected to system properly.
2. In case of zynq board, check whether Digilent/Xilinx cable switch settings are correct.
3. If you are using Xilinx Platform Cable USB, ensure that status LED is green.
09:23:35 INFO  : Connected to target on host '127.0.0.1' and port '3121'.
09:23:36 INFO  : Jtag cable 'Digilent Nexys A7 -100T 210292BCFA48A' is selected.
09:23:36 INFO  : 'jtag frequency' command is executed.
09:23:36 INFO  : 'targets -set -filter {jtag_cable_name =~ "Digilent Nexys A7 -100T 210292BCFA48A" && level==0 && jtag_device_ctx=="jsn-Nexys A7 -100T-210292BCFA48A-13631093-0"}' command is executed.
09:23:38 INFO  : Device configured successfully with "C:/Users/tejasvissapragada/Documents/cs153a/vitis/lab2b_vitis/lab2b_application/_ide/bitstream/download.bit"
09:23:38 INFO  : Context for processor 'microblaze_0' is selected.
09:23:38 INFO  : Hardware design and registers information is loaded from 'C:/Users/tejasvissapragada/Documents/cs153a/vitis/lab2b_vitis/lab2b_platform/export/lab2b_platform/hw/design_1_wrapper.xsa'.
09:23:38 INFO  : 'configparams mdm-detect-bscan-mask 2' command is executed.
09:23:38 INFO  : Context for processor 'microblaze_0' is selected.
09:23:38 INFO  : System reset is completed.
09:23:41 INFO  : 'after 3000' command is executed.
09:23:41 INFO  : Context for processor 'microblaze_0' is selected.
09:23:41 INFO  : The application 'C:/Users/tejasvissapragada/Documents/cs153a/vitis/lab2b_vitis/lab2b_application/Debug/lab2b_application.elf' is downloaded to processor 'microblaze_0'.
09:23:41 INFO  : ----------------XSDB Script----------------
connect -url tcp:127.0.0.1:3121
targets -set -filter {jtag_cable_name =~ "Digilent Nexys A7 -100T 210292BCFA48A" && level==0 && jtag_device_ctx=="jsn-Nexys A7 -100T-210292BCFA48A-13631093-0"}
fpga -file C:/Users/tejasvissapragada/Documents/cs153a/vitis/lab2b_vitis/lab2b_application/_ide/bitstream/download.bit
targets -set -nocase -filter {name =~ "*microblaze*#0" && bscan=="USER2" }
loadhw -hw C:/Users/tejasvissapragada/Documents/cs153a/vitis/lab2b_vitis/lab2b_platform/export/lab2b_platform/hw/design_1_wrapper.xsa -regs
configparams mdm-detect-bscan-mask 2
targets -set -nocase -filter {name =~ "*microblaze*#0" && bscan=="USER2" }
rst -system
after 3000
targets -set -nocase -filter {name =~ "*microblaze*#0" && bscan=="USER2" }
dow C:/Users/tejasvissapragada/Documents/cs153a/vitis/lab2b_vitis/lab2b_application/Debug/lab2b_application.elf
----------------End of Script----------------

09:23:41 INFO  : Context for processor 'microblaze_0' is selected.
09:23:41 INFO  : 'con' command is executed.
09:23:41 INFO  : ----------------XSDB Script (After Launch)----------------
targets -set -nocase -filter {name =~ "*microblaze*#0" && bscan=="USER2" }
con
----------------End of Script----------------

09:23:41 INFO  : Launch script is exported to file 'C:\Users\tejasvissapragada\Documents\cs153a\vitis\lab2b_vitis\lab2b_application_system\_ide\scripts\debugger_lab2b_application-default.tcl'
09:25:28 INFO  : Checking for BSP changes to sync application flags for project 'lab2b_application'...
09:25:32 INFO  : Disconnected from the channel tcfchan#22.
09:25:33 INFO  : Connected to target on host '127.0.0.1' and port '3121'.
09:25:42 INFO  : ----------------XSDB Script----------------
connect -url tcp:127.0.0.1:3121
----------------End of Script----------------

09:25:42 ERROR : Could not find FPGA device on the board for connection 'Local'.


Troubleshooting hints:
1. Check whether board is connected to system properly.
2. In case of zynq board, check whether Digilent/Xilinx cable switch settings are correct.
3. If you are using Xilinx Platform Cable USB, ensure that status LED is green.
09:25:47 INFO  : Checking for BSP changes to sync application flags for project 'lab2b_application'...
09:26:01 INFO  : Connected to target on host '127.0.0.1' and port '3121'.
09:26:01 INFO  : Jtag cable 'Digilent Nexys A7 -100T 210292BCFA48A' is selected.
09:26:01 INFO  : 'jtag frequency' command is executed.
09:26:01 INFO  : 'targets -set -filter {jtag_cable_name =~ "Digilent Nexys A7 -100T 210292BCFA48A" && level==0 && jtag_device_ctx=="jsn-Nexys A7 -100T-210292BCFA48A-13631093-0"}' command is executed.
09:26:03 INFO  : Device configured successfully with "C:/Users/tejasvissapragada/Documents/cs153a/vitis/lab2b_vitis/lab2b_application/_ide/bitstream/download.bit"
09:26:03 INFO  : Context for processor 'microblaze_0' is selected.
09:26:03 INFO  : Hardware design and registers information is loaded from 'C:/Users/tejasvissapragada/Documents/cs153a/vitis/lab2b_vitis/lab2b_platform/export/lab2b_platform/hw/design_1_wrapper.xsa'.
09:26:03 INFO  : 'configparams mdm-detect-bscan-mask 2' command is executed.
09:26:03 INFO  : Context for processor 'microblaze_0' is selected.
09:26:03 INFO  : System reset is completed.
09:26:06 INFO  : 'after 3000' command is executed.
09:26:06 INFO  : Context for processor 'microblaze_0' is selected.
09:26:06 INFO  : The application 'C:/Users/tejasvissapragada/Documents/cs153a/vitis/lab2b_vitis/lab2b_application/Debug/lab2b_application.elf' is downloaded to processor 'microblaze_0'.
09:26:06 INFO  : ----------------XSDB Script----------------
connect -url tcp:127.0.0.1:3121
targets -set -filter {jtag_cable_name =~ "Digilent Nexys A7 -100T 210292BCFA48A" && level==0 && jtag_device_ctx=="jsn-Nexys A7 -100T-210292BCFA48A-13631093-0"}
fpga -file C:/Users/tejasvissapragada/Documents/cs153a/vitis/lab2b_vitis/lab2b_application/_ide/bitstream/download.bit
targets -set -nocase -filter {name =~ "*microblaze*#0" && bscan=="USER2" }
loadhw -hw C:/Users/tejasvissapragada/Documents/cs153a/vitis/lab2b_vitis/lab2b_platform/export/lab2b_platform/hw/design_1_wrapper.xsa -regs
configparams mdm-detect-bscan-mask 2
targets -set -nocase -filter {name =~ "*microblaze*#0" && bscan=="USER2" }
rst -system
after 3000
targets -set -nocase -filter {name =~ "*microblaze*#0" && bscan=="USER2" }
dow C:/Users/tejasvissapragada/Documents/cs153a/vitis/lab2b_vitis/lab2b_application/Debug/lab2b_application.elf
----------------End of Script----------------

09:26:06 INFO  : Context for processor 'microblaze_0' is selected.
09:26:06 INFO  : 'con' command is executed.
09:26:06 INFO  : ----------------XSDB Script (After Launch)----------------
targets -set -nocase -filter {name =~ "*microblaze*#0" && bscan=="USER2" }
con
----------------End of Script----------------

09:26:06 INFO  : Launch script is exported to file 'C:\Users\tejasvissapragada\Documents\cs153a\vitis\lab2b_vitis\lab2b_application_system\_ide\scripts\debugger_lab2b_application-default.tcl'
09:27:44 INFO  : Checking for BSP changes to sync application flags for project 'lab2b_application'...
09:27:49 INFO  : Disconnected from the channel tcfchan#23.
09:27:50 INFO  : Connected to target on host '127.0.0.1' and port '3121'.
09:27:59 INFO  : ----------------XSDB Script----------------
connect -url tcp:127.0.0.1:3121
----------------End of Script----------------

09:27:59 ERROR : Could not find FPGA device on the board for connection 'Local'.


Troubleshooting hints:
1. Check whether board is connected to system properly.
2. In case of zynq board, check whether Digilent/Xilinx cable switch settings are correct.
3. If you are using Xilinx Platform Cable USB, ensure that status LED is green.
09:28:23 INFO  : Connected to target on host '127.0.0.1' and port '3121'.
09:28:23 INFO  : Jtag cable 'Digilent Nexys A7 -100T 210292BCFA48A' is selected.
09:28:23 INFO  : 'jtag frequency' command is executed.
09:28:23 INFO  : 'targets -set -filter {jtag_cable_name =~ "Digilent Nexys A7 -100T 210292BCFA48A" && level==0 && jtag_device_ctx=="jsn-Nexys A7 -100T-210292BCFA48A-13631093-0"}' command is executed.
09:28:25 INFO  : Device configured successfully with "C:/Users/tejasvissapragada/Documents/cs153a/vitis/lab2b_vitis/lab2b_application/_ide/bitstream/download.bit"
09:28:26 INFO  : Context for processor 'microblaze_0' is selected.
09:28:26 INFO  : Hardware design and registers information is loaded from 'C:/Users/tejasvissapragada/Documents/cs153a/vitis/lab2b_vitis/lab2b_platform/export/lab2b_platform/hw/design_1_wrapper.xsa'.
09:28:26 INFO  : 'configparams mdm-detect-bscan-mask 2' command is executed.
09:28:26 INFO  : Context for processor 'microblaze_0' is selected.
09:28:26 INFO  : System reset is completed.
09:28:29 INFO  : 'after 3000' command is executed.
09:28:29 INFO  : Context for processor 'microblaze_0' is selected.
09:28:29 INFO  : The application 'C:/Users/tejasvissapragada/Documents/cs153a/vitis/lab2b_vitis/lab2b_application/Debug/lab2b_application.elf' is downloaded to processor 'microblaze_0'.
09:28:29 INFO  : ----------------XSDB Script----------------
connect -url tcp:127.0.0.1:3121
targets -set -filter {jtag_cable_name =~ "Digilent Nexys A7 -100T 210292BCFA48A" && level==0 && jtag_device_ctx=="jsn-Nexys A7 -100T-210292BCFA48A-13631093-0"}
fpga -file C:/Users/tejasvissapragada/Documents/cs153a/vitis/lab2b_vitis/lab2b_application/_ide/bitstream/download.bit
targets -set -nocase -filter {name =~ "*microblaze*#0" && bscan=="USER2" }
loadhw -hw C:/Users/tejasvissapragada/Documents/cs153a/vitis/lab2b_vitis/lab2b_platform/export/lab2b_platform/hw/design_1_wrapper.xsa -regs
configparams mdm-detect-bscan-mask 2
targets -set -nocase -filter {name =~ "*microblaze*#0" && bscan=="USER2" }
rst -system
after 3000
targets -set -nocase -filter {name =~ "*microblaze*#0" && bscan=="USER2" }
dow C:/Users/tejasvissapragada/Documents/cs153a/vitis/lab2b_vitis/lab2b_application/Debug/lab2b_application.elf
----------------End of Script----------------

09:28:29 INFO  : Context for processor 'microblaze_0' is selected.
09:28:29 INFO  : 'con' command is executed.
09:28:29 INFO  : ----------------XSDB Script (After Launch)----------------
targets -set -nocase -filter {name =~ "*microblaze*#0" && bscan=="USER2" }
con
----------------End of Script----------------

09:28:29 INFO  : Launch script is exported to file 'C:\Users\tejasvissapragada\Documents\cs153a\vitis\lab2b_vitis\lab2b_application_system\_ide\scripts\debugger_lab2b_application-default.tcl'
09:34:12 INFO  : Checking for BSP changes to sync application flags for project 'lab2b_application'...
09:34:29 INFO  : Disconnected from the channel tcfchan#24.
09:34:30 INFO  : Connected to target on host '127.0.0.1' and port '3121'.
09:34:40 INFO  : ----------------XSDB Script----------------
connect -url tcp:127.0.0.1:3121
----------------End of Script----------------

09:34:40 ERROR : Could not find FPGA device on the board for connection 'Local'.


Troubleshooting hints:
1. Check whether board is connected to system properly.
2. In case of zynq board, check whether Digilent/Xilinx cable switch settings are correct.
3. If you are using Xilinx Platform Cable USB, ensure that status LED is green.
09:34:42 INFO  : Connected to target on host '127.0.0.1' and port '3121'.
09:34:42 INFO  : Jtag cable 'Digilent Nexys A7 -100T 210292BCFA48A' is selected.
09:34:42 INFO  : 'jtag frequency' command is executed.
09:34:43 INFO  : 'targets -set -filter {jtag_cable_name =~ "Digilent Nexys A7 -100T 210292BCFA48A" && level==0 && jtag_device_ctx=="jsn-Nexys A7 -100T-210292BCFA48A-13631093-0"}' command is executed.
09:34:45 INFO  : Device configured successfully with "C:/Users/tejasvissapragada/Documents/cs153a/vitis/lab2b_vitis/lab2b_application/_ide/bitstream/download.bit"
09:34:45 INFO  : Context for processor 'microblaze_0' is selected.
09:34:45 INFO  : Hardware design and registers information is loaded from 'C:/Users/tejasvissapragada/Documents/cs153a/vitis/lab2b_vitis/lab2b_platform/export/lab2b_platform/hw/design_1_wrapper.xsa'.
09:34:45 INFO  : 'configparams mdm-detect-bscan-mask 2' command is executed.
09:34:45 INFO  : Context for processor 'microblaze_0' is selected.
09:34:45 INFO  : System reset is completed.
09:34:48 INFO  : 'after 3000' command is executed.
09:34:48 INFO  : Context for processor 'microblaze_0' is selected.
09:34:48 INFO  : The application 'C:/Users/tejasvissapragada/Documents/cs153a/vitis/lab2b_vitis/lab2b_application/Debug/lab2b_application.elf' is downloaded to processor 'microblaze_0'.
09:34:48 INFO  : ----------------XSDB Script----------------
connect -url tcp:127.0.0.1:3121
targets -set -filter {jtag_cable_name =~ "Digilent Nexys A7 -100T 210292BCFA48A" && level==0 && jtag_device_ctx=="jsn-Nexys A7 -100T-210292BCFA48A-13631093-0"}
fpga -file C:/Users/tejasvissapragada/Documents/cs153a/vitis/lab2b_vitis/lab2b_application/_ide/bitstream/download.bit
targets -set -nocase -filter {name =~ "*microblaze*#0" && bscan=="USER2" }
loadhw -hw C:/Users/tejasvissapragada/Documents/cs153a/vitis/lab2b_vitis/lab2b_platform/export/lab2b_platform/hw/design_1_wrapper.xsa -regs
configparams mdm-detect-bscan-mask 2
targets -set -nocase -filter {name =~ "*microblaze*#0" && bscan=="USER2" }
rst -system
after 3000
targets -set -nocase -filter {name =~ "*microblaze*#0" && bscan=="USER2" }
dow C:/Users/tejasvissapragada/Documents/cs153a/vitis/lab2b_vitis/lab2b_application/Debug/lab2b_application.elf
----------------End of Script----------------

09:34:48 INFO  : Context for processor 'microblaze_0' is selected.
09:34:48 INFO  : 'con' command is executed.
09:34:48 INFO  : ----------------XSDB Script (After Launch)----------------
targets -set -nocase -filter {name =~ "*microblaze*#0" && bscan=="USER2" }
con
----------------End of Script----------------

09:34:48 INFO  : Launch script is exported to file 'C:\Users\tejasvissapragada\Documents\cs153a\vitis\lab2b_vitis\lab2b_application_system\_ide\scripts\debugger_lab2b_application-default.tcl'
09:37:35 INFO  : Checking for BSP changes to sync application flags for project 'lab2b_application'...
09:37:40 INFO  : Disconnected from the channel tcfchan#25.
09:37:41 INFO  : Connected to target on host '127.0.0.1' and port '3121'.
09:37:50 INFO  : ----------------XSDB Script----------------
connect -url tcp:127.0.0.1:3121
----------------End of Script----------------

09:37:50 ERROR : Could not find FPGA device on the board for connection 'Local'.


Troubleshooting hints:
1. Check whether board is connected to system properly.
2. In case of zynq board, check whether Digilent/Xilinx cable switch settings are correct.
3. If you are using Xilinx Platform Cable USB, ensure that status LED is green.
09:38:24 INFO  : Checking for BSP changes to sync application flags for project 'lab2b_application'...
09:38:27 INFO  : Connected to target on host '127.0.0.1' and port '3121'.
09:38:27 INFO  : Jtag cable 'Digilent Nexys A7 -100T 210292BCFA48A' is selected.
09:38:27 INFO  : 'jtag frequency' command is executed.
09:38:27 INFO  : 'targets -set -filter {jtag_cable_name =~ "Digilent Nexys A7 -100T 210292BCFA48A" && level==0 && jtag_device_ctx=="jsn-Nexys A7 -100T-210292BCFA48A-13631093-0"}' command is executed.
09:38:30 INFO  : Device configured successfully with "C:/Users/tejasvissapragada/Documents/cs153a/vitis/lab2b_vitis/lab2b_application/_ide/bitstream/download.bit"
09:38:30 INFO  : Context for processor 'microblaze_0' is selected.
09:38:30 INFO  : Hardware design and registers information is loaded from 'C:/Users/tejasvissapragada/Documents/cs153a/vitis/lab2b_vitis/lab2b_platform/export/lab2b_platform/hw/design_1_wrapper.xsa'.
09:38:30 INFO  : 'configparams mdm-detect-bscan-mask 2' command is executed.
09:38:30 INFO  : Context for processor 'microblaze_0' is selected.
09:38:30 INFO  : System reset is completed.
09:38:33 INFO  : 'after 3000' command is executed.
09:38:33 INFO  : Context for processor 'microblaze_0' is selected.
09:38:33 INFO  : The application 'C:/Users/tejasvissapragada/Documents/cs153a/vitis/lab2b_vitis/lab2b_application/Debug/lab2b_application.elf' is downloaded to processor 'microblaze_0'.
09:38:33 INFO  : ----------------XSDB Script----------------
connect -url tcp:127.0.0.1:3121
targets -set -filter {jtag_cable_name =~ "Digilent Nexys A7 -100T 210292BCFA48A" && level==0 && jtag_device_ctx=="jsn-Nexys A7 -100T-210292BCFA48A-13631093-0"}
fpga -file C:/Users/tejasvissapragada/Documents/cs153a/vitis/lab2b_vitis/lab2b_application/_ide/bitstream/download.bit
targets -set -nocase -filter {name =~ "*microblaze*#0" && bscan=="USER2" }
loadhw -hw C:/Users/tejasvissapragada/Documents/cs153a/vitis/lab2b_vitis/lab2b_platform/export/lab2b_platform/hw/design_1_wrapper.xsa -regs
configparams mdm-detect-bscan-mask 2
targets -set -nocase -filter {name =~ "*microblaze*#0" && bscan=="USER2" }
rst -system
after 3000
targets -set -nocase -filter {name =~ "*microblaze*#0" && bscan=="USER2" }
dow C:/Users/tejasvissapragada/Documents/cs153a/vitis/lab2b_vitis/lab2b_application/Debug/lab2b_application.elf
----------------End of Script----------------

09:38:33 INFO  : Context for processor 'microblaze_0' is selected.
09:38:33 INFO  : 'con' command is executed.
09:38:33 INFO  : ----------------XSDB Script (After Launch)----------------
targets -set -nocase -filter {name =~ "*microblaze*#0" && bscan=="USER2" }
con
----------------End of Script----------------

09:38:33 INFO  : Launch script is exported to file 'C:\Users\tejasvissapragada\Documents\cs153a\vitis\lab2b_vitis\lab2b_application_system\_ide\scripts\debugger_lab2b_application-default.tcl'
09:39:13 INFO  : Checking for BSP changes to sync application flags for project 'lab2b_application'...
09:39:19 INFO  : Disconnected from the channel tcfchan#26.
09:39:20 INFO  : Connected to target on host '127.0.0.1' and port '3121'.
09:39:29 INFO  : ----------------XSDB Script----------------
connect -url tcp:127.0.0.1:3121
----------------End of Script----------------

09:39:29 ERROR : Could not find FPGA device on the board for connection 'Local'.


Troubleshooting hints:
1. Check whether board is connected to system properly.
2. In case of zynq board, check whether Digilent/Xilinx cable switch settings are correct.
3. If you are using Xilinx Platform Cable USB, ensure that status LED is green.
09:39:33 INFO  : Connected to target on host '127.0.0.1' and port '3121'.
09:39:33 INFO  : Jtag cable 'Digilent Nexys A7 -100T 210292BCFA48A' is selected.
09:39:33 INFO  : 'jtag frequency' command is executed.
09:39:33 INFO  : 'targets -set -filter {jtag_cable_name =~ "Digilent Nexys A7 -100T 210292BCFA48A" && level==0 && jtag_device_ctx=="jsn-Nexys A7 -100T-210292BCFA48A-13631093-0"}' command is executed.
09:39:35 INFO  : Device configured successfully with "C:/Users/tejasvissapragada/Documents/cs153a/vitis/lab2b_vitis/lab2b_application/_ide/bitstream/download.bit"
09:39:35 INFO  : Context for processor 'microblaze_0' is selected.
09:39:35 INFO  : Hardware design and registers information is loaded from 'C:/Users/tejasvissapragada/Documents/cs153a/vitis/lab2b_vitis/lab2b_platform/export/lab2b_platform/hw/design_1_wrapper.xsa'.
09:39:35 INFO  : 'configparams mdm-detect-bscan-mask 2' command is executed.
09:39:35 INFO  : Context for processor 'microblaze_0' is selected.
09:39:35 INFO  : System reset is completed.
09:39:38 INFO  : 'after 3000' command is executed.
09:39:38 INFO  : Context for processor 'microblaze_0' is selected.
09:39:38 INFO  : The application 'C:/Users/tejasvissapragada/Documents/cs153a/vitis/lab2b_vitis/lab2b_application/Debug/lab2b_application.elf' is downloaded to processor 'microblaze_0'.
09:39:38 INFO  : ----------------XSDB Script----------------
connect -url tcp:127.0.0.1:3121
targets -set -filter {jtag_cable_name =~ "Digilent Nexys A7 -100T 210292BCFA48A" && level==0 && jtag_device_ctx=="jsn-Nexys A7 -100T-210292BCFA48A-13631093-0"}
fpga -file C:/Users/tejasvissapragada/Documents/cs153a/vitis/lab2b_vitis/lab2b_application/_ide/bitstream/download.bit
targets -set -nocase -filter {name =~ "*microblaze*#0" && bscan=="USER2" }
loadhw -hw C:/Users/tejasvissapragada/Documents/cs153a/vitis/lab2b_vitis/lab2b_platform/export/lab2b_platform/hw/design_1_wrapper.xsa -regs
configparams mdm-detect-bscan-mask 2
targets -set -nocase -filter {name =~ "*microblaze*#0" && bscan=="USER2" }
rst -system
after 3000
targets -set -nocase -filter {name =~ "*microblaze*#0" && bscan=="USER2" }
dow C:/Users/tejasvissapragada/Documents/cs153a/vitis/lab2b_vitis/lab2b_application/Debug/lab2b_application.elf
----------------End of Script----------------

09:39:38 INFO  : Context for processor 'microblaze_0' is selected.
09:39:38 INFO  : 'con' command is executed.
09:39:38 INFO  : ----------------XSDB Script (After Launch)----------------
targets -set -nocase -filter {name =~ "*microblaze*#0" && bscan=="USER2" }
con
----------------End of Script----------------

09:39:38 INFO  : Launch script is exported to file 'C:\Users\tejasvissapragada\Documents\cs153a\vitis\lab2b_vitis\lab2b_application_system\_ide\scripts\debugger_lab2b_application-default.tcl'
09:45:42 INFO  : Checking for BSP changes to sync application flags for project 'lab2b_application'...
09:46:24 INFO  : Checking for BSP changes to sync application flags for project 'lab2b_application'...
09:46:39 INFO  : Checking for BSP changes to sync application flags for project 'lab2b_application'...
09:47:11 INFO  : Checking for BSP changes to sync application flags for project 'lab2b_application'...
09:47:41 INFO  : Checking for BSP changes to sync application flags for project 'lab2b_application'...
09:51:51 INFO  : Checking for BSP changes to sync application flags for project 'lab2b_application'...
09:52:16 INFO  : Checking for BSP changes to sync application flags for project 'lab2b_application'...
09:53:59 INFO  : Checking for BSP changes to sync application flags for project 'lab2b_application'...
13:22:08 DEBUG : Logs will be stored at 'C:/Users/ranchen/Documents/GitHub/cs153a/vitis/lab2b_vitis/IDE.log'.
13:22:08 INFO  : Launching XSCT server: xsct.bat -n  -interactive C:\Users\ranchen\Documents\GitHub\cs153a\vitis\lab2b_vitis\temp_xsdb_launch_script.tcl
13:22:14 INFO  : XSCT server has started successfully.
13:22:14 INFO  : Successfully done setting XSCT server connection channel  
13:22:14 INFO  : plnx-install-location is set to ''
13:22:14 INFO  : Successfully done setting workspace for the tool. 
13:22:20 INFO  : Registering command handlers for Vitis TCF services
13:22:21 INFO  : Successfully done query RDI_DATADIR 
13:22:22 INFO  : Platform repository initialization has completed.
14:23:40 INFO  : Result from executing command 'getProjects': lab2b_platform
14:23:40 INFO  : Result from executing command 'getPlatforms': xilinx_vck190_base_202210_1|C:/Xilinx/Vitis/2022.1/base_platforms/xilinx_vck190_base_202210_1/xilinx_vck190_base_202210_1.xpfm;xilinx_vck190_base_dfx_202210_1|C:/Xilinx/Vitis/2022.1/base_platforms/xilinx_vck190_base_dfx_202210_1/xilinx_vck190_base_dfx_202210_1.xpfm;xilinx_vmk180_base_202210_1|C:/Xilinx/Vitis/2022.1/base_platforms/xilinx_vmk180_base_202210_1/xilinx_vmk180_base_202210_1.xpfm;xilinx_zcu102_base_202210_1|C:/Xilinx/Vitis/2022.1/base_platforms/xilinx_zcu102_base_202210_1/xilinx_zcu102_base_202210_1.xpfm;xilinx_zcu102_base_dfx_202210_1|C:/Xilinx/Vitis/2022.1/base_platforms/xilinx_zcu102_base_dfx_202210_1/xilinx_zcu102_base_dfx_202210_1.xpfm;xilinx_zcu104_base_202210_1|C:/Xilinx/Vitis/2022.1/base_platforms/xilinx_zcu104_base_202210_1/xilinx_zcu104_base_202210_1.xpfm
14:23:41 INFO  : Checking for BSP changes to sync application flags for project 'lab2b_application'...
14:24:00 INFO  : Connected to target on host '127.0.0.1' and port '3121'.
14:24:10 INFO  : ----------------XSDB Script----------------
connect -url tcp:127.0.0.1:3121
----------------End of Script----------------

14:24:10 ERROR : Could not find FPGA device on the board for connection 'Local'.


Troubleshooting hints:
1. Check whether board is connected to system properly.
2. In case of zynq board, check whether Digilent/Xilinx cable switch settings are correct.
3. If you are using Xilinx Platform Cable USB, ensure that status LED is green.
14:24:26 INFO  : Connected to target on host '127.0.0.1' and port '3121'.
14:24:35 INFO  : ----------------XSDB Script----------------
connect -url tcp:127.0.0.1:3121
----------------End of Script----------------

14:24:35 ERROR : Could not find FPGA device on the board for connection 'Local'.


Troubleshooting hints:
1. Check whether board is connected to system properly.
2. In case of zynq board, check whether Digilent/Xilinx cable switch settings are correct.
3. If you are using Xilinx Platform Cable USB, ensure that status LED is green.
14:45:57 INFO  : Connected to target on host '127.0.0.1' and port '3121'.
14:46:01 INFO  : Checking for BSP changes to sync application flags for project 'lab2b_application'...
14:46:06 INFO  : ----------------XSDB Script----------------
connect -url tcp:127.0.0.1:3121
----------------End of Script----------------

14:46:06 ERROR : Could not find FPGA device on the board for connection 'Local'.


Troubleshooting hints:
1. Check whether board is connected to system properly.
2. In case of zynq board, check whether Digilent/Xilinx cable switch settings are correct.
3. If you are using Xilinx Platform Cable USB, ensure that status LED is green.
14:47:07 INFO  : Checking for BSP changes to sync application flags for project 'lab2b_application'...
14:47:14 INFO  : Connected to target on host '127.0.0.1' and port '3121'.
14:47:23 INFO  : ----------------XSDB Script----------------
connect -url tcp:127.0.0.1:3121
----------------End of Script----------------

14:47:23 ERROR : Could not find FPGA device on the board for connection 'Local'.


Troubleshooting hints:
1. Check whether board is connected to system properly.
2. In case of zynq board, check whether Digilent/Xilinx cable switch settings are correct.
3. If you are using Xilinx Platform Cable USB, ensure that status LED is green.
14:47:26 INFO  : Connected to target on host '127.0.0.1' and port '3121'.
14:47:35 INFO  : ----------------XSDB Script----------------
connect -url tcp:127.0.0.1:3121
----------------End of Script----------------

14:47:35 ERROR : Could not find FPGA device on the board for connection 'Local'.


Troubleshooting hints:
1. Check whether board is connected to system properly.
2. In case of zynq board, check whether Digilent/Xilinx cable switch settings are correct.
3. If you are using Xilinx Platform Cable USB, ensure that status LED is green.
16:17:25 DEBUG : Logs will be stored at 'C:/Users/ranchen/Documents/GitHub/cs153a/vitis/lab2b_vitis/IDE.log'.
16:17:26 INFO  : Launching XSCT server: xsct.bat -n  -interactive C:\Users\ranchen\Documents\GitHub\cs153a\vitis\lab2b_vitis\temp_xsdb_launch_script.tcl
16:17:30 INFO  : XSCT server has started successfully.
16:17:30 INFO  : Successfully done setting XSCT server connection channel  
16:17:30 INFO  : plnx-install-location is set to ''
16:17:30 INFO  : Successfully done setting workspace for the tool. 
16:17:38 INFO  : Registering command handlers for Vitis TCF services
16:17:38 INFO  : Successfully done query RDI_DATADIR 
16:17:39 INFO  : Platform repository initialization has completed.
16:22:22 INFO  : Checking for BSP changes to sync application flags for project 'lab2b_application'...
16:22:29 INFO  : Connected to target on host '127.0.0.1' and port '3121'.
16:22:47 INFO  : ----------------XSDB Script----------------
connect -url tcp:127.0.0.1:3121
----------------End of Script----------------

16:22:47 ERROR : Could not find FPGA device on the board for connection 'Local'.


Troubleshooting hints:
1. Check whether board is connected to system properly.
2. In case of zynq board, check whether Digilent/Xilinx cable switch settings are correct.
3. If you are using Xilinx Platform Cable USB, ensure that status LED is green.
16:22:47 INFO  : Connected to target on host '127.0.0.1' and port '3121'.
16:23:05 INFO  : ----------------XSDB Script----------------
connect -url tcp:127.0.0.1:3121
----------------End of Script----------------

16:23:05 ERROR : Could not find FPGA device on the board for connection 'Local'.


Troubleshooting hints:
1. Check whether board is connected to system properly.
2. In case of zynq board, check whether Digilent/Xilinx cable switch settings are correct.
3. If you are using Xilinx Platform Cable USB, ensure that status LED is green.
16:23:06 INFO  : Connected to target on host '127.0.0.1' and port '3121'.
16:23:09 INFO  : Connected to target on host '127.0.0.1' and port '3121'.
16:23:27 INFO  : ----------------XSDB Script----------------
connect -url tcp:127.0.0.1:3121
----------------End of Script----------------

16:23:27 ERROR : Could not find FPGA device on the board for connection 'Local'.


Troubleshooting hints:
1. Check whether board is connected to system properly.
2. In case of zynq board, check whether Digilent/Xilinx cable switch settings are correct.
3. If you are using Xilinx Platform Cable USB, ensure that status LED is green.
16:23:30 INFO  : ----------------XSDB Script----------------
connect -url tcp:127.0.0.1:3121
----------------End of Script----------------

16:23:30 ERROR : Could not find FPGA device on the board for connection 'Local'.


Troubleshooting hints:
1. Check whether board is connected to system properly.
2. In case of zynq board, check whether Digilent/Xilinx cable switch settings are correct.
3. If you are using Xilinx Platform Cable USB, ensure that status LED is green.
16:23:34 INFO  : Connected to target on host '127.0.0.1' and port '3121'.
16:23:52 INFO  : ----------------XSDB Script----------------
connect -url tcp:127.0.0.1:3121
----------------End of Script----------------

16:23:52 ERROR : Could not find FPGA device on the board for connection 'Local'.


Troubleshooting hints:
1. Check whether board is connected to system properly.
2. In case of zynq board, check whether Digilent/Xilinx cable switch settings are correct.
3. If you are using Xilinx Platform Cable USB, ensure that status LED is green.
16:24:10 INFO  : Connected to target on host '127.0.0.1' and port '3121'.
16:24:28 INFO  : ----------------XSDB Script----------------
connect -url tcp:127.0.0.1:3121
----------------End of Script----------------

16:24:28 ERROR : Could not find FPGA device on the board for connection 'Local'.


Troubleshooting hints:
1. Check whether board is connected to system properly.
2. In case of zynq board, check whether Digilent/Xilinx cable switch settings are correct.
3. If you are using Xilinx Platform Cable USB, ensure that status LED is green.
16:26:45 DEBUG : Logs will be stored at 'C:/Users/ranchen/Documents/GitHub/cs153a/vitis/lab2b_vitis/IDE.log'.
16:26:46 INFO  : Launching XSCT server: xsct.bat -n  -interactive C:\Users\ranchen\Documents\GitHub\cs153a\vitis\lab2b_vitis\temp_xsdb_launch_script.tcl
16:26:50 INFO  : XSCT server has started successfully.
16:26:50 INFO  : plnx-install-location is set to ''
16:26:50 INFO  : Successfully done setting XSCT server connection channel  
16:26:50 INFO  : Successfully done setting workspace for the tool. 
16:26:57 INFO  : Registering command handlers for Vitis TCF services
16:26:57 INFO  : Successfully done query RDI_DATADIR 
16:26:57 INFO  : Checking for BSP changes to sync application flags for project 'lab2b_application'...
16:26:58 INFO  : Platform repository initialization has completed.
16:27:04 INFO  : Connected to target on host '127.0.0.1' and port '3121'.
16:27:06 INFO  : Jtag cable 'Digilent Nexys A7 -100T 210292BCFA48A' is selected.
16:27:06 INFO  : 'jtag frequency' command is executed.
16:27:06 INFO  : 'targets -set -filter {jtag_cable_name =~ "Digilent Nexys A7 -100T 210292BCFA48A" && level==0 && jtag_device_ctx=="jsn-Nexys A7 -100T-210292BCFA48A-13631093-0"}' command is executed.
16:27:09 INFO  : Device configured successfully with "C:/Users/ranchen/Documents/GitHub/cs153a/vitis/lab2b_vitis/lab2b_application/_ide/bitstream/download.bit"
16:27:09 INFO  : Context for processor 'microblaze_0' is selected.
16:27:09 INFO  : Hardware design and registers information is loaded from 'C:/Users/ranchen/Documents/GitHub/cs153a/vitis/lab2b_vitis/lab2b_platform/export/lab2b_platform/hw/design_1_wrapper.xsa'.
16:27:09 INFO  : 'configparams mdm-detect-bscan-mask 2' command is executed.
16:27:10 INFO  : Context for processor 'microblaze_0' is selected.
16:27:10 INFO  : System reset is completed.
16:27:13 INFO  : 'after 3000' command is executed.
16:27:14 INFO  : Context for processor 'microblaze_0' is selected.
16:27:14 INFO  : The application 'C:/Users/ranchen/Documents/GitHub/cs153a/vitis/lab2b_vitis/lab2b_application/Debug/lab2b_application.elf' is downloaded to processor 'microblaze_0'.
16:27:14 INFO  : ----------------XSDB Script----------------
connect -url tcp:127.0.0.1:3121
targets -set -filter {jtag_cable_name =~ "Digilent Nexys A7 -100T 210292BCFA48A" && level==0 && jtag_device_ctx=="jsn-Nexys A7 -100T-210292BCFA48A-13631093-0"}
fpga -file C:/Users/ranchen/Documents/GitHub/cs153a/vitis/lab2b_vitis/lab2b_application/_ide/bitstream/download.bit
targets -set -nocase -filter {name =~ "*microblaze*#0" && bscan=="USER2" }
loadhw -hw C:/Users/ranchen/Documents/GitHub/cs153a/vitis/lab2b_vitis/lab2b_platform/export/lab2b_platform/hw/design_1_wrapper.xsa -regs
configparams mdm-detect-bscan-mask 2
targets -set -nocase -filter {name =~ "*microblaze*#0" && bscan=="USER2" }
rst -system
after 3000
targets -set -nocase -filter {name =~ "*microblaze*#0" && bscan=="USER2" }
dow C:/Users/ranchen/Documents/GitHub/cs153a/vitis/lab2b_vitis/lab2b_application/Debug/lab2b_application.elf
----------------End of Script----------------

16:27:15 INFO  : Context for processor 'microblaze_0' is selected.
16:27:15 INFO  : 'con' command is executed.
16:27:15 INFO  : ----------------XSDB Script (After Launch)----------------
targets -set -nocase -filter {name =~ "*microblaze*#0" && bscan=="USER2" }
con
----------------End of Script----------------

16:27:15 INFO  : Launch script is exported to file 'C:\Users\ranchen\Documents\GitHub\cs153a\vitis\lab2b_vitis\lab2b_application_system\_ide\scripts\debugger_lab2b_application-default.tcl'
17:05:49 INFO  : Checking for BSP changes to sync application flags for project 'lab2b_application'...
17:05:51 INFO  : Disconnected from the channel tcfchan#1.
17:05:52 INFO  : Connected to target on host '127.0.0.1' and port '3121'.
17:06:02 INFO  : ----------------XSDB Script----------------
connect -url tcp:127.0.0.1:3121
----------------End of Script----------------

17:06:02 ERROR : Could not find FPGA device on the board for connection 'Local'.


Troubleshooting hints:
1. Check whether board is connected to system properly.
2. In case of zynq board, check whether Digilent/Xilinx cable switch settings are correct.
3. If you are using Xilinx Platform Cable USB, ensure that status LED is green.
17:06:04 INFO  : Connected to target on host '127.0.0.1' and port '3121'.
17:06:04 INFO  : Jtag cable 'Digilent Nexys A7 -100T 210292BCFA48A' is selected.
17:06:04 INFO  : 'jtag frequency' command is executed.
17:06:04 INFO  : 'targets -set -filter {jtag_cable_name =~ "Digilent Nexys A7 -100T 210292BCFA48A" && level==0 && jtag_device_ctx=="jsn-Nexys A7 -100T-210292BCFA48A-13631093-0"}' command is executed.
17:06:07 INFO  : Device configured successfully with "C:/Users/ranchen/Documents/GitHub/cs153a/vitis/lab2b_vitis/lab2b_application/_ide/bitstream/download.bit"
17:06:07 INFO  : Context for processor 'microblaze_0' is selected.
17:06:07 INFO  : Hardware design and registers information is loaded from 'C:/Users/ranchen/Documents/GitHub/cs153a/vitis/lab2b_vitis/lab2b_platform/export/lab2b_platform/hw/design_1_wrapper.xsa'.
17:06:07 INFO  : 'configparams mdm-detect-bscan-mask 2' command is executed.
17:06:07 INFO  : Context for processor 'microblaze_0' is selected.
17:06:07 INFO  : System reset is completed.
17:06:10 INFO  : 'after 3000' command is executed.
17:06:10 INFO  : Context for processor 'microblaze_0' is selected.
17:06:11 INFO  : The application 'C:/Users/ranchen/Documents/GitHub/cs153a/vitis/lab2b_vitis/lab2b_application/Debug/lab2b_application.elf' is downloaded to processor 'microblaze_0'.
17:06:11 INFO  : ----------------XSDB Script----------------
connect -url tcp:127.0.0.1:3121
targets -set -filter {jtag_cable_name =~ "Digilent Nexys A7 -100T 210292BCFA48A" && level==0 && jtag_device_ctx=="jsn-Nexys A7 -100T-210292BCFA48A-13631093-0"}
fpga -file C:/Users/ranchen/Documents/GitHub/cs153a/vitis/lab2b_vitis/lab2b_application/_ide/bitstream/download.bit
targets -set -nocase -filter {name =~ "*microblaze*#0" && bscan=="USER2" }
loadhw -hw C:/Users/ranchen/Documents/GitHub/cs153a/vitis/lab2b_vitis/lab2b_platform/export/lab2b_platform/hw/design_1_wrapper.xsa -regs
configparams mdm-detect-bscan-mask 2
targets -set -nocase -filter {name =~ "*microblaze*#0" && bscan=="USER2" }
rst -system
after 3000
targets -set -nocase -filter {name =~ "*microblaze*#0" && bscan=="USER2" }
dow C:/Users/ranchen/Documents/GitHub/cs153a/vitis/lab2b_vitis/lab2b_application/Debug/lab2b_application.elf
----------------End of Script----------------

17:06:11 INFO  : Context for processor 'microblaze_0' is selected.
17:06:11 INFO  : 'con' command is executed.
17:06:11 INFO  : ----------------XSDB Script (After Launch)----------------
targets -set -nocase -filter {name =~ "*microblaze*#0" && bscan=="USER2" }
con
----------------End of Script----------------

17:06:11 INFO  : Launch script is exported to file 'C:\Users\ranchen\Documents\GitHub\cs153a\vitis\lab2b_vitis\lab2b_application_system\_ide\scripts\debugger_lab2b_application-default.tcl'
17:07:23 INFO  : Checking for BSP changes to sync application flags for project 'lab2b_application'...
17:07:35 INFO  : Checking for BSP changes to sync application flags for project 'lab2b_application'...
17:07:39 INFO  : Disconnected from the channel tcfchan#2.
17:07:40 INFO  : Connected to target on host '127.0.0.1' and port '3121'.
17:07:50 INFO  : ----------------XSDB Script----------------
connect -url tcp:127.0.0.1:3121
----------------End of Script----------------

17:07:50 ERROR : Could not find FPGA device on the board for connection 'Local'.


Troubleshooting hints:
1. Check whether board is connected to system properly.
2. In case of zynq board, check whether Digilent/Xilinx cable switch settings are correct.
3. If you are using Xilinx Platform Cable USB, ensure that status LED is green.
17:08:05 INFO  : Connected to target on host '127.0.0.1' and port '3121'.
17:08:05 INFO  : Jtag cable 'Digilent Nexys A7 -100T 210292BCFA48A' is selected.
17:08:05 INFO  : 'jtag frequency' command is executed.
17:08:05 INFO  : 'targets -set -filter {jtag_cable_name =~ "Digilent Nexys A7 -100T 210292BCFA48A" && level==0 && jtag_device_ctx=="jsn-Nexys A7 -100T-210292BCFA48A-13631093-0"}' command is executed.
17:08:07 INFO  : Device configured successfully with "C:/Users/ranchen/Documents/GitHub/cs153a/vitis/lab2b_vitis/lab2b_application/_ide/bitstream/download.bit"
17:08:07 INFO  : Context for processor 'microblaze_0' is selected.
17:08:08 INFO  : Hardware design and registers information is loaded from 'C:/Users/ranchen/Documents/GitHub/cs153a/vitis/lab2b_vitis/lab2b_platform/export/lab2b_platform/hw/design_1_wrapper.xsa'.
17:08:08 INFO  : 'configparams mdm-detect-bscan-mask 2' command is executed.
17:08:08 INFO  : Context for processor 'microblaze_0' is selected.
17:08:08 INFO  : System reset is completed.
17:08:11 INFO  : 'after 3000' command is executed.
17:08:11 INFO  : Context for processor 'microblaze_0' is selected.
17:08:11 INFO  : The application 'C:/Users/ranchen/Documents/GitHub/cs153a/vitis/lab2b_vitis/lab2b_application/Debug/lab2b_application.elf' is downloaded to processor 'microblaze_0'.
17:08:11 INFO  : ----------------XSDB Script----------------
connect -url tcp:127.0.0.1:3121
targets -set -filter {jtag_cable_name =~ "Digilent Nexys A7 -100T 210292BCFA48A" && level==0 && jtag_device_ctx=="jsn-Nexys A7 -100T-210292BCFA48A-13631093-0"}
fpga -file C:/Users/ranchen/Documents/GitHub/cs153a/vitis/lab2b_vitis/lab2b_application/_ide/bitstream/download.bit
targets -set -nocase -filter {name =~ "*microblaze*#0" && bscan=="USER2" }
loadhw -hw C:/Users/ranchen/Documents/GitHub/cs153a/vitis/lab2b_vitis/lab2b_platform/export/lab2b_platform/hw/design_1_wrapper.xsa -regs
configparams mdm-detect-bscan-mask 2
targets -set -nocase -filter {name =~ "*microblaze*#0" && bscan=="USER2" }
rst -system
after 3000
targets -set -nocase -filter {name =~ "*microblaze*#0" && bscan=="USER2" }
dow C:/Users/ranchen/Documents/GitHub/cs153a/vitis/lab2b_vitis/lab2b_application/Debug/lab2b_application.elf
----------------End of Script----------------

17:08:11 INFO  : Context for processor 'microblaze_0' is selected.
17:08:11 INFO  : 'con' command is executed.
17:08:11 INFO  : ----------------XSDB Script (After Launch)----------------
targets -set -nocase -filter {name =~ "*microblaze*#0" && bscan=="USER2" }
con
----------------End of Script----------------

17:08:11 INFO  : Launch script is exported to file 'C:\Users\ranchen\Documents\GitHub\cs153a\vitis\lab2b_vitis\lab2b_application_system\_ide\scripts\debugger_lab2b_application-default.tcl'
17:11:41 INFO  : Checking for BSP changes to sync application flags for project 'lab2b_application'...
17:11:44 INFO  : Disconnected from the channel tcfchan#3.
17:11:45 INFO  : Connected to target on host '127.0.0.1' and port '3121'.
17:11:54 INFO  : ----------------XSDB Script----------------
connect -url tcp:127.0.0.1:3121
----------------End of Script----------------

17:11:54 ERROR : Could not find FPGA device on the board for connection 'Local'.


Troubleshooting hints:
1. Check whether board is connected to system properly.
2. In case of zynq board, check whether Digilent/Xilinx cable switch settings are correct.
3. If you are using Xilinx Platform Cable USB, ensure that status LED is green.
17:11:58 INFO  : Connected to target on host '127.0.0.1' and port '3121'.
17:11:58 INFO  : Jtag cable 'Digilent Nexys A7 -100T 210292BCFA48A' is selected.
17:11:58 INFO  : 'jtag frequency' command is executed.
17:11:58 INFO  : 'targets -set -filter {jtag_cable_name =~ "Digilent Nexys A7 -100T 210292BCFA48A" && level==0 && jtag_device_ctx=="jsn-Nexys A7 -100T-210292BCFA48A-13631093-0"}' command is executed.
17:12:00 INFO  : Device configured successfully with "C:/Users/ranchen/Documents/GitHub/cs153a/vitis/lab2b_vitis/lab2b_application/_ide/bitstream/download.bit"
17:12:00 INFO  : Context for processor 'microblaze_0' is selected.
17:12:01 INFO  : Hardware design and registers information is loaded from 'C:/Users/ranchen/Documents/GitHub/cs153a/vitis/lab2b_vitis/lab2b_platform/export/lab2b_platform/hw/design_1_wrapper.xsa'.
17:12:01 INFO  : 'configparams mdm-detect-bscan-mask 2' command is executed.
17:12:01 INFO  : Context for processor 'microblaze_0' is selected.
17:12:01 INFO  : System reset is completed.
17:12:04 INFO  : 'after 3000' command is executed.
17:12:04 INFO  : Context for processor 'microblaze_0' is selected.
17:12:04 INFO  : The application 'C:/Users/ranchen/Documents/GitHub/cs153a/vitis/lab2b_vitis/lab2b_application/Debug/lab2b_application.elf' is downloaded to processor 'microblaze_0'.
17:12:04 INFO  : ----------------XSDB Script----------------
connect -url tcp:127.0.0.1:3121
targets -set -filter {jtag_cable_name =~ "Digilent Nexys A7 -100T 210292BCFA48A" && level==0 && jtag_device_ctx=="jsn-Nexys A7 -100T-210292BCFA48A-13631093-0"}
fpga -file C:/Users/ranchen/Documents/GitHub/cs153a/vitis/lab2b_vitis/lab2b_application/_ide/bitstream/download.bit
targets -set -nocase -filter {name =~ "*microblaze*#0" && bscan=="USER2" }
loadhw -hw C:/Users/ranchen/Documents/GitHub/cs153a/vitis/lab2b_vitis/lab2b_platform/export/lab2b_platform/hw/design_1_wrapper.xsa -regs
configparams mdm-detect-bscan-mask 2
targets -set -nocase -filter {name =~ "*microblaze*#0" && bscan=="USER2" }
rst -system
after 3000
targets -set -nocase -filter {name =~ "*microblaze*#0" && bscan=="USER2" }
dow C:/Users/ranchen/Documents/GitHub/cs153a/vitis/lab2b_vitis/lab2b_application/Debug/lab2b_application.elf
----------------End of Script----------------

17:12:04 INFO  : Context for processor 'microblaze_0' is selected.
17:12:04 INFO  : 'con' command is executed.
17:12:04 INFO  : ----------------XSDB Script (After Launch)----------------
targets -set -nocase -filter {name =~ "*microblaze*#0" && bscan=="USER2" }
con
----------------End of Script----------------

17:12:04 INFO  : Launch script is exported to file 'C:\Users\ranchen\Documents\GitHub\cs153a\vitis\lab2b_vitis\lab2b_application_system\_ide\scripts\debugger_lab2b_application-default.tcl'
17:26:41 INFO  : Checking for BSP changes to sync application flags for project 'lab2b_application'...
17:26:58 INFO  : Disconnected from the channel tcfchan#4.
17:26:59 INFO  : Connected to target on host '127.0.0.1' and port '3121'.
17:27:08 INFO  : ----------------XSDB Script----------------
connect -url tcp:127.0.0.1:3121
----------------End of Script----------------

17:27:08 ERROR : Could not find FPGA device on the board for connection 'Local'.


Troubleshooting hints:
1. Check whether board is connected to system properly.
2. In case of zynq board, check whether Digilent/Xilinx cable switch settings are correct.
3. If you are using Xilinx Platform Cable USB, ensure that status LED is green.
17:27:12 INFO  : Connected to target on host '127.0.0.1' and port '3121'.
17:27:12 INFO  : Jtag cable 'Digilent Nexys A7 -100T 210292BCFA48A' is selected.
17:27:12 INFO  : 'jtag frequency' command is executed.
17:27:13 INFO  : 'targets -set -filter {jtag_cable_name =~ "Digilent Nexys A7 -100T 210292BCFA48A" && level==0 && jtag_device_ctx=="jsn-Nexys A7 -100T-210292BCFA48A-13631093-0"}' command is executed.
17:27:15 INFO  : Device configured successfully with "C:/Users/ranchen/Documents/GitHub/cs153a/vitis/lab2b_vitis/lab2b_application/_ide/bitstream/download.bit"
17:27:15 INFO  : Context for processor 'microblaze_0' is selected.
17:27:16 INFO  : Hardware design and registers information is loaded from 'C:/Users/ranchen/Documents/GitHub/cs153a/vitis/lab2b_vitis/lab2b_platform/export/lab2b_platform/hw/design_1_wrapper.xsa'.
17:27:16 INFO  : 'configparams mdm-detect-bscan-mask 2' command is executed.
17:27:16 INFO  : Context for processor 'microblaze_0' is selected.
17:27:16 INFO  : System reset is completed.
17:27:19 INFO  : 'after 3000' command is executed.
17:27:19 INFO  : Context for processor 'microblaze_0' is selected.
17:27:19 INFO  : The application 'C:/Users/ranchen/Documents/GitHub/cs153a/vitis/lab2b_vitis/lab2b_application/Debug/lab2b_application.elf' is downloaded to processor 'microblaze_0'.
17:27:19 INFO  : ----------------XSDB Script----------------
connect -url tcp:127.0.0.1:3121
targets -set -filter {jtag_cable_name =~ "Digilent Nexys A7 -100T 210292BCFA48A" && level==0 && jtag_device_ctx=="jsn-Nexys A7 -100T-210292BCFA48A-13631093-0"}
fpga -file C:/Users/ranchen/Documents/GitHub/cs153a/vitis/lab2b_vitis/lab2b_application/_ide/bitstream/download.bit
targets -set -nocase -filter {name =~ "*microblaze*#0" && bscan=="USER2" }
loadhw -hw C:/Users/ranchen/Documents/GitHub/cs153a/vitis/lab2b_vitis/lab2b_platform/export/lab2b_platform/hw/design_1_wrapper.xsa -regs
configparams mdm-detect-bscan-mask 2
targets -set -nocase -filter {name =~ "*microblaze*#0" && bscan=="USER2" }
rst -system
after 3000
targets -set -nocase -filter {name =~ "*microblaze*#0" && bscan=="USER2" }
dow C:/Users/ranchen/Documents/GitHub/cs153a/vitis/lab2b_vitis/lab2b_application/Debug/lab2b_application.elf
----------------End of Script----------------

17:27:19 INFO  : Context for processor 'microblaze_0' is selected.
17:27:19 INFO  : 'con' command is executed.
17:27:19 INFO  : ----------------XSDB Script (After Launch)----------------
targets -set -nocase -filter {name =~ "*microblaze*#0" && bscan=="USER2" }
con
----------------End of Script----------------

17:27:19 INFO  : Launch script is exported to file 'C:\Users\ranchen\Documents\GitHub\cs153a\vitis\lab2b_vitis\lab2b_application_system\_ide\scripts\debugger_lab2b_application-default.tcl'
17:30:40 INFO  : Checking for BSP changes to sync application flags for project 'lab2b_application'...
17:30:44 INFO  : Disconnected from the channel tcfchan#5.
17:30:45 INFO  : Connected to target on host '127.0.0.1' and port '3121'.
17:30:54 INFO  : ----------------XSDB Script----------------
connect -url tcp:127.0.0.1:3121
----------------End of Script----------------

17:30:54 ERROR : Could not find FPGA device on the board for connection 'Local'.


Troubleshooting hints:
1. Check whether board is connected to system properly.
2. In case of zynq board, check whether Digilent/Xilinx cable switch settings are correct.
3. If you are using Xilinx Platform Cable USB, ensure that status LED is green.
17:31:00 INFO  : Connected to target on host '127.0.0.1' and port '3121'.
17:31:00 INFO  : Jtag cable 'Digilent Nexys A7 -100T 210292BCFA48A' is selected.
17:31:00 INFO  : 'jtag frequency' command is executed.
17:31:00 INFO  : 'targets -set -filter {jtag_cable_name =~ "Digilent Nexys A7 -100T 210292BCFA48A" && level==0 && jtag_device_ctx=="jsn-Nexys A7 -100T-210292BCFA48A-13631093-0"}' command is executed.
17:31:02 INFO  : Device configured successfully with "C:/Users/ranchen/Documents/GitHub/cs153a/vitis/lab2b_vitis/lab2b_application/_ide/bitstream/download.bit"
17:31:02 INFO  : Context for processor 'microblaze_0' is selected.
17:31:03 INFO  : Hardware design and registers information is loaded from 'C:/Users/ranchen/Documents/GitHub/cs153a/vitis/lab2b_vitis/lab2b_platform/export/lab2b_platform/hw/design_1_wrapper.xsa'.
17:31:03 INFO  : 'configparams mdm-detect-bscan-mask 2' command is executed.
17:31:03 INFO  : Context for processor 'microblaze_0' is selected.
17:31:03 INFO  : System reset is completed.
17:31:06 INFO  : 'after 3000' command is executed.
17:31:06 INFO  : Context for processor 'microblaze_0' is selected.
17:31:06 INFO  : The application 'C:/Users/ranchen/Documents/GitHub/cs153a/vitis/lab2b_vitis/lab2b_application/Debug/lab2b_application.elf' is downloaded to processor 'microblaze_0'.
17:31:06 INFO  : ----------------XSDB Script----------------
connect -url tcp:127.0.0.1:3121
targets -set -filter {jtag_cable_name =~ "Digilent Nexys A7 -100T 210292BCFA48A" && level==0 && jtag_device_ctx=="jsn-Nexys A7 -100T-210292BCFA48A-13631093-0"}
fpga -file C:/Users/ranchen/Documents/GitHub/cs153a/vitis/lab2b_vitis/lab2b_application/_ide/bitstream/download.bit
targets -set -nocase -filter {name =~ "*microblaze*#0" && bscan=="USER2" }
loadhw -hw C:/Users/ranchen/Documents/GitHub/cs153a/vitis/lab2b_vitis/lab2b_platform/export/lab2b_platform/hw/design_1_wrapper.xsa -regs
configparams mdm-detect-bscan-mask 2
targets -set -nocase -filter {name =~ "*microblaze*#0" && bscan=="USER2" }
rst -system
after 3000
targets -set -nocase -filter {name =~ "*microblaze*#0" && bscan=="USER2" }
dow C:/Users/ranchen/Documents/GitHub/cs153a/vitis/lab2b_vitis/lab2b_application/Debug/lab2b_application.elf
----------------End of Script----------------

17:31:06 INFO  : Context for processor 'microblaze_0' is selected.
17:31:06 INFO  : 'con' command is executed.
17:31:06 INFO  : ----------------XSDB Script (After Launch)----------------
targets -set -nocase -filter {name =~ "*microblaze*#0" && bscan=="USER2" }
con
----------------End of Script----------------

17:31:06 INFO  : Launch script is exported to file 'C:\Users\ranchen\Documents\GitHub\cs153a\vitis\lab2b_vitis\lab2b_application_system\_ide\scripts\debugger_lab2b_application-default.tcl'
17:40:10 INFO  : Checking for BSP changes to sync application flags for project 'lab2b_application'...
17:40:41 INFO  : Checking for BSP changes to sync application flags for project 'lab2b_application'...
17:40:44 INFO  : Disconnected from the channel tcfchan#6.
17:40:45 INFO  : Connected to target on host '127.0.0.1' and port '3121'.
17:40:55 INFO  : ----------------XSDB Script----------------
connect -url tcp:127.0.0.1:3121
----------------End of Script----------------

17:40:55 ERROR : Could not find FPGA device on the board for connection 'Local'.


Troubleshooting hints:
1. Check whether board is connected to system properly.
2. In case of zynq board, check whether Digilent/Xilinx cable switch settings are correct.
3. If you are using Xilinx Platform Cable USB, ensure that status LED is green.
17:40:59 INFO  : Connected to target on host '127.0.0.1' and port '3121'.
17:40:59 INFO  : Jtag cable 'Digilent Nexys A7 -100T 210292BCFA48A' is selected.
17:40:59 INFO  : 'jtag frequency' command is executed.
17:40:59 INFO  : 'targets -set -filter {jtag_cable_name =~ "Digilent Nexys A7 -100T 210292BCFA48A" && level==0 && jtag_device_ctx=="jsn-Nexys A7 -100T-210292BCFA48A-13631093-0"}' command is executed.
17:41:02 INFO  : Device configured successfully with "C:/Users/ranchen/Documents/GitHub/cs153a/vitis/lab2b_vitis/lab2b_application/_ide/bitstream/download.bit"
17:41:02 INFO  : Context for processor 'microblaze_0' is selected.
17:41:02 INFO  : Hardware design and registers information is loaded from 'C:/Users/ranchen/Documents/GitHub/cs153a/vitis/lab2b_vitis/lab2b_platform/export/lab2b_platform/hw/design_1_wrapper.xsa'.
17:41:02 INFO  : 'configparams mdm-detect-bscan-mask 2' command is executed.
17:41:02 INFO  : Context for processor 'microblaze_0' is selected.
17:41:02 INFO  : System reset is completed.
17:41:05 INFO  : 'after 3000' command is executed.
17:41:05 INFO  : Context for processor 'microblaze_0' is selected.
17:41:06 INFO  : The application 'C:/Users/ranchen/Documents/GitHub/cs153a/vitis/lab2b_vitis/lab2b_application/Debug/lab2b_application.elf' is downloaded to processor 'microblaze_0'.
17:41:06 INFO  : ----------------XSDB Script----------------
connect -url tcp:127.0.0.1:3121
targets -set -filter {jtag_cable_name =~ "Digilent Nexys A7 -100T 210292BCFA48A" && level==0 && jtag_device_ctx=="jsn-Nexys A7 -100T-210292BCFA48A-13631093-0"}
fpga -file C:/Users/ranchen/Documents/GitHub/cs153a/vitis/lab2b_vitis/lab2b_application/_ide/bitstream/download.bit
targets -set -nocase -filter {name =~ "*microblaze*#0" && bscan=="USER2" }
loadhw -hw C:/Users/ranchen/Documents/GitHub/cs153a/vitis/lab2b_vitis/lab2b_platform/export/lab2b_platform/hw/design_1_wrapper.xsa -regs
configparams mdm-detect-bscan-mask 2
targets -set -nocase -filter {name =~ "*microblaze*#0" && bscan=="USER2" }
rst -system
after 3000
targets -set -nocase -filter {name =~ "*microblaze*#0" && bscan=="USER2" }
dow C:/Users/ranchen/Documents/GitHub/cs153a/vitis/lab2b_vitis/lab2b_application/Debug/lab2b_application.elf
----------------End of Script----------------

17:41:06 INFO  : Context for processor 'microblaze_0' is selected.
17:41:06 INFO  : 'con' command is executed.
17:41:06 INFO  : ----------------XSDB Script (After Launch)----------------
targets -set -nocase -filter {name =~ "*microblaze*#0" && bscan=="USER2" }
con
----------------End of Script----------------

17:41:06 INFO  : Launch script is exported to file 'C:\Users\ranchen\Documents\GitHub\cs153a\vitis\lab2b_vitis\lab2b_application_system\_ide\scripts\debugger_lab2b_application-default.tcl'
17:42:22 INFO  : Checking for BSP changes to sync application flags for project 'lab2b_application'...
17:42:27 INFO  : Disconnected from the channel tcfchan#7.
17:42:28 INFO  : Connected to target on host '127.0.0.1' and port '3121'.
17:42:31 INFO  : Connected to target on host '127.0.0.1' and port '3121'.
17:42:31 INFO  : Jtag cable 'Digilent Nexys A7 -100T 210292BCFA48A' is selected.
17:42:31 INFO  : 'jtag frequency' command is executed.
17:42:31 INFO  : 'targets -set -filter {jtag_cable_name =~ "Digilent Nexys A7 -100T 210292BCFA48A" && level==0 && jtag_device_ctx=="jsn-Nexys A7 -100T-210292BCFA48A-13631093-0"}' command is executed.
17:42:33 INFO  : Device configured successfully with "C:/Users/ranchen/Documents/GitHub/cs153a/vitis/lab2b_vitis/lab2b_application/_ide/bitstream/download.bit"
17:42:33 INFO  : Context for processor 'microblaze_0' is selected.
17:42:34 INFO  : Hardware design and registers information is loaded from 'C:/Users/ranchen/Documents/GitHub/cs153a/vitis/lab2b_vitis/lab2b_platform/export/lab2b_platform/hw/design_1_wrapper.xsa'.
17:42:37 INFO  : ----------------XSDB Script----------------
connect -url tcp:127.0.0.1:3121
----------------End of Script----------------

17:42:37 ERROR : Could not find FPGA device on the board for connection 'Local'.


Troubleshooting hints:
1. Check whether board is connected to system properly.
2. In case of zynq board, check whether Digilent/Xilinx cable switch settings are correct.
3. If you are using Xilinx Platform Cable USB, ensure that status LED is green.
17:42:37 INFO  : 'configparams mdm-detect-bscan-mask 2' command is executed.
17:42:37 INFO  : Context for processor 'microblaze_0' is selected.
17:42:37 INFO  : System reset is completed.
17:42:40 INFO  : 'after 3000' command is executed.
17:42:40 INFO  : Context for processor 'microblaze_0' is selected.
17:42:41 INFO  : The application 'C:/Users/ranchen/Documents/GitHub/cs153a/vitis/lab2b_vitis/lab2b_application/Debug/lab2b_application.elf' is downloaded to processor 'microblaze_0'.
17:42:41 INFO  : ----------------XSDB Script----------------
connect -url tcp:127.0.0.1:3121
targets -set -filter {jtag_cable_name =~ "Digilent Nexys A7 -100T 210292BCFA48A" && level==0 && jtag_device_ctx=="jsn-Nexys A7 -100T-210292BCFA48A-13631093-0"}
fpga -file C:/Users/ranchen/Documents/GitHub/cs153a/vitis/lab2b_vitis/lab2b_application/_ide/bitstream/download.bit
targets -set -nocase -filter {name =~ "*microblaze*#0" && bscan=="USER2" }
loadhw -hw C:/Users/ranchen/Documents/GitHub/cs153a/vitis/lab2b_vitis/lab2b_platform/export/lab2b_platform/hw/design_1_wrapper.xsa -regs
configparams mdm-detect-bscan-mask 2
targets -set -nocase -filter {name =~ "*microblaze*#0" && bscan=="USER2" }
rst -system
after 3000
targets -set -nocase -filter {name =~ "*microblaze*#0" && bscan=="USER2" }
dow C:/Users/ranchen/Documents/GitHub/cs153a/vitis/lab2b_vitis/lab2b_application/Debug/lab2b_application.elf
----------------End of Script----------------

17:42:41 INFO  : Context for processor 'microblaze_0' is selected.
17:42:41 INFO  : 'con' command is executed.
17:42:41 INFO  : ----------------XSDB Script (After Launch)----------------
targets -set -nocase -filter {name =~ "*microblaze*#0" && bscan=="USER2" }
con
----------------End of Script----------------

17:42:41 INFO  : Launch script is exported to file 'C:\Users\ranchen\Documents\GitHub\cs153a\vitis\lab2b_vitis\lab2b_application_system\_ide\scripts\debugger_lab2b_application-default.tcl'
17:42:44 INFO  : Disconnected from the channel tcfchan#8.
17:42:45 INFO  : Connected to target on host '127.0.0.1' and port '3121'.
17:42:54 INFO  : ----------------XSDB Script----------------
connect -url tcp:127.0.0.1:3121
----------------End of Script----------------

17:42:54 ERROR : Could not find FPGA device on the board for connection 'Local'.


Troubleshooting hints:
1. Check whether board is connected to system properly.
2. In case of zynq board, check whether Digilent/Xilinx cable switch settings are correct.
3. If you are using Xilinx Platform Cable USB, ensure that status LED is green.
17:43:16 INFO  : Connected to target on host '127.0.0.1' and port '3121'.
17:43:16 INFO  : Jtag cable 'Digilent Nexys A7 -100T 210292BCFA48A' is selected.
17:43:16 INFO  : 'jtag frequency' command is executed.
17:43:16 INFO  : 'targets -set -filter {jtag_cable_name =~ "Digilent Nexys A7 -100T 210292BCFA48A" && level==0 && jtag_device_ctx=="jsn-Nexys A7 -100T-210292BCFA48A-13631093-0"}' command is executed.
17:43:19 INFO  : Device configured successfully with "C:/Users/ranchen/Documents/GitHub/cs153a/vitis/lab2b_vitis/lab2b_application/_ide/bitstream/download.bit"
17:43:19 INFO  : Context for processor 'microblaze_0' is selected.
17:43:19 INFO  : Hardware design and registers information is loaded from 'C:/Users/ranchen/Documents/GitHub/cs153a/vitis/lab2b_vitis/lab2b_platform/export/lab2b_platform/hw/design_1_wrapper.xsa'.
17:43:19 INFO  : 'configparams mdm-detect-bscan-mask 2' command is executed.
17:43:19 INFO  : Context for processor 'microblaze_0' is selected.
17:43:19 INFO  : System reset is completed.
17:43:22 INFO  : 'after 3000' command is executed.
17:43:22 INFO  : Context for processor 'microblaze_0' is selected.
17:43:23 INFO  : The application 'C:/Users/ranchen/Documents/GitHub/cs153a/vitis/lab2b_vitis/lab2b_application/Debug/lab2b_application.elf' is downloaded to processor 'microblaze_0'.
17:43:23 INFO  : ----------------XSDB Script----------------
connect -url tcp:127.0.0.1:3121
targets -set -filter {jtag_cable_name =~ "Digilent Nexys A7 -100T 210292BCFA48A" && level==0 && jtag_device_ctx=="jsn-Nexys A7 -100T-210292BCFA48A-13631093-0"}
fpga -file C:/Users/ranchen/Documents/GitHub/cs153a/vitis/lab2b_vitis/lab2b_application/_ide/bitstream/download.bit
targets -set -nocase -filter {name =~ "*microblaze*#0" && bscan=="USER2" }
loadhw -hw C:/Users/ranchen/Documents/GitHub/cs153a/vitis/lab2b_vitis/lab2b_platform/export/lab2b_platform/hw/design_1_wrapper.xsa -regs
configparams mdm-detect-bscan-mask 2
targets -set -nocase -filter {name =~ "*microblaze*#0" && bscan=="USER2" }
rst -system
after 3000
targets -set -nocase -filter {name =~ "*microblaze*#0" && bscan=="USER2" }
dow C:/Users/ranchen/Documents/GitHub/cs153a/vitis/lab2b_vitis/lab2b_application/Debug/lab2b_application.elf
----------------End of Script----------------

17:43:23 INFO  : Context for processor 'microblaze_0' is selected.
17:43:23 INFO  : 'con' command is executed.
17:43:23 INFO  : ----------------XSDB Script (After Launch)----------------
targets -set -nocase -filter {name =~ "*microblaze*#0" && bscan=="USER2" }
con
----------------End of Script----------------

17:43:23 INFO  : Launch script is exported to file 'C:\Users\ranchen\Documents\GitHub\cs153a\vitis\lab2b_vitis\lab2b_application_system\_ide\scripts\debugger_lab2b_application-default.tcl'
17:57:40 INFO  : Checking for BSP changes to sync application flags for project 'lab2b_application'...
17:57:45 INFO  : Disconnected from the channel tcfchan#9.
17:57:46 INFO  : Connected to target on host '127.0.0.1' and port '3121'.
17:57:52 INFO  : Connected to target on host '127.0.0.1' and port '3121'.
17:57:52 INFO  : Jtag cable 'Digilent Nexys A7 -100T 210292BCFA48A' is selected.
17:57:52 INFO  : 'jtag frequency' command is executed.
17:57:52 INFO  : 'targets -set -filter {jtag_cable_name =~ "Digilent Nexys A7 -100T 210292BCFA48A" && level==0 && jtag_device_ctx=="jsn-Nexys A7 -100T-210292BCFA48A-13631093-0"}' command is executed.
17:57:54 INFO  : Device configured successfully with "C:/Users/ranchen/Documents/GitHub/cs153a/vitis/lab2b_vitis/lab2b_application/_ide/bitstream/download.bit"
17:57:57 INFO  : ----------------XSDB Script----------------
connect -url tcp:127.0.0.1:3121
----------------End of Script----------------

17:57:57 ERROR : Could not find FPGA device on the board for connection 'Local'.


Troubleshooting hints:
1. Check whether board is connected to system properly.
2. In case of zynq board, check whether Digilent/Xilinx cable switch settings are correct.
3. If you are using Xilinx Platform Cable USB, ensure that status LED is green.
17:57:57 INFO  : Context for processor 'microblaze_0' is selected.
17:57:58 INFO  : Hardware design and registers information is loaded from 'C:/Users/ranchen/Documents/GitHub/cs153a/vitis/lab2b_vitis/lab2b_platform/export/lab2b_platform/hw/design_1_wrapper.xsa'.
17:57:58 INFO  : 'configparams mdm-detect-bscan-mask 2' command is executed.
17:57:58 INFO  : Context for processor 'microblaze_0' is selected.
17:57:58 INFO  : System reset is completed.
17:58:01 INFO  : 'after 3000' command is executed.
17:58:01 INFO  : Context for processor 'microblaze_0' is selected.
17:58:01 INFO  : The application 'C:/Users/ranchen/Documents/GitHub/cs153a/vitis/lab2b_vitis/lab2b_application/Debug/lab2b_application.elf' is downloaded to processor 'microblaze_0'.
17:58:01 INFO  : ----------------XSDB Script----------------
connect -url tcp:127.0.0.1:3121
targets -set -filter {jtag_cable_name =~ "Digilent Nexys A7 -100T 210292BCFA48A" && level==0 && jtag_device_ctx=="jsn-Nexys A7 -100T-210292BCFA48A-13631093-0"}
fpga -file C:/Users/ranchen/Documents/GitHub/cs153a/vitis/lab2b_vitis/lab2b_application/_ide/bitstream/download.bit
targets -set -nocase -filter {name =~ "*microblaze*#0" && bscan=="USER2" }
loadhw -hw C:/Users/ranchen/Documents/GitHub/cs153a/vitis/lab2b_vitis/lab2b_platform/export/lab2b_platform/hw/design_1_wrapper.xsa -regs
configparams mdm-detect-bscan-mask 2
targets -set -nocase -filter {name =~ "*microblaze*#0" && bscan=="USER2" }
rst -system
after 3000
targets -set -nocase -filter {name =~ "*microblaze*#0" && bscan=="USER2" }
dow C:/Users/ranchen/Documents/GitHub/cs153a/vitis/lab2b_vitis/lab2b_application/Debug/lab2b_application.elf
----------------End of Script----------------

17:58:01 INFO  : Context for processor 'microblaze_0' is selected.
17:58:01 INFO  : 'con' command is executed.
17:58:01 INFO  : ----------------XSDB Script (After Launch)----------------
targets -set -nocase -filter {name =~ "*microblaze*#0" && bscan=="USER2" }
con
----------------End of Script----------------

17:58:01 INFO  : Launch script is exported to file 'C:\Users\ranchen\Documents\GitHub\cs153a\vitis\lab2b_vitis\lab2b_application_system\_ide\scripts\debugger_lab2b_application-default.tcl'
17:58:02 INFO  : Connected to target on host '127.0.0.1' and port '3121'.
17:58:02 INFO  : Jtag cable 'Digilent Nexys A7 -100T 210292BCFA48A' is selected.
17:58:02 INFO  : 'jtag frequency' command is executed.
17:58:02 INFO  : 'targets -set -filter {jtag_cable_name =~ "Digilent Nexys A7 -100T 210292BCFA48A" && level==0 && jtag_device_ctx=="jsn-Nexys A7 -100T-210292BCFA48A-13631093-0"}' command is executed.
17:58:04 INFO  : Device configured successfully with "C:/Users/ranchen/Documents/GitHub/cs153a/vitis/lab2b_vitis/lab2b_application/_ide/bitstream/download.bit"
17:58:04 INFO  : Context for processor 'microblaze_0' is selected.
17:58:04 INFO  : Hardware design and registers information is loaded from 'C:/Users/ranchen/Documents/GitHub/cs153a/vitis/lab2b_vitis/lab2b_platform/export/lab2b_platform/hw/design_1_wrapper.xsa'.
17:58:04 INFO  : 'configparams mdm-detect-bscan-mask 2' command is executed.
17:58:04 INFO  : Context for processor 'microblaze_0' is selected.
17:58:04 INFO  : System reset is completed.
17:58:07 INFO  : 'after 3000' command is executed.
17:58:07 INFO  : Context for processor 'microblaze_0' is selected.
17:58:07 INFO  : The application 'C:/Users/ranchen/Documents/GitHub/cs153a/vitis/lab2b_vitis/lab2b_application/Debug/lab2b_application.elf' is downloaded to processor 'microblaze_0'.
17:58:07 INFO  : ----------------XSDB Script----------------
connect -url tcp:127.0.0.1:3121
targets -set -filter {jtag_cable_name =~ "Digilent Nexys A7 -100T 210292BCFA48A" && level==0 && jtag_device_ctx=="jsn-Nexys A7 -100T-210292BCFA48A-13631093-0"}
fpga -file C:/Users/ranchen/Documents/GitHub/cs153a/vitis/lab2b_vitis/lab2b_application/_ide/bitstream/download.bit
targets -set -nocase -filter {name =~ "*microblaze*#0" && bscan=="USER2" }
loadhw -hw C:/Users/ranchen/Documents/GitHub/cs153a/vitis/lab2b_vitis/lab2b_platform/export/lab2b_platform/hw/design_1_wrapper.xsa -regs
configparams mdm-detect-bscan-mask 2
targets -set -nocase -filter {name =~ "*microblaze*#0" && bscan=="USER2" }
rst -system
after 3000
targets -set -nocase -filter {name =~ "*microblaze*#0" && bscan=="USER2" }
dow C:/Users/ranchen/Documents/GitHub/cs153a/vitis/lab2b_vitis/lab2b_application/Debug/lab2b_application.elf
----------------End of Script----------------

17:58:08 INFO  : Context for processor 'microblaze_0' is selected.
17:58:08 INFO  : 'con' command is executed.
17:58:08 INFO  : ----------------XSDB Script (After Launch)----------------
targets -set -nocase -filter {name =~ "*microblaze*#0" && bscan=="USER2" }
con
----------------End of Script----------------

17:58:08 INFO  : Launch script is exported to file 'C:\Users\ranchen\Documents\GitHub\cs153a\vitis\lab2b_vitis\lab2b_application_system\_ide\scripts\debugger_lab2b_application-default.tcl'
18:11:05 INFO  : Checking for BSP changes to sync application flags for project 'lab2b_application'...
18:11:12 INFO  : Disconnected from the channel tcfchan#10.
18:11:13 INFO  : Connected to target on host '127.0.0.1' and port '3121'.
18:11:14 INFO  : Jtag cable 'Digilent Nexys A7 -100T 210292BCFA48A' is selected.
18:11:14 INFO  : 'jtag frequency' command is executed.
18:11:14 INFO  : 'targets -set -filter {jtag_cable_name =~ "Digilent Nexys A7 -100T 210292BCFA48A" && level==0 && jtag_device_ctx=="jsn-Nexys A7 -100T-210292BCFA48A-13631093-0"}' command is executed.
18:11:16 INFO  : Device configured successfully with "C:/Users/ranchen/Documents/GitHub/cs153a/vitis/lab2b_vitis/lab2b_application/_ide/bitstream/download.bit"
18:11:16 INFO  : Context for processor 'microblaze_0' is selected.
18:11:17 INFO  : Hardware design and registers information is loaded from 'C:/Users/ranchen/Documents/GitHub/cs153a/vitis/lab2b_vitis/lab2b_platform/export/lab2b_platform/hw/design_1_wrapper.xsa'.
18:11:17 INFO  : 'configparams mdm-detect-bscan-mask 2' command is executed.
18:11:17 INFO  : Context for processor 'microblaze_0' is selected.
18:11:17 INFO  : System reset is completed.
18:11:20 INFO  : 'after 3000' command is executed.
18:11:20 INFO  : Context for processor 'microblaze_0' is selected.
18:11:20 INFO  : The application 'C:/Users/ranchen/Documents/GitHub/cs153a/vitis/lab2b_vitis/lab2b_application/Debug/lab2b_application.elf' is downloaded to processor 'microblaze_0'.
18:11:20 INFO  : ----------------XSDB Script----------------
connect -url tcp:127.0.0.1:3121
targets -set -filter {jtag_cable_name =~ "Digilent Nexys A7 -100T 210292BCFA48A" && level==0 && jtag_device_ctx=="jsn-Nexys A7 -100T-210292BCFA48A-13631093-0"}
fpga -file C:/Users/ranchen/Documents/GitHub/cs153a/vitis/lab2b_vitis/lab2b_application/_ide/bitstream/download.bit
targets -set -nocase -filter {name =~ "*microblaze*#0" && bscan=="USER2" }
loadhw -hw C:/Users/ranchen/Documents/GitHub/cs153a/vitis/lab2b_vitis/lab2b_platform/export/lab2b_platform/hw/design_1_wrapper.xsa -regs
configparams mdm-detect-bscan-mask 2
targets -set -nocase -filter {name =~ "*microblaze*#0" && bscan=="USER2" }
rst -system
after 3000
targets -set -nocase -filter {name =~ "*microblaze*#0" && bscan=="USER2" }
dow C:/Users/ranchen/Documents/GitHub/cs153a/vitis/lab2b_vitis/lab2b_application/Debug/lab2b_application.elf
----------------End of Script----------------

18:11:20 INFO  : Context for processor 'microblaze_0' is selected.
18:11:20 INFO  : 'con' command is executed.
18:11:20 INFO  : ----------------XSDB Script (After Launch)----------------
targets -set -nocase -filter {name =~ "*microblaze*#0" && bscan=="USER2" }
con
----------------End of Script----------------

18:11:20 INFO  : Launch script is exported to file 'C:\Users\ranchen\Documents\GitHub\cs153a\vitis\lab2b_vitis\lab2b_application_system\_ide\scripts\debugger_lab2b_application-default.tcl'
18:15:07 INFO  : Checking for BSP changes to sync application flags for project 'lab2b_application'...
18:15:19 INFO  : Disconnected from the channel tcfchan#11.
18:15:20 INFO  : Connected to target on host '127.0.0.1' and port '3121'.
18:15:20 INFO  : Jtag cable 'Digilent Nexys A7 -100T 210292BCFA48A' is selected.
18:15:20 INFO  : 'jtag frequency' command is executed.
18:15:20 INFO  : 'targets -set -filter {jtag_cable_name =~ "Digilent Nexys A7 -100T 210292BCFA48A" && level==0 && jtag_device_ctx=="jsn-Nexys A7 -100T-210292BCFA48A-13631093-0"}' command is executed.
18:15:23 INFO  : Device configured successfully with "C:/Users/ranchen/Documents/GitHub/cs153a/vitis/lab2b_vitis/lab2b_application/_ide/bitstream/download.bit"
18:15:23 INFO  : Context for processor 'microblaze_0' is selected.
18:15:23 INFO  : Hardware design and registers information is loaded from 'C:/Users/ranchen/Documents/GitHub/cs153a/vitis/lab2b_vitis/lab2b_platform/export/lab2b_platform/hw/design_1_wrapper.xsa'.
18:15:23 INFO  : 'configparams mdm-detect-bscan-mask 2' command is executed.
18:15:23 INFO  : Context for processor 'microblaze_0' is selected.
18:15:23 INFO  : System reset is completed.
18:15:26 INFO  : 'after 3000' command is executed.
18:15:26 INFO  : Context for processor 'microblaze_0' is selected.
18:15:27 INFO  : The application 'C:/Users/ranchen/Documents/GitHub/cs153a/vitis/lab2b_vitis/lab2b_application/Debug/lab2b_application.elf' is downloaded to processor 'microblaze_0'.
18:15:27 INFO  : ----------------XSDB Script----------------
connect -url tcp:127.0.0.1:3121
targets -set -filter {jtag_cable_name =~ "Digilent Nexys A7 -100T 210292BCFA48A" && level==0 && jtag_device_ctx=="jsn-Nexys A7 -100T-210292BCFA48A-13631093-0"}
fpga -file C:/Users/ranchen/Documents/GitHub/cs153a/vitis/lab2b_vitis/lab2b_application/_ide/bitstream/download.bit
targets -set -nocase -filter {name =~ "*microblaze*#0" && bscan=="USER2" }
loadhw -hw C:/Users/ranchen/Documents/GitHub/cs153a/vitis/lab2b_vitis/lab2b_platform/export/lab2b_platform/hw/design_1_wrapper.xsa -regs
configparams mdm-detect-bscan-mask 2
targets -set -nocase -filter {name =~ "*microblaze*#0" && bscan=="USER2" }
rst -system
after 3000
targets -set -nocase -filter {name =~ "*microblaze*#0" && bscan=="USER2" }
dow C:/Users/ranchen/Documents/GitHub/cs153a/vitis/lab2b_vitis/lab2b_application/Debug/lab2b_application.elf
----------------End of Script----------------

18:15:27 INFO  : Context for processor 'microblaze_0' is selected.
18:15:27 INFO  : 'con' command is executed.
18:15:27 INFO  : ----------------XSDB Script (After Launch)----------------
targets -set -nocase -filter {name =~ "*microblaze*#0" && bscan=="USER2" }
con
----------------End of Script----------------

18:15:27 INFO  : Launch script is exported to file 'C:\Users\ranchen\Documents\GitHub\cs153a\vitis\lab2b_vitis\lab2b_application_system\_ide\scripts\debugger_lab2b_application-default.tcl'
18:19:28 INFO  : Checking for BSP changes to sync application flags for project 'lab2b_application'...
18:19:38 INFO  : Disconnected from the channel tcfchan#12.
18:19:39 INFO  : Connected to target on host '127.0.0.1' and port '3121'.
18:19:39 INFO  : Jtag cable 'Digilent Nexys A7 -100T 210292BCFA48A' is selected.
18:19:39 INFO  : 'jtag frequency' command is executed.
18:19:39 INFO  : 'targets -set -filter {jtag_cable_name =~ "Digilent Nexys A7 -100T 210292BCFA48A" && level==0 && jtag_device_ctx=="jsn-Nexys A7 -100T-210292BCFA48A-13631093-0"}' command is executed.
18:19:42 INFO  : Device configured successfully with "C:/Users/ranchen/Documents/GitHub/cs153a/vitis/lab2b_vitis/lab2b_application/_ide/bitstream/download.bit"
18:19:42 INFO  : Context for processor 'microblaze_0' is selected.
18:19:42 INFO  : Hardware design and registers information is loaded from 'C:/Users/ranchen/Documents/GitHub/cs153a/vitis/lab2b_vitis/lab2b_platform/export/lab2b_platform/hw/design_1_wrapper.xsa'.
18:19:42 INFO  : 'configparams mdm-detect-bscan-mask 2' command is executed.
18:19:42 INFO  : Context for processor 'microblaze_0' is selected.
18:19:42 INFO  : System reset is completed.
18:19:45 INFO  : 'after 3000' command is executed.
18:19:45 INFO  : Context for processor 'microblaze_0' is selected.
18:19:46 INFO  : The application 'C:/Users/ranchen/Documents/GitHub/cs153a/vitis/lab2b_vitis/lab2b_application/Debug/lab2b_application.elf' is downloaded to processor 'microblaze_0'.
18:19:46 INFO  : ----------------XSDB Script----------------
connect -url tcp:127.0.0.1:3121
targets -set -filter {jtag_cable_name =~ "Digilent Nexys A7 -100T 210292BCFA48A" && level==0 && jtag_device_ctx=="jsn-Nexys A7 -100T-210292BCFA48A-13631093-0"}
fpga -file C:/Users/ranchen/Documents/GitHub/cs153a/vitis/lab2b_vitis/lab2b_application/_ide/bitstream/download.bit
targets -set -nocase -filter {name =~ "*microblaze*#0" && bscan=="USER2" }
loadhw -hw C:/Users/ranchen/Documents/GitHub/cs153a/vitis/lab2b_vitis/lab2b_platform/export/lab2b_platform/hw/design_1_wrapper.xsa -regs
configparams mdm-detect-bscan-mask 2
targets -set -nocase -filter {name =~ "*microblaze*#0" && bscan=="USER2" }
rst -system
after 3000
targets -set -nocase -filter {name =~ "*microblaze*#0" && bscan=="USER2" }
dow C:/Users/ranchen/Documents/GitHub/cs153a/vitis/lab2b_vitis/lab2b_application/Debug/lab2b_application.elf
----------------End of Script----------------

18:19:46 INFO  : Context for processor 'microblaze_0' is selected.
18:19:46 INFO  : 'con' command is executed.
18:19:46 INFO  : ----------------XSDB Script (After Launch)----------------
targets -set -nocase -filter {name =~ "*microblaze*#0" && bscan=="USER2" }
con
----------------End of Script----------------

18:19:46 INFO  : Launch script is exported to file 'C:\Users\ranchen\Documents\GitHub\cs153a\vitis\lab2b_vitis\lab2b_application_system\_ide\scripts\debugger_lab2b_application-default.tcl'
18:19:59 INFO  : Disconnected from the channel tcfchan#13.
18:20:00 INFO  : Connected to target on host '127.0.0.1' and port '3121'.
18:20:00 INFO  : Jtag cable 'Digilent Nexys A7 -100T 210292BCFA48A' is selected.
18:20:00 INFO  : 'jtag frequency' command is executed.
18:20:00 INFO  : 'targets -set -filter {jtag_cable_name =~ "Digilent Nexys A7 -100T 210292BCFA48A" && level==0 && jtag_device_ctx=="jsn-Nexys A7 -100T-210292BCFA48A-13631093-0"}' command is executed.
18:20:02 INFO  : Device configured successfully with "C:/Users/ranchen/Documents/GitHub/cs153a/vitis/lab2b_vitis/lab2b_application/_ide/bitstream/download.bit"
18:20:02 INFO  : Context for processor 'microblaze_0' is selected.
18:20:03 INFO  : Hardware design and registers information is loaded from 'C:/Users/ranchen/Documents/GitHub/cs153a/vitis/lab2b_vitis/lab2b_platform/export/lab2b_platform/hw/design_1_wrapper.xsa'.
18:20:03 INFO  : 'configparams mdm-detect-bscan-mask 2' command is executed.
18:20:03 INFO  : Context for processor 'microblaze_0' is selected.
18:20:03 INFO  : System reset is completed.
18:20:06 INFO  : 'after 3000' command is executed.
18:20:06 INFO  : Context for processor 'microblaze_0' is selected.
18:20:06 INFO  : The application 'C:/Users/ranchen/Documents/GitHub/cs153a/vitis/lab2b_vitis/lab2b_application/Debug/lab2b_application.elf' is downloaded to processor 'microblaze_0'.
18:20:06 INFO  : ----------------XSDB Script----------------
connect -url tcp:127.0.0.1:3121
targets -set -filter {jtag_cable_name =~ "Digilent Nexys A7 -100T 210292BCFA48A" && level==0 && jtag_device_ctx=="jsn-Nexys A7 -100T-210292BCFA48A-13631093-0"}
fpga -file C:/Users/ranchen/Documents/GitHub/cs153a/vitis/lab2b_vitis/lab2b_application/_ide/bitstream/download.bit
targets -set -nocase -filter {name =~ "*microblaze*#0" && bscan=="USER2" }
loadhw -hw C:/Users/ranchen/Documents/GitHub/cs153a/vitis/lab2b_vitis/lab2b_platform/export/lab2b_platform/hw/design_1_wrapper.xsa -regs
configparams mdm-detect-bscan-mask 2
targets -set -nocase -filter {name =~ "*microblaze*#0" && bscan=="USER2" }
rst -system
after 3000
targets -set -nocase -filter {name =~ "*microblaze*#0" && bscan=="USER2" }
dow C:/Users/ranchen/Documents/GitHub/cs153a/vitis/lab2b_vitis/lab2b_application/Debug/lab2b_application.elf
----------------End of Script----------------

18:20:06 INFO  : Context for processor 'microblaze_0' is selected.
18:20:06 INFO  : 'con' command is executed.
18:20:06 INFO  : ----------------XSDB Script (After Launch)----------------
targets -set -nocase -filter {name =~ "*microblaze*#0" && bscan=="USER2" }
con
----------------End of Script----------------

18:20:06 INFO  : Launch script is exported to file 'C:\Users\ranchen\Documents\GitHub\cs153a\vitis\lab2b_vitis\lab2b_application_system\_ide\scripts\debugger_lab2b_application-default.tcl'
18:24:01 INFO  : Checking for BSP changes to sync application flags for project 'lab2b_application'...
18:24:11 INFO  : Disconnected from the channel tcfchan#14.
18:24:12 INFO  : Connected to target on host '127.0.0.1' and port '3121'.
18:24:12 INFO  : Jtag cable 'Digilent Nexys A7 -100T 210292BCFA48A' is selected.
18:24:12 INFO  : 'jtag frequency' command is executed.
18:24:12 INFO  : 'targets -set -filter {jtag_cable_name =~ "Digilent Nexys A7 -100T 210292BCFA48A" && level==0 && jtag_device_ctx=="jsn-Nexys A7 -100T-210292BCFA48A-13631093-0"}' command is executed.
18:24:15 INFO  : Device configured successfully with "C:/Users/ranchen/Documents/GitHub/cs153a/vitis/lab2b_vitis/lab2b_application/_ide/bitstream/download.bit"
18:24:15 INFO  : Context for processor 'microblaze_0' is selected.
18:24:15 INFO  : Hardware design and registers information is loaded from 'C:/Users/ranchen/Documents/GitHub/cs153a/vitis/lab2b_vitis/lab2b_platform/export/lab2b_platform/hw/design_1_wrapper.xsa'.
18:24:15 INFO  : 'configparams mdm-detect-bscan-mask 2' command is executed.
18:24:15 INFO  : Context for processor 'microblaze_0' is selected.
18:24:15 INFO  : System reset is completed.
18:24:18 INFO  : 'after 3000' command is executed.
18:24:18 INFO  : Context for processor 'microblaze_0' is selected.
18:24:19 INFO  : The application 'C:/Users/ranchen/Documents/GitHub/cs153a/vitis/lab2b_vitis/lab2b_application/Debug/lab2b_application.elf' is downloaded to processor 'microblaze_0'.
18:24:19 INFO  : ----------------XSDB Script----------------
connect -url tcp:127.0.0.1:3121
targets -set -filter {jtag_cable_name =~ "Digilent Nexys A7 -100T 210292BCFA48A" && level==0 && jtag_device_ctx=="jsn-Nexys A7 -100T-210292BCFA48A-13631093-0"}
fpga -file C:/Users/ranchen/Documents/GitHub/cs153a/vitis/lab2b_vitis/lab2b_application/_ide/bitstream/download.bit
targets -set -nocase -filter {name =~ "*microblaze*#0" && bscan=="USER2" }
loadhw -hw C:/Users/ranchen/Documents/GitHub/cs153a/vitis/lab2b_vitis/lab2b_platform/export/lab2b_platform/hw/design_1_wrapper.xsa -regs
configparams mdm-detect-bscan-mask 2
targets -set -nocase -filter {name =~ "*microblaze*#0" && bscan=="USER2" }
rst -system
after 3000
targets -set -nocase -filter {name =~ "*microblaze*#0" && bscan=="USER2" }
dow C:/Users/ranchen/Documents/GitHub/cs153a/vitis/lab2b_vitis/lab2b_application/Debug/lab2b_application.elf
----------------End of Script----------------

18:24:19 INFO  : Context for processor 'microblaze_0' is selected.
18:24:19 INFO  : 'con' command is executed.
18:24:19 INFO  : ----------------XSDB Script (After Launch)----------------
targets -set -nocase -filter {name =~ "*microblaze*#0" && bscan=="USER2" }
con
----------------End of Script----------------

18:24:19 INFO  : Launch script is exported to file 'C:\Users\ranchen\Documents\GitHub\cs153a\vitis\lab2b_vitis\lab2b_application_system\_ide\scripts\debugger_lab2b_application-default.tcl'
18:28:18 INFO  : Checking for BSP changes to sync application flags for project 'lab2b_application'...
18:28:21 INFO  : Disconnected from the channel tcfchan#15.
18:28:22 INFO  : Connected to target on host '127.0.0.1' and port '3121'.
18:28:23 INFO  : Jtag cable 'Digilent Nexys A7 -100T 210292BCFA48A' is selected.
18:28:23 INFO  : 'jtag frequency' command is executed.
18:28:23 INFO  : 'targets -set -filter {jtag_cable_name =~ "Digilent Nexys A7 -100T 210292BCFA48A" && level==0 && jtag_device_ctx=="jsn-Nexys A7 -100T-210292BCFA48A-13631093-0"}' command is executed.
18:28:25 INFO  : Device configured successfully with "C:/Users/ranchen/Documents/GitHub/cs153a/vitis/lab2b_vitis/lab2b_application/_ide/bitstream/download.bit"
18:28:25 INFO  : Context for processor 'microblaze_0' is selected.
18:28:26 INFO  : Hardware design and registers information is loaded from 'C:/Users/ranchen/Documents/GitHub/cs153a/vitis/lab2b_vitis/lab2b_platform/export/lab2b_platform/hw/design_1_wrapper.xsa'.
18:28:26 INFO  : 'configparams mdm-detect-bscan-mask 2' command is executed.
18:28:26 INFO  : Context for processor 'microblaze_0' is selected.
18:28:26 INFO  : System reset is completed.
18:28:29 INFO  : 'after 3000' command is executed.
18:28:29 INFO  : Context for processor 'microblaze_0' is selected.
18:28:29 INFO  : The application 'C:/Users/ranchen/Documents/GitHub/cs153a/vitis/lab2b_vitis/lab2b_application/Debug/lab2b_application.elf' is downloaded to processor 'microblaze_0'.
18:28:29 INFO  : ----------------XSDB Script----------------
connect -url tcp:127.0.0.1:3121
targets -set -filter {jtag_cable_name =~ "Digilent Nexys A7 -100T 210292BCFA48A" && level==0 && jtag_device_ctx=="jsn-Nexys A7 -100T-210292BCFA48A-13631093-0"}
fpga -file C:/Users/ranchen/Documents/GitHub/cs153a/vitis/lab2b_vitis/lab2b_application/_ide/bitstream/download.bit
targets -set -nocase -filter {name =~ "*microblaze*#0" && bscan=="USER2" }
loadhw -hw C:/Users/ranchen/Documents/GitHub/cs153a/vitis/lab2b_vitis/lab2b_platform/export/lab2b_platform/hw/design_1_wrapper.xsa -regs
configparams mdm-detect-bscan-mask 2
targets -set -nocase -filter {name =~ "*microblaze*#0" && bscan=="USER2" }
rst -system
after 3000
targets -set -nocase -filter {name =~ "*microblaze*#0" && bscan=="USER2" }
dow C:/Users/ranchen/Documents/GitHub/cs153a/vitis/lab2b_vitis/lab2b_application/Debug/lab2b_application.elf
----------------End of Script----------------

18:28:29 INFO  : Context for processor 'microblaze_0' is selected.
18:28:29 INFO  : 'con' command is executed.
18:28:29 INFO  : ----------------XSDB Script (After Launch)----------------
targets -set -nocase -filter {name =~ "*microblaze*#0" && bscan=="USER2" }
con
----------------End of Script----------------

18:28:29 INFO  : Launch script is exported to file 'C:\Users\ranchen\Documents\GitHub\cs153a\vitis\lab2b_vitis\lab2b_application_system\_ide\scripts\debugger_lab2b_application-default.tcl'
18:30:30 INFO  : Checking for BSP changes to sync application flags for project 'lab2b_application'...
18:30:34 INFO  : Disconnected from the channel tcfchan#16.
18:30:35 INFO  : Connected to target on host '127.0.0.1' and port '3121'.
18:30:35 INFO  : Jtag cable 'Digilent Nexys A7 -100T 210292BCFA48A' is selected.
18:30:35 INFO  : 'jtag frequency' command is executed.
18:30:35 INFO  : 'targets -set -filter {jtag_cable_name =~ "Digilent Nexys A7 -100T 210292BCFA48A" && level==0 && jtag_device_ctx=="jsn-Nexys A7 -100T-210292BCFA48A-13631093-0"}' command is executed.
18:30:38 INFO  : Device configured successfully with "C:/Users/ranchen/Documents/GitHub/cs153a/vitis/lab2b_vitis/lab2b_application/_ide/bitstream/download.bit"
18:30:38 INFO  : Context for processor 'microblaze_0' is selected.
18:30:38 INFO  : Hardware design and registers information is loaded from 'C:/Users/ranchen/Documents/GitHub/cs153a/vitis/lab2b_vitis/lab2b_platform/export/lab2b_platform/hw/design_1_wrapper.xsa'.
18:30:38 INFO  : 'configparams mdm-detect-bscan-mask 2' command is executed.
18:30:38 INFO  : Context for processor 'microblaze_0' is selected.
18:30:38 INFO  : System reset is completed.
18:30:41 INFO  : 'after 3000' command is executed.
18:30:41 INFO  : Context for processor 'microblaze_0' is selected.
18:30:42 INFO  : The application 'C:/Users/ranchen/Documents/GitHub/cs153a/vitis/lab2b_vitis/lab2b_application/Debug/lab2b_application.elf' is downloaded to processor 'microblaze_0'.
18:30:42 INFO  : ----------------XSDB Script----------------
connect -url tcp:127.0.0.1:3121
targets -set -filter {jtag_cable_name =~ "Digilent Nexys A7 -100T 210292BCFA48A" && level==0 && jtag_device_ctx=="jsn-Nexys A7 -100T-210292BCFA48A-13631093-0"}
fpga -file C:/Users/ranchen/Documents/GitHub/cs153a/vitis/lab2b_vitis/lab2b_application/_ide/bitstream/download.bit
targets -set -nocase -filter {name =~ "*microblaze*#0" && bscan=="USER2" }
loadhw -hw C:/Users/ranchen/Documents/GitHub/cs153a/vitis/lab2b_vitis/lab2b_platform/export/lab2b_platform/hw/design_1_wrapper.xsa -regs
configparams mdm-detect-bscan-mask 2
targets -set -nocase -filter {name =~ "*microblaze*#0" && bscan=="USER2" }
rst -system
after 3000
targets -set -nocase -filter {name =~ "*microblaze*#0" && bscan=="USER2" }
dow C:/Users/ranchen/Documents/GitHub/cs153a/vitis/lab2b_vitis/lab2b_application/Debug/lab2b_application.elf
----------------End of Script----------------

18:30:42 INFO  : Context for processor 'microblaze_0' is selected.
18:30:42 INFO  : 'con' command is executed.
18:30:42 INFO  : ----------------XSDB Script (After Launch)----------------
targets -set -nocase -filter {name =~ "*microblaze*#0" && bscan=="USER2" }
con
----------------End of Script----------------

18:30:42 INFO  : Launch script is exported to file 'C:\Users\ranchen\Documents\GitHub\cs153a\vitis\lab2b_vitis\lab2b_application_system\_ide\scripts\debugger_lab2b_application-default.tcl'
18:34:34 INFO  : Checking for BSP changes to sync application flags for project 'lab2b_application'...
18:34:39 INFO  : Disconnected from the channel tcfchan#17.
18:34:40 INFO  : Connected to target on host '127.0.0.1' and port '3121'.
18:34:40 INFO  : Jtag cable 'Digilent Nexys A7 -100T 210292BCFA48A' is selected.
18:34:40 INFO  : 'jtag frequency' command is executed.
18:34:40 INFO  : 'targets -set -filter {jtag_cable_name =~ "Digilent Nexys A7 -100T 210292BCFA48A" && level==0 && jtag_device_ctx=="jsn-Nexys A7 -100T-210292BCFA48A-13631093-0"}' command is executed.
18:34:42 INFO  : Device configured successfully with "C:/Users/ranchen/Documents/GitHub/cs153a/vitis/lab2b_vitis/lab2b_application/_ide/bitstream/download.bit"
18:34:42 INFO  : Context for processor 'microblaze_0' is selected.
18:34:43 INFO  : Hardware design and registers information is loaded from 'C:/Users/ranchen/Documents/GitHub/cs153a/vitis/lab2b_vitis/lab2b_platform/export/lab2b_platform/hw/design_1_wrapper.xsa'.
18:34:43 INFO  : 'configparams mdm-detect-bscan-mask 2' command is executed.
18:34:43 INFO  : Context for processor 'microblaze_0' is selected.
18:34:43 INFO  : System reset is completed.
18:34:46 INFO  : 'after 3000' command is executed.
18:34:46 INFO  : Context for processor 'microblaze_0' is selected.
18:34:46 INFO  : The application 'C:/Users/ranchen/Documents/GitHub/cs153a/vitis/lab2b_vitis/lab2b_application/Debug/lab2b_application.elf' is downloaded to processor 'microblaze_0'.
18:34:46 INFO  : ----------------XSDB Script----------------
connect -url tcp:127.0.0.1:3121
targets -set -filter {jtag_cable_name =~ "Digilent Nexys A7 -100T 210292BCFA48A" && level==0 && jtag_device_ctx=="jsn-Nexys A7 -100T-210292BCFA48A-13631093-0"}
fpga -file C:/Users/ranchen/Documents/GitHub/cs153a/vitis/lab2b_vitis/lab2b_application/_ide/bitstream/download.bit
targets -set -nocase -filter {name =~ "*microblaze*#0" && bscan=="USER2" }
loadhw -hw C:/Users/ranchen/Documents/GitHub/cs153a/vitis/lab2b_vitis/lab2b_platform/export/lab2b_platform/hw/design_1_wrapper.xsa -regs
configparams mdm-detect-bscan-mask 2
targets -set -nocase -filter {name =~ "*microblaze*#0" && bscan=="USER2" }
rst -system
after 3000
targets -set -nocase -filter {name =~ "*microblaze*#0" && bscan=="USER2" }
dow C:/Users/ranchen/Documents/GitHub/cs153a/vitis/lab2b_vitis/lab2b_application/Debug/lab2b_application.elf
----------------End of Script----------------

18:34:46 INFO  : Context for processor 'microblaze_0' is selected.
18:34:46 INFO  : 'con' command is executed.
18:34:46 INFO  : ----------------XSDB Script (After Launch)----------------
targets -set -nocase -filter {name =~ "*microblaze*#0" && bscan=="USER2" }
con
----------------End of Script----------------

18:34:46 INFO  : Launch script is exported to file 'C:\Users\ranchen\Documents\GitHub\cs153a\vitis\lab2b_vitis\lab2b_application_system\_ide\scripts\debugger_lab2b_application-default.tcl'
18:36:48 INFO  : Checking for BSP changes to sync application flags for project 'lab2b_application'...
18:36:56 INFO  : Disconnected from the channel tcfchan#18.
18:36:57 INFO  : Connected to target on host '127.0.0.1' and port '3121'.
18:36:57 INFO  : Jtag cable 'Digilent Nexys A7 -100T 210292BCFA48A' is selected.
18:36:57 INFO  : 'jtag frequency' command is executed.
18:36:57 INFO  : 'targets -set -filter {jtag_cable_name =~ "Digilent Nexys A7 -100T 210292BCFA48A" && level==0 && jtag_device_ctx=="jsn-Nexys A7 -100T-210292BCFA48A-13631093-0"}' command is executed.
18:37:00 INFO  : Device configured successfully with "C:/Users/ranchen/Documents/GitHub/cs153a/vitis/lab2b_vitis/lab2b_application/_ide/bitstream/download.bit"
18:37:00 INFO  : Context for processor 'microblaze_0' is selected.
18:37:00 INFO  : Hardware design and registers information is loaded from 'C:/Users/ranchen/Documents/GitHub/cs153a/vitis/lab2b_vitis/lab2b_platform/export/lab2b_platform/hw/design_1_wrapper.xsa'.
18:37:00 INFO  : 'configparams mdm-detect-bscan-mask 2' command is executed.
18:37:00 INFO  : Context for processor 'microblaze_0' is selected.
18:37:00 INFO  : System reset is completed.
18:37:03 INFO  : 'after 3000' command is executed.
18:37:03 INFO  : Context for processor 'microblaze_0' is selected.
18:37:04 INFO  : The application 'C:/Users/ranchen/Documents/GitHub/cs153a/vitis/lab2b_vitis/lab2b_application/Debug/lab2b_application.elf' is downloaded to processor 'microblaze_0'.
18:37:04 INFO  : ----------------XSDB Script----------------
connect -url tcp:127.0.0.1:3121
targets -set -filter {jtag_cable_name =~ "Digilent Nexys A7 -100T 210292BCFA48A" && level==0 && jtag_device_ctx=="jsn-Nexys A7 -100T-210292BCFA48A-13631093-0"}
fpga -file C:/Users/ranchen/Documents/GitHub/cs153a/vitis/lab2b_vitis/lab2b_application/_ide/bitstream/download.bit
targets -set -nocase -filter {name =~ "*microblaze*#0" && bscan=="USER2" }
loadhw -hw C:/Users/ranchen/Documents/GitHub/cs153a/vitis/lab2b_vitis/lab2b_platform/export/lab2b_platform/hw/design_1_wrapper.xsa -regs
configparams mdm-detect-bscan-mask 2
targets -set -nocase -filter {name =~ "*microblaze*#0" && bscan=="USER2" }
rst -system
after 3000
targets -set -nocase -filter {name =~ "*microblaze*#0" && bscan=="USER2" }
dow C:/Users/ranchen/Documents/GitHub/cs153a/vitis/lab2b_vitis/lab2b_application/Debug/lab2b_application.elf
----------------End of Script----------------

18:37:04 INFO  : Context for processor 'microblaze_0' is selected.
18:37:04 INFO  : 'con' command is executed.
18:37:04 INFO  : ----------------XSDB Script (After Launch)----------------
targets -set -nocase -filter {name =~ "*microblaze*#0" && bscan=="USER2" }
con
----------------End of Script----------------

18:37:04 INFO  : Launch script is exported to file 'C:\Users\ranchen\Documents\GitHub\cs153a\vitis\lab2b_vitis\lab2b_application_system\_ide\scripts\debugger_lab2b_application-default.tcl'
18:40:07 INFO  : Checking for BSP changes to sync application flags for project 'lab2b_application'...
18:40:14 INFO  : Disconnected from the channel tcfchan#19.
18:40:15 INFO  : Connected to target on host '127.0.0.1' and port '3121'.
18:40:15 INFO  : Jtag cable 'Digilent Nexys A7 -100T 210292BCFA48A' is selected.
18:40:15 INFO  : 'jtag frequency' command is executed.
18:40:15 INFO  : 'targets -set -filter {jtag_cable_name =~ "Digilent Nexys A7 -100T 210292BCFA48A" && level==0 && jtag_device_ctx=="jsn-Nexys A7 -100T-210292BCFA48A-13631093-0"}' command is executed.
18:40:17 INFO  : Device configured successfully with "C:/Users/ranchen/Documents/GitHub/cs153a/vitis/lab2b_vitis/lab2b_application/_ide/bitstream/download.bit"
18:40:17 INFO  : Context for processor 'microblaze_0' is selected.
18:40:18 INFO  : Hardware design and registers information is loaded from 'C:/Users/ranchen/Documents/GitHub/cs153a/vitis/lab2b_vitis/lab2b_platform/export/lab2b_platform/hw/design_1_wrapper.xsa'.
18:40:18 INFO  : 'configparams mdm-detect-bscan-mask 2' command is executed.
18:40:18 INFO  : Context for processor 'microblaze_0' is selected.
18:40:18 INFO  : System reset is completed.
18:40:21 INFO  : 'after 3000' command is executed.
18:40:21 INFO  : Context for processor 'microblaze_0' is selected.
18:40:21 INFO  : The application 'C:/Users/ranchen/Documents/GitHub/cs153a/vitis/lab2b_vitis/lab2b_application/Debug/lab2b_application.elf' is downloaded to processor 'microblaze_0'.
18:40:21 INFO  : ----------------XSDB Script----------------
connect -url tcp:127.0.0.1:3121
targets -set -filter {jtag_cable_name =~ "Digilent Nexys A7 -100T 210292BCFA48A" && level==0 && jtag_device_ctx=="jsn-Nexys A7 -100T-210292BCFA48A-13631093-0"}
fpga -file C:/Users/ranchen/Documents/GitHub/cs153a/vitis/lab2b_vitis/lab2b_application/_ide/bitstream/download.bit
targets -set -nocase -filter {name =~ "*microblaze*#0" && bscan=="USER2" }
loadhw -hw C:/Users/ranchen/Documents/GitHub/cs153a/vitis/lab2b_vitis/lab2b_platform/export/lab2b_platform/hw/design_1_wrapper.xsa -regs
configparams mdm-detect-bscan-mask 2
targets -set -nocase -filter {name =~ "*microblaze*#0" && bscan=="USER2" }
rst -system
after 3000
targets -set -nocase -filter {name =~ "*microblaze*#0" && bscan=="USER2" }
dow C:/Users/ranchen/Documents/GitHub/cs153a/vitis/lab2b_vitis/lab2b_application/Debug/lab2b_application.elf
----------------End of Script----------------

18:40:22 INFO  : Context for processor 'microblaze_0' is selected.
18:40:22 INFO  : 'con' command is executed.
18:40:22 INFO  : ----------------XSDB Script (After Launch)----------------
targets -set -nocase -filter {name =~ "*microblaze*#0" && bscan=="USER2" }
con
----------------End of Script----------------

18:40:22 INFO  : Launch script is exported to file 'C:\Users\ranchen\Documents\GitHub\cs153a\vitis\lab2b_vitis\lab2b_application_system\_ide\scripts\debugger_lab2b_application-default.tcl'
18:46:06 INFO  : Checking for BSP changes to sync application flags for project 'lab2b_application'...
18:46:11 INFO  : Disconnected from the channel tcfchan#20.
18:46:12 INFO  : Connected to target on host '127.0.0.1' and port '3121'.
18:46:12 INFO  : Jtag cable 'Digilent Nexys A7 -100T 210292BCFA48A' is selected.
18:46:12 INFO  : 'jtag frequency' command is executed.
18:46:12 INFO  : 'targets -set -filter {jtag_cable_name =~ "Digilent Nexys A7 -100T 210292BCFA48A" && level==0 && jtag_device_ctx=="jsn-Nexys A7 -100T-210292BCFA48A-13631093-0"}' command is executed.
18:46:14 INFO  : Device configured successfully with "C:/Users/ranchen/Documents/GitHub/cs153a/vitis/lab2b_vitis/lab2b_application/_ide/bitstream/download.bit"
18:46:14 INFO  : Context for processor 'microblaze_0' is selected.
18:46:15 INFO  : Hardware design and registers information is loaded from 'C:/Users/ranchen/Documents/GitHub/cs153a/vitis/lab2b_vitis/lab2b_platform/export/lab2b_platform/hw/design_1_wrapper.xsa'.
18:46:15 INFO  : 'configparams mdm-detect-bscan-mask 2' command is executed.
18:46:15 INFO  : Context for processor 'microblaze_0' is selected.
18:46:15 INFO  : System reset is completed.
18:46:18 INFO  : 'after 3000' command is executed.
18:46:18 INFO  : Context for processor 'microblaze_0' is selected.
18:46:18 INFO  : The application 'C:/Users/ranchen/Documents/GitHub/cs153a/vitis/lab2b_vitis/lab2b_application/Debug/lab2b_application.elf' is downloaded to processor 'microblaze_0'.
18:46:18 INFO  : ----------------XSDB Script----------------
connect -url tcp:127.0.0.1:3121
targets -set -filter {jtag_cable_name =~ "Digilent Nexys A7 -100T 210292BCFA48A" && level==0 && jtag_device_ctx=="jsn-Nexys A7 -100T-210292BCFA48A-13631093-0"}
fpga -file C:/Users/ranchen/Documents/GitHub/cs153a/vitis/lab2b_vitis/lab2b_application/_ide/bitstream/download.bit
targets -set -nocase -filter {name =~ "*microblaze*#0" && bscan=="USER2" }
loadhw -hw C:/Users/ranchen/Documents/GitHub/cs153a/vitis/lab2b_vitis/lab2b_platform/export/lab2b_platform/hw/design_1_wrapper.xsa -regs
configparams mdm-detect-bscan-mask 2
targets -set -nocase -filter {name =~ "*microblaze*#0" && bscan=="USER2" }
rst -system
after 3000
targets -set -nocase -filter {name =~ "*microblaze*#0" && bscan=="USER2" }
dow C:/Users/ranchen/Documents/GitHub/cs153a/vitis/lab2b_vitis/lab2b_application/Debug/lab2b_application.elf
----------------End of Script----------------

18:46:18 INFO  : Context for processor 'microblaze_0' is selected.
18:46:18 INFO  : 'con' command is executed.
18:46:18 INFO  : ----------------XSDB Script (After Launch)----------------
targets -set -nocase -filter {name =~ "*microblaze*#0" && bscan=="USER2" }
con
----------------End of Script----------------

18:46:18 INFO  : Launch script is exported to file 'C:\Users\ranchen\Documents\GitHub\cs153a\vitis\lab2b_vitis\lab2b_application_system\_ide\scripts\debugger_lab2b_application-default.tcl'
18:46:53 INFO  : Checking for BSP changes to sync application flags for project 'lab2b_application'...
18:47:04 INFO  : Disconnected from the channel tcfchan#21.
18:47:05 INFO  : Connected to target on host '127.0.0.1' and port '3121'.
18:47:05 INFO  : Jtag cable 'Digilent Nexys A7 -100T 210292BCFA48A' is selected.
18:47:05 INFO  : 'jtag frequency' command is executed.
18:47:06 INFO  : 'targets -set -filter {jtag_cable_name =~ "Digilent Nexys A7 -100T 210292BCFA48A" && level==0 && jtag_device_ctx=="jsn-Nexys A7 -100T-210292BCFA48A-13631093-0"}' command is executed.
18:47:08 INFO  : Device configured successfully with "C:/Users/ranchen/Documents/GitHub/cs153a/vitis/lab2b_vitis/lab2b_application/_ide/bitstream/download.bit"
18:47:08 INFO  : Context for processor 'microblaze_0' is selected.
18:47:09 INFO  : Hardware design and registers information is loaded from 'C:/Users/ranchen/Documents/GitHub/cs153a/vitis/lab2b_vitis/lab2b_platform/export/lab2b_platform/hw/design_1_wrapper.xsa'.
18:47:09 INFO  : 'configparams mdm-detect-bscan-mask 2' command is executed.
18:47:09 INFO  : Context for processor 'microblaze_0' is selected.
18:47:09 INFO  : System reset is completed.
18:47:12 INFO  : 'after 3000' command is executed.
18:47:12 INFO  : Context for processor 'microblaze_0' is selected.
18:47:12 INFO  : The application 'C:/Users/ranchen/Documents/GitHub/cs153a/vitis/lab2b_vitis/lab2b_application/Debug/lab2b_application.elf' is downloaded to processor 'microblaze_0'.
18:47:12 INFO  : ----------------XSDB Script----------------
connect -url tcp:127.0.0.1:3121
targets -set -filter {jtag_cable_name =~ "Digilent Nexys A7 -100T 210292BCFA48A" && level==0 && jtag_device_ctx=="jsn-Nexys A7 -100T-210292BCFA48A-13631093-0"}
fpga -file C:/Users/ranchen/Documents/GitHub/cs153a/vitis/lab2b_vitis/lab2b_application/_ide/bitstream/download.bit
targets -set -nocase -filter {name =~ "*microblaze*#0" && bscan=="USER2" }
loadhw -hw C:/Users/ranchen/Documents/GitHub/cs153a/vitis/lab2b_vitis/lab2b_platform/export/lab2b_platform/hw/design_1_wrapper.xsa -regs
configparams mdm-detect-bscan-mask 2
targets -set -nocase -filter {name =~ "*microblaze*#0" && bscan=="USER2" }
rst -system
after 3000
targets -set -nocase -filter {name =~ "*microblaze*#0" && bscan=="USER2" }
dow C:/Users/ranchen/Documents/GitHub/cs153a/vitis/lab2b_vitis/lab2b_application/Debug/lab2b_application.elf
----------------End of Script----------------

18:47:12 INFO  : Context for processor 'microblaze_0' is selected.
18:47:12 INFO  : 'con' command is executed.
18:47:12 INFO  : ----------------XSDB Script (After Launch)----------------
targets -set -nocase -filter {name =~ "*microblaze*#0" && bscan=="USER2" }
con
----------------End of Script----------------

18:47:12 INFO  : Launch script is exported to file 'C:\Users\ranchen\Documents\GitHub\cs153a\vitis\lab2b_vitis\lab2b_application_system\_ide\scripts\debugger_lab2b_application-default.tcl'
18:48:58 INFO  : Checking for BSP changes to sync application flags for project 'lab2b_application'...
18:49:17 INFO  : Checking for BSP changes to sync application flags for project 'lab2b_application'...
18:49:20 INFO  : Disconnected from the channel tcfchan#22.
18:49:21 INFO  : Connected to target on host '127.0.0.1' and port '3121'.
18:49:21 INFO  : Jtag cable 'Digilent Nexys A7 -100T 210292BCFA48A' is selected.
18:49:21 INFO  : 'jtag frequency' command is executed.
18:49:21 INFO  : 'targets -set -filter {jtag_cable_name =~ "Digilent Nexys A7 -100T 210292BCFA48A" && level==0 && jtag_device_ctx=="jsn-Nexys A7 -100T-210292BCFA48A-13631093-0"}' command is executed.
18:49:24 INFO  : Device configured successfully with "C:/Users/ranchen/Documents/GitHub/cs153a/vitis/lab2b_vitis/lab2b_application/_ide/bitstream/download.bit"
18:49:24 INFO  : Context for processor 'microblaze_0' is selected.
18:49:24 INFO  : Hardware design and registers information is loaded from 'C:/Users/ranchen/Documents/GitHub/cs153a/vitis/lab2b_vitis/lab2b_platform/export/lab2b_platform/hw/design_1_wrapper.xsa'.
18:49:24 INFO  : 'configparams mdm-detect-bscan-mask 2' command is executed.
18:49:24 INFO  : Context for processor 'microblaze_0' is selected.
18:49:24 INFO  : System reset is completed.
18:49:27 INFO  : 'after 3000' command is executed.
18:49:27 INFO  : Context for processor 'microblaze_0' is selected.
18:49:28 INFO  : The application 'C:/Users/ranchen/Documents/GitHub/cs153a/vitis/lab2b_vitis/lab2b_application/Debug/lab2b_application.elf' is downloaded to processor 'microblaze_0'.
18:49:28 INFO  : ----------------XSDB Script----------------
connect -url tcp:127.0.0.1:3121
targets -set -filter {jtag_cable_name =~ "Digilent Nexys A7 -100T 210292BCFA48A" && level==0 && jtag_device_ctx=="jsn-Nexys A7 -100T-210292BCFA48A-13631093-0"}
fpga -file C:/Users/ranchen/Documents/GitHub/cs153a/vitis/lab2b_vitis/lab2b_application/_ide/bitstream/download.bit
targets -set -nocase -filter {name =~ "*microblaze*#0" && bscan=="USER2" }
loadhw -hw C:/Users/ranchen/Documents/GitHub/cs153a/vitis/lab2b_vitis/lab2b_platform/export/lab2b_platform/hw/design_1_wrapper.xsa -regs
configparams mdm-detect-bscan-mask 2
targets -set -nocase -filter {name =~ "*microblaze*#0" && bscan=="USER2" }
rst -system
after 3000
targets -set -nocase -filter {name =~ "*microblaze*#0" && bscan=="USER2" }
dow C:/Users/ranchen/Documents/GitHub/cs153a/vitis/lab2b_vitis/lab2b_application/Debug/lab2b_application.elf
----------------End of Script----------------

18:49:28 INFO  : Context for processor 'microblaze_0' is selected.
18:49:28 INFO  : 'con' command is executed.
18:49:28 INFO  : ----------------XSDB Script (After Launch)----------------
targets -set -nocase -filter {name =~ "*microblaze*#0" && bscan=="USER2" }
con
----------------End of Script----------------

18:49:28 INFO  : Launch script is exported to file 'C:\Users\ranchen\Documents\GitHub\cs153a\vitis\lab2b_vitis\lab2b_application_system\_ide\scripts\debugger_lab2b_application-default.tcl'
18:56:40 INFO  : Checking for BSP changes to sync application flags for project 'lab2b_application'...
18:56:44 INFO  : Disconnected from the channel tcfchan#23.
18:56:45 INFO  : Connected to target on host '127.0.0.1' and port '3121'.
18:56:45 INFO  : Jtag cable 'Digilent Nexys A7 -100T 210292BCFA48A' is selected.
18:56:45 INFO  : 'jtag frequency' command is executed.
18:56:45 INFO  : 'targets -set -filter {jtag_cable_name =~ "Digilent Nexys A7 -100T 210292BCFA48A" && level==0 && jtag_device_ctx=="jsn-Nexys A7 -100T-210292BCFA48A-13631093-0"}' command is executed.
18:56:47 INFO  : Device configured successfully with "C:/Users/ranchen/Documents/GitHub/cs153a/vitis/lab2b_vitis/lab2b_application/_ide/bitstream/download.bit"
18:56:47 INFO  : Context for processor 'microblaze_0' is selected.
18:56:48 INFO  : Hardware design and registers information is loaded from 'C:/Users/ranchen/Documents/GitHub/cs153a/vitis/lab2b_vitis/lab2b_platform/export/lab2b_platform/hw/design_1_wrapper.xsa'.
18:56:48 INFO  : 'configparams mdm-detect-bscan-mask 2' command is executed.
18:56:48 INFO  : Context for processor 'microblaze_0' is selected.
18:56:48 INFO  : System reset is completed.
18:56:51 INFO  : 'after 3000' command is executed.
18:56:51 INFO  : Context for processor 'microblaze_0' is selected.
18:56:51 INFO  : The application 'C:/Users/ranchen/Documents/GitHub/cs153a/vitis/lab2b_vitis/lab2b_application/Debug/lab2b_application.elf' is downloaded to processor 'microblaze_0'.
18:56:51 INFO  : ----------------XSDB Script----------------
connect -url tcp:127.0.0.1:3121
targets -set -filter {jtag_cable_name =~ "Digilent Nexys A7 -100T 210292BCFA48A" && level==0 && jtag_device_ctx=="jsn-Nexys A7 -100T-210292BCFA48A-13631093-0"}
fpga -file C:/Users/ranchen/Documents/GitHub/cs153a/vitis/lab2b_vitis/lab2b_application/_ide/bitstream/download.bit
targets -set -nocase -filter {name =~ "*microblaze*#0" && bscan=="USER2" }
loadhw -hw C:/Users/ranchen/Documents/GitHub/cs153a/vitis/lab2b_vitis/lab2b_platform/export/lab2b_platform/hw/design_1_wrapper.xsa -regs
configparams mdm-detect-bscan-mask 2
targets -set -nocase -filter {name =~ "*microblaze*#0" && bscan=="USER2" }
rst -system
after 3000
targets -set -nocase -filter {name =~ "*microblaze*#0" && bscan=="USER2" }
dow C:/Users/ranchen/Documents/GitHub/cs153a/vitis/lab2b_vitis/lab2b_application/Debug/lab2b_application.elf
----------------End of Script----------------

18:56:51 INFO  : Context for processor 'microblaze_0' is selected.
18:56:51 INFO  : 'con' command is executed.
18:56:51 INFO  : ----------------XSDB Script (After Launch)----------------
targets -set -nocase -filter {name =~ "*microblaze*#0" && bscan=="USER2" }
con
----------------End of Script----------------

18:56:51 INFO  : Launch script is exported to file 'C:\Users\ranchen\Documents\GitHub\cs153a\vitis\lab2b_vitis\lab2b_application_system\_ide\scripts\debugger_lab2b_application-default.tcl'
19:01:34 INFO  : Checking for BSP changes to sync application flags for project 'lab2b_application'...
19:01:44 INFO  : Disconnected from the channel tcfchan#24.
19:01:45 INFO  : Connected to target on host '127.0.0.1' and port '3121'.
19:01:45 INFO  : Jtag cable 'Digilent Nexys A7 -100T 210292BCFA48A' is selected.
19:01:45 INFO  : 'jtag frequency' command is executed.
19:01:45 INFO  : 'targets -set -filter {jtag_cable_name =~ "Digilent Nexys A7 -100T 210292BCFA48A" && level==0 && jtag_device_ctx=="jsn-Nexys A7 -100T-210292BCFA48A-13631093-0"}' command is executed.
19:01:47 INFO  : Device configured successfully with "C:/Users/ranchen/Documents/GitHub/cs153a/vitis/lab2b_vitis/lab2b_application/_ide/bitstream/download.bit"
19:01:47 INFO  : Context for processor 'microblaze_0' is selected.
19:01:48 INFO  : Hardware design and registers information is loaded from 'C:/Users/ranchen/Documents/GitHub/cs153a/vitis/lab2b_vitis/lab2b_platform/export/lab2b_platform/hw/design_1_wrapper.xsa'.
19:01:48 INFO  : 'configparams mdm-detect-bscan-mask 2' command is executed.
19:01:48 INFO  : Context for processor 'microblaze_0' is selected.
19:01:48 INFO  : System reset is completed.
19:01:51 INFO  : 'after 3000' command is executed.
19:01:51 INFO  : Context for processor 'microblaze_0' is selected.
19:01:51 INFO  : The application 'C:/Users/ranchen/Documents/GitHub/cs153a/vitis/lab2b_vitis/lab2b_application/Debug/lab2b_application.elf' is downloaded to processor 'microblaze_0'.
19:01:51 INFO  : ----------------XSDB Script----------------
connect -url tcp:127.0.0.1:3121
targets -set -filter {jtag_cable_name =~ "Digilent Nexys A7 -100T 210292BCFA48A" && level==0 && jtag_device_ctx=="jsn-Nexys A7 -100T-210292BCFA48A-13631093-0"}
fpga -file C:/Users/ranchen/Documents/GitHub/cs153a/vitis/lab2b_vitis/lab2b_application/_ide/bitstream/download.bit
targets -set -nocase -filter {name =~ "*microblaze*#0" && bscan=="USER2" }
loadhw -hw C:/Users/ranchen/Documents/GitHub/cs153a/vitis/lab2b_vitis/lab2b_platform/export/lab2b_platform/hw/design_1_wrapper.xsa -regs
configparams mdm-detect-bscan-mask 2
targets -set -nocase -filter {name =~ "*microblaze*#0" && bscan=="USER2" }
rst -system
after 3000
targets -set -nocase -filter {name =~ "*microblaze*#0" && bscan=="USER2" }
dow C:/Users/ranchen/Documents/GitHub/cs153a/vitis/lab2b_vitis/lab2b_application/Debug/lab2b_application.elf
----------------End of Script----------------

19:01:51 INFO  : Context for processor 'microblaze_0' is selected.
19:01:51 INFO  : 'con' command is executed.
19:01:51 INFO  : ----------------XSDB Script (After Launch)----------------
targets -set -nocase -filter {name =~ "*microblaze*#0" && bscan=="USER2" }
con
----------------End of Script----------------

19:01:51 INFO  : Launch script is exported to file 'C:\Users\ranchen\Documents\GitHub\cs153a\vitis\lab2b_vitis\lab2b_application_system\_ide\scripts\debugger_lab2b_application-default.tcl'
19:02:56 INFO  : Disconnected from the channel tcfchan#25.
19:02:57 INFO  : Connected to target on host '127.0.0.1' and port '3121'.
19:02:57 INFO  : Jtag cable 'Digilent Nexys A7 -100T 210292BCFA48A' is selected.
19:02:57 INFO  : 'jtag frequency' command is executed.
19:02:57 INFO  : 'targets -set -filter {jtag_cable_name =~ "Digilent Nexys A7 -100T 210292BCFA48A" && level==0 && jtag_device_ctx=="jsn-Nexys A7 -100T-210292BCFA48A-13631093-0"}' command is executed.
19:03:00 INFO  : Device configured successfully with "C:/Users/ranchen/Documents/GitHub/cs153a/vitis/lab2b_vitis/lab2b_application/_ide/bitstream/download.bit"
19:03:00 INFO  : Context for processor 'microblaze_0' is selected.
19:03:00 INFO  : Hardware design and registers information is loaded from 'C:/Users/ranchen/Documents/GitHub/cs153a/vitis/lab2b_vitis/lab2b_platform/export/lab2b_platform/hw/design_1_wrapper.xsa'.
19:03:00 INFO  : 'configparams mdm-detect-bscan-mask 2' command is executed.
19:03:00 INFO  : Context for processor 'microblaze_0' is selected.
19:03:00 INFO  : System reset is completed.
19:03:03 INFO  : 'after 3000' command is executed.
19:03:03 INFO  : Context for processor 'microblaze_0' is selected.
19:03:04 INFO  : The application 'C:/Users/ranchen/Documents/GitHub/cs153a/vitis/lab2b_vitis/lab2b_application/Debug/lab2b_application.elf' is downloaded to processor 'microblaze_0'.
19:03:04 INFO  : ----------------XSDB Script----------------
connect -url tcp:127.0.0.1:3121
targets -set -filter {jtag_cable_name =~ "Digilent Nexys A7 -100T 210292BCFA48A" && level==0 && jtag_device_ctx=="jsn-Nexys A7 -100T-210292BCFA48A-13631093-0"}
fpga -file C:/Users/ranchen/Documents/GitHub/cs153a/vitis/lab2b_vitis/lab2b_application/_ide/bitstream/download.bit
targets -set -nocase -filter {name =~ "*microblaze*#0" && bscan=="USER2" }
loadhw -hw C:/Users/ranchen/Documents/GitHub/cs153a/vitis/lab2b_vitis/lab2b_platform/export/lab2b_platform/hw/design_1_wrapper.xsa -regs
configparams mdm-detect-bscan-mask 2
targets -set -nocase -filter {name =~ "*microblaze*#0" && bscan=="USER2" }
rst -system
after 3000
targets -set -nocase -filter {name =~ "*microblaze*#0" && bscan=="USER2" }
dow C:/Users/ranchen/Documents/GitHub/cs153a/vitis/lab2b_vitis/lab2b_application/Debug/lab2b_application.elf
----------------End of Script----------------

19:03:04 INFO  : Context for processor 'microblaze_0' is selected.
19:03:04 INFO  : 'con' command is executed.
19:03:04 INFO  : ----------------XSDB Script (After Launch)----------------
targets -set -nocase -filter {name =~ "*microblaze*#0" && bscan=="USER2" }
con
----------------End of Script----------------

19:03:04 INFO  : Launch script is exported to file 'C:\Users\ranchen\Documents\GitHub\cs153a\vitis\lab2b_vitis\lab2b_application_system\_ide\scripts\debugger_lab2b_application-default.tcl'
19:04:03 INFO  : Disconnected from the channel tcfchan#26.
19:04:04 INFO  : Connected to target on host '127.0.0.1' and port '3121'.
19:04:04 INFO  : Jtag cable 'Digilent Nexys A7 -100T 210292BCFA48A' is selected.
19:04:04 INFO  : 'jtag frequency' command is executed.
19:04:04 INFO  : 'targets -set -filter {jtag_cable_name =~ "Digilent Nexys A7 -100T 210292BCFA48A" && level==0 && jtag_device_ctx=="jsn-Nexys A7 -100T-210292BCFA48A-13631093-0"}' command is executed.
19:04:06 INFO  : Device configured successfully with "C:/Users/ranchen/Documents/GitHub/cs153a/vitis/lab2b_vitis/lab2b_application/_ide/bitstream/download.bit"
19:04:06 INFO  : Context for processor 'microblaze_0' is selected.
19:04:07 INFO  : Hardware design and registers information is loaded from 'C:/Users/ranchen/Documents/GitHub/cs153a/vitis/lab2b_vitis/lab2b_platform/export/lab2b_platform/hw/design_1_wrapper.xsa'.
19:04:07 INFO  : 'configparams mdm-detect-bscan-mask 2' command is executed.
19:04:07 INFO  : Context for processor 'microblaze_0' is selected.
19:04:07 INFO  : System reset is completed.
19:04:10 INFO  : 'after 3000' command is executed.
19:04:10 INFO  : Context for processor 'microblaze_0' is selected.
19:04:10 INFO  : The application 'C:/Users/ranchen/Documents/GitHub/cs153a/vitis/lab2b_vitis/lab2b_application/Debug/lab2b_application.elf' is downloaded to processor 'microblaze_0'.
19:04:10 INFO  : ----------------XSDB Script----------------
connect -url tcp:127.0.0.1:3121
targets -set -filter {jtag_cable_name =~ "Digilent Nexys A7 -100T 210292BCFA48A" && level==0 && jtag_device_ctx=="jsn-Nexys A7 -100T-210292BCFA48A-13631093-0"}
fpga -file C:/Users/ranchen/Documents/GitHub/cs153a/vitis/lab2b_vitis/lab2b_application/_ide/bitstream/download.bit
targets -set -nocase -filter {name =~ "*microblaze*#0" && bscan=="USER2" }
loadhw -hw C:/Users/ranchen/Documents/GitHub/cs153a/vitis/lab2b_vitis/lab2b_platform/export/lab2b_platform/hw/design_1_wrapper.xsa -regs
configparams mdm-detect-bscan-mask 2
targets -set -nocase -filter {name =~ "*microblaze*#0" && bscan=="USER2" }
rst -system
after 3000
targets -set -nocase -filter {name =~ "*microblaze*#0" && bscan=="USER2" }
dow C:/Users/ranchen/Documents/GitHub/cs153a/vitis/lab2b_vitis/lab2b_application/Debug/lab2b_application.elf
----------------End of Script----------------

19:04:10 INFO  : Context for processor 'microblaze_0' is selected.
19:04:10 INFO  : 'con' command is executed.
19:04:10 INFO  : ----------------XSDB Script (After Launch)----------------
targets -set -nocase -filter {name =~ "*microblaze*#0" && bscan=="USER2" }
con
----------------End of Script----------------

19:04:10 INFO  : Launch script is exported to file 'C:\Users\ranchen\Documents\GitHub\cs153a\vitis\lab2b_vitis\lab2b_application_system\_ide\scripts\debugger_lab2b_application-default.tcl'
20:22:01 INFO  : Checking for BSP changes to sync application flags for project 'lab2b_application'...
20:23:40 INFO  : Checking for BSP changes to sync application flags for project 'lab2b_application'...
20:24:08 INFO  : Checking for BSP changes to sync application flags for project 'lab2b_application'...
20:24:15 INFO  : Disconnected from the channel tcfchan#27.
20:24:16 INFO  : Connected to target on host '127.0.0.1' and port '3121'.
20:24:16 INFO  : Jtag cable 'Digilent Nexys A7 -100T 210292BCFA48A' is selected.
20:24:16 INFO  : 'jtag frequency' command is executed.
20:24:16 INFO  : 'targets -set -filter {jtag_cable_name =~ "Digilent Nexys A7 -100T 210292BCFA48A" && level==0 && jtag_device_ctx=="jsn-Nexys A7 -100T-210292BCFA48A-13631093-0"}' command is executed.
20:24:19 INFO  : Device configured successfully with "C:/Users/ranchen/Documents/GitHub/cs153a/vitis/lab2b_vitis/lab2b_application/_ide/bitstream/download.bit"
20:24:19 INFO  : Context for processor 'microblaze_0' is selected.
20:24:19 INFO  : Hardware design and registers information is loaded from 'C:/Users/ranchen/Documents/GitHub/cs153a/vitis/lab2b_vitis/lab2b_platform/export/lab2b_platform/hw/design_1_wrapper.xsa'.
20:24:19 INFO  : 'configparams mdm-detect-bscan-mask 2' command is executed.
20:24:19 INFO  : Context for processor 'microblaze_0' is selected.
20:24:19 INFO  : System reset is completed.
20:24:22 INFO  : 'after 3000' command is executed.
20:24:23 INFO  : Context for processor 'microblaze_0' is selected.
20:24:23 INFO  : The application 'C:/Users/ranchen/Documents/GitHub/cs153a/vitis/lab2b_vitis/lab2b_application/Debug/lab2b_application.elf' is downloaded to processor 'microblaze_0'.
20:24:23 INFO  : ----------------XSDB Script----------------
connect -url tcp:127.0.0.1:3121
targets -set -filter {jtag_cable_name =~ "Digilent Nexys A7 -100T 210292BCFA48A" && level==0 && jtag_device_ctx=="jsn-Nexys A7 -100T-210292BCFA48A-13631093-0"}
fpga -file C:/Users/ranchen/Documents/GitHub/cs153a/vitis/lab2b_vitis/lab2b_application/_ide/bitstream/download.bit
targets -set -nocase -filter {name =~ "*microblaze*#0" && bscan=="USER2" }
loadhw -hw C:/Users/ranchen/Documents/GitHub/cs153a/vitis/lab2b_vitis/lab2b_platform/export/lab2b_platform/hw/design_1_wrapper.xsa -regs
configparams mdm-detect-bscan-mask 2
targets -set -nocase -filter {name =~ "*microblaze*#0" && bscan=="USER2" }
rst -system
after 3000
targets -set -nocase -filter {name =~ "*microblaze*#0" && bscan=="USER2" }
dow C:/Users/ranchen/Documents/GitHub/cs153a/vitis/lab2b_vitis/lab2b_application/Debug/lab2b_application.elf
----------------End of Script----------------

20:24:23 INFO  : Context for processor 'microblaze_0' is selected.
20:24:23 INFO  : 'con' command is executed.
20:24:23 INFO  : ----------------XSDB Script (After Launch)----------------
targets -set -nocase -filter {name =~ "*microblaze*#0" && bscan=="USER2" }
con
----------------End of Script----------------

20:24:23 INFO  : Launch script is exported to file 'C:\Users\ranchen\Documents\GitHub\cs153a\vitis\lab2b_vitis\lab2b_application_system\_ide\scripts\debugger_lab2b_application-default.tcl'
20:28:38 INFO  : Checking for BSP changes to sync application flags for project 'lab2b_application'...
20:28:41 INFO  : Disconnected from the channel tcfchan#28.
20:28:42 INFO  : Connected to target on host '127.0.0.1' and port '3121'.
20:28:51 INFO  : ----------------XSDB Script----------------
connect -url tcp:127.0.0.1:3121
----------------End of Script----------------

20:28:51 ERROR : Could not find FPGA device on the board for connection 'Local'.


Troubleshooting hints:
1. Check whether board is connected to system properly.
2. In case of zynq board, check whether Digilent/Xilinx cable switch settings are correct.
3. If you are using Xilinx Platform Cable USB, ensure that status LED is green.
20:28:51 INFO  : Connected to target on host '127.0.0.1' and port '3121'.
20:28:52 INFO  : Jtag cable 'Digilent Nexys A7 -100T 210292BCFA48A' is selected.
20:28:52 INFO  : 'jtag frequency' command is executed.
20:28:52 INFO  : 'targets -set -filter {jtag_cable_name =~ "Digilent Nexys A7 -100T 210292BCFA48A" && level==0 && jtag_device_ctx=="jsn-Nexys A7 -100T-210292BCFA48A-13631093-0"}' command is executed.
20:28:54 INFO  : Device configured successfully with "C:/Users/ranchen/Documents/GitHub/cs153a/vitis/lab2b_vitis/lab2b_application/_ide/bitstream/download.bit"
20:28:54 INFO  : Context for processor 'microblaze_0' is selected.
20:28:55 INFO  : Hardware design and registers information is loaded from 'C:/Users/ranchen/Documents/GitHub/cs153a/vitis/lab2b_vitis/lab2b_platform/export/lab2b_platform/hw/design_1_wrapper.xsa'.
20:28:55 INFO  : 'configparams mdm-detect-bscan-mask 2' command is executed.
20:28:55 INFO  : Context for processor 'microblaze_0' is selected.
20:28:55 INFO  : System reset is completed.
20:28:58 INFO  : 'after 3000' command is executed.
20:28:58 INFO  : Context for processor 'microblaze_0' is selected.
20:28:58 INFO  : The application 'C:/Users/ranchen/Documents/GitHub/cs153a/vitis/lab2b_vitis/lab2b_application/Debug/lab2b_application.elf' is downloaded to processor 'microblaze_0'.
20:28:58 INFO  : ----------------XSDB Script----------------
connect -url tcp:127.0.0.1:3121
targets -set -filter {jtag_cable_name =~ "Digilent Nexys A7 -100T 210292BCFA48A" && level==0 && jtag_device_ctx=="jsn-Nexys A7 -100T-210292BCFA48A-13631093-0"}
fpga -file C:/Users/ranchen/Documents/GitHub/cs153a/vitis/lab2b_vitis/lab2b_application/_ide/bitstream/download.bit
targets -set -nocase -filter {name =~ "*microblaze*#0" && bscan=="USER2" }
loadhw -hw C:/Users/ranchen/Documents/GitHub/cs153a/vitis/lab2b_vitis/lab2b_platform/export/lab2b_platform/hw/design_1_wrapper.xsa -regs
configparams mdm-detect-bscan-mask 2
targets -set -nocase -filter {name =~ "*microblaze*#0" && bscan=="USER2" }
rst -system
after 3000
targets -set -nocase -filter {name =~ "*microblaze*#0" && bscan=="USER2" }
dow C:/Users/ranchen/Documents/GitHub/cs153a/vitis/lab2b_vitis/lab2b_application/Debug/lab2b_application.elf
----------------End of Script----------------

20:28:58 INFO  : Context for processor 'microblaze_0' is selected.
20:28:58 INFO  : 'con' command is executed.
20:28:58 INFO  : ----------------XSDB Script (After Launch)----------------
targets -set -nocase -filter {name =~ "*microblaze*#0" && bscan=="USER2" }
con
----------------End of Script----------------

20:28:58 INFO  : Launch script is exported to file 'C:\Users\ranchen\Documents\GitHub\cs153a\vitis\lab2b_vitis\lab2b_application_system\_ide\scripts\debugger_lab2b_application-default.tcl'
20:33:04 INFO  : Disconnected from the channel tcfchan#29.
20:33:05 INFO  : Connected to target on host '127.0.0.1' and port '3121'.
20:33:05 INFO  : Jtag cable 'Digilent Nexys A7 -100T 210292BCFA48A' is selected.
20:33:05 INFO  : 'jtag frequency' command is executed.
20:33:05 INFO  : 'targets -set -filter {jtag_cable_name =~ "Digilent Nexys A7 -100T 210292BCFA48A" && level==0 && jtag_device_ctx=="jsn-Nexys A7 -100T-210292BCFA48A-13631093-0"}' command is executed.
20:33:07 INFO  : Device configured successfully with "C:/Users/ranchen/Documents/GitHub/cs153a/vitis/lab2b_vitis/lab2b_application/_ide/bitstream/download.bit"
20:33:07 INFO  : Context for processor 'microblaze_0' is selected.
20:33:08 INFO  : Hardware design and registers information is loaded from 'C:/Users/ranchen/Documents/GitHub/cs153a/vitis/lab2b_vitis/lab2b_platform/export/lab2b_platform/hw/design_1_wrapper.xsa'.
20:33:08 INFO  : 'configparams mdm-detect-bscan-mask 2' command is executed.
20:33:08 INFO  : Context for processor 'microblaze_0' is selected.
20:33:08 INFO  : System reset is completed.
20:33:11 INFO  : 'after 3000' command is executed.
20:33:11 INFO  : Context for processor 'microblaze_0' is selected.
20:33:11 INFO  : The application 'C:/Users/ranchen/Documents/GitHub/cs153a/vitis/lab2b_vitis/lab2b_application/Debug/lab2b_application.elf' is downloaded to processor 'microblaze_0'.
20:33:11 INFO  : ----------------XSDB Script----------------
connect -url tcp:127.0.0.1:3121
targets -set -filter {jtag_cable_name =~ "Digilent Nexys A7 -100T 210292BCFA48A" && level==0 && jtag_device_ctx=="jsn-Nexys A7 -100T-210292BCFA48A-13631093-0"}
fpga -file C:/Users/ranchen/Documents/GitHub/cs153a/vitis/lab2b_vitis/lab2b_application/_ide/bitstream/download.bit
targets -set -nocase -filter {name =~ "*microblaze*#0" && bscan=="USER2" }
loadhw -hw C:/Users/ranchen/Documents/GitHub/cs153a/vitis/lab2b_vitis/lab2b_platform/export/lab2b_platform/hw/design_1_wrapper.xsa -regs
configparams mdm-detect-bscan-mask 2
targets -set -nocase -filter {name =~ "*microblaze*#0" && bscan=="USER2" }
rst -system
after 3000
targets -set -nocase -filter {name =~ "*microblaze*#0" && bscan=="USER2" }
dow C:/Users/ranchen/Documents/GitHub/cs153a/vitis/lab2b_vitis/lab2b_application/Debug/lab2b_application.elf
----------------End of Script----------------

20:33:11 INFO  : Context for processor 'microblaze_0' is selected.
20:33:11 INFO  : 'con' command is executed.
20:33:11 INFO  : ----------------XSDB Script (After Launch)----------------
targets -set -nocase -filter {name =~ "*microblaze*#0" && bscan=="USER2" }
con
----------------End of Script----------------

20:33:11 INFO  : Launch script is exported to file 'C:\Users\ranchen\Documents\GitHub\cs153a\vitis\lab2b_vitis\lab2b_application_system\_ide\scripts\debugger_lab2b_application-default.tcl'
20:35:59 INFO  : Checking for BSP changes to sync application flags for project 'lab2b_application'...
20:36:10 INFO  : Disconnected from the channel tcfchan#30.
20:36:11 INFO  : Connected to target on host '127.0.0.1' and port '3121'.
20:36:11 INFO  : Jtag cable 'Digilent Nexys A7 -100T 210292BCFA48A' is selected.
20:36:11 INFO  : 'jtag frequency' command is executed.
20:36:11 INFO  : 'targets -set -filter {jtag_cable_name =~ "Digilent Nexys A7 -100T 210292BCFA48A" && level==0 && jtag_device_ctx=="jsn-Nexys A7 -100T-210292BCFA48A-13631093-0"}' command is executed.
20:36:13 INFO  : Device configured successfully with "C:/Users/ranchen/Documents/GitHub/cs153a/vitis/lab2b_vitis/lab2b_application/_ide/bitstream/download.bit"
20:36:13 INFO  : Context for processor 'microblaze_0' is selected.
20:36:14 INFO  : Hardware design and registers information is loaded from 'C:/Users/ranchen/Documents/GitHub/cs153a/vitis/lab2b_vitis/lab2b_platform/export/lab2b_platform/hw/design_1_wrapper.xsa'.
20:36:14 INFO  : 'configparams mdm-detect-bscan-mask 2' command is executed.
20:36:14 INFO  : Context for processor 'microblaze_0' is selected.
20:36:14 INFO  : System reset is completed.
20:36:17 INFO  : 'after 3000' command is executed.
20:36:17 INFO  : Context for processor 'microblaze_0' is selected.
20:36:17 INFO  : The application 'C:/Users/ranchen/Documents/GitHub/cs153a/vitis/lab2b_vitis/lab2b_application/Debug/lab2b_application.elf' is downloaded to processor 'microblaze_0'.
20:36:17 INFO  : ----------------XSDB Script----------------
connect -url tcp:127.0.0.1:3121
targets -set -filter {jtag_cable_name =~ "Digilent Nexys A7 -100T 210292BCFA48A" && level==0 && jtag_device_ctx=="jsn-Nexys A7 -100T-210292BCFA48A-13631093-0"}
fpga -file C:/Users/ranchen/Documents/GitHub/cs153a/vitis/lab2b_vitis/lab2b_application/_ide/bitstream/download.bit
targets -set -nocase -filter {name =~ "*microblaze*#0" && bscan=="USER2" }
loadhw -hw C:/Users/ranchen/Documents/GitHub/cs153a/vitis/lab2b_vitis/lab2b_platform/export/lab2b_platform/hw/design_1_wrapper.xsa -regs
configparams mdm-detect-bscan-mask 2
targets -set -nocase -filter {name =~ "*microblaze*#0" && bscan=="USER2" }
rst -system
after 3000
targets -set -nocase -filter {name =~ "*microblaze*#0" && bscan=="USER2" }
dow C:/Users/ranchen/Documents/GitHub/cs153a/vitis/lab2b_vitis/lab2b_application/Debug/lab2b_application.elf
----------------End of Script----------------

20:36:17 INFO  : Context for processor 'microblaze_0' is selected.
20:36:17 INFO  : 'con' command is executed.
20:36:17 INFO  : ----------------XSDB Script (After Launch)----------------
targets -set -nocase -filter {name =~ "*microblaze*#0" && bscan=="USER2" }
con
----------------End of Script----------------

20:36:17 INFO  : Launch script is exported to file 'C:\Users\ranchen\Documents\GitHub\cs153a\vitis\lab2b_vitis\lab2b_application_system\_ide\scripts\debugger_lab2b_application-default.tcl'
20:41:06 INFO  : Checking for BSP changes to sync application flags for project 'lab2b_application'...
20:41:10 INFO  : Disconnected from the channel tcfchan#31.
20:41:11 INFO  : Connected to target on host '127.0.0.1' and port '3121'.
20:41:11 INFO  : Jtag cable 'Digilent Nexys A7 -100T 210292BCFA48A' is selected.
20:41:11 INFO  : 'jtag frequency' command is executed.
20:41:11 INFO  : 'targets -set -filter {jtag_cable_name =~ "Digilent Nexys A7 -100T 210292BCFA48A" && level==0 && jtag_device_ctx=="jsn-Nexys A7 -100T-210292BCFA48A-13631093-0"}' command is executed.
20:41:13 INFO  : Device configured successfully with "C:/Users/ranchen/Documents/GitHub/cs153a/vitis/lab2b_vitis/lab2b_application/_ide/bitstream/download.bit"
20:41:13 INFO  : Context for processor 'microblaze_0' is selected.
20:41:14 INFO  : Hardware design and registers information is loaded from 'C:/Users/ranchen/Documents/GitHub/cs153a/vitis/lab2b_vitis/lab2b_platform/export/lab2b_platform/hw/design_1_wrapper.xsa'.
20:41:14 INFO  : 'configparams mdm-detect-bscan-mask 2' command is executed.
20:41:14 INFO  : Context for processor 'microblaze_0' is selected.
20:41:14 INFO  : System reset is completed.
20:41:17 INFO  : 'after 3000' command is executed.
20:41:17 INFO  : Context for processor 'microblaze_0' is selected.
20:41:17 INFO  : The application 'C:/Users/ranchen/Documents/GitHub/cs153a/vitis/lab2b_vitis/lab2b_application/Debug/lab2b_application.elf' is downloaded to processor 'microblaze_0'.
20:41:17 INFO  : ----------------XSDB Script----------------
connect -url tcp:127.0.0.1:3121
targets -set -filter {jtag_cable_name =~ "Digilent Nexys A7 -100T 210292BCFA48A" && level==0 && jtag_device_ctx=="jsn-Nexys A7 -100T-210292BCFA48A-13631093-0"}
fpga -file C:/Users/ranchen/Documents/GitHub/cs153a/vitis/lab2b_vitis/lab2b_application/_ide/bitstream/download.bit
targets -set -nocase -filter {name =~ "*microblaze*#0" && bscan=="USER2" }
loadhw -hw C:/Users/ranchen/Documents/GitHub/cs153a/vitis/lab2b_vitis/lab2b_platform/export/lab2b_platform/hw/design_1_wrapper.xsa -regs
configparams mdm-detect-bscan-mask 2
targets -set -nocase -filter {name =~ "*microblaze*#0" && bscan=="USER2" }
rst -system
after 3000
targets -set -nocase -filter {name =~ "*microblaze*#0" && bscan=="USER2" }
dow C:/Users/ranchen/Documents/GitHub/cs153a/vitis/lab2b_vitis/lab2b_application/Debug/lab2b_application.elf
----------------End of Script----------------

20:41:17 INFO  : Context for processor 'microblaze_0' is selected.
20:41:17 INFO  : 'con' command is executed.
20:41:17 INFO  : ----------------XSDB Script (After Launch)----------------
targets -set -nocase -filter {name =~ "*microblaze*#0" && bscan=="USER2" }
con
----------------End of Script----------------

20:41:17 INFO  : Launch script is exported to file 'C:\Users\ranchen\Documents\GitHub\cs153a\vitis\lab2b_vitis\lab2b_application_system\_ide\scripts\debugger_lab2b_application-default.tcl'
20:43:21 INFO  : Checking for BSP changes to sync application flags for project 'lab2b_application'...
20:53:48 INFO  : Checking for BSP changes to sync application flags for project 'lab2b_application'...
20:53:54 INFO  : Disconnected from the channel tcfchan#32.
20:53:55 INFO  : Connected to target on host '127.0.0.1' and port '3121'.
20:53:55 INFO  : Jtag cable 'Digilent Nexys A7 -100T 210292BCFA48A' is selected.
20:53:55 INFO  : 'jtag frequency' command is executed.
20:53:55 INFO  : 'targets -set -filter {jtag_cable_name =~ "Digilent Nexys A7 -100T 210292BCFA48A" && level==0 && jtag_device_ctx=="jsn-Nexys A7 -100T-210292BCFA48A-13631093-0"}' command is executed.
20:53:57 INFO  : Device configured successfully with "C:/Users/ranchen/Documents/GitHub/cs153a/vitis/lab2b_vitis/lab2b_application/_ide/bitstream/download.bit"
20:53:57 INFO  : Context for processor 'microblaze_0' is selected.
20:53:58 INFO  : Hardware design and registers information is loaded from 'C:/Users/ranchen/Documents/GitHub/cs153a/vitis/lab2b_vitis/lab2b_platform/export/lab2b_platform/hw/design_1_wrapper.xsa'.
20:53:58 INFO  : 'configparams mdm-detect-bscan-mask 2' command is executed.
20:53:58 INFO  : Context for processor 'microblaze_0' is selected.
20:53:58 INFO  : System reset is completed.
20:54:01 INFO  : 'after 3000' command is executed.
20:54:01 INFO  : Context for processor 'microblaze_0' is selected.
20:54:01 INFO  : The application 'C:/Users/ranchen/Documents/GitHub/cs153a/vitis/lab2b_vitis/lab2b_application/Debug/lab2b_application.elf' is downloaded to processor 'microblaze_0'.
20:54:01 INFO  : ----------------XSDB Script----------------
connect -url tcp:127.0.0.1:3121
targets -set -filter {jtag_cable_name =~ "Digilent Nexys A7 -100T 210292BCFA48A" && level==0 && jtag_device_ctx=="jsn-Nexys A7 -100T-210292BCFA48A-13631093-0"}
fpga -file C:/Users/ranchen/Documents/GitHub/cs153a/vitis/lab2b_vitis/lab2b_application/_ide/bitstream/download.bit
targets -set -nocase -filter {name =~ "*microblaze*#0" && bscan=="USER2" }
loadhw -hw C:/Users/ranchen/Documents/GitHub/cs153a/vitis/lab2b_vitis/lab2b_platform/export/lab2b_platform/hw/design_1_wrapper.xsa -regs
configparams mdm-detect-bscan-mask 2
targets -set -nocase -filter {name =~ "*microblaze*#0" && bscan=="USER2" }
rst -system
after 3000
targets -set -nocase -filter {name =~ "*microblaze*#0" && bscan=="USER2" }
dow C:/Users/ranchen/Documents/GitHub/cs153a/vitis/lab2b_vitis/lab2b_application/Debug/lab2b_application.elf
----------------End of Script----------------

20:54:01 INFO  : Context for processor 'microblaze_0' is selected.
20:54:01 INFO  : 'con' command is executed.
20:54:01 INFO  : ----------------XSDB Script (After Launch)----------------
targets -set -nocase -filter {name =~ "*microblaze*#0" && bscan=="USER2" }
con
----------------End of Script----------------

20:54:01 INFO  : Launch script is exported to file 'C:\Users\ranchen\Documents\GitHub\cs153a\vitis\lab2b_vitis\lab2b_application_system\_ide\scripts\debugger_lab2b_application-default.tcl'
20:55:43 INFO  : Checking for BSP changes to sync application flags for project 'lab2b_application'...
20:55:49 INFO  : Disconnected from the channel tcfchan#33.
20:55:50 INFO  : Connected to target on host '127.0.0.1' and port '3121'.
20:55:50 INFO  : Jtag cable 'Digilent Nexys A7 -100T 210292BCFA48A' is selected.
20:55:50 INFO  : 'jtag frequency' command is executed.
20:55:50 INFO  : 'targets -set -filter {jtag_cable_name =~ "Digilent Nexys A7 -100T 210292BCFA48A" && level==0 && jtag_device_ctx=="jsn-Nexys A7 -100T-210292BCFA48A-13631093-0"}' command is executed.
20:55:53 INFO  : Device configured successfully with "C:/Users/ranchen/Documents/GitHub/cs153a/vitis/lab2b_vitis/lab2b_application/_ide/bitstream/download.bit"
20:55:53 INFO  : Context for processor 'microblaze_0' is selected.
20:55:54 INFO  : Hardware design and registers information is loaded from 'C:/Users/ranchen/Documents/GitHub/cs153a/vitis/lab2b_vitis/lab2b_platform/export/lab2b_platform/hw/design_1_wrapper.xsa'.
20:55:54 INFO  : 'configparams mdm-detect-bscan-mask 2' command is executed.
20:55:54 INFO  : Context for processor 'microblaze_0' is selected.
20:55:54 INFO  : System reset is completed.
20:55:57 INFO  : 'after 3000' command is executed.
20:55:57 INFO  : Context for processor 'microblaze_0' is selected.
20:55:57 INFO  : The application 'C:/Users/ranchen/Documents/GitHub/cs153a/vitis/lab2b_vitis/lab2b_application/Debug/lab2b_application.elf' is downloaded to processor 'microblaze_0'.
20:55:57 INFO  : ----------------XSDB Script----------------
connect -url tcp:127.0.0.1:3121
targets -set -filter {jtag_cable_name =~ "Digilent Nexys A7 -100T 210292BCFA48A" && level==0 && jtag_device_ctx=="jsn-Nexys A7 -100T-210292BCFA48A-13631093-0"}
fpga -file C:/Users/ranchen/Documents/GitHub/cs153a/vitis/lab2b_vitis/lab2b_application/_ide/bitstream/download.bit
targets -set -nocase -filter {name =~ "*microblaze*#0" && bscan=="USER2" }
loadhw -hw C:/Users/ranchen/Documents/GitHub/cs153a/vitis/lab2b_vitis/lab2b_platform/export/lab2b_platform/hw/design_1_wrapper.xsa -regs
configparams mdm-detect-bscan-mask 2
targets -set -nocase -filter {name =~ "*microblaze*#0" && bscan=="USER2" }
rst -system
after 3000
targets -set -nocase -filter {name =~ "*microblaze*#0" && bscan=="USER2" }
dow C:/Users/ranchen/Documents/GitHub/cs153a/vitis/lab2b_vitis/lab2b_application/Debug/lab2b_application.elf
----------------End of Script----------------

20:55:57 INFO  : Context for processor 'microblaze_0' is selected.
20:55:57 INFO  : 'con' command is executed.
20:55:57 INFO  : ----------------XSDB Script (After Launch)----------------
targets -set -nocase -filter {name =~ "*microblaze*#0" && bscan=="USER2" }
con
----------------End of Script----------------

20:55:57 INFO  : Launch script is exported to file 'C:\Users\ranchen\Documents\GitHub\cs153a\vitis\lab2b_vitis\lab2b_application_system\_ide\scripts\debugger_lab2b_application-default.tcl'
