TRACE::2024-11-14.19:28:43::SCWPlatform::Trying to open the hw design at C:/Users/tejasvissapragada/Documents/cs153a/vitis/lab3a_vitis/lab3a_platform/hw/design_1_wrapper.xsa
TRACE::2024-11-14.19:28:43::SCWPlatform::DSA given C:/Users/tejasvissapragada/Documents/cs153a/vitis/lab3a_vitis/lab3a_platform/hw/design_1_wrapper.xsa
TRACE::2024-11-14.19:28:43::SCWPlatform::DSA absoulate path C:/Users/tejasvissapragada/Documents/cs153a/vitis/lab3a_vitis/lab3a_platform/hw/design_1_wrapper.xsa
TRACE::2024-11-14.19:28:43::SCWPlatform::DSA directory C:/Users/tejasvissapragada/Documents/cs153a/vitis/lab3a_vitis/lab3a_platform/hw
TRACE::2024-11-14.19:28:43::SCWPlatform:: Platform Path C:/Users/tejasvissapragada/Documents/cs153a/vitis/lab3a_vitis/lab3a_platform/hw/design_1_wrapper.xsa
TRACE::2024-11-14.19:28:43::SCWPlatform:: Unique name xilinx:::0.0
TRACE::2024-11-14.19:28:43::SCWPlatform::Do not have an existing db opened. 
TRACE::2024-11-14.19:28:44::SCWPlatform::Opened new HwDB with name design_1_wrapper_0
TRACE::2024-11-14.19:28:44::SCWWriter::formatted JSON is {
	"platformName":	"lab3a_platform",
	"sprVersion":	"2.0",
	"mode":	"gui",
	"dsaType":	"Fixed",
	"platformDesc":	"lab3a_platform",
	"platHandOff":	"C:/Users/tejasvissapragada/Documents/cs153a/vivado/lab3b_vivado/design_1_wrapper.xsa",
	"platIntHandOff":	"<platformDir>/hw/design_1_wrapper.xsa",
	"deviceType":	"FPGA",
	"platIsPrebuiltAutogen":	"false",
	"platIsNoBootBsp":	"false",
	"hasFsblMakeHasChanges":	"false",
	"hasPmufwMakeHasChanges":	"false",
	"platPreBuiltFlag":	false,
	"platformSamplesDir":	""
}
TRACE::2024-11-14.19:28:44::SCWWriter::formatted JSON is {
	"platformName":	"lab3a_platform",
	"sprVersion":	"2.0",
	"mode":	"gui",
	"dsaType":	"Fixed",
	"platformDesc":	"lab3a_platform",
	"platHandOff":	"C:/Users/tejasvissapragada/Documents/cs153a/vivado/lab3b_vivado/design_1_wrapper.xsa",
	"platIntHandOff":	"<platformDir>/hw/design_1_wrapper.xsa",
	"deviceType":	"FPGA",
	"platIsPrebuiltAutogen":	"false",
	"platIsNoBootBsp":	"false",
	"hasFsblMakeHasChanges":	"false",
	"hasPmufwMakeHasChanges":	"false",
	"platPreBuiltFlag":	false,
	"platformSamplesDir":	"",
	"platActiveSys":	"lab3a_platform",
	"systems":	[{
			"systemName":	"lab3a_platform",
			"systemDesc":	"lab3a_platform",
			"sysIsBootAutoGen":	"true",
			"systemDispName":	"lab3a_platform"
		}]
}
TRACE::2024-11-14.19:28:44::SCWPlatform::Boot application domains not present, creating them
TRACE::2024-11-14.19:28:44::SCWPlatform::Pure FPGA device, no boot application will be created.
TRACE::2024-11-14.19:28:44::SCWWriter::formatted JSON is {
	"platformName":	"lab3a_platform",
	"sprVersion":	"2.0",
	"mode":	"gui",
	"dsaType":	"Fixed",
	"platformDesc":	"lab3a_platform",
	"platHandOff":	"C:/Users/tejasvissapragada/Documents/cs153a/vivado/lab3b_vivado/design_1_wrapper.xsa",
	"platIntHandOff":	"<platformDir>/hw/design_1_wrapper.xsa",
	"deviceType":	"FPGA",
	"platIsPrebuiltAutogen":	"false",
	"platIsNoBootBsp":	"false",
	"hasFsblMakeHasChanges":	"false",
	"hasPmufwMakeHasChanges":	"false",
	"platPreBuiltFlag":	false,
	"platformSamplesDir":	"",
	"platActiveSys":	"lab3a_platform",
	"systems":	[{
			"systemName":	"lab3a_platform",
			"systemDesc":	"lab3a_platform",
			"sysIsBootAutoGen":	"true",
			"systemDispName":	"lab3a_platform"
		}]
}
TRACE::2024-11-14.19:28:44::SCWPlatform::Trying to open the hw design at C:/Users/tejasvissapragada/Documents/cs153a/vitis/lab3a_vitis/lab3a_platform/hw/design_1_wrapper.xsa
TRACE::2024-11-14.19:28:44::SCWPlatform::DSA given C:/Users/tejasvissapragada/Documents/cs153a/vitis/lab3a_vitis/lab3a_platform/hw/design_1_wrapper.xsa
TRACE::2024-11-14.19:28:44::SCWPlatform::DSA absoulate path C:/Users/tejasvissapragada/Documents/cs153a/vitis/lab3a_vitis/lab3a_platform/hw/design_1_wrapper.xsa
TRACE::2024-11-14.19:28:44::SCWPlatform::DSA directory C:/Users/tejasvissapragada/Documents/cs153a/vitis/lab3a_vitis/lab3a_platform/hw
TRACE::2024-11-14.19:28:44::SCWPlatform:: Platform Path C:/Users/tejasvissapragada/Documents/cs153a/vitis/lab3a_vitis/lab3a_platform/hw/design_1_wrapper.xsa
TRACE::2024-11-14.19:28:44::SCWPlatform:: Unique name xilinx:::0.0
TRACE::2024-11-14.19:28:44::SCWPlatform::Trying to set the existing hwdb with name design_1_wrapper_0
TRACE::2024-11-14.19:28:44::SCWPlatform::Opened existing hwdb design_1_wrapper_0
TRACE::2024-11-14.19:28:44::SCWPlatform::Found the Hw Db part of the input DSA
TRACE::2024-11-14.19:28:44::SCWPlatform::Trying to open the hw design at C:/Users/tejasvissapragada/Documents/cs153a/vitis/lab3a_vitis/lab3a_platform/hw/design_1_wrapper.xsa
TRACE::2024-11-14.19:28:44::SCWPlatform::DSA given C:/Users/tejasvissapragada/Documents/cs153a/vitis/lab3a_vitis/lab3a_platform/hw/design_1_wrapper.xsa
TRACE::2024-11-14.19:28:44::SCWPlatform::DSA absoulate path C:/Users/tejasvissapragada/Documents/cs153a/vitis/lab3a_vitis/lab3a_platform/hw/design_1_wrapper.xsa
TRACE::2024-11-14.19:28:44::SCWPlatform::DSA directory C:/Users/tejasvissapragada/Documents/cs153a/vitis/lab3a_vitis/lab3a_platform/hw
TRACE::2024-11-14.19:28:44::SCWPlatform:: Platform Path C:/Users/tejasvissapragada/Documents/cs153a/vitis/lab3a_vitis/lab3a_platform/hw/design_1_wrapper.xsa
TRACE::2024-11-14.19:28:44::SCWPlatform:: Unique name xilinx:::0.0
TRACE::2024-11-14.19:28:44::SCWPlatform::Trying to set the existing hwdb with name design_1_wrapper_0
TRACE::2024-11-14.19:28:44::SCWPlatform::Opened existing hwdb design_1_wrapper_0
TRACE::2024-11-14.19:28:44::SCWPlatform::Found the Hw Db part of the input DSA
TRACE::2024-11-14.19:28:44::SCWPlatform::Trying to open the hw design at C:/Users/tejasvissapragada/Documents/cs153a/vitis/lab3a_vitis/lab3a_platform/hw/design_1_wrapper.xsa
TRACE::2024-11-14.19:28:44::SCWPlatform::DSA given C:/Users/tejasvissapragada/Documents/cs153a/vitis/lab3a_vitis/lab3a_platform/hw/design_1_wrapper.xsa
TRACE::2024-11-14.19:28:44::SCWPlatform::DSA absoulate path C:/Users/tejasvissapragada/Documents/cs153a/vitis/lab3a_vitis/lab3a_platform/hw/design_1_wrapper.xsa
TRACE::2024-11-14.19:28:44::SCWPlatform::DSA directory C:/Users/tejasvissapragada/Documents/cs153a/vitis/lab3a_vitis/lab3a_platform/hw
TRACE::2024-11-14.19:28:44::SCWPlatform:: Platform Path C:/Users/tejasvissapragada/Documents/cs153a/vitis/lab3a_vitis/lab3a_platform/hw/design_1_wrapper.xsa
TRACE::2024-11-14.19:28:44::SCWPlatform:: Unique name xilinx:::0.0
TRACE::2024-11-14.19:28:44::SCWPlatform::Trying to set the existing hwdb with name design_1_wrapper_0
TRACE::2024-11-14.19:28:44::SCWPlatform::Opened existing hwdb design_1_wrapper_0
TRACE::2024-11-14.19:28:44::SCWPlatform::Found the Hw Db part of the input DSA
TRACE::2024-11-14.19:28:44::SCWDomain::checking for install qemu data   : 
TRACE::2024-11-14.19:28:44::SCWPlatform::Trying to open the hw design at C:/Users/tejasvissapragada/Documents/cs153a/vitis/lab3a_vitis/lab3a_platform/hw/design_1_wrapper.xsa
TRACE::2024-11-14.19:28:44::SCWPlatform::DSA given C:/Users/tejasvissapragada/Documents/cs153a/vitis/lab3a_vitis/lab3a_platform/hw/design_1_wrapper.xsa
TRACE::2024-11-14.19:28:44::SCWPlatform::DSA absoulate path C:/Users/tejasvissapragada/Documents/cs153a/vitis/lab3a_vitis/lab3a_platform/hw/design_1_wrapper.xsa
TRACE::2024-11-14.19:28:44::SCWPlatform::DSA directory C:/Users/tejasvissapragada/Documents/cs153a/vitis/lab3a_vitis/lab3a_platform/hw
TRACE::2024-11-14.19:28:44::SCWPlatform:: Platform Path C:/Users/tejasvissapragada/Documents/cs153a/vitis/lab3a_vitis/lab3a_platform/hw/design_1_wrapper.xsa
TRACE::2024-11-14.19:28:44::SCWPlatform:: Unique name xilinx:::0.0
TRACE::2024-11-14.19:28:44::SCWPlatform::Trying to set the existing hwdb with name design_1_wrapper_0
TRACE::2024-11-14.19:28:44::SCWPlatform::Opened existing hwdb design_1_wrapper_0
TRACE::2024-11-14.19:28:44::SCWPlatform::Found the Hw Db part of the input DSA
TRACE::2024-11-14.19:28:44::SCWPlatform::Trying to open the hw design at C:/Users/tejasvissapragada/Documents/cs153a/vitis/lab3a_vitis/lab3a_platform/hw/design_1_wrapper.xsa
TRACE::2024-11-14.19:28:44::SCWPlatform::DSA given C:/Users/tejasvissapragada/Documents/cs153a/vitis/lab3a_vitis/lab3a_platform/hw/design_1_wrapper.xsa
TRACE::2024-11-14.19:28:44::SCWPlatform::DSA absoulate path C:/Users/tejasvissapragada/Documents/cs153a/vitis/lab3a_vitis/lab3a_platform/hw/design_1_wrapper.xsa
TRACE::2024-11-14.19:28:44::SCWPlatform::DSA directory C:/Users/tejasvissapragada/Documents/cs153a/vitis/lab3a_vitis/lab3a_platform/hw
TRACE::2024-11-14.19:28:44::SCWPlatform:: Platform Path C:/Users/tejasvissapragada/Documents/cs153a/vitis/lab3a_vitis/lab3a_platform/hw/design_1_wrapper.xsa
TRACE::2024-11-14.19:28:44::SCWPlatform:: Unique name xilinx:::0.0
TRACE::2024-11-14.19:28:44::SCWPlatform::Trying to set the existing hwdb with name design_1_wrapper_0
TRACE::2024-11-14.19:28:44::SCWPlatform::Opened existing hwdb design_1_wrapper_0
TRACE::2024-11-14.19:28:44::SCWPlatform::Found the Hw Db part of the input DSA
TRACE::2024-11-14.19:28:44::SCWPlatform::Trying to open the hw design at C:/Users/tejasvissapragada/Documents/cs153a/vitis/lab3a_vitis/lab3a_platform/hw/design_1_wrapper.xsa
TRACE::2024-11-14.19:28:44::SCWPlatform::DSA given C:/Users/tejasvissapragada/Documents/cs153a/vitis/lab3a_vitis/lab3a_platform/hw/design_1_wrapper.xsa
TRACE::2024-11-14.19:28:44::SCWPlatform::DSA absoulate path C:/Users/tejasvissapragada/Documents/cs153a/vitis/lab3a_vitis/lab3a_platform/hw/design_1_wrapper.xsa
TRACE::2024-11-14.19:28:44::SCWPlatform::DSA directory C:/Users/tejasvissapragada/Documents/cs153a/vitis/lab3a_vitis/lab3a_platform/hw
TRACE::2024-11-14.19:28:44::SCWPlatform:: Platform Path C:/Users/tejasvissapragada/Documents/cs153a/vitis/lab3a_vitis/lab3a_platform/hw/design_1_wrapper.xsa
TRACE::2024-11-14.19:28:44::SCWPlatform:: Unique name xilinx:::0.0
TRACE::2024-11-14.19:28:44::SCWPlatform::Trying to set the existing hwdb with name design_1_wrapper_0
TRACE::2024-11-14.19:28:44::SCWPlatform::Opened existing hwdb design_1_wrapper_0
TRACE::2024-11-14.19:28:44::SCWPlatform::Found the Hw Db part of the input DSA
TRACE::2024-11-14.19:28:44::SCWMssOS::Checking the sw design at  C:/Users/tejasvissapragada/Documents/cs153a/vitis/lab3a_vitis/lab3a_platform/microblaze_0/standalone_domain/bsp/system.mss
TRACE::2024-11-14.19:28:44::SCWMssOS::DEBUG:  swdes dump  
TRACE::2024-11-14.19:28:44::SCWMssOS::No sw design opened at  C:/Users/tejasvissapragada/Documents/cs153a/vitis/lab3a_vitis/lab3a_platform/microblaze_0/standalone_domain/bsp/system.mss
TRACE::2024-11-14.19:28:44::SCWMssOS::mss does not exists at C:/Users/tejasvissapragada/Documents/cs153a/vitis/lab3a_vitis/lab3a_platform/microblaze_0/standalone_domain/bsp/system.mss
TRACE::2024-11-14.19:28:44::SCWMssOS::Creating sw design at  C:/Users/tejasvissapragada/Documents/cs153a/vitis/lab3a_vitis/lab3a_platform/microblaze_0/standalone_domain/bsp/system.mss
TRACE::2024-11-14.19:28:44::SCWMssOS::Adding the swdes entry, created swdb C:/Users/tejasvissapragada/Documents/cs153a/vitis/lab3a_vitis/lab3a_platform/microblaze_0/standalone_domain/bsp/system.mss with des name C:/Users/tejasvissapragada/Documents/cs153a/vitis/lab3a_vitis/lab3a_platform/microblaze_0/standalone_domain/bsp/system.mss
TRACE::2024-11-14.19:28:44::SCWMssOS::updating the scw layer changes to swdes at   C:/Users/tejasvissapragada/Documents/cs153a/vitis/lab3a_vitis/lab3a_platform/microblaze_0/standalone_domain/bsp/system.mss
TRACE::2024-11-14.19:28:44::SCWMssOS::Writing mss at C:/Users/tejasvissapragada/Documents/cs153a/vitis/lab3a_vitis/lab3a_platform/microblaze_0/standalone_domain/bsp/system.mss
TRACE::2024-11-14.19:28:44::SCWMssOS::Completed writing the mss file at C:/Users/tejasvissapragada/Documents/cs153a/vitis/lab3a_vitis/lab3a_platform/microblaze_0/standalone_domain/bsp
TRACE::2024-11-14.19:28:44::SCWMssOS::Picking up changes from newly written mss file into SCW Layer. 
TRACE::2024-11-14.19:28:44::SCWMssOS::Updated the changes from newly written mss file into SCW Layer. 
TRACE::2024-11-14.19:28:44::SCWMssOS::Completed writing the mss file at C:/Users/tejasvissapragada/Documents/cs153a/vitis/lab3a_vitis/lab3a_platform/microblaze_0/standalone_domain/bsp
TRACE::2024-11-14.19:28:44::SCWMssOS::Forcing BSP Sources regeneration.
TRACE::2024-11-14.19:28:46::SCWMssOS::Saving the mss changes C:/Users/tejasvissapragada/Documents/cs153a/vitis/lab3a_vitis/lab3a_platform/microblaze_0/standalone_domain/bsp/system.mss
TRACE::2024-11-14.19:28:46::SCWMssOS::Adding the swdes entry, mss present, able to open swdb C:/Users/tejasvissapragada/Documents/cs153a/vitis/lab3a_vitis/lab3a_platform/microblaze_0/standalone_domain/bsp/system.mss with des name system
TRACE::2024-11-14.19:28:46::SCWMssOS::Writing the mss file completed C:/Users/tejasvissapragada/Documents/cs153a/vitis/lab3a_vitis/lab3a_platform/microblaze_0/standalone_domain/bsp/system.mss
TRACE::2024-11-14.19:28:46::SCWMssOS::Commit changes completed.
TRACE::2024-11-14.19:28:46::SCWPlatform::Trying to open the hw design at C:/Users/tejasvissapragada/Documents/cs153a/vitis/lab3a_vitis/lab3a_platform/hw/design_1_wrapper.xsa
TRACE::2024-11-14.19:28:46::SCWPlatform::DSA given C:/Users/tejasvissapragada/Documents/cs153a/vitis/lab3a_vitis/lab3a_platform/hw/design_1_wrapper.xsa
TRACE::2024-11-14.19:28:46::SCWPlatform::DSA absoulate path C:/Users/tejasvissapragada/Documents/cs153a/vitis/lab3a_vitis/lab3a_platform/hw/design_1_wrapper.xsa
TRACE::2024-11-14.19:28:46::SCWPlatform::DSA directory C:/Users/tejasvissapragada/Documents/cs153a/vitis/lab3a_vitis/lab3a_platform/hw
TRACE::2024-11-14.19:28:46::SCWPlatform:: Platform Path C:/Users/tejasvissapragada/Documents/cs153a/vitis/lab3a_vitis/lab3a_platform/hw/design_1_wrapper.xsa
TRACE::2024-11-14.19:28:46::SCWPlatform:: Unique name xilinx:::0.0
TRACE::2024-11-14.19:28:46::SCWPlatform::Trying to set the existing hwdb with name design_1_wrapper_0
TRACE::2024-11-14.19:28:46::SCWPlatform::Opened existing hwdb design_1_wrapper_0
TRACE::2024-11-14.19:28:46::SCWPlatform::Found the Hw Db part of the input DSA
TRACE::2024-11-14.19:28:46::SCWMssOS::Checking the sw design at  C:/Users/tejasvissapragada/Documents/cs153a/vitis/lab3a_vitis/lab3a_platform/microblaze_0/standalone_domain/bsp/system.mss
TRACE::2024-11-14.19:28:46::SCWMssOS::DEBUG:  swdes dump  C:/Users/tejasvissapragada/Documents/cs153a/vitis/lab3a_vitis/lab3a_platform/microblaze_0/standalone_domain/bsp/system.mss|system||

TRACE::2024-11-14.19:28:46::SCWMssOS::Sw design exists and opened at  C:/Users/tejasvissapragada/Documents/cs153a/vitis/lab3a_vitis/lab3a_platform/microblaze_0/standalone_domain/bsp/system.mss
TRACE::2024-11-14.19:28:46::SCWPlatform::Trying to open the hw design at C:/Users/tejasvissapragada/Documents/cs153a/vitis/lab3a_vitis/lab3a_platform/hw/design_1_wrapper.xsa
TRACE::2024-11-14.19:28:46::SCWPlatform::DSA given C:/Users/tejasvissapragada/Documents/cs153a/vitis/lab3a_vitis/lab3a_platform/hw/design_1_wrapper.xsa
TRACE::2024-11-14.19:28:46::SCWPlatform::DSA absoulate path C:/Users/tejasvissapragada/Documents/cs153a/vitis/lab3a_vitis/lab3a_platform/hw/design_1_wrapper.xsa
TRACE::2024-11-14.19:28:46::SCWPlatform::DSA directory C:/Users/tejasvissapragada/Documents/cs153a/vitis/lab3a_vitis/lab3a_platform/hw
TRACE::2024-11-14.19:28:46::SCWPlatform:: Platform Path C:/Users/tejasvissapragada/Documents/cs153a/vitis/lab3a_vitis/lab3a_platform/hw/design_1_wrapper.xsa
TRACE::2024-11-14.19:28:46::SCWPlatform:: Unique name xilinx:::0.0
TRACE::2024-11-14.19:28:46::SCWPlatform::Trying to set the existing hwdb with name design_1_wrapper_0
TRACE::2024-11-14.19:28:46::SCWPlatform::Opened existing hwdb design_1_wrapper_0
TRACE::2024-11-14.19:28:46::SCWPlatform::Found the Hw Db part of the input DSA
TRACE::2024-11-14.19:28:46::SCWMssOS::Checking the sw design at  C:/Users/tejasvissapragada/Documents/cs153a/vitis/lab3a_vitis/lab3a_platform/microblaze_0/standalone_domain/bsp/system.mss
TRACE::2024-11-14.19:28:46::SCWMssOS::DEBUG:  swdes dump  C:/Users/tejasvissapragada/Documents/cs153a/vitis/lab3a_vitis/lab3a_platform/microblaze_0/standalone_domain/bsp/system.mss|system||

TRACE::2024-11-14.19:28:46::SCWMssOS::Sw design exists and opened at  C:/Users/tejasvissapragada/Documents/cs153a/vitis/lab3a_vitis/lab3a_platform/microblaze_0/standalone_domain/bsp/system.mss
TRACE::2024-11-14.19:28:46::SCWPlatform::Trying to open the hw design at C:/Users/tejasvissapragada/Documents/cs153a/vitis/lab3a_vitis/lab3a_platform/hw/design_1_wrapper.xsa
TRACE::2024-11-14.19:28:46::SCWPlatform::DSA given C:/Users/tejasvissapragada/Documents/cs153a/vitis/lab3a_vitis/lab3a_platform/hw/design_1_wrapper.xsa
TRACE::2024-11-14.19:28:46::SCWPlatform::DSA absoulate path C:/Users/tejasvissapragada/Documents/cs153a/vitis/lab3a_vitis/lab3a_platform/hw/design_1_wrapper.xsa
TRACE::2024-11-14.19:28:46::SCWPlatform::DSA directory C:/Users/tejasvissapragada/Documents/cs153a/vitis/lab3a_vitis/lab3a_platform/hw
TRACE::2024-11-14.19:28:46::SCWPlatform:: Platform Path C:/Users/tejasvissapragada/Documents/cs153a/vitis/lab3a_vitis/lab3a_platform/hw/design_1_wrapper.xsa
TRACE::2024-11-14.19:28:46::SCWPlatform:: Unique name xilinx:::0.0
TRACE::2024-11-14.19:28:46::SCWPlatform::Trying to set the existing hwdb with name design_1_wrapper_0
TRACE::2024-11-14.19:28:46::SCWPlatform::Opened existing hwdb design_1_wrapper_0
TRACE::2024-11-14.19:28:46::SCWPlatform::Found the Hw Db part of the input DSA
TRACE::2024-11-14.19:28:46::SCWMssOS::Checking the sw design at  C:/Users/tejasvissapragada/Documents/cs153a/vitis/lab3a_vitis/lab3a_platform/microblaze_0/standalone_domain/bsp/system.mss
TRACE::2024-11-14.19:28:46::SCWMssOS::DEBUG:  swdes dump  C:/Users/tejasvissapragada/Documents/cs153a/vitis/lab3a_vitis/lab3a_platform/microblaze_0/standalone_domain/bsp/system.mss|system||

TRACE::2024-11-14.19:28:46::SCWMssOS::Sw design exists and opened at  C:/Users/tejasvissapragada/Documents/cs153a/vitis/lab3a_vitis/lab3a_platform/microblaze_0/standalone_domain/bsp/system.mss
TRACE::2024-11-14.19:28:46::SCWWriter::formatted JSON is {
	"platformName":	"lab3a_platform",
	"sprVersion":	"2.0",
	"mode":	"gui",
	"dsaType":	"Fixed",
	"platformDesc":	"lab3a_platform",
	"platHandOff":	"C:/Users/tejasvissapragada/Documents/cs153a/vivado/lab3b_vivado/design_1_wrapper.xsa",
	"platIntHandOff":	"<platformDir>/hw/design_1_wrapper.xsa",
	"deviceType":	"FPGA",
	"platIsPrebuiltAutogen":	"false",
	"platIsNoBootBsp":	"false",
	"hasFsblMakeHasChanges":	"false",
	"hasPmufwMakeHasChanges":	"false",
	"platPreBuiltFlag":	false,
	"platformSamplesDir":	"",
	"platActiveSys":	"lab3a_platform",
	"systems":	[{
			"systemName":	"lab3a_platform",
			"systemDesc":	"lab3a_platform",
			"sysIsBootAutoGen":	"true",
			"systemDispName":	"lab3a_platform",
			"sysActiveDom":	"standalone_domain",
			"sysDefaultDom":	"standalone_domain",
			"domains":	[{
					"domainName":	"standalone_domain",
					"domainDispName":	"standalone_domain",
					"domainDesc":	"standalone_domain",
					"processors":	"microblaze_0",
					"os":	"standalone",
					"sdxOs":	"standalone",
					"debugEnable":	"False",
					"domRuntimes":	["cpp"],
					"swRepo":	"",
					"mssOsVer":	"7.7",
					"mssFile":	"",
					"md5Digest":	"949c3189fe3a9218a56131c49210c519",
					"compatibleApp":	"",
					"domType":	"mssDomain",
					"arch":	"32-bit",
					"appSettings":	{
						"appCompilerFlags":	"",
						"appLinkerFlags":	""
					},
					"addedLibs":	[],
					"libOptions":	{
						"libsContainingOptions":	[]
					},
					"prebuiltLibs":	{
						"prebuiltIncPath":	[],
						"prebuiltLibPath":	[]
					},
					"isolation":	{
					}
				}]
		}]
}
LOG::2024-11-14.19:28:46::SCWPlatform::Started generating the artifacts platform lab3a_platform
TRACE::2024-11-14.19:28:46::SCWPlatform::Sanity checking of platform is completed
LOG::2024-11-14.19:28:46::SCWPlatform::Started generating the artifacts for system configuration lab3a_platform
LOG::2024-11-14.19:28:46::SCWSystem::Checking the domain standalone_domain
LOG::2024-11-14.19:28:46::SCWSystem::Not a boot domain 
LOG::2024-11-14.19:28:46::SCWSystem::Started Processing the domain standalone_domain
TRACE::2024-11-14.19:28:46::SCWDomain::Generating domain artifcats
TRACE::2024-11-14.19:28:46::SCWMssOS::Generating standalone artifcats
TRACE::2024-11-14.19:28:46::SCWMssOS:: Copying the user libraries. 
TRACE::2024-11-14.19:28:46::SCWPlatform::Trying to open the hw design at C:/Users/tejasvissapragada/Documents/cs153a/vitis/lab3a_vitis/lab3a_platform/hw/design_1_wrapper.xsa
TRACE::2024-11-14.19:28:46::SCWPlatform::DSA given C:/Users/tejasvissapragada/Documents/cs153a/vitis/lab3a_vitis/lab3a_platform/hw/design_1_wrapper.xsa
TRACE::2024-11-14.19:28:46::SCWPlatform::DSA absoulate path C:/Users/tejasvissapragada/Documents/cs153a/vitis/lab3a_vitis/lab3a_platform/hw/design_1_wrapper.xsa
TRACE::2024-11-14.19:28:46::SCWPlatform::DSA directory C:/Users/tejasvissapragada/Documents/cs153a/vitis/lab3a_vitis/lab3a_platform/hw
TRACE::2024-11-14.19:28:46::SCWPlatform:: Platform Path C:/Users/tejasvissapragada/Documents/cs153a/vitis/lab3a_vitis/lab3a_platform/hw/design_1_wrapper.xsa
TRACE::2024-11-14.19:28:46::SCWPlatform:: Unique name xilinx:::0.0
TRACE::2024-11-14.19:28:46::SCWPlatform::Trying to set the existing hwdb with name design_1_wrapper_0
TRACE::2024-11-14.19:28:46::SCWPlatform::Opened existing hwdb design_1_wrapper_0
TRACE::2024-11-14.19:28:46::SCWPlatform::Found the Hw Db part of the input DSA
TRACE::2024-11-14.19:28:46::SCWMssOS::Checking the sw design at  C:/Users/tejasvissapragada/Documents/cs153a/vitis/lab3a_vitis/lab3a_platform/microblaze_0/standalone_domain/bsp/system.mss
TRACE::2024-11-14.19:28:46::SCWMssOS::DEBUG:  swdes dump  C:/Users/tejasvissapragada/Documents/cs153a/vitis/lab3a_vitis/lab3a_platform/microblaze_0/standalone_domain/bsp/system.mss|system||

TRACE::2024-11-14.19:28:46::SCWMssOS::Sw design exists and opened at  C:/Users/tejasvissapragada/Documents/cs153a/vitis/lab3a_vitis/lab3a_platform/microblaze_0/standalone_domain/bsp/system.mss
TRACE::2024-11-14.19:28:46::SCWMssOS::Completed writing the mss file at C:/Users/tejasvissapragada/Documents/cs153a/vitis/lab3a_vitis/lab3a_platform/microblaze_0/standalone_domain/bsp
TRACE::2024-11-14.19:28:46::SCWMssOS::Mss edits present, copying mssfile into export location C:/Users/tejasvissapragada/Documents/cs153a/vitis/lab3a_vitis/lab3a_platform/microblaze_0/standalone_domain/bsp/system.mss
TRACE::2024-11-14.19:28:46::SCWMssOS::bsp generated is upto date with the mss file. Skipping bsp generation.
TRACE::2024-11-14.19:28:46::SCWMssOS::BSP is already built. skipping the bsp build ... 
TRACE::2024-11-14.19:28:46::SCWDomain::Skipping the build for domain :  standalone_domain
TRACE::2024-11-14.19:28:46::SCWMssOS::skipping the bsp build ... 
TRACE::2024-11-14.19:28:46::SCWMssOS::Copying to export directory.
TRACE::2024-11-14.19:28:46::SCWMssOS:: Checking if to create the Supporting Applications
TRACE::2024-11-14.19:28:46::SCWMssOS:: No Linux domain exists, trying to generate FSBL 
LOG::2024-11-14.19:28:46::SCWSystem::Completed Processing the domain standalone_domain
LOG::2024-11-14.19:28:46::SCWSystem::Completed Processing the sysconfig lab3a_platform
LOG::2024-11-14.19:28:46::SCWPlatform::Completed generating the artifacts for system configuration lab3a_platform
TRACE::2024-11-14.19:28:46::SCWPlatform::Started preparing the platform 
TRACE::2024-11-14.19:28:46::SCWSystem::Writing the bif file for system config lab3a_platform
TRACE::2024-11-14.19:28:46::SCWSystem::dir created 
TRACE::2024-11-14.19:28:46::SCWSystem::Writing the bif 
TRACE::2024-11-14.19:28:46::SCWPlatform::Started writing the spfm file 
TRACE::2024-11-14.19:28:46::SCWPlatform::Started writing the xpfm file 
TRACE::2024-11-14.19:28:46::SCWPlatform::Completed generating the platform
TRACE::2024-11-14.19:28:46::SCWMssOS::Saving the mss changes C:/Users/tejasvissapragada/Documents/cs153a/vitis/lab3a_vitis/lab3a_platform/microblaze_0/standalone_domain/bsp/system.mss
TRACE::2024-11-14.19:28:46::SCWMssOS::Found a swdesign opened with the mssfile.
TRACE::2024-11-14.19:28:46::SCWMssOS::Completed writemss as part of save.
TRACE::2024-11-14.19:28:46::SCWMssOS::Commit changes completed.
TRACE::2024-11-14.19:28:46::SCWPlatform::Trying to open the hw design at C:/Users/tejasvissapragada/Documents/cs153a/vitis/lab3a_vitis/lab3a_platform/hw/design_1_wrapper.xsa
TRACE::2024-11-14.19:28:46::SCWPlatform::DSA given C:/Users/tejasvissapragada/Documents/cs153a/vitis/lab3a_vitis/lab3a_platform/hw/design_1_wrapper.xsa
TRACE::2024-11-14.19:28:46::SCWPlatform::DSA absoulate path C:/Users/tejasvissapragada/Documents/cs153a/vitis/lab3a_vitis/lab3a_platform/hw/design_1_wrapper.xsa
TRACE::2024-11-14.19:28:46::SCWPlatform::DSA directory C:/Users/tejasvissapragada/Documents/cs153a/vitis/lab3a_vitis/lab3a_platform/hw
TRACE::2024-11-14.19:28:46::SCWPlatform:: Platform Path C:/Users/tejasvissapragada/Documents/cs153a/vitis/lab3a_vitis/lab3a_platform/hw/design_1_wrapper.xsa
TRACE::2024-11-14.19:28:46::SCWPlatform:: Unique name xilinx:::0.0
TRACE::2024-11-14.19:28:46::SCWPlatform::Trying to set the existing hwdb with name design_1_wrapper_0
TRACE::2024-11-14.19:28:46::SCWPlatform::Opened existing hwdb design_1_wrapper_0
TRACE::2024-11-14.19:28:46::SCWPlatform::Found the Hw Db part of the input DSA
TRACE::2024-11-14.19:28:46::SCWMssOS::Checking the sw design at  C:/Users/tejasvissapragada/Documents/cs153a/vitis/lab3a_vitis/lab3a_platform/microblaze_0/standalone_domain/bsp/system.mss
TRACE::2024-11-14.19:28:46::SCWMssOS::DEBUG:  swdes dump  C:/Users/tejasvissapragada/Documents/cs153a/vitis/lab3a_vitis/lab3a_platform/microblaze_0/standalone_domain/bsp/system.mss|system||

TRACE::2024-11-14.19:28:46::SCWMssOS::Sw design exists and opened at  C:/Users/tejasvissapragada/Documents/cs153a/vitis/lab3a_vitis/lab3a_platform/microblaze_0/standalone_domain/bsp/system.mss
TRACE::2024-11-14.19:28:46::SCWPlatform::Trying to open the hw design at C:/Users/tejasvissapragada/Documents/cs153a/vitis/lab3a_vitis/lab3a_platform/hw/design_1_wrapper.xsa
TRACE::2024-11-14.19:28:46::SCWPlatform::DSA given C:/Users/tejasvissapragada/Documents/cs153a/vitis/lab3a_vitis/lab3a_platform/hw/design_1_wrapper.xsa
TRACE::2024-11-14.19:28:46::SCWPlatform::DSA absoulate path C:/Users/tejasvissapragada/Documents/cs153a/vitis/lab3a_vitis/lab3a_platform/hw/design_1_wrapper.xsa
TRACE::2024-11-14.19:28:46::SCWPlatform::DSA directory C:/Users/tejasvissapragada/Documents/cs153a/vitis/lab3a_vitis/lab3a_platform/hw
TRACE::2024-11-14.19:28:46::SCWPlatform:: Platform Path C:/Users/tejasvissapragada/Documents/cs153a/vitis/lab3a_vitis/lab3a_platform/hw/design_1_wrapper.xsa
TRACE::2024-11-14.19:28:46::SCWPlatform:: Unique name xilinx:::0.0
TRACE::2024-11-14.19:28:46::SCWPlatform::Trying to set the existing hwdb with name design_1_wrapper_0
TRACE::2024-11-14.19:28:46::SCWPlatform::Opened existing hwdb design_1_wrapper_0
TRACE::2024-11-14.19:28:46::SCWPlatform::Found the Hw Db part of the input DSA
TRACE::2024-11-14.19:28:46::SCWMssOS::Checking the sw design at  C:/Users/tejasvissapragada/Documents/cs153a/vitis/lab3a_vitis/lab3a_platform/microblaze_0/standalone_domain/bsp/system.mss
TRACE::2024-11-14.19:28:46::SCWMssOS::DEBUG:  swdes dump  C:/Users/tejasvissapragada/Documents/cs153a/vitis/lab3a_vitis/lab3a_platform/microblaze_0/standalone_domain/bsp/system.mss|system||

TRACE::2024-11-14.19:28:46::SCWMssOS::Sw design exists and opened at  C:/Users/tejasvissapragada/Documents/cs153a/vitis/lab3a_vitis/lab3a_platform/microblaze_0/standalone_domain/bsp/system.mss
TRACE::2024-11-14.19:28:46::SCWPlatform::Trying to open the hw design at C:/Users/tejasvissapragada/Documents/cs153a/vitis/lab3a_vitis/lab3a_platform/hw/design_1_wrapper.xsa
TRACE::2024-11-14.19:28:46::SCWPlatform::DSA given C:/Users/tejasvissapragada/Documents/cs153a/vitis/lab3a_vitis/lab3a_platform/hw/design_1_wrapper.xsa
TRACE::2024-11-14.19:28:46::SCWPlatform::DSA absoulate path C:/Users/tejasvissapragada/Documents/cs153a/vitis/lab3a_vitis/lab3a_platform/hw/design_1_wrapper.xsa
TRACE::2024-11-14.19:28:46::SCWPlatform::DSA directory C:/Users/tejasvissapragada/Documents/cs153a/vitis/lab3a_vitis/lab3a_platform/hw
TRACE::2024-11-14.19:28:46::SCWPlatform:: Platform Path C:/Users/tejasvissapragada/Documents/cs153a/vitis/lab3a_vitis/lab3a_platform/hw/design_1_wrapper.xsa
TRACE::2024-11-14.19:28:46::SCWPlatform:: Unique name xilinx:::0.0
TRACE::2024-11-14.19:28:46::SCWPlatform::Trying to set the existing hwdb with name design_1_wrapper_0
TRACE::2024-11-14.19:28:46::SCWPlatform::Opened existing hwdb design_1_wrapper_0
TRACE::2024-11-14.19:28:46::SCWPlatform::Found the Hw Db part of the input DSA
TRACE::2024-11-14.19:28:46::SCWMssOS::Checking the sw design at  C:/Users/tejasvissapragada/Documents/cs153a/vitis/lab3a_vitis/lab3a_platform/microblaze_0/standalone_domain/bsp/system.mss
TRACE::2024-11-14.19:28:46::SCWMssOS::DEBUG:  swdes dump  C:/Users/tejasvissapragada/Documents/cs153a/vitis/lab3a_vitis/lab3a_platform/microblaze_0/standalone_domain/bsp/system.mss|system||

TRACE::2024-11-14.19:28:46::SCWMssOS::Sw design exists and opened at  C:/Users/tejasvissapragada/Documents/cs153a/vitis/lab3a_vitis/lab3a_platform/microblaze_0/standalone_domain/bsp/system.mss
TRACE::2024-11-14.19:28:46::SCWWriter::formatted JSON is {
	"platformName":	"lab3a_platform",
	"sprVersion":	"2.0",
	"mode":	"gui",
	"dsaType":	"Fixed",
	"platformDesc":	"lab3a_platform",
	"platHandOff":	"C:/Users/tejasvissapragada/Documents/cs153a/vivado/lab3b_vivado/design_1_wrapper.xsa",
	"platIntHandOff":	"<platformDir>/hw/design_1_wrapper.xsa",
	"deviceType":	"FPGA",
	"platIsPrebuiltAutogen":	"false",
	"platIsNoBootBsp":	"false",
	"hasFsblMakeHasChanges":	"false",
	"hasPmufwMakeHasChanges":	"false",
	"platPreBuiltFlag":	false,
	"platformSamplesDir":	"",
	"platActiveSys":	"lab3a_platform",
	"systems":	[{
			"systemName":	"lab3a_platform",
			"systemDesc":	"lab3a_platform",
			"sysIsBootAutoGen":	"true",
			"systemDispName":	"lab3a_platform",
			"sysActiveDom":	"standalone_domain",
			"sysDefaultDom":	"standalone_domain",
			"domains":	[{
					"domainName":	"standalone_domain",
					"domainDispName":	"standalone_domain",
					"domainDesc":	"standalone_domain",
					"processors":	"microblaze_0",
					"os":	"standalone",
					"sdxOs":	"standalone",
					"debugEnable":	"False",
					"domRuntimes":	["cpp"],
					"swRepo":	"",
					"mssOsVer":	"7.7",
					"mssFile":	"",
					"md5Digest":	"949c3189fe3a9218a56131c49210c519",
					"compatibleApp":	"",
					"domType":	"mssDomain",
					"arch":	"32-bit",
					"appSettings":	{
						"appCompilerFlags":	"",
						"appLinkerFlags":	""
					},
					"addedLibs":	[],
					"libOptions":	{
						"libsContainingOptions":	[]
					},
					"prebuiltLibs":	{
						"prebuiltIncPath":	[],
						"prebuiltLibPath":	[]
					},
					"isolation":	{
					}
				}]
		}]
}
KEYINFO::2024-11-14.19:28:46::SCWPlatform::updated the xpfm file.
TRACE::2024-11-14.19:28:47::SCWPlatform::Trying to open the hw design at C:/Users/tejasvissapragada/Documents/cs153a/vitis/lab3a_vitis/lab3a_platform/hw/design_1_wrapper.xsa
TRACE::2024-11-14.19:28:47::SCWPlatform::DSA given C:/Users/tejasvissapragada/Documents/cs153a/vitis/lab3a_vitis/lab3a_platform/hw/design_1_wrapper.xsa
TRACE::2024-11-14.19:28:47::SCWPlatform::DSA absoulate path C:/Users/tejasvissapragada/Documents/cs153a/vitis/lab3a_vitis/lab3a_platform/hw/design_1_wrapper.xsa
TRACE::2024-11-14.19:28:47::SCWPlatform::DSA directory C:/Users/tejasvissapragada/Documents/cs153a/vitis/lab3a_vitis/lab3a_platform/hw
TRACE::2024-11-14.19:28:47::SCWPlatform:: Platform Path C:/Users/tejasvissapragada/Documents/cs153a/vitis/lab3a_vitis/lab3a_platform/hw/design_1_wrapper.xsa
TRACE::2024-11-14.19:28:47::SCWPlatform:: Unique name xilinx:::0.0
TRACE::2024-11-14.19:28:47::SCWPlatform::Trying to set the existing hwdb with name design_1_wrapper_0
TRACE::2024-11-14.19:28:47::SCWPlatform::Opened existing hwdb design_1_wrapper_0
TRACE::2024-11-14.19:28:47::SCWPlatform::Found the Hw Db part of the input DSA
TRACE::2024-11-14.19:28:47::SCWMssOS::Checking the sw design at  C:/Users/tejasvissapragada/Documents/cs153a/vitis/lab3a_vitis/lab3a_platform/microblaze_0/standalone_domain/bsp/system.mss
TRACE::2024-11-14.19:28:47::SCWMssOS::DEBUG:  swdes dump  C:/Users/tejasvissapragada/Documents/cs153a/vitis/lab3a_vitis/lab3a_platform/microblaze_0/standalone_domain/bsp/system.mss|system||

TRACE::2024-11-14.19:28:47::SCWMssOS::Sw design exists and opened at  C:/Users/tejasvissapragada/Documents/cs153a/vitis/lab3a_vitis/lab3a_platform/microblaze_0/standalone_domain/bsp/system.mss
TRACE::2024-11-14.19:28:47::SCWMssOS::Saving the mss changes C:/Users/tejasvissapragada/Documents/cs153a/vitis/lab3a_vitis/lab3a_platform/microblaze_0/standalone_domain/bsp/system.mss
TRACE::2024-11-14.19:28:47::SCWMssOS::Found a swdesign opened with the mssfile.
TRACE::2024-11-14.19:28:47::SCWMssOS::Completed writemss as part of save.
TRACE::2024-11-14.19:28:47::SCWMssOS::Commit changes completed.
TRACE::2024-11-14.19:28:47::SCWPlatform::Trying to open the hw design at C:/Users/tejasvissapragada/Documents/cs153a/vitis/lab3a_vitis/lab3a_platform/hw/design_1_wrapper.xsa
TRACE::2024-11-14.19:28:47::SCWPlatform::DSA given C:/Users/tejasvissapragada/Documents/cs153a/vitis/lab3a_vitis/lab3a_platform/hw/design_1_wrapper.xsa
TRACE::2024-11-14.19:28:47::SCWPlatform::DSA absoulate path C:/Users/tejasvissapragada/Documents/cs153a/vitis/lab3a_vitis/lab3a_platform/hw/design_1_wrapper.xsa
TRACE::2024-11-14.19:28:47::SCWPlatform::DSA directory C:/Users/tejasvissapragada/Documents/cs153a/vitis/lab3a_vitis/lab3a_platform/hw
TRACE::2024-11-14.19:28:47::SCWPlatform:: Platform Path C:/Users/tejasvissapragada/Documents/cs153a/vitis/lab3a_vitis/lab3a_platform/hw/design_1_wrapper.xsa
TRACE::2024-11-14.19:28:47::SCWPlatform:: Unique name xilinx:::0.0
TRACE::2024-11-14.19:28:47::SCWPlatform::Trying to set the existing hwdb with name design_1_wrapper_0
TRACE::2024-11-14.19:28:47::SCWPlatform::Opened existing hwdb design_1_wrapper_0
TRACE::2024-11-14.19:28:47::SCWPlatform::Found the Hw Db part of the input DSA
TRACE::2024-11-14.19:28:47::SCWMssOS::Checking the sw design at  C:/Users/tejasvissapragada/Documents/cs153a/vitis/lab3a_vitis/lab3a_platform/microblaze_0/standalone_domain/bsp/system.mss
TRACE::2024-11-14.19:28:47::SCWMssOS::DEBUG:  swdes dump  C:/Users/tejasvissapragada/Documents/cs153a/vitis/lab3a_vitis/lab3a_platform/microblaze_0/standalone_domain/bsp/system.mss|system||

TRACE::2024-11-14.19:28:47::SCWMssOS::Sw design exists and opened at  C:/Users/tejasvissapragada/Documents/cs153a/vitis/lab3a_vitis/lab3a_platform/microblaze_0/standalone_domain/bsp/system.mss
TRACE::2024-11-14.19:28:47::SCWPlatform::Trying to open the hw design at C:/Users/tejasvissapragada/Documents/cs153a/vitis/lab3a_vitis/lab3a_platform/hw/design_1_wrapper.xsa
TRACE::2024-11-14.19:28:47::SCWPlatform::DSA given C:/Users/tejasvissapragada/Documents/cs153a/vitis/lab3a_vitis/lab3a_platform/hw/design_1_wrapper.xsa
TRACE::2024-11-14.19:28:47::SCWPlatform::DSA absoulate path C:/Users/tejasvissapragada/Documents/cs153a/vitis/lab3a_vitis/lab3a_platform/hw/design_1_wrapper.xsa
TRACE::2024-11-14.19:28:47::SCWPlatform::DSA directory C:/Users/tejasvissapragada/Documents/cs153a/vitis/lab3a_vitis/lab3a_platform/hw
TRACE::2024-11-14.19:28:47::SCWPlatform:: Platform Path C:/Users/tejasvissapragada/Documents/cs153a/vitis/lab3a_vitis/lab3a_platform/hw/design_1_wrapper.xsa
TRACE::2024-11-14.19:28:47::SCWPlatform:: Unique name xilinx:::0.0
TRACE::2024-11-14.19:28:47::SCWPlatform::Trying to set the existing hwdb with name design_1_wrapper_0
TRACE::2024-11-14.19:28:47::SCWPlatform::Opened existing hwdb design_1_wrapper_0
TRACE::2024-11-14.19:28:47::SCWPlatform::Found the Hw Db part of the input DSA
TRACE::2024-11-14.19:28:47::SCWMssOS::Checking the sw design at  C:/Users/tejasvissapragada/Documents/cs153a/vitis/lab3a_vitis/lab3a_platform/microblaze_0/standalone_domain/bsp/system.mss
TRACE::2024-11-14.19:28:47::SCWMssOS::DEBUG:  swdes dump  C:/Users/tejasvissapragada/Documents/cs153a/vitis/lab3a_vitis/lab3a_platform/microblaze_0/standalone_domain/bsp/system.mss|system||

TRACE::2024-11-14.19:28:47::SCWMssOS::Sw design exists and opened at  C:/Users/tejasvissapragada/Documents/cs153a/vitis/lab3a_vitis/lab3a_platform/microblaze_0/standalone_domain/bsp/system.mss
TRACE::2024-11-14.19:28:47::SCWPlatform::Trying to open the hw design at C:/Users/tejasvissapragada/Documents/cs153a/vitis/lab3a_vitis/lab3a_platform/hw/design_1_wrapper.xsa
TRACE::2024-11-14.19:28:47::SCWPlatform::DSA given C:/Users/tejasvissapragada/Documents/cs153a/vitis/lab3a_vitis/lab3a_platform/hw/design_1_wrapper.xsa
TRACE::2024-11-14.19:28:47::SCWPlatform::DSA absoulate path C:/Users/tejasvissapragada/Documents/cs153a/vitis/lab3a_vitis/lab3a_platform/hw/design_1_wrapper.xsa
TRACE::2024-11-14.19:28:47::SCWPlatform::DSA directory C:/Users/tejasvissapragada/Documents/cs153a/vitis/lab3a_vitis/lab3a_platform/hw
TRACE::2024-11-14.19:28:47::SCWPlatform:: Platform Path C:/Users/tejasvissapragada/Documents/cs153a/vitis/lab3a_vitis/lab3a_platform/hw/design_1_wrapper.xsa
TRACE::2024-11-14.19:28:47::SCWPlatform:: Unique name xilinx:::0.0
TRACE::2024-11-14.19:28:47::SCWPlatform::Trying to set the existing hwdb with name design_1_wrapper_0
TRACE::2024-11-14.19:28:47::SCWPlatform::Opened existing hwdb design_1_wrapper_0
TRACE::2024-11-14.19:28:47::SCWPlatform::Found the Hw Db part of the input DSA
TRACE::2024-11-14.19:28:47::SCWMssOS::Checking the sw design at  C:/Users/tejasvissapragada/Documents/cs153a/vitis/lab3a_vitis/lab3a_platform/microblaze_0/standalone_domain/bsp/system.mss
TRACE::2024-11-14.19:28:47::SCWMssOS::DEBUG:  swdes dump  C:/Users/tejasvissapragada/Documents/cs153a/vitis/lab3a_vitis/lab3a_platform/microblaze_0/standalone_domain/bsp/system.mss|system||

TRACE::2024-11-14.19:28:47::SCWMssOS::Sw design exists and opened at  C:/Users/tejasvissapragada/Documents/cs153a/vitis/lab3a_vitis/lab3a_platform/microblaze_0/standalone_domain/bsp/system.mss
TRACE::2024-11-14.19:28:47::SCWWriter::formatted JSON is {
	"platformName":	"lab3a_platform",
	"sprVersion":	"2.0",
	"mode":	"gui",
	"dsaType":	"Fixed",
	"platformDesc":	"lab3a_platform",
	"platHandOff":	"C:/Users/tejasvissapragada/Documents/cs153a/vivado/lab3b_vivado/design_1_wrapper.xsa",
	"platIntHandOff":	"<platformDir>/hw/design_1_wrapper.xsa",
	"deviceType":	"FPGA",
	"platIsPrebuiltAutogen":	"false",
	"platIsNoBootBsp":	"false",
	"hasFsblMakeHasChanges":	"false",
	"hasPmufwMakeHasChanges":	"false",
	"platPreBuiltFlag":	false,
	"platformSamplesDir":	"",
	"platActiveSys":	"lab3a_platform",
	"systems":	[{
			"systemName":	"lab3a_platform",
			"systemDesc":	"lab3a_platform",
			"sysIsBootAutoGen":	"true",
			"systemDispName":	"lab3a_platform",
			"sysActiveDom":	"standalone_domain",
			"sysDefaultDom":	"standalone_domain",
			"domains":	[{
					"domainName":	"standalone_domain",
					"domainDispName":	"standalone_domain",
					"domainDesc":	"standalone_domain",
					"processors":	"microblaze_0",
					"os":	"standalone",
					"sdxOs":	"standalone",
					"debugEnable":	"False",
					"domRuntimes":	["cpp"],
					"swRepo":	"",
					"mssOsVer":	"7.7",
					"mssFile":	"",
					"md5Digest":	"949c3189fe3a9218a56131c49210c519",
					"compatibleApp":	"",
					"domType":	"mssDomain",
					"arch":	"32-bit",
					"appSettings":	{
						"appCompilerFlags":	"",
						"appLinkerFlags":	""
					},
					"addedLibs":	[],
					"libOptions":	{
						"libsContainingOptions":	[]
					},
					"prebuiltLibs":	{
						"prebuiltIncPath":	[],
						"prebuiltLibPath":	[]
					},
					"isolation":	{
					}
				}]
		}]
}
TRACE::2024-11-14.19:28:47::SCWPlatform::Trying to open the hw design at C:/Users/tejasvissapragada/Documents/cs153a/vitis/lab3a_vitis/lab3a_platform/hw/design_1_wrapper.xsa
TRACE::2024-11-14.19:28:47::SCWPlatform::DSA given C:/Users/tejasvissapragada/Documents/cs153a/vitis/lab3a_vitis/lab3a_platform/hw/design_1_wrapper.xsa
TRACE::2024-11-14.19:28:47::SCWPlatform::DSA absoulate path C:/Users/tejasvissapragada/Documents/cs153a/vitis/lab3a_vitis/lab3a_platform/hw/design_1_wrapper.xsa
TRACE::2024-11-14.19:28:47::SCWPlatform::DSA directory C:/Users/tejasvissapragada/Documents/cs153a/vitis/lab3a_vitis/lab3a_platform/hw
TRACE::2024-11-14.19:28:47::SCWPlatform:: Platform Path C:/Users/tejasvissapragada/Documents/cs153a/vitis/lab3a_vitis/lab3a_platform/hw/design_1_wrapper.xsa
TRACE::2024-11-14.19:28:47::SCWPlatform:: Unique name xilinx:::0.0
TRACE::2024-11-14.19:28:47::SCWPlatform::Trying to set the existing hwdb with name design_1_wrapper_0
TRACE::2024-11-14.19:28:47::SCWPlatform::Opened existing hwdb design_1_wrapper_0
TRACE::2024-11-14.19:28:47::SCWPlatform::Found the Hw Db part of the input DSA
TRACE::2024-11-14.19:28:47::SCWMssOS::Checking the sw design at  C:/Users/tejasvissapragada/Documents/cs153a/vitis/lab3a_vitis/lab3a_platform/microblaze_0/standalone_domain/bsp/system.mss
TRACE::2024-11-14.19:28:47::SCWMssOS::DEBUG:  swdes dump  C:/Users/tejasvissapragada/Documents/cs153a/vitis/lab3a_vitis/lab3a_platform/microblaze_0/standalone_domain/bsp/system.mss|system||

TRACE::2024-11-14.19:28:47::SCWMssOS::Sw design exists and opened at  C:/Users/tejasvissapragada/Documents/cs153a/vitis/lab3a_vitis/lab3a_platform/microblaze_0/standalone_domain/bsp/system.mss
TRACE::2024-11-14.19:28:47::SCWPlatform::Trying to open the hw design at C:/Users/tejasvissapragada/Documents/cs153a/vitis/lab3a_vitis/lab3a_platform/hw/design_1_wrapper.xsa
TRACE::2024-11-14.19:28:47::SCWPlatform::DSA given C:/Users/tejasvissapragada/Documents/cs153a/vitis/lab3a_vitis/lab3a_platform/hw/design_1_wrapper.xsa
TRACE::2024-11-14.19:28:47::SCWPlatform::DSA absoulate path C:/Users/tejasvissapragada/Documents/cs153a/vitis/lab3a_vitis/lab3a_platform/hw/design_1_wrapper.xsa
TRACE::2024-11-14.19:28:47::SCWPlatform::DSA directory C:/Users/tejasvissapragada/Documents/cs153a/vitis/lab3a_vitis/lab3a_platform/hw
TRACE::2024-11-14.19:28:47::SCWPlatform:: Platform Path C:/Users/tejasvissapragada/Documents/cs153a/vitis/lab3a_vitis/lab3a_platform/hw/design_1_wrapper.xsa
TRACE::2024-11-14.19:28:47::SCWPlatform:: Unique name xilinx:::0.0
TRACE::2024-11-14.19:28:47::SCWPlatform::Trying to set the existing hwdb with name design_1_wrapper_0
TRACE::2024-11-14.19:28:47::SCWPlatform::Opened existing hwdb design_1_wrapper_0
TRACE::2024-11-14.19:28:47::SCWPlatform::Found the Hw Db part of the input DSA
TRACE::2024-11-14.19:28:47::SCWMssOS::Checking the sw design at  C:/Users/tejasvissapragada/Documents/cs153a/vitis/lab3a_vitis/lab3a_platform/microblaze_0/standalone_domain/bsp/system.mss
TRACE::2024-11-14.19:28:47::SCWMssOS::DEBUG:  swdes dump  C:/Users/tejasvissapragada/Documents/cs153a/vitis/lab3a_vitis/lab3a_platform/microblaze_0/standalone_domain/bsp/system.mss|system||

TRACE::2024-11-14.19:28:47::SCWMssOS::Sw design exists and opened at  C:/Users/tejasvissapragada/Documents/cs153a/vitis/lab3a_vitis/lab3a_platform/microblaze_0/standalone_domain/bsp/system.mss
TRACE::2024-11-14.19:28:47::SCWPlatform::Trying to open the hw design at C:/Users/tejasvissapragada/Documents/cs153a/vitis/lab3a_vitis/lab3a_platform/hw/design_1_wrapper.xsa
TRACE::2024-11-14.19:28:47::SCWPlatform::DSA given C:/Users/tejasvissapragada/Documents/cs153a/vitis/lab3a_vitis/lab3a_platform/hw/design_1_wrapper.xsa
TRACE::2024-11-14.19:28:47::SCWPlatform::DSA absoulate path C:/Users/tejasvissapragada/Documents/cs153a/vitis/lab3a_vitis/lab3a_platform/hw/design_1_wrapper.xsa
TRACE::2024-11-14.19:28:47::SCWPlatform::DSA directory C:/Users/tejasvissapragada/Documents/cs153a/vitis/lab3a_vitis/lab3a_platform/hw
TRACE::2024-11-14.19:28:47::SCWPlatform:: Platform Path C:/Users/tejasvissapragada/Documents/cs153a/vitis/lab3a_vitis/lab3a_platform/hw/design_1_wrapper.xsa
TRACE::2024-11-14.19:28:47::SCWPlatform:: Unique name xilinx:::0.0
TRACE::2024-11-14.19:28:47::SCWPlatform::Trying to set the existing hwdb with name design_1_wrapper_0
TRACE::2024-11-14.19:28:47::SCWPlatform::Opened existing hwdb design_1_wrapper_0
TRACE::2024-11-14.19:28:47::SCWPlatform::Found the Hw Db part of the input DSA
TRACE::2024-11-14.19:28:47::SCWMssOS::Checking the sw design at  C:/Users/tejasvissapragada/Documents/cs153a/vitis/lab3a_vitis/lab3a_platform/microblaze_0/standalone_domain/bsp/system.mss
TRACE::2024-11-14.19:28:47::SCWMssOS::DEBUG:  swdes dump  C:/Users/tejasvissapragada/Documents/cs153a/vitis/lab3a_vitis/lab3a_platform/microblaze_0/standalone_domain/bsp/system.mss|system||

TRACE::2024-11-14.19:28:47::SCWMssOS::Sw design exists and opened at  C:/Users/tejasvissapragada/Documents/cs153a/vitis/lab3a_vitis/lab3a_platform/microblaze_0/standalone_domain/bsp/system.mss
TRACE::2024-11-14.19:28:47::SCWMssOS::Saving the mss changes C:/Users/tejasvissapragada/Documents/cs153a/vitis/lab3a_vitis/lab3a_platform/microblaze_0/standalone_domain/bsp/system.mss
TRACE::2024-11-14.19:28:47::SCWMssOS::Found a swdesign opened with the mssfile.
TRACE::2024-11-14.19:28:47::SCWMssOS::Completed writemss as part of save.
TRACE::2024-11-14.19:28:47::SCWMssOS::Commit changes completed.
TRACE::2024-11-14.19:28:47::SCWPlatform::Trying to open the hw design at C:/Users/tejasvissapragada/Documents/cs153a/vitis/lab3a_vitis/lab3a_platform/hw/design_1_wrapper.xsa
TRACE::2024-11-14.19:28:47::SCWPlatform::DSA given C:/Users/tejasvissapragada/Documents/cs153a/vitis/lab3a_vitis/lab3a_platform/hw/design_1_wrapper.xsa
TRACE::2024-11-14.19:28:47::SCWPlatform::DSA absoulate path C:/Users/tejasvissapragada/Documents/cs153a/vitis/lab3a_vitis/lab3a_platform/hw/design_1_wrapper.xsa
TRACE::2024-11-14.19:28:47::SCWPlatform::DSA directory C:/Users/tejasvissapragada/Documents/cs153a/vitis/lab3a_vitis/lab3a_platform/hw
TRACE::2024-11-14.19:28:47::SCWPlatform:: Platform Path C:/Users/tejasvissapragada/Documents/cs153a/vitis/lab3a_vitis/lab3a_platform/hw/design_1_wrapper.xsa
TRACE::2024-11-14.19:28:47::SCWPlatform:: Unique name xilinx:::0.0
TRACE::2024-11-14.19:28:47::SCWPlatform::Trying to set the existing hwdb with name design_1_wrapper_0
TRACE::2024-11-14.19:28:47::SCWPlatform::Opened existing hwdb design_1_wrapper_0
TRACE::2024-11-14.19:28:47::SCWPlatform::Found the Hw Db part of the input DSA
TRACE::2024-11-14.19:28:47::SCWMssOS::Checking the sw design at  C:/Users/tejasvissapragada/Documents/cs153a/vitis/lab3a_vitis/lab3a_platform/microblaze_0/standalone_domain/bsp/system.mss
TRACE::2024-11-14.19:28:47::SCWMssOS::DEBUG:  swdes dump  C:/Users/tejasvissapragada/Documents/cs153a/vitis/lab3a_vitis/lab3a_platform/microblaze_0/standalone_domain/bsp/system.mss|system||

TRACE::2024-11-14.19:28:47::SCWMssOS::Sw design exists and opened at  C:/Users/tejasvissapragada/Documents/cs153a/vitis/lab3a_vitis/lab3a_platform/microblaze_0/standalone_domain/bsp/system.mss
TRACE::2024-11-14.19:28:47::SCWPlatform::Trying to open the hw design at C:/Users/tejasvissapragada/Documents/cs153a/vitis/lab3a_vitis/lab3a_platform/hw/design_1_wrapper.xsa
TRACE::2024-11-14.19:28:47::SCWPlatform::DSA given C:/Users/tejasvissapragada/Documents/cs153a/vitis/lab3a_vitis/lab3a_platform/hw/design_1_wrapper.xsa
TRACE::2024-11-14.19:28:47::SCWPlatform::DSA absoulate path C:/Users/tejasvissapragada/Documents/cs153a/vitis/lab3a_vitis/lab3a_platform/hw/design_1_wrapper.xsa
TRACE::2024-11-14.19:28:47::SCWPlatform::DSA directory C:/Users/tejasvissapragada/Documents/cs153a/vitis/lab3a_vitis/lab3a_platform/hw
TRACE::2024-11-14.19:28:47::SCWPlatform:: Platform Path C:/Users/tejasvissapragada/Documents/cs153a/vitis/lab3a_vitis/lab3a_platform/hw/design_1_wrapper.xsa
TRACE::2024-11-14.19:28:47::SCWPlatform:: Unique name xilinx:::0.0
TRACE::2024-11-14.19:28:47::SCWPlatform::Trying to set the existing hwdb with name design_1_wrapper_0
TRACE::2024-11-14.19:28:47::SCWPlatform::Opened existing hwdb design_1_wrapper_0
TRACE::2024-11-14.19:28:47::SCWPlatform::Found the Hw Db part of the input DSA
TRACE::2024-11-14.19:28:47::SCWMssOS::Checking the sw design at  C:/Users/tejasvissapragada/Documents/cs153a/vitis/lab3a_vitis/lab3a_platform/microblaze_0/standalone_domain/bsp/system.mss
TRACE::2024-11-14.19:28:47::SCWMssOS::DEBUG:  swdes dump  C:/Users/tejasvissapragada/Documents/cs153a/vitis/lab3a_vitis/lab3a_platform/microblaze_0/standalone_domain/bsp/system.mss|system||

TRACE::2024-11-14.19:28:47::SCWMssOS::Sw design exists and opened at  C:/Users/tejasvissapragada/Documents/cs153a/vitis/lab3a_vitis/lab3a_platform/microblaze_0/standalone_domain/bsp/system.mss
TRACE::2024-11-14.19:28:47::SCWPlatform::Trying to open the hw design at C:/Users/tejasvissapragada/Documents/cs153a/vitis/lab3a_vitis/lab3a_platform/hw/design_1_wrapper.xsa
TRACE::2024-11-14.19:28:47::SCWPlatform::DSA given C:/Users/tejasvissapragada/Documents/cs153a/vitis/lab3a_vitis/lab3a_platform/hw/design_1_wrapper.xsa
TRACE::2024-11-14.19:28:47::SCWPlatform::DSA absoulate path C:/Users/tejasvissapragada/Documents/cs153a/vitis/lab3a_vitis/lab3a_platform/hw/design_1_wrapper.xsa
TRACE::2024-11-14.19:28:47::SCWPlatform::DSA directory C:/Users/tejasvissapragada/Documents/cs153a/vitis/lab3a_vitis/lab3a_platform/hw
TRACE::2024-11-14.19:28:47::SCWPlatform:: Platform Path C:/Users/tejasvissapragada/Documents/cs153a/vitis/lab3a_vitis/lab3a_platform/hw/design_1_wrapper.xsa
TRACE::2024-11-14.19:28:47::SCWPlatform:: Unique name xilinx:::0.0
TRACE::2024-11-14.19:28:47::SCWPlatform::Trying to set the existing hwdb with name design_1_wrapper_0
TRACE::2024-11-14.19:28:47::SCWPlatform::Opened existing hwdb design_1_wrapper_0
TRACE::2024-11-14.19:28:47::SCWPlatform::Found the Hw Db part of the input DSA
TRACE::2024-11-14.19:28:47::SCWMssOS::Checking the sw design at  C:/Users/tejasvissapragada/Documents/cs153a/vitis/lab3a_vitis/lab3a_platform/microblaze_0/standalone_domain/bsp/system.mss
TRACE::2024-11-14.19:28:47::SCWMssOS::DEBUG:  swdes dump  C:/Users/tejasvissapragada/Documents/cs153a/vitis/lab3a_vitis/lab3a_platform/microblaze_0/standalone_domain/bsp/system.mss|system||

TRACE::2024-11-14.19:28:47::SCWMssOS::Sw design exists and opened at  C:/Users/tejasvissapragada/Documents/cs153a/vitis/lab3a_vitis/lab3a_platform/microblaze_0/standalone_domain/bsp/system.mss
TRACE::2024-11-14.19:28:47::SCWWriter::formatted JSON is {
	"platformName":	"lab3a_platform",
	"sprVersion":	"2.0",
	"mode":	"gui",
	"dsaType":	"Fixed",
	"platformDesc":	"lab3a_platform",
	"platHandOff":	"C:/Users/tejasvissapragada/Documents/cs153a/vivado/lab3b_vivado/design_1_wrapper.xsa",
	"platIntHandOff":	"<platformDir>/hw/design_1_wrapper.xsa",
	"deviceType":	"FPGA",
	"platIsPrebuiltAutogen":	"false",
	"platIsNoBootBsp":	"false",
	"hasFsblMakeHasChanges":	"false",
	"hasPmufwMakeHasChanges":	"false",
	"platPreBuiltFlag":	false,
	"platformSamplesDir":	"",
	"platActiveSys":	"lab3a_platform",
	"systems":	[{
			"systemName":	"lab3a_platform",
			"systemDesc":	"lab3a_platform",
			"sysIsBootAutoGen":	"true",
			"systemDispName":	"lab3a_platform",
			"sysActiveDom":	"standalone_domain",
			"sysDefaultDom":	"standalone_domain",
			"domains":	[{
					"domainName":	"standalone_domain",
					"domainDispName":	"standalone on microblaze_0",
					"domainDesc":	"standalone_domain",
					"processors":	"microblaze_0",
					"os":	"standalone",
					"sdxOs":	"standalone",
					"debugEnable":	"False",
					"domRuntimes":	["cpp"],
					"swRepo":	"",
					"mssOsVer":	"7.7",
					"mssFile":	"",
					"md5Digest":	"949c3189fe3a9218a56131c49210c519",
					"compatibleApp":	"",
					"domType":	"mssDomain",
					"arch":	"32-bit",
					"appSettings":	{
						"appCompilerFlags":	"",
						"appLinkerFlags":	""
					},
					"addedLibs":	[],
					"libOptions":	{
						"libsContainingOptions":	[]
					},
					"prebuiltLibs":	{
						"prebuiltIncPath":	[],
						"prebuiltLibPath":	[]
					},
					"isolation":	{
					}
				}]
		}]
}
TRACE::2024-11-14.19:28:47::SCWMssOS::Saving the mss changes C:/Users/tejasvissapragada/Documents/cs153a/vitis/lab3a_vitis/lab3a_platform/microblaze_0/standalone_domain/bsp/system.mss
TRACE::2024-11-14.19:28:47::SCWMssOS::Found a swdesign opened with the mssfile.
TRACE::2024-11-14.19:28:47::SCWMssOS::Completed writemss as part of save.
TRACE::2024-11-14.19:28:47::SCWMssOS::Commit changes completed.
TRACE::2024-11-14.19:28:47::SCWPlatform::Trying to open the hw design at C:/Users/tejasvissapragada/Documents/cs153a/vitis/lab3a_vitis/lab3a_platform/hw/design_1_wrapper.xsa
TRACE::2024-11-14.19:28:47::SCWPlatform::DSA given C:/Users/tejasvissapragada/Documents/cs153a/vitis/lab3a_vitis/lab3a_platform/hw/design_1_wrapper.xsa
TRACE::2024-11-14.19:28:47::SCWPlatform::DSA absoulate path C:/Users/tejasvissapragada/Documents/cs153a/vitis/lab3a_vitis/lab3a_platform/hw/design_1_wrapper.xsa
TRACE::2024-11-14.19:28:47::SCWPlatform::DSA directory C:/Users/tejasvissapragada/Documents/cs153a/vitis/lab3a_vitis/lab3a_platform/hw
TRACE::2024-11-14.19:28:47::SCWPlatform:: Platform Path C:/Users/tejasvissapragada/Documents/cs153a/vitis/lab3a_vitis/lab3a_platform/hw/design_1_wrapper.xsa
TRACE::2024-11-14.19:28:47::SCWPlatform:: Unique name xilinx:::0.0
TRACE::2024-11-14.19:28:47::SCWPlatform::Trying to set the existing hwdb with name design_1_wrapper_0
TRACE::2024-11-14.19:28:47::SCWPlatform::Opened existing hwdb design_1_wrapper_0
TRACE::2024-11-14.19:28:47::SCWPlatform::Found the Hw Db part of the input DSA
TRACE::2024-11-14.19:28:47::SCWMssOS::Checking the sw design at  C:/Users/tejasvissapragada/Documents/cs153a/vitis/lab3a_vitis/lab3a_platform/microblaze_0/standalone_domain/bsp/system.mss
TRACE::2024-11-14.19:28:47::SCWMssOS::DEBUG:  swdes dump  C:/Users/tejasvissapragada/Documents/cs153a/vitis/lab3a_vitis/lab3a_platform/microblaze_0/standalone_domain/bsp/system.mss|system||

TRACE::2024-11-14.19:28:47::SCWMssOS::Sw design exists and opened at  C:/Users/tejasvissapragada/Documents/cs153a/vitis/lab3a_vitis/lab3a_platform/microblaze_0/standalone_domain/bsp/system.mss
TRACE::2024-11-14.19:28:47::SCWPlatform::Trying to open the hw design at C:/Users/tejasvissapragada/Documents/cs153a/vitis/lab3a_vitis/lab3a_platform/hw/design_1_wrapper.xsa
TRACE::2024-11-14.19:28:47::SCWPlatform::DSA given C:/Users/tejasvissapragada/Documents/cs153a/vitis/lab3a_vitis/lab3a_platform/hw/design_1_wrapper.xsa
TRACE::2024-11-14.19:28:47::SCWPlatform::DSA absoulate path C:/Users/tejasvissapragada/Documents/cs153a/vitis/lab3a_vitis/lab3a_platform/hw/design_1_wrapper.xsa
TRACE::2024-11-14.19:28:47::SCWPlatform::DSA directory C:/Users/tejasvissapragada/Documents/cs153a/vitis/lab3a_vitis/lab3a_platform/hw
TRACE::2024-11-14.19:28:47::SCWPlatform:: Platform Path C:/Users/tejasvissapragada/Documents/cs153a/vitis/lab3a_vitis/lab3a_platform/hw/design_1_wrapper.xsa
TRACE::2024-11-14.19:28:47::SCWPlatform:: Unique name xilinx:::0.0
TRACE::2024-11-14.19:28:47::SCWPlatform::Trying to set the existing hwdb with name design_1_wrapper_0
TRACE::2024-11-14.19:28:47::SCWPlatform::Opened existing hwdb design_1_wrapper_0
TRACE::2024-11-14.19:28:47::SCWPlatform::Found the Hw Db part of the input DSA
TRACE::2024-11-14.19:28:47::SCWMssOS::Checking the sw design at  C:/Users/tejasvissapragada/Documents/cs153a/vitis/lab3a_vitis/lab3a_platform/microblaze_0/standalone_domain/bsp/system.mss
TRACE::2024-11-14.19:28:47::SCWMssOS::DEBUG:  swdes dump  C:/Users/tejasvissapragada/Documents/cs153a/vitis/lab3a_vitis/lab3a_platform/microblaze_0/standalone_domain/bsp/system.mss|system||

TRACE::2024-11-14.19:28:47::SCWMssOS::Sw design exists and opened at  C:/Users/tejasvissapragada/Documents/cs153a/vitis/lab3a_vitis/lab3a_platform/microblaze_0/standalone_domain/bsp/system.mss
TRACE::2024-11-14.19:28:47::SCWPlatform::Trying to open the hw design at C:/Users/tejasvissapragada/Documents/cs153a/vitis/lab3a_vitis/lab3a_platform/hw/design_1_wrapper.xsa
TRACE::2024-11-14.19:28:47::SCWPlatform::DSA given C:/Users/tejasvissapragada/Documents/cs153a/vitis/lab3a_vitis/lab3a_platform/hw/design_1_wrapper.xsa
TRACE::2024-11-14.19:28:47::SCWPlatform::DSA absoulate path C:/Users/tejasvissapragada/Documents/cs153a/vitis/lab3a_vitis/lab3a_platform/hw/design_1_wrapper.xsa
TRACE::2024-11-14.19:28:47::SCWPlatform::DSA directory C:/Users/tejasvissapragada/Documents/cs153a/vitis/lab3a_vitis/lab3a_platform/hw
TRACE::2024-11-14.19:28:47::SCWPlatform:: Platform Path C:/Users/tejasvissapragada/Documents/cs153a/vitis/lab3a_vitis/lab3a_platform/hw/design_1_wrapper.xsa
TRACE::2024-11-14.19:28:47::SCWPlatform:: Unique name xilinx:::0.0
TRACE::2024-11-14.19:28:47::SCWPlatform::Trying to set the existing hwdb with name design_1_wrapper_0
TRACE::2024-11-14.19:28:47::SCWPlatform::Opened existing hwdb design_1_wrapper_0
TRACE::2024-11-14.19:28:47::SCWPlatform::Found the Hw Db part of the input DSA
TRACE::2024-11-14.19:28:47::SCWMssOS::Checking the sw design at  C:/Users/tejasvissapragada/Documents/cs153a/vitis/lab3a_vitis/lab3a_platform/microblaze_0/standalone_domain/bsp/system.mss
TRACE::2024-11-14.19:28:47::SCWMssOS::DEBUG:  swdes dump  C:/Users/tejasvissapragada/Documents/cs153a/vitis/lab3a_vitis/lab3a_platform/microblaze_0/standalone_domain/bsp/system.mss|system||

TRACE::2024-11-14.19:28:47::SCWMssOS::Sw design exists and opened at  C:/Users/tejasvissapragada/Documents/cs153a/vitis/lab3a_vitis/lab3a_platform/microblaze_0/standalone_domain/bsp/system.mss
TRACE::2024-11-14.19:28:47::SCWWriter::formatted JSON is {
	"platformName":	"lab3a_platform",
	"sprVersion":	"2.0",
	"mode":	"gui",
	"dsaType":	"Fixed",
	"platformDesc":	"lab3a_platform",
	"platHandOff":	"C:/Users/tejasvissapragada/Documents/cs153a/vivado/lab3b_vivado/design_1_wrapper.xsa",
	"platIntHandOff":	"<platformDir>/hw/design_1_wrapper.xsa",
	"deviceType":	"FPGA",
	"platIsPrebuiltAutogen":	"false",
	"platIsNoBootBsp":	"false",
	"hasFsblMakeHasChanges":	"false",
	"hasPmufwMakeHasChanges":	"false",
	"platPreBuiltFlag":	false,
	"platformSamplesDir":	"",
	"platActiveSys":	"lab3a_platform",
	"systems":	[{
			"systemName":	"lab3a_platform",
			"systemDesc":	"lab3a_platform",
			"sysIsBootAutoGen":	"true",
			"systemDispName":	"lab3a_platform",
			"sysActiveDom":	"standalone_domain",
			"sysDefaultDom":	"standalone_domain",
			"domains":	[{
					"domainName":	"standalone_domain",
					"domainDispName":	"standalone on microblaze_0",
					"domainDesc":	"standalone_domain",
					"processors":	"microblaze_0",
					"os":	"standalone",
					"sdxOs":	"standalone",
					"debugEnable":	"False",
					"domRuntimes":	["cpp"],
					"swRepo":	"",
					"mssOsVer":	"7.7",
					"mssFile":	"",
					"md5Digest":	"949c3189fe3a9218a56131c49210c519",
					"compatibleApp":	"",
					"domType":	"mssDomain",
					"arch":	"32-bit",
					"appSettings":	{
						"appCompilerFlags":	"",
						"appLinkerFlags":	""
					},
					"addedLibs":	[],
					"libOptions":	{
						"libsContainingOptions":	[]
					},
					"prebuiltLibs":	{
						"prebuiltIncPath":	[],
						"prebuiltLibPath":	[]
					},
					"isolation":	{
					}
				}]
		}]
}
TRACE::2024-11-14.19:28:48::SCWPlatform::Clearing the existing platform
TRACE::2024-11-14.19:28:48::SCWSystem::Clearing the existing sysconfig
TRACE::2024-11-14.19:28:48::SCWMssOS::Removing the swdes entry for  C:/Users/tejasvissapragada/Documents/cs153a/vitis/lab3a_vitis/lab3a_platform/microblaze_0/standalone_domain/bsp/system.mss
TRACE::2024-11-14.19:28:48::SCWSystem::Clearing the domains completed.
TRACE::2024-11-14.19:28:48::SCWPlatform::Clearing the opened hw db.
TRACE::2024-11-14.19:28:48::SCWPlatform::DSA given C:/Users/tejasvissapragada/Documents/cs153a/vitis/lab3a_vitis/lab3a_platform/hw/design_1_wrapper.xsa
TRACE::2024-11-14.19:28:48::SCWPlatform::DSA absoulate path C:/Users/tejasvissapragada/Documents/cs153a/vitis/lab3a_vitis/lab3a_platform/hw/design_1_wrapper.xsa
TRACE::2024-11-14.19:28:48::SCWPlatform:: Platform location is C:/Users/tejasvissapragada/Documents/cs153a/vitis/lab3a_vitis/lab3a_platform/hw
TRACE::2024-11-14.19:28:48::SCWPlatform:: Platform Path C:/Users/tejasvissapragada/Documents/cs153a/vitis/lab3a_vitis/lab3a_platform/hw/design_1_wrapper.xsa
TRACE::2024-11-14.19:28:48::SCWPlatform:: Unique name xilinx:::0.0
TRACE::2024-11-14.19:28:48::SCWPlatform::Removing the HwDB with name C:/Users/tejasvissapragada/Documents/cs153a/vitis/lab3a_vitis/lab3a_platform/hw/design_1_wrapper.xsa
TRACE::2024-11-14.19:28:48::SCWPlatform::Trying to open the hw design at C:/Users/tejasvissapragada/Documents/cs153a/vitis/lab3a_vitis/lab3a_platform/hw/design_1_wrapper.xsa
TRACE::2024-11-14.19:28:48::SCWPlatform::DSA given C:/Users/tejasvissapragada/Documents/cs153a/vitis/lab3a_vitis/lab3a_platform/hw/design_1_wrapper.xsa
TRACE::2024-11-14.19:28:48::SCWPlatform::DSA absoulate path C:/Users/tejasvissapragada/Documents/cs153a/vitis/lab3a_vitis/lab3a_platform/hw/design_1_wrapper.xsa
TRACE::2024-11-14.19:28:48::SCWPlatform::DSA directory C:/Users/tejasvissapragada/Documents/cs153a/vitis/lab3a_vitis/lab3a_platform/hw
TRACE::2024-11-14.19:28:48::SCWPlatform:: Platform Path C:/Users/tejasvissapragada/Documents/cs153a/vitis/lab3a_vitis/lab3a_platform/hw/design_1_wrapper.xsa
TRACE::2024-11-14.19:28:48::SCWPlatform:: Unique name xilinx:::0.0
TRACE::2024-11-14.19:28:48::SCWPlatform::Do not have an existing db opened. 
TRACE::2024-11-14.19:28:50::SCWPlatform::Opened new HwDB with name design_1_wrapper_1
TRACE::2024-11-14.19:28:50::SCWReader::Active system found as  lab3a_platform
TRACE::2024-11-14.19:28:50::SCWReader::Handling sysconfig lab3a_platform
TRACE::2024-11-14.19:28:50::SCWDomain::checking for install qemu data   : 
TRACE::2024-11-14.19:28:50::SCWPlatform::Trying to open the hw design at C:/Users/tejasvissapragada/Documents/cs153a/vitis/lab3a_vitis/lab3a_platform/hw/design_1_wrapper.xsa
TRACE::2024-11-14.19:28:50::SCWPlatform::DSA given C:/Users/tejasvissapragada/Documents/cs153a/vitis/lab3a_vitis/lab3a_platform/hw/design_1_wrapper.xsa
TRACE::2024-11-14.19:28:50::SCWPlatform::DSA absoulate path C:/Users/tejasvissapragada/Documents/cs153a/vitis/lab3a_vitis/lab3a_platform/hw/design_1_wrapper.xsa
TRACE::2024-11-14.19:28:50::SCWPlatform::DSA directory C:/Users/tejasvissapragada/Documents/cs153a/vitis/lab3a_vitis/lab3a_platform/hw
TRACE::2024-11-14.19:28:50::SCWPlatform:: Platform Path C:/Users/tejasvissapragada/Documents/cs153a/vitis/lab3a_vitis/lab3a_platform/hw/design_1_wrapper.xsa
TRACE::2024-11-14.19:28:50::SCWPlatform:: Unique name xilinx:::0.0
TRACE::2024-11-14.19:28:50::SCWPlatform::Trying to set the existing hwdb with name design_1_wrapper_1
TRACE::2024-11-14.19:28:50::SCWPlatform::Opened existing hwdb design_1_wrapper_1
TRACE::2024-11-14.19:28:50::SCWPlatform::Found the Hw Db part of the input DSA
TRACE::2024-11-14.19:28:50::SCWPlatform::Trying to open the hw design at C:/Users/tejasvissapragada/Documents/cs153a/vitis/lab3a_vitis/lab3a_platform/hw/design_1_wrapper.xsa
TRACE::2024-11-14.19:28:50::SCWPlatform::DSA given C:/Users/tejasvissapragada/Documents/cs153a/vitis/lab3a_vitis/lab3a_platform/hw/design_1_wrapper.xsa
TRACE::2024-11-14.19:28:50::SCWPlatform::DSA absoulate path C:/Users/tejasvissapragada/Documents/cs153a/vitis/lab3a_vitis/lab3a_platform/hw/design_1_wrapper.xsa
TRACE::2024-11-14.19:28:50::SCWPlatform::DSA directory C:/Users/tejasvissapragada/Documents/cs153a/vitis/lab3a_vitis/lab3a_platform/hw
TRACE::2024-11-14.19:28:50::SCWPlatform:: Platform Path C:/Users/tejasvissapragada/Documents/cs153a/vitis/lab3a_vitis/lab3a_platform/hw/design_1_wrapper.xsa
TRACE::2024-11-14.19:28:50::SCWPlatform:: Unique name xilinx:::0.0
TRACE::2024-11-14.19:28:50::SCWPlatform::Trying to set the existing hwdb with name design_1_wrapper_1
TRACE::2024-11-14.19:28:50::SCWPlatform::Opened existing hwdb design_1_wrapper_1
TRACE::2024-11-14.19:28:50::SCWPlatform::Found the Hw Db part of the input DSA
TRACE::2024-11-14.19:28:50::SCWPlatform::Trying to open the hw design at C:/Users/tejasvissapragada/Documents/cs153a/vitis/lab3a_vitis/lab3a_platform/hw/design_1_wrapper.xsa
TRACE::2024-11-14.19:28:50::SCWPlatform::DSA given C:/Users/tejasvissapragada/Documents/cs153a/vitis/lab3a_vitis/lab3a_platform/hw/design_1_wrapper.xsa
TRACE::2024-11-14.19:28:50::SCWPlatform::DSA absoulate path C:/Users/tejasvissapragada/Documents/cs153a/vitis/lab3a_vitis/lab3a_platform/hw/design_1_wrapper.xsa
TRACE::2024-11-14.19:28:50::SCWPlatform::DSA directory C:/Users/tejasvissapragada/Documents/cs153a/vitis/lab3a_vitis/lab3a_platform/hw
TRACE::2024-11-14.19:28:50::SCWPlatform:: Platform Path C:/Users/tejasvissapragada/Documents/cs153a/vitis/lab3a_vitis/lab3a_platform/hw/design_1_wrapper.xsa
TRACE::2024-11-14.19:28:50::SCWPlatform:: Unique name xilinx:::0.0
TRACE::2024-11-14.19:28:50::SCWPlatform::Trying to set the existing hwdb with name design_1_wrapper_1
TRACE::2024-11-14.19:28:50::SCWPlatform::Opened existing hwdb design_1_wrapper_1
TRACE::2024-11-14.19:28:50::SCWPlatform::Found the Hw Db part of the input DSA
TRACE::2024-11-14.19:28:50::SCWPlatform::Trying to open the hw design at C:/Users/tejasvissapragada/Documents/cs153a/vitis/lab3a_vitis/lab3a_platform/hw/design_1_wrapper.xsa
TRACE::2024-11-14.19:28:50::SCWPlatform::DSA given C:/Users/tejasvissapragada/Documents/cs153a/vitis/lab3a_vitis/lab3a_platform/hw/design_1_wrapper.xsa
TRACE::2024-11-14.19:28:50::SCWPlatform::DSA absoulate path C:/Users/tejasvissapragada/Documents/cs153a/vitis/lab3a_vitis/lab3a_platform/hw/design_1_wrapper.xsa
TRACE::2024-11-14.19:28:50::SCWPlatform::DSA directory C:/Users/tejasvissapragada/Documents/cs153a/vitis/lab3a_vitis/lab3a_platform/hw
TRACE::2024-11-14.19:28:50::SCWPlatform:: Platform Path C:/Users/tejasvissapragada/Documents/cs153a/vitis/lab3a_vitis/lab3a_platform/hw/design_1_wrapper.xsa
TRACE::2024-11-14.19:28:50::SCWPlatform:: Unique name xilinx:::0.0
TRACE::2024-11-14.19:28:50::SCWPlatform::Trying to set the existing hwdb with name design_1_wrapper_1
TRACE::2024-11-14.19:28:50::SCWPlatform::Opened existing hwdb design_1_wrapper_1
TRACE::2024-11-14.19:28:50::SCWPlatform::Found the Hw Db part of the input DSA
TRACE::2024-11-14.19:28:50::SCWMssOS::Checking the sw design at  C:/Users/tejasvissapragada/Documents/cs153a/vitis/lab3a_vitis/lab3a_platform/microblaze_0/standalone_domain/bsp/system.mss
TRACE::2024-11-14.19:28:50::SCWMssOS::DEBUG:  swdes dump  
TRACE::2024-11-14.19:28:50::SCWMssOS::No sw design opened at  C:/Users/tejasvissapragada/Documents/cs153a/vitis/lab3a_vitis/lab3a_platform/microblaze_0/standalone_domain/bsp/system.mss
TRACE::2024-11-14.19:28:50::SCWMssOS::mss exists loading the mss file  C:/Users/tejasvissapragada/Documents/cs153a/vitis/lab3a_vitis/lab3a_platform/microblaze_0/standalone_domain/bsp/system.mss
TRACE::2024-11-14.19:28:50::SCWMssOS::Opened the sw design from mss  C:/Users/tejasvissapragada/Documents/cs153a/vitis/lab3a_vitis/lab3a_platform/microblaze_0/standalone_domain/bsp/system.mss
TRACE::2024-11-14.19:28:50::SCWMssOS::Adding the swdes entry C:/Users/tejasvissapragada/Documents/cs153a/vitis/lab3a_vitis/lab3a_platform/microblaze_0/standalone_domain/bsp/system.mss with des name system
TRACE::2024-11-14.19:28:50::SCWMssOS::updating the scw layer about changes
TRACE::2024-11-14.19:28:50::SCWMssOS::Opened the sw design.  C:/Users/tejasvissapragada/Documents/cs153a/vitis/lab3a_vitis/lab3a_platform/microblaze_0/standalone_domain/bsp/system.mss
TRACE::2024-11-14.19:28:50::SCWMssOS::Saving the mss changes C:/Users/tejasvissapragada/Documents/cs153a/vitis/lab3a_vitis/lab3a_platform/microblaze_0/standalone_domain/bsp/system.mss
TRACE::2024-11-14.19:28:50::SCWMssOS::Found a swdesign opened with the mssfile.
TRACE::2024-11-14.19:28:50::SCWMssOS::Completed writemss as part of save.
TRACE::2024-11-14.19:28:50::SCWMssOS::Commit changes completed.
TRACE::2024-11-14.19:28:50::SCWReader::Adding prebuilt librarypaths as   
TRACE::2024-11-14.19:28:50::SCWReader::Adding prebuilt incpaths  as   
TRACE::2024-11-14.19:28:50::SCWPlatform::Trying to open the hw design at C:/Users/tejasvissapragada/Documents/cs153a/vitis/lab3a_vitis/lab3a_platform/hw/design_1_wrapper.xsa
TRACE::2024-11-14.19:28:50::SCWPlatform::DSA given C:/Users/tejasvissapragada/Documents/cs153a/vitis/lab3a_vitis/lab3a_platform/hw/design_1_wrapper.xsa
TRACE::2024-11-14.19:28:50::SCWPlatform::DSA absoulate path C:/Users/tejasvissapragada/Documents/cs153a/vitis/lab3a_vitis/lab3a_platform/hw/design_1_wrapper.xsa
TRACE::2024-11-14.19:28:50::SCWPlatform::DSA directory C:/Users/tejasvissapragada/Documents/cs153a/vitis/lab3a_vitis/lab3a_platform/hw
TRACE::2024-11-14.19:28:50::SCWPlatform:: Platform Path C:/Users/tejasvissapragada/Documents/cs153a/vitis/lab3a_vitis/lab3a_platform/hw/design_1_wrapper.xsa
TRACE::2024-11-14.19:28:50::SCWPlatform:: Unique name xilinx:::0.0
TRACE::2024-11-14.19:28:50::SCWPlatform::Trying to set the existing hwdb with name design_1_wrapper_1
TRACE::2024-11-14.19:28:50::SCWPlatform::Opened existing hwdb design_1_wrapper_1
TRACE::2024-11-14.19:28:50::SCWPlatform::Found the Hw Db part of the input DSA
TRACE::2024-11-14.19:28:50::SCWMssOS::Checking the sw design at  C:/Users/tejasvissapragada/Documents/cs153a/vitis/lab3a_vitis/lab3a_platform/microblaze_0/standalone_domain/bsp/system.mss
TRACE::2024-11-14.19:28:50::SCWMssOS::DEBUG:  swdes dump  C:/Users/tejasvissapragada/Documents/cs153a/vitis/lab3a_vitis/lab3a_platform/microblaze_0/standalone_domain/bsp/system.mss|system||

TRACE::2024-11-14.19:28:50::SCWMssOS::Sw design exists and opened at  C:/Users/tejasvissapragada/Documents/cs153a/vitis/lab3a_vitis/lab3a_platform/microblaze_0/standalone_domain/bsp/system.mss
TRACE::2024-11-14.19:28:50::SCWReader::No isolation master present  
LOG::2024-11-14.19:29:01::SCWPlatform::Started generating the artifacts platform lab3a_platform
TRACE::2024-11-14.19:29:01::SCWPlatform::Sanity checking of platform is completed
LOG::2024-11-14.19:29:01::SCWPlatform::Started generating the artifacts for system configuration lab3a_platform
LOG::2024-11-14.19:29:01::SCWSystem::Checking the domain standalone_domain
LOG::2024-11-14.19:29:01::SCWSystem::Not a boot domain 
LOG::2024-11-14.19:29:01::SCWSystem::Started Processing the domain standalone_domain
TRACE::2024-11-14.19:29:01::SCWDomain::Generating domain artifcats
TRACE::2024-11-14.19:29:01::SCWMssOS::Generating standalone artifcats
TRACE::2024-11-14.19:29:01::SCWMssOS:: Copying the user libraries. 
TRACE::2024-11-14.19:29:01::SCWPlatform::Trying to open the hw design at C:/Users/tejasvissapragada/Documents/cs153a/vitis/lab3a_vitis/lab3a_platform/hw/design_1_wrapper.xsa
TRACE::2024-11-14.19:29:01::SCWPlatform::DSA given C:/Users/tejasvissapragada/Documents/cs153a/vitis/lab3a_vitis/lab3a_platform/hw/design_1_wrapper.xsa
TRACE::2024-11-14.19:29:01::SCWPlatform::DSA absoulate path C:/Users/tejasvissapragada/Documents/cs153a/vitis/lab3a_vitis/lab3a_platform/hw/design_1_wrapper.xsa
TRACE::2024-11-14.19:29:01::SCWPlatform::DSA directory C:/Users/tejasvissapragada/Documents/cs153a/vitis/lab3a_vitis/lab3a_platform/hw
TRACE::2024-11-14.19:29:01::SCWPlatform:: Platform Path C:/Users/tejasvissapragada/Documents/cs153a/vitis/lab3a_vitis/lab3a_platform/hw/design_1_wrapper.xsa
TRACE::2024-11-14.19:29:01::SCWPlatform:: Unique name xilinx:::0.0
TRACE::2024-11-14.19:29:01::SCWPlatform::Trying to set the existing hwdb with name design_1_wrapper_1
TRACE::2024-11-14.19:29:01::SCWPlatform::Opened existing hwdb design_1_wrapper_1
TRACE::2024-11-14.19:29:01::SCWPlatform::Found the Hw Db part of the input DSA
TRACE::2024-11-14.19:29:01::SCWMssOS::Checking the sw design at  C:/Users/tejasvissapragada/Documents/cs153a/vitis/lab3a_vitis/lab3a_platform/microblaze_0/standalone_domain/bsp/system.mss
TRACE::2024-11-14.19:29:01::SCWMssOS::DEBUG:  swdes dump  C:/Users/tejasvissapragada/Documents/cs153a/vitis/lab3a_vitis/lab3a_platform/microblaze_0/standalone_domain/bsp/system.mss|system||

TRACE::2024-11-14.19:29:01::SCWMssOS::Sw design exists and opened at  C:/Users/tejasvissapragada/Documents/cs153a/vitis/lab3a_vitis/lab3a_platform/microblaze_0/standalone_domain/bsp/system.mss
TRACE::2024-11-14.19:29:01::SCWMssOS::Completed writing the mss file at C:/Users/tejasvissapragada/Documents/cs153a/vitis/lab3a_vitis/lab3a_platform/microblaze_0/standalone_domain/bsp
TRACE::2024-11-14.19:29:01::SCWMssOS::Mss edits present, copying mssfile into export location C:/Users/tejasvissapragada/Documents/cs153a/vitis/lab3a_vitis/lab3a_platform/microblaze_0/standalone_domain/bsp/system.mss
TRACE::2024-11-14.19:29:01::SCWMssOS::bsp generated is upto date with the mss file. Skipping bsp generation.
TRACE::2024-11-14.19:29:01::SCWMssOS::BSP is already built. skipping the bsp build ... 
TRACE::2024-11-14.19:29:01::SCWDomain::Building the domain as part of full build :  standalone_domain
TRACE::2024-11-14.19:29:01::SCWMssOS::doing bsp build ... 
TRACE::2024-11-14.19:29:01::SCWMssOS::System Command Ran  C: & cd  C:/Users/tejasvissapragada/Documents/cs153a/vitis/lab3a_vitis/lab3a_platform/microblaze_0/standalone_domain/bsp & make 
TRACE::2024-11-14.19:29:01::SCWMssOS::make --no-print-directory seq_libs

TRACE::2024-11-14.19:29:01::SCWMssOS::'Finished building libraries sequentially.'

TRACE::2024-11-14.19:29:01::SCWMssOS::make -j 2 --no-print-directory par_libs

TRACE::2024-11-14.19:29:02::SCWMssOS::"Running Make include in microblaze_0/libsrc/bram_v4_7/src"

TRACE::2024-11-14.19:29:02::SCWMssOS::make -C microblaze_0/libsrc/bram_v4_7/src -s include  "SHELL=CMD" "COMPILER=mb-gcc" "ASSEMBLER=mb-as" "ARCHIVER=mb-ar" "COMPILE
TRACE::2024-11-14.19:29:02::SCWMssOS::R_FLAGS=  -O2 -c -mcpu=v11.0 -mhard-float -mlittle-endian -mno-xl-soft-div -mno-xl-soft-mul -mxl-barrel-shift -mxl-float-conver
TRACE::2024-11-14.19:29:02::SCWMssOS::t -mxl-float-sqrt -mxl-pattern-compare" "EXTRA_COMPILER_FLAGS=-g -ffunction-sections -fdata-sections -Wall -Wextra -fno-tree-lo
TRACE::2024-11-14.19:29:02::SCWMssOS::op-distribute-patterns"

TRACE::2024-11-14.19:29:02::SCWMssOS::"Running Make include in microblaze_0/libsrc/cpu_v2_15/src"

TRACE::2024-11-14.19:29:02::SCWMssOS::make -C microblaze_0/libsrc/cpu_v2_15/src -s include  "SHELL=CMD" "COMPILER=mb-gcc" "ASSEMBLER=mb-as" "ARCHIVER=mb-ar" "COMPILE
TRACE::2024-11-14.19:29:02::SCWMssOS::R_FLAGS=  -O2 -c -mcpu=v11.0 -mhard-float -mlittle-endian -mno-xl-soft-div -mno-xl-soft-mul -mxl-barrel-shift -mxl-float-conver
TRACE::2024-11-14.19:29:02::SCWMssOS::t -mxl-float-sqrt -mxl-pattern-compare" "EXTRA_COMPILER_FLAGS=-g -ffunction-sections -fdata-sections -Wall -Wextra -fno-tree-lo
TRACE::2024-11-14.19:29:02::SCWMssOS::op-distribute-patterns"

TRACE::2024-11-14.19:29:02::SCWMssOS::"Running Make include in microblaze_0/libsrc/gpio_v4_9/src"

TRACE::2024-11-14.19:29:02::SCWMssOS::make -C microblaze_0/libsrc/gpio_v4_9/src -s include  "SHELL=CMD" "COMPILER=mb-gcc" "ASSEMBLER=mb-as" "ARCHIVER=mb-ar" "COMPILE
TRACE::2024-11-14.19:29:02::SCWMssOS::R_FLAGS=  -O2 -c -mcpu=v11.0 -mhard-float -mlittle-endian -mno-xl-soft-div -mno-xl-soft-mul -mxl-barrel-shift -mxl-float-conver
TRACE::2024-11-14.19:29:02::SCWMssOS::t -mxl-float-sqrt -mxl-pattern-compare" "EXTRA_COMPILER_FLAGS=-g -ffunction-sections -fdata-sections -Wall -Wextra -fno-tree-lo
TRACE::2024-11-14.19:29:02::SCWMssOS::op-distribute-patterns"

TRACE::2024-11-14.19:29:02::SCWMssOS::"Running Make include in microblaze_0/libsrc/intc_v3_14/src"

TRACE::2024-11-14.19:29:02::SCWMssOS::make -C microblaze_0/libsrc/intc_v3_14/src -s include  "SHELL=CMD" "COMPILER=mb-gcc" "ASSEMBLER=mb-as" "ARCHIVER=mb-ar" "COMPIL
TRACE::2024-11-14.19:29:02::SCWMssOS::ER_FLAGS=  -O2 -c -mcpu=v11.0 -mhard-float -mlittle-endian -mno-xl-soft-div -mno-xl-soft-mul -mxl-barrel-shift -mxl-float-conve
TRACE::2024-11-14.19:29:02::SCWMssOS::rt -mxl-float-sqrt -mxl-pattern-compare" "EXTRA_COMPILER_FLAGS=-g -ffunction-sections -fdata-sections -Wall -Wextra -fno-tree-l
TRACE::2024-11-14.19:29:02::SCWMssOS::oop-distribute-patterns"

TRACE::2024-11-14.19:29:02::SCWMssOS::"Running Make include in microblaze_0/libsrc/spi_v4_9/src"

TRACE::2024-11-14.19:29:02::SCWMssOS::make -C microblaze_0/libsrc/spi_v4_9/src -s include  "SHELL=CMD" "COMPILER=mb-gcc" "ASSEMBLER=mb-as" "ARCHIVER=mb-ar" "COMPILER
TRACE::2024-11-14.19:29:02::SCWMssOS::_FLAGS=  -O2 -c -mcpu=v11.0 -mhard-float -mlittle-endian -mno-xl-soft-div -mno-xl-soft-mul -mxl-barrel-shift -mxl-float-convert
TRACE::2024-11-14.19:29:02::SCWMssOS:: -mxl-float-sqrt -mxl-pattern-compare" "EXTRA_COMPILER_FLAGS=-g -ffunction-sections -fdata-sections -Wall -Wextra -fno-tree-loo
TRACE::2024-11-14.19:29:02::SCWMssOS::p-distribute-patterns"

TRACE::2024-11-14.19:29:02::SCWMssOS::"Running Make include in microblaze_0/libsrc/standalone_v7_7/src"

TRACE::2024-11-14.19:29:02::SCWMssOS::make -C microblaze_0/libsrc/standalone_v7_7/src -s include  "SHELL=CMD" "COMPILER=mb-gcc" "ASSEMBLER=mb-as" "ARCHIVER=mb-ar" "C
TRACE::2024-11-14.19:29:02::SCWMssOS::OMPILER_FLAGS=  -O2 -c -mcpu=v11.0 -mhard-float -mlittle-endian -mno-xl-soft-div -mno-xl-soft-mul -mxl-barrel-shift -mxl-float-
TRACE::2024-11-14.19:29:02::SCWMssOS::convert -mxl-float-sqrt -mxl-pattern-compare" "EXTRA_COMPILER_FLAGS=-g -ffunction-sections -fdata-sections -Wall -Wextra -fno-t
TRACE::2024-11-14.19:29:02::SCWMssOS::ree-loop-distribute-patterns"

TRACE::2024-11-14.19:29:02::SCWMssOS::"Running Make include in microblaze_0/libsrc/tmrctr_v4_9/src"

TRACE::2024-11-14.19:29:02::SCWMssOS::make -C microblaze_0/libsrc/tmrctr_v4_9/src -s include  "SHELL=CMD" "COMPILER=mb-gcc" "ASSEMBLER=mb-as" "ARCHIVER=mb-ar" "COMPI
TRACE::2024-11-14.19:29:02::SCWMssOS::LER_FLAGS=  -O2 -c -mcpu=v11.0 -mhard-float -mlittle-endian -mno-xl-soft-div -mno-xl-soft-mul -mxl-barrel-shift -mxl-float-conv
TRACE::2024-11-14.19:29:02::SCWMssOS::ert -mxl-float-sqrt -mxl-pattern-compare" "EXTRA_COMPILER_FLAGS=-g -ffunction-sections -fdata-sections -Wall -Wextra -fno-tree-
TRACE::2024-11-14.19:29:02::SCWMssOS::loop-distribute-patterns"

TRACE::2024-11-14.19:29:02::SCWMssOS::"Running Make include in microblaze_0/libsrc/uartlite_v3_7/src"

TRACE::2024-11-14.19:29:02::SCWMssOS::make -C microblaze_0/libsrc/uartlite_v3_7/src -s include  "SHELL=CMD" "COMPILER=mb-gcc" "ASSEMBLER=mb-as" "ARCHIVER=mb-ar" "COM
TRACE::2024-11-14.19:29:02::SCWMssOS::PILER_FLAGS=  -O2 -c -mcpu=v11.0 -mhard-float -mlittle-endian -mno-xl-soft-div -mno-xl-soft-mul -mxl-barrel-shift -mxl-float-co
TRACE::2024-11-14.19:29:02::SCWMssOS::nvert -mxl-float-sqrt -mxl-pattern-compare" "EXTRA_COMPILER_FLAGS=-g -ffunction-sections -fdata-sections -Wall -Wextra -fno-tre
TRACE::2024-11-14.19:29:02::SCWMssOS::e-loop-distribute-patterns"

TRACE::2024-11-14.19:29:03::SCWMssOS::"Running Make libs in microblaze_0/libsrc/bram_v4_7/src"

TRACE::2024-11-14.19:29:03::SCWMssOS::make -C microblaze_0/libsrc/bram_v4_7/src -s libs  "SHELL=CMD" "COMPILER=mb-gcc" "ASSEMBLER=mb-as" "ARCHIVER=mb-ar" "COMPILER_F
TRACE::2024-11-14.19:29:03::SCWMssOS::LAGS=  -O2 -c -mcpu=v11.0 -mhard-float -mlittle-endian -mno-xl-soft-div -mno-xl-soft-mul -mxl-barrel-shift -mxl-float-convert -
TRACE::2024-11-14.19:29:03::SCWMssOS::mxl-float-sqrt -mxl-pattern-compare" "EXTRA_COMPILER_FLAGS=-g -ffunction-sections -fdata-sections -Wall -Wextra -fno-tree-loop-
TRACE::2024-11-14.19:29:03::SCWMssOS::distribute-patterns"

TRACE::2024-11-14.19:29:03::SCWMssOS::"Running Make libs in microblaze_0/libsrc/cpu_v2_15/src"

TRACE::2024-11-14.19:29:03::SCWMssOS::make -C microblaze_0/libsrc/cpu_v2_15/src -s libs  "SHELL=CMD" "COMPILER=mb-gcc" "ASSEMBLER=mb-as" "ARCHIVER=mb-ar" "COMPILER_F
TRACE::2024-11-14.19:29:03::SCWMssOS::LAGS=  -O2 -c -mcpu=v11.0 -mhard-float -mlittle-endian -mno-xl-soft-div -mno-xl-soft-mul -mxl-barrel-shift -mxl-float-convert -
TRACE::2024-11-14.19:29:03::SCWMssOS::mxl-float-sqrt -mxl-pattern-compare" "EXTRA_COMPILER_FLAGS=-g -ffunction-sections -fdata-sections -Wall -Wextra -fno-tree-loop-
TRACE::2024-11-14.19:29:03::SCWMssOS::distribute-patterns"

TRACE::2024-11-14.19:29:03::SCWMssOS::"Running Make libs in microblaze_0/libsrc/gpio_v4_9/src"

TRACE::2024-11-14.19:29:03::SCWMssOS::make -C microblaze_0/libsrc/gpio_v4_9/src -s libs  "SHELL=CMD" "COMPILER=mb-gcc" "ASSEMBLER=mb-as" "ARCHIVER=mb-ar" "COMPILER_F
TRACE::2024-11-14.19:29:03::SCWMssOS::LAGS=  -O2 -c -mcpu=v11.0 -mhard-float -mlittle-endian -mno-xl-soft-div -mno-xl-soft-mul -mxl-barrel-shift -mxl-float-convert -
TRACE::2024-11-14.19:29:03::SCWMssOS::mxl-float-sqrt -mxl-pattern-compare" "EXTRA_COMPILER_FLAGS=-g -ffunction-sections -fdata-sections -Wall -Wextra -fno-tree-loop-
TRACE::2024-11-14.19:29:03::SCWMssOS::distribute-patterns"

TRACE::2024-11-14.19:29:03::SCWMssOS::"Running Make libs in microblaze_0/libsrc/intc_v3_14/src"

TRACE::2024-11-14.19:29:03::SCWMssOS::make -C microblaze_0/libsrc/intc_v3_14/src -s libs  "SHELL=CMD" "COMPILER=mb-gcc" "ASSEMBLER=mb-as" "ARCHIVER=mb-ar" "COMPILER_
TRACE::2024-11-14.19:29:03::SCWMssOS::FLAGS=  -O2 -c -mcpu=v11.0 -mhard-float -mlittle-endian -mno-xl-soft-div -mno-xl-soft-mul -mxl-barrel-shift -mxl-float-convert 
TRACE::2024-11-14.19:29:03::SCWMssOS::-mxl-float-sqrt -mxl-pattern-compare" "EXTRA_COMPILER_FLAGS=-g -ffunction-sections -fdata-sections -Wall -Wextra -fno-tree-loop
TRACE::2024-11-14.19:29:03::SCWMssOS::-distribute-patterns"

TRACE::2024-11-14.19:29:04::SCWMssOS::"Running Make libs in microblaze_0/libsrc/spi_v4_9/src"

TRACE::2024-11-14.19:29:04::SCWMssOS::make -C microblaze_0/libsrc/spi_v4_9/src -s libs  "SHELL=CMD" "COMPILER=mb-gcc" "ASSEMBLER=mb-as" "ARCHIVER=mb-ar" "COMPILER_FL
TRACE::2024-11-14.19:29:04::SCWMssOS::AGS=  -O2 -c -mcpu=v11.0 -mhard-float -mlittle-endian -mno-xl-soft-div -mno-xl-soft-mul -mxl-barrel-shift -mxl-float-convert -m
TRACE::2024-11-14.19:29:04::SCWMssOS::xl-float-sqrt -mxl-pattern-compare" "EXTRA_COMPILER_FLAGS=-g -ffunction-sections -fdata-sections -Wall -Wextra -fno-tree-loop-d
TRACE::2024-11-14.19:29:04::SCWMssOS::istribute-patterns"

TRACE::2024-11-14.19:29:04::SCWMssOS::"Running Make libs in microblaze_0/libsrc/standalone_v7_7/src"

TRACE::2024-11-14.19:29:04::SCWMssOS::make -C microblaze_0/libsrc/standalone_v7_7/src -s libs  "SHELL=CMD" "COMPILER=mb-gcc" "ASSEMBLER=mb-as" "ARCHIVER=mb-ar" "COMP
TRACE::2024-11-14.19:29:04::SCWMssOS::ILER_FLAGS=  -O2 -c -mcpu=v11.0 -mhard-float -mlittle-endian -mno-xl-soft-div -mno-xl-soft-mul -mxl-barrel-shift -mxl-float-con
TRACE::2024-11-14.19:29:04::SCWMssOS::vert -mxl-float-sqrt -mxl-pattern-compare" "EXTRA_COMPILER_FLAGS=-g -ffunction-sections -fdata-sections -Wall -Wextra -fno-tree
TRACE::2024-11-14.19:29:04::SCWMssOS::-loop-distribute-patterns"

TRACE::2024-11-14.19:29:05::SCWMssOS::"Running Make libs in microblaze_0/libsrc/tmrctr_v4_9/src"

TRACE::2024-11-14.19:29:05::SCWMssOS::make -C microblaze_0/libsrc/tmrctr_v4_9/src -s libs  "SHELL=CMD" "COMPILER=mb-gcc" "ASSEMBLER=mb-as" "ARCHIVER=mb-ar" "COMPILER
TRACE::2024-11-14.19:29:05::SCWMssOS::_FLAGS=  -O2 -c -mcpu=v11.0 -mhard-float -mlittle-endian -mno-xl-soft-div -mno-xl-soft-mul -mxl-barrel-shift -mxl-float-convert
TRACE::2024-11-14.19:29:05::SCWMssOS:: -mxl-float-sqrt -mxl-pattern-compare" "EXTRA_COMPILER_FLAGS=-g -ffunction-sections -fdata-sections -Wall -Wextra -fno-tree-loo
TRACE::2024-11-14.19:29:05::SCWMssOS::p-distribute-patterns"

TRACE::2024-11-14.19:29:06::SCWMssOS::"Running Make libs in microblaze_0/libsrc/uartlite_v3_7/src"

TRACE::2024-11-14.19:29:06::SCWMssOS::make -C microblaze_0/libsrc/uartlite_v3_7/src -s libs  "SHELL=CMD" "COMPILER=mb-gcc" "ASSEMBLER=mb-as" "ARCHIVER=mb-ar" "COMPIL
TRACE::2024-11-14.19:29:06::SCWMssOS::ER_FLAGS=  -O2 -c -mcpu=v11.0 -mhard-float -mlittle-endian -mno-xl-soft-div -mno-xl-soft-mul -mxl-barrel-shift -mxl-float-conve
TRACE::2024-11-14.19:29:06::SCWMssOS::rt -mxl-float-sqrt -mxl-pattern-compare" "EXTRA_COMPILER_FLAGS=-g -ffunction-sections -fdata-sections -Wall -Wextra -fno-tree-l
TRACE::2024-11-14.19:29:06::SCWMssOS::oop-distribute-patterns"

TRACE::2024-11-14.19:29:08::SCWMssOS::"DEBUG NON_LTO_OBJECTS is ../../../lib/microblaze_interrupt_handler.o"

TRACE::2024-11-14.19:29:08::SCWMssOS::'Finished building libraries parallelly.'

TRACE::2024-11-14.19:29:08::SCWMssOS::make --no-print-directory archive

TRACE::2024-11-14.19:29:08::SCWMssOS::mb-ar -r  microblaze_0/lib/libxil.a microblaze_0/lib/xplatform_info.o microblaze_0/lib/xuartlite.o microblaze_0/lib/microblaze_
TRACE::2024-11-14.19:29:08::SCWMssOS::disable_exceptions.o microblaze_0/lib/print.o microblaze_0/lib/xtmrctr_options.o microblaze_0/lib/_exit.o microblaze_0/lib/xil_
TRACE::2024-11-14.19:29:08::SCWMssOS::testio.o microblaze_0/lib/microblaze_disable_dcache.o microblaze_0/lib/microblaze_flush_dcache_range.o microblaze_0/lib/xspi_g.
TRACE::2024-11-14.19:29:08::SCWMssOS::o microblaze_0/lib/microblaze_flush_cache_ext.o microblaze_0/lib/xbram_sinit.o microblaze_0/lib/xspi_sinit.o microblaze_0/lib/x
TRACE::2024-11-14.19:29:08::SCWMssOS::il_misc_psreset_api.o microblaze_0/lib/xinterrupt_wrap.o microblaze_0/lib/xil_cache.o microblaze_0/lib/xil_util.o microblaze_0/
TRACE::2024-11-14.19:29:08::SCWMssOS::lib/inbyte.o microblaze_0/lib/microblaze_exception_handler.o microblaze_0/lib/xbram_g.o microblaze_0/lib/microblaze_scrub.o mic
TRACE::2024-11-14.19:29:08::SCWMssOS::roblaze_0/lib/microblaze_invalidate_dcache.o microblaze_0/lib/microblaze_disable_interrupts.o microblaze_0/lib/xbram_selftest.o
TRACE::2024-11-14.19:29:08::SCWMssOS:: microblaze_0/lib/microblaze_interrupt_handler.o microblaze_0/lib/microblaze_disable_icache.o microblaze_0/lib/xuartlite_sinit.
TRACE::2024-11-14.19:29:08::SCWMssOS::o microblaze_0/lib/xgpio_g.o microblaze_0/lib/xuartlite_g.o microblaze_0/lib/xil_mem.o microblaze_0/lib/xspi_stats.o microblaze
TRACE::2024-11-14.19:29:08::SCWMssOS::_0/lib/microblaze_flush_cache_ext_range.o microblaze_0/lib/xtmrctr_intr.o microblaze_0/lib/xbram_intr.o microblaze_0/lib/xil_sl
TRACE::2024-11-14.19:29:08::SCWMssOS::eepcommon.o microblaze_0/lib/xil_printf.o microblaze_0/lib/xintc_g.o microblaze_0/lib/xtmrctr_sinit.o microblaze_0/lib/xtmrctr_
TRACE::2024-11-14.19:29:08::SCWMssOS::l.o microblaze_0/lib/xintc_selftest.o microblaze_0/lib/xintc_l.o microblaze_0/lib/outbyte.o microblaze_0/lib/xgpio_intr.o micro
TRACE::2024-11-14.19:29:08::SCWMssOS::blaze_0/lib/microblaze_invalidate_dcache_range.o microblaze_0/lib/microblaze_invalidate_cache_ext.o microblaze_0/lib/microblaze
TRACE::2024-11-14.19:29:08::SCWMssOS::_sleep.o microblaze_0/lib/hw_exception_handler.o microblaze_0/lib/xtmrctr.o microblaze_0/lib/xuartlite_selftest.o microblaze_0/
TRACE::2024-11-14.19:29:08::SCWMssOS::lib/xgpio_sinit.o microblaze_0/lib/microblaze_update_dcache.o microblaze_0/lib/xil_testcache.o microblaze_0/lib/microblaze_self
TRACE::2024-11-14.19:29:08::SCWMssOS::test.o microblaze_0/lib/microblaze_interrupts_g.o microblaze_0/lib/microblaze_enable_exceptions.o microblaze_0/lib/xio.o microb
TRACE::2024-11-14.19:29:08::SCWMssOS::laze_0/lib/xtmrctr_g.o microblaze_0/lib/microblaze_enable_dcache.o microblaze_0/lib/xbram.o microblaze_0/lib/microblaze_invalid
TRACE::2024-11-14.19:29:08::SCWMssOS::ate_icache_range.o microblaze_0/lib/xtmrctr_selftest.o microblaze_0/lib/microblaze_init_dcache_range.o microblaze_0/lib/microbl
TRACE::2024-11-14.19:29:08::SCWMssOS::aze_invalidate_icache.o microblaze_0/lib/xspi_options.o microblaze_0/lib/errno.o microblaze_0/lib/xuartlite_l.o microblaze_0/li
TRACE::2024-11-14.19:29:08::SCWMssOS::b/xintc_options.o microblaze_0/lib/xuartlite_stats.o microblaze_0/lib/microblaze_invalidate_cache_ext_range.o microblaze_0/lib/
TRACE::2024-11-14.19:29:08::SCWMssOS::xintc_intr.o microblaze_0/lib/xil_exception.o microblaze_0/lib/pvr.o microblaze_0/lib/xgpio.o microblaze_0/lib/xil_testmem.o mi
TRACE::2024-11-14.19:29:08::SCWMssOS::croblaze_0/lib/microblaze_update_icache.o microblaze_0/lib/xuartlite_intr.o microblaze_0/lib/microblaze_flush_dcache.o microbla
TRACE::2024-11-14.19:29:08::SCWMssOS::ze_0/lib/xil_clocking.o microblaze_0/lib/xil_assert.o microblaze_0/lib/microblaze_enable_interrupts.o microblaze_0/lib/xgpio_ex
TRACE::2024-11-14.19:29:08::SCWMssOS::tra.o microblaze_0/lib/xspi.o microblaze_0/lib/microblaze_enable_icache.o microblaze_0/lib/xintc.o microblaze_0/lib/xtmrctr_sta
TRACE::2024-11-14.19:29:08::SCWMssOS::ts.o microblaze_0/lib/microblaze_init_icache_range.o microblaze_0/lib/xspi_selftest.o microblaze_0/lib/fcntl.o microblaze_0/lib
TRACE::2024-11-14.19:29:08::SCWMssOS::/xgpio_selftest.o

TRACE::2024-11-14.19:29:08::SCWMssOS::'Finished building libraries'

TRACE::2024-11-14.19:29:08::SCWMssOS::Copying to export directory.
TRACE::2024-11-14.19:29:09::SCWMssOS:: Checking if to create the Supporting Applications
TRACE::2024-11-14.19:29:09::SCWMssOS:: No Linux domain exists, trying to generate FSBL 
LOG::2024-11-14.19:29:09::SCWSystem::Completed Processing the domain standalone_domain
LOG::2024-11-14.19:29:09::SCWSystem::Completed Processing the sysconfig lab3a_platform
LOG::2024-11-14.19:29:09::SCWPlatform::Completed generating the artifacts for system configuration lab3a_platform
TRACE::2024-11-14.19:29:09::SCWPlatform::Started preparing the platform 
TRACE::2024-11-14.19:29:09::SCWSystem::Writing the bif file for system config lab3a_platform
TRACE::2024-11-14.19:29:09::SCWSystem::dir created 
TRACE::2024-11-14.19:29:09::SCWSystem::Writing the bif 
TRACE::2024-11-14.19:29:09::SCWPlatform::Started writing the spfm file 
TRACE::2024-11-14.19:29:09::SCWPlatform::Started writing the xpfm file 
TRACE::2024-11-14.19:29:09::SCWPlatform::Completed generating the platform
TRACE::2024-11-14.19:29:09::SCWMssOS::Saving the mss changes C:/Users/tejasvissapragada/Documents/cs153a/vitis/lab3a_vitis/lab3a_platform/microblaze_0/standalone_domain/bsp/system.mss
TRACE::2024-11-14.19:29:09::SCWMssOS::Found a swdesign opened with the mssfile.
TRACE::2024-11-14.19:29:09::SCWMssOS::Completed writemss as part of save.
TRACE::2024-11-14.19:29:09::SCWMssOS::Commit changes completed.
TRACE::2024-11-14.19:29:09::SCWPlatform::Trying to open the hw design at C:/Users/tejasvissapragada/Documents/cs153a/vitis/lab3a_vitis/lab3a_platform/hw/design_1_wrapper.xsa
TRACE::2024-11-14.19:29:09::SCWPlatform::DSA given C:/Users/tejasvissapragada/Documents/cs153a/vitis/lab3a_vitis/lab3a_platform/hw/design_1_wrapper.xsa
TRACE::2024-11-14.19:29:09::SCWPlatform::DSA absoulate path C:/Users/tejasvissapragada/Documents/cs153a/vitis/lab3a_vitis/lab3a_platform/hw/design_1_wrapper.xsa
TRACE::2024-11-14.19:29:09::SCWPlatform::DSA directory C:/Users/tejasvissapragada/Documents/cs153a/vitis/lab3a_vitis/lab3a_platform/hw
TRACE::2024-11-14.19:29:09::SCWPlatform:: Platform Path C:/Users/tejasvissapragada/Documents/cs153a/vitis/lab3a_vitis/lab3a_platform/hw/design_1_wrapper.xsa
TRACE::2024-11-14.19:29:09::SCWPlatform:: Unique name xilinx:::0.0
TRACE::2024-11-14.19:29:09::SCWPlatform::Trying to set the existing hwdb with name design_1_wrapper_1
TRACE::2024-11-14.19:29:09::SCWPlatform::Opened existing hwdb design_1_wrapper_1
TRACE::2024-11-14.19:29:09::SCWPlatform::Found the Hw Db part of the input DSA
TRACE::2024-11-14.19:29:09::SCWMssOS::Checking the sw design at  C:/Users/tejasvissapragada/Documents/cs153a/vitis/lab3a_vitis/lab3a_platform/microblaze_0/standalone_domain/bsp/system.mss
TRACE::2024-11-14.19:29:09::SCWMssOS::DEBUG:  swdes dump  C:/Users/tejasvissapragada/Documents/cs153a/vitis/lab3a_vitis/lab3a_platform/microblaze_0/standalone_domain/bsp/system.mss|system||

TRACE::2024-11-14.19:29:09::SCWMssOS::Sw design exists and opened at  C:/Users/tejasvissapragada/Documents/cs153a/vitis/lab3a_vitis/lab3a_platform/microblaze_0/standalone_domain/bsp/system.mss
TRACE::2024-11-14.19:29:09::SCWWriter::formatted JSON is {
	"platformName":	"lab3a_platform",
	"sprVersion":	"2.0",
	"mode":	"gui",
	"dsaType":	"Fixed",
	"platformDesc":	"lab3a_platform",
	"platHandOff":	"C:/Users/tejasvissapragada/Documents/cs153a/vivado/lab3b_vivado/design_1_wrapper.xsa",
	"platIntHandOff":	"<platformDir>/hw/design_1_wrapper.xsa",
	"deviceType":	"FPGA",
	"platIsPrebuiltAutogen":	"false",
	"platIsNoBootBsp":	"false",
	"hasFsblMakeHasChanges":	"false",
	"hasPmufwMakeHasChanges":	"false",
	"platPreBuiltFlag":	false,
	"platformSamplesDir":	"",
	"platActiveSys":	"lab3a_platform",
	"systems":	[{
			"systemName":	"lab3a_platform",
			"systemDesc":	"lab3a_platform",
			"sysIsBootAutoGen":	"true",
			"systemDispName":	"lab3a_platform",
			"sysActiveDom":	"standalone_domain",
			"sysDefaultDom":	"standalone_domain",
			"domains":	[{
					"domainName":	"standalone_domain",
					"domainDispName":	"standalone on microblaze_0",
					"domainDesc":	"standalone_domain",
					"processors":	"microblaze_0",
					"os":	"standalone",
					"sdxOs":	"standalone",
					"debugEnable":	"False",
					"domRuntimes":	["cpp"],
					"swRepo":	"",
					"mssOsVer":	"7.7",
					"mssFile":	"",
					"md5Digest":	"949c3189fe3a9218a56131c49210c519",
					"compatibleApp":	"",
					"domType":	"mssDomain",
					"arch":	"32-bit",
					"appSettings":	{
						"appCompilerFlags":	"",
						"appLinkerFlags":	""
					},
					"addedLibs":	[],
					"libOptions":	{
						"libsContainingOptions":	[]
					},
					"prebuiltLibs":	{
						"prebuiltIncPath":	[],
						"prebuiltLibPath":	[]
					},
					"isolation":	{
					}
				}]
		}]
}
KEYINFO::2024-11-14.19:29:09::SCWPlatform::updated the xpfm file.
TRACE::2024-11-14.19:29:10::SCWPlatform::Trying to open the hw design at C:/Users/tejasvissapragada/Documents/cs153a/vitis/lab3a_vitis/lab3a_platform/hw/design_1_wrapper.xsa
TRACE::2024-11-14.19:29:10::SCWPlatform::DSA given C:/Users/tejasvissapragada/Documents/cs153a/vitis/lab3a_vitis/lab3a_platform/hw/design_1_wrapper.xsa
TRACE::2024-11-14.19:29:10::SCWPlatform::DSA absoulate path C:/Users/tejasvissapragada/Documents/cs153a/vitis/lab3a_vitis/lab3a_platform/hw/design_1_wrapper.xsa
TRACE::2024-11-14.19:29:10::SCWPlatform::DSA directory C:/Users/tejasvissapragada/Documents/cs153a/vitis/lab3a_vitis/lab3a_platform/hw
TRACE::2024-11-14.19:29:10::SCWPlatform:: Platform Path C:/Users/tejasvissapragada/Documents/cs153a/vitis/lab3a_vitis/lab3a_platform/hw/design_1_wrapper.xsa
TRACE::2024-11-14.19:29:10::SCWPlatform:: Unique name xilinx:::0.0
TRACE::2024-11-14.19:29:10::SCWPlatform::Trying to set the existing hwdb with name design_1_wrapper_1
TRACE::2024-11-14.19:29:10::SCWPlatform::Opened existing hwdb design_1_wrapper_1
TRACE::2024-11-14.19:29:10::SCWPlatform::Found the Hw Db part of the input DSA
TRACE::2024-11-14.19:29:10::SCWMssOS::Checking the sw design at  C:/Users/tejasvissapragada/Documents/cs153a/vitis/lab3a_vitis/lab3a_platform/microblaze_0/standalone_domain/bsp/system.mss
TRACE::2024-11-14.19:29:10::SCWMssOS::DEBUG:  swdes dump  C:/Users/tejasvissapragada/Documents/cs153a/vitis/lab3a_vitis/lab3a_platform/microblaze_0/standalone_domain/bsp/system.mss|system||

TRACE::2024-11-14.19:29:10::SCWMssOS::Sw design exists and opened at  C:/Users/tejasvissapragada/Documents/cs153a/vitis/lab3a_vitis/lab3a_platform/microblaze_0/standalone_domain/bsp/system.mss
TRACE::2024-11-15.13:14:06::SCWPlatform::Trying to open the hw design at C:/Users/ranchen/Documents/GitHub/cs153a/vitis/lab3a_vitis/lab3a_platform/hw/design_1_wrapper.xsa
TRACE::2024-11-15.13:14:06::SCWPlatform::DSA given C:/Users/ranchen/Documents/GitHub/cs153a/vitis/lab3a_vitis/lab3a_platform/hw/design_1_wrapper.xsa
TRACE::2024-11-15.13:14:06::SCWPlatform::DSA absoulate path C:/Users/ranchen/Documents/GitHub/cs153a/vitis/lab3a_vitis/lab3a_platform/hw/design_1_wrapper.xsa
TRACE::2024-11-15.13:14:06::SCWPlatform::DSA directory C:/Users/ranchen/Documents/GitHub/cs153a/vitis/lab3a_vitis/lab3a_platform/hw
TRACE::2024-11-15.13:14:06::SCWPlatform:: Platform Path C:/Users/ranchen/Documents/GitHub/cs153a/vitis/lab3a_vitis/lab3a_platform/hw/design_1_wrapper.xsa
TRACE::2024-11-15.13:14:06::SCWPlatform:: Unique name xilinx:::0.0
TRACE::2024-11-15.13:14:06::SCWPlatform::Do not have an existing db opened. 
TRACE::2024-11-15.13:14:06::SCWPlatform::Opened new HwDB with name design_1_wrapper
TRACE::2024-11-15.13:14:06::SCWReader::Active system found as  lab3a_platform
TRACE::2024-11-15.13:14:06::SCWReader::Handling sysconfig lab3a_platform
TRACE::2024-11-15.13:14:06::SCWDomain::checking for install qemu data   : 
TRACE::2024-11-15.13:14:06::SCWPlatform::Trying to open the hw design at C:/Users/ranchen/Documents/GitHub/cs153a/vitis/lab3a_vitis/lab3a_platform/hw/design_1_wrapper.xsa
TRACE::2024-11-15.13:14:06::SCWPlatform::DSA given C:/Users/ranchen/Documents/GitHub/cs153a/vitis/lab3a_vitis/lab3a_platform/hw/design_1_wrapper.xsa
TRACE::2024-11-15.13:14:06::SCWPlatform::DSA absoulate path C:/Users/ranchen/Documents/GitHub/cs153a/vitis/lab3a_vitis/lab3a_platform/hw/design_1_wrapper.xsa
TRACE::2024-11-15.13:14:06::SCWPlatform::DSA directory C:/Users/ranchen/Documents/GitHub/cs153a/vitis/lab3a_vitis/lab3a_platform/hw
TRACE::2024-11-15.13:14:06::SCWPlatform:: Platform Path C:/Users/ranchen/Documents/GitHub/cs153a/vitis/lab3a_vitis/lab3a_platform/hw/design_1_wrapper.xsa
TRACE::2024-11-15.13:14:06::SCWPlatform:: Unique name xilinx:::0.0
TRACE::2024-11-15.13:14:06::SCWPlatform::Trying to set the existing hwdb with name design_1_wrapper
TRACE::2024-11-15.13:14:06::SCWPlatform::Opened existing hwdb design_1_wrapper
TRACE::2024-11-15.13:14:06::SCWPlatform::Found the Hw Db part of the input DSA
TRACE::2024-11-15.13:14:06::SCWPlatform::Trying to open the hw design at C:/Users/ranchen/Documents/GitHub/cs153a/vitis/lab3a_vitis/lab3a_platform/hw/design_1_wrapper.xsa
TRACE::2024-11-15.13:14:06::SCWPlatform::DSA given C:/Users/ranchen/Documents/GitHub/cs153a/vitis/lab3a_vitis/lab3a_platform/hw/design_1_wrapper.xsa
TRACE::2024-11-15.13:14:06::SCWPlatform::DSA absoulate path C:/Users/ranchen/Documents/GitHub/cs153a/vitis/lab3a_vitis/lab3a_platform/hw/design_1_wrapper.xsa
TRACE::2024-11-15.13:14:06::SCWPlatform::DSA directory C:/Users/ranchen/Documents/GitHub/cs153a/vitis/lab3a_vitis/lab3a_platform/hw
TRACE::2024-11-15.13:14:06::SCWPlatform:: Platform Path C:/Users/ranchen/Documents/GitHub/cs153a/vitis/lab3a_vitis/lab3a_platform/hw/design_1_wrapper.xsa
TRACE::2024-11-15.13:14:06::SCWPlatform:: Unique name xilinx:::0.0
TRACE::2024-11-15.13:14:06::SCWPlatform::Trying to set the existing hwdb with name design_1_wrapper
TRACE::2024-11-15.13:14:06::SCWPlatform::Opened existing hwdb design_1_wrapper
TRACE::2024-11-15.13:14:06::SCWPlatform::Found the Hw Db part of the input DSA
TRACE::2024-11-15.13:14:06::SCWPlatform::Trying to open the hw design at C:/Users/ranchen/Documents/GitHub/cs153a/vitis/lab3a_vitis/lab3a_platform/hw/design_1_wrapper.xsa
TRACE::2024-11-15.13:14:06::SCWPlatform::DSA given C:/Users/ranchen/Documents/GitHub/cs153a/vitis/lab3a_vitis/lab3a_platform/hw/design_1_wrapper.xsa
TRACE::2024-11-15.13:14:06::SCWPlatform::DSA absoulate path C:/Users/ranchen/Documents/GitHub/cs153a/vitis/lab3a_vitis/lab3a_platform/hw/design_1_wrapper.xsa
TRACE::2024-11-15.13:14:06::SCWPlatform::DSA directory C:/Users/ranchen/Documents/GitHub/cs153a/vitis/lab3a_vitis/lab3a_platform/hw
TRACE::2024-11-15.13:14:06::SCWPlatform:: Platform Path C:/Users/ranchen/Documents/GitHub/cs153a/vitis/lab3a_vitis/lab3a_platform/hw/design_1_wrapper.xsa
TRACE::2024-11-15.13:14:06::SCWPlatform:: Unique name xilinx:::0.0
TRACE::2024-11-15.13:14:06::SCWPlatform::Trying to set the existing hwdb with name design_1_wrapper
TRACE::2024-11-15.13:14:06::SCWPlatform::Opened existing hwdb design_1_wrapper
TRACE::2024-11-15.13:14:06::SCWPlatform::Found the Hw Db part of the input DSA
TRACE::2024-11-15.13:14:06::SCWPlatform::Trying to open the hw design at C:/Users/ranchen/Documents/GitHub/cs153a/vitis/lab3a_vitis/lab3a_platform/hw/design_1_wrapper.xsa
TRACE::2024-11-15.13:14:06::SCWPlatform::DSA given C:/Users/ranchen/Documents/GitHub/cs153a/vitis/lab3a_vitis/lab3a_platform/hw/design_1_wrapper.xsa
TRACE::2024-11-15.13:14:06::SCWPlatform::DSA absoulate path C:/Users/ranchen/Documents/GitHub/cs153a/vitis/lab3a_vitis/lab3a_platform/hw/design_1_wrapper.xsa
TRACE::2024-11-15.13:14:06::SCWPlatform::DSA directory C:/Users/ranchen/Documents/GitHub/cs153a/vitis/lab3a_vitis/lab3a_platform/hw
TRACE::2024-11-15.13:14:06::SCWPlatform:: Platform Path C:/Users/ranchen/Documents/GitHub/cs153a/vitis/lab3a_vitis/lab3a_platform/hw/design_1_wrapper.xsa
TRACE::2024-11-15.13:14:06::SCWPlatform:: Unique name xilinx:::0.0
TRACE::2024-11-15.13:14:06::SCWPlatform::Trying to set the existing hwdb with name design_1_wrapper
TRACE::2024-11-15.13:14:06::SCWPlatform::Opened existing hwdb design_1_wrapper
TRACE::2024-11-15.13:14:06::SCWPlatform::Found the Hw Db part of the input DSA
TRACE::2024-11-15.13:14:06::SCWMssOS::Checking the sw design at  C:/Users/ranchen/Documents/GitHub/cs153a/vitis/lab3a_vitis/lab3a_platform/microblaze_0/standalone_domain/bsp/system.mss
TRACE::2024-11-15.13:14:06::SCWMssOS::DEBUG:  swdes dump  
TRACE::2024-11-15.13:14:06::SCWMssOS::No sw design opened at  C:/Users/ranchen/Documents/GitHub/cs153a/vitis/lab3a_vitis/lab3a_platform/microblaze_0/standalone_domain/bsp/system.mss
TRACE::2024-11-15.13:14:06::SCWMssOS::mss exists loading the mss file  C:/Users/ranchen/Documents/GitHub/cs153a/vitis/lab3a_vitis/lab3a_platform/microblaze_0/standalone_domain/bsp/system.mss
TRACE::2024-11-15.13:14:06::SCWMssOS::Opened the sw design from mss  C:/Users/ranchen/Documents/GitHub/cs153a/vitis/lab3a_vitis/lab3a_platform/microblaze_0/standalone_domain/bsp/system.mss
TRACE::2024-11-15.13:14:06::SCWMssOS::Adding the swdes entry C:/Users/ranchen/Documents/GitHub/cs153a/vitis/lab3a_vitis/lab3a_platform/microblaze_0/standalone_domain/bsp/system.mss with des name system
TRACE::2024-11-15.13:14:06::SCWMssOS::updating the scw layer about changes
TRACE::2024-11-15.13:14:06::SCWMssOS::Opened the sw design.  C:/Users/ranchen/Documents/GitHub/cs153a/vitis/lab3a_vitis/lab3a_platform/microblaze_0/standalone_domain/bsp/system.mss
TRACE::2024-11-15.13:14:06::SCWMssOS::Saving the mss changes C:/Users/ranchen/Documents/GitHub/cs153a/vitis/lab3a_vitis/lab3a_platform/microblaze_0/standalone_domain/bsp/system.mss
TRACE::2024-11-15.13:14:06::SCWMssOS::Found a swdesign opened with the mssfile.
TRACE::2024-11-15.13:14:06::SCWMssOS::Completed writemss as part of save.
TRACE::2024-11-15.13:14:06::SCWMssOS::Commit changes completed.
TRACE::2024-11-15.13:14:06::SCWReader::Adding prebuilt librarypaths as   
TRACE::2024-11-15.13:14:06::SCWReader::Adding prebuilt incpaths  as   
TRACE::2024-11-15.13:14:06::SCWPlatform::Trying to open the hw design at C:/Users/ranchen/Documents/GitHub/cs153a/vitis/lab3a_vitis/lab3a_platform/hw/design_1_wrapper.xsa
TRACE::2024-11-15.13:14:06::SCWPlatform::DSA given C:/Users/ranchen/Documents/GitHub/cs153a/vitis/lab3a_vitis/lab3a_platform/hw/design_1_wrapper.xsa
TRACE::2024-11-15.13:14:06::SCWPlatform::DSA absoulate path C:/Users/ranchen/Documents/GitHub/cs153a/vitis/lab3a_vitis/lab3a_platform/hw/design_1_wrapper.xsa
TRACE::2024-11-15.13:14:06::SCWPlatform::DSA directory C:/Users/ranchen/Documents/GitHub/cs153a/vitis/lab3a_vitis/lab3a_platform/hw
TRACE::2024-11-15.13:14:06::SCWPlatform:: Platform Path C:/Users/ranchen/Documents/GitHub/cs153a/vitis/lab3a_vitis/lab3a_platform/hw/design_1_wrapper.xsa
TRACE::2024-11-15.13:14:06::SCWPlatform:: Unique name xilinx:::0.0
TRACE::2024-11-15.13:14:06::SCWPlatform::Trying to set the existing hwdb with name design_1_wrapper
TRACE::2024-11-15.13:14:06::SCWPlatform::Opened existing hwdb design_1_wrapper
TRACE::2024-11-15.13:14:06::SCWPlatform::Found the Hw Db part of the input DSA
TRACE::2024-11-15.13:14:06::SCWMssOS::Checking the sw design at  C:/Users/ranchen/Documents/GitHub/cs153a/vitis/lab3a_vitis/lab3a_platform/microblaze_0/standalone_domain/bsp/system.mss
TRACE::2024-11-15.13:14:06::SCWMssOS::DEBUG:  swdes dump  C:/Users/ranchen/Documents/GitHub/cs153a/vitis/lab3a_vitis/lab3a_platform/microblaze_0/standalone_domain/bsp/system.mss|system||

TRACE::2024-11-15.13:14:06::SCWMssOS::Sw design exists and opened at  C:/Users/ranchen/Documents/GitHub/cs153a/vitis/lab3a_vitis/lab3a_platform/microblaze_0/standalone_domain/bsp/system.mss
TRACE::2024-11-15.13:14:06::SCWReader::No isolation master present  
LOG::2024-11-15.13:14:06::SCWPlatform::Started generating the artifacts platform lab3a_platform
TRACE::2024-11-15.13:14:06::SCWPlatform::Sanity checking of platform is completed
LOG::2024-11-15.13:14:06::SCWPlatform::Started generating the artifacts for system configuration lab3a_platform
LOG::2024-11-15.13:14:06::SCWSystem::Checking the domain standalone_domain
LOG::2024-11-15.13:14:06::SCWSystem::Not a boot domain 
LOG::2024-11-15.13:14:06::SCWSystem::Started Processing the domain standalone_domain
TRACE::2024-11-15.13:14:06::SCWDomain::Generating domain artifcats
TRACE::2024-11-15.13:14:06::SCWMssOS::Generating standalone artifcats
TRACE::2024-11-15.13:14:06::SCWMssOS:: Copying the user libraries. 
TRACE::2024-11-15.13:14:06::SCWPlatform::Trying to open the hw design at C:/Users/ranchen/Documents/GitHub/cs153a/vitis/lab3a_vitis/lab3a_platform/hw/design_1_wrapper.xsa
TRACE::2024-11-15.13:14:06::SCWPlatform::DSA given C:/Users/ranchen/Documents/GitHub/cs153a/vitis/lab3a_vitis/lab3a_platform/hw/design_1_wrapper.xsa
TRACE::2024-11-15.13:14:06::SCWPlatform::DSA absoulate path C:/Users/ranchen/Documents/GitHub/cs153a/vitis/lab3a_vitis/lab3a_platform/hw/design_1_wrapper.xsa
TRACE::2024-11-15.13:14:06::SCWPlatform::DSA directory C:/Users/ranchen/Documents/GitHub/cs153a/vitis/lab3a_vitis/lab3a_platform/hw
TRACE::2024-11-15.13:14:06::SCWPlatform:: Platform Path C:/Users/ranchen/Documents/GitHub/cs153a/vitis/lab3a_vitis/lab3a_platform/hw/design_1_wrapper.xsa
TRACE::2024-11-15.13:14:06::SCWPlatform:: Unique name xilinx:::0.0
TRACE::2024-11-15.13:14:06::SCWPlatform::Trying to set the existing hwdb with name design_1_wrapper
TRACE::2024-11-15.13:14:06::SCWPlatform::Opened existing hwdb design_1_wrapper
TRACE::2024-11-15.13:14:06::SCWPlatform::Found the Hw Db part of the input DSA
TRACE::2024-11-15.13:14:06::SCWMssOS::Checking the sw design at  C:/Users/ranchen/Documents/GitHub/cs153a/vitis/lab3a_vitis/lab3a_platform/microblaze_0/standalone_domain/bsp/system.mss
TRACE::2024-11-15.13:14:06::SCWMssOS::DEBUG:  swdes dump  C:/Users/ranchen/Documents/GitHub/cs153a/vitis/lab3a_vitis/lab3a_platform/microblaze_0/standalone_domain/bsp/system.mss|system||

TRACE::2024-11-15.13:14:06::SCWMssOS::Sw design exists and opened at  C:/Users/ranchen/Documents/GitHub/cs153a/vitis/lab3a_vitis/lab3a_platform/microblaze_0/standalone_domain/bsp/system.mss
TRACE::2024-11-15.13:14:06::SCWMssOS::Completed writing the mss file at C:/Users/ranchen/Documents/GitHub/cs153a/vitis/lab3a_vitis/lab3a_platform/microblaze_0/standalone_domain/bsp
TRACE::2024-11-15.13:14:06::SCWMssOS::Mss edits present, copying mssfile into export location C:/Users/ranchen/Documents/GitHub/cs153a/vitis/lab3a_vitis/lab3a_platform/microblaze_0/standalone_domain/bsp/system.mss
TRACE::2024-11-15.13:14:06::SCWMssOS::bsp generated is upto date with the mss file. Skipping bsp generation.
TRACE::2024-11-15.13:14:06::SCWMssOS::BSP is already built. skipping the bsp build ... 
TRACE::2024-11-15.13:14:06::SCWDomain::Building the domain :  standalone_domain
TRACE::2024-11-15.13:14:06::SCWMssOS::doing bsp build ... 
TRACE::2024-11-15.13:14:06::SCWMssOS::System Command Ran  C: & cd  C:/Users/ranchen/Documents/GitHub/cs153a/vitis/lab3a_vitis/lab3a_platform/microblaze_0/standalone_domain/bsp & make 
TRACE::2024-11-15.13:14:07::SCWMssOS::make --no-print-directory seq_libs

TRACE::2024-11-15.13:14:07::SCWMssOS::'Finished building libraries sequentially.'

TRACE::2024-11-15.13:14:07::SCWMssOS::make -j 2 --no-print-directory par_libs

TRACE::2024-11-15.13:14:07::SCWMssOS::"Running Make include in microblaze_0/libsrc/bram_v4_7/src"

TRACE::2024-11-15.13:14:07::SCWMssOS::make -C microblaze_0/libsrc/bram_v4_7/src -s include  "SHELL=CMD" "COMPILER=mb-gcc" "ASSEMBLER=mb-as" "ARCHIVER=mb-ar" "COMPILE
TRACE::2024-11-15.13:14:07::SCWMssOS::R_FLAGS=  -O2 -c -mcpu=v11.0 -mhard-float -mlittle-endian -mno-xl-soft-div -mno-xl-soft-mul -mxl-barrel-shift -mxl-float-conver
TRACE::2024-11-15.13:14:07::SCWMssOS::t -mxl-float-sqrt -mxl-pattern-compare" "EXTRA_COMPILER_FLAGS=-g -ffunction-sections -fdata-sections -Wall -Wextra -fno-tree-lo
TRACE::2024-11-15.13:14:07::SCWMssOS::op-distribute-patterns"

TRACE::2024-11-15.13:14:07::SCWMssOS::"Running Make include in microblaze_0/libsrc/cpu_v2_15/src"

TRACE::2024-11-15.13:14:07::SCWMssOS::make -C microblaze_0/libsrc/cpu_v2_15/src -s include  "SHELL=CMD" "COMPILER=mb-gcc" "ASSEMBLER=mb-as" "ARCHIVER=mb-ar" "COMPILE
TRACE::2024-11-15.13:14:07::SCWMssOS::R_FLAGS=  -O2 -c -mcpu=v11.0 -mhard-float -mlittle-endian -mno-xl-soft-div -mno-xl-soft-mul -mxl-barrel-shift -mxl-float-conver
TRACE::2024-11-15.13:14:07::SCWMssOS::t -mxl-float-sqrt -mxl-pattern-compare" "EXTRA_COMPILER_FLAGS=-g -ffunction-sections -fdata-sections -Wall -Wextra -fno-tree-lo
TRACE::2024-11-15.13:14:07::SCWMssOS::op-distribute-patterns"

TRACE::2024-11-15.13:14:07::SCWMssOS::"Running Make include in microblaze_0/libsrc/gpio_v4_9/src"

TRACE::2024-11-15.13:14:07::SCWMssOS::make -C microblaze_0/libsrc/gpio_v4_9/src -s include  "SHELL=CMD" "COMPILER=mb-gcc" "ASSEMBLER=mb-as" "ARCHIVER=mb-ar" "COMPILE
TRACE::2024-11-15.13:14:07::SCWMssOS::R_FLAGS=  -O2 -c -mcpu=v11.0 -mhard-float -mlittle-endian -mno-xl-soft-div -mno-xl-soft-mul -mxl-barrel-shift -mxl-float-conver
TRACE::2024-11-15.13:14:07::SCWMssOS::t -mxl-float-sqrt -mxl-pattern-compare" "EXTRA_COMPILER_FLAGS=-g -ffunction-sections -fdata-sections -Wall -Wextra -fno-tree-lo
TRACE::2024-11-15.13:14:07::SCWMssOS::op-distribute-patterns"

TRACE::2024-11-15.13:14:07::SCWMssOS::"Running Make include in microblaze_0/libsrc/intc_v3_14/src"

TRACE::2024-11-15.13:14:07::SCWMssOS::make -C microblaze_0/libsrc/intc_v3_14/src -s include  "SHELL=CMD" "COMPILER=mb-gcc" "ASSEMBLER=mb-as" "ARCHIVER=mb-ar" "COMPIL
TRACE::2024-11-15.13:14:07::SCWMssOS::ER_FLAGS=  -O2 -c -mcpu=v11.0 -mhard-float -mlittle-endian -mno-xl-soft-div -mno-xl-soft-mul -mxl-barrel-shift -mxl-float-conve
TRACE::2024-11-15.13:14:07::SCWMssOS::rt -mxl-float-sqrt -mxl-pattern-compare" "EXTRA_COMPILER_FLAGS=-g -ffunction-sections -fdata-sections -Wall -Wextra -fno-tree-l
TRACE::2024-11-15.13:14:07::SCWMssOS::oop-distribute-patterns"

TRACE::2024-11-15.13:14:07::SCWMssOS::"Running Make include in microblaze_0/libsrc/spi_v4_9/src"

TRACE::2024-11-15.13:14:07::SCWMssOS::make -C microblaze_0/libsrc/spi_v4_9/src -s include  "SHELL=CMD" "COMPILER=mb-gcc" "ASSEMBLER=mb-as" "ARCHIVER=mb-ar" "COMPILER
TRACE::2024-11-15.13:14:07::SCWMssOS::_FLAGS=  -O2 -c -mcpu=v11.0 -mhard-float -mlittle-endian -mno-xl-soft-div -mno-xl-soft-mul -mxl-barrel-shift -mxl-float-convert
TRACE::2024-11-15.13:14:07::SCWMssOS:: -mxl-float-sqrt -mxl-pattern-compare" "EXTRA_COMPILER_FLAGS=-g -ffunction-sections -fdata-sections -Wall -Wextra -fno-tree-loo
TRACE::2024-11-15.13:14:07::SCWMssOS::p-distribute-patterns"

TRACE::2024-11-15.13:14:07::SCWMssOS::"Running Make include in microblaze_0/libsrc/standalone_v7_7/src"

TRACE::2024-11-15.13:14:07::SCWMssOS::make -C microblaze_0/libsrc/standalone_v7_7/src -s include  "SHELL=CMD" "COMPILER=mb-gcc" "ASSEMBLER=mb-as" "ARCHIVER=mb-ar" "C
TRACE::2024-11-15.13:14:07::SCWMssOS::OMPILER_FLAGS=  -O2 -c -mcpu=v11.0 -mhard-float -mlittle-endian -mno-xl-soft-div -mno-xl-soft-mul -mxl-barrel-shift -mxl-float-
TRACE::2024-11-15.13:14:07::SCWMssOS::convert -mxl-float-sqrt -mxl-pattern-compare" "EXTRA_COMPILER_FLAGS=-g -ffunction-sections -fdata-sections -Wall -Wextra -fno-t
TRACE::2024-11-15.13:14:07::SCWMssOS::ree-loop-distribute-patterns"

TRACE::2024-11-15.13:14:07::SCWMssOS::"Running Make include in microblaze_0/libsrc/tmrctr_v4_9/src"

TRACE::2024-11-15.13:14:07::SCWMssOS::make -C microblaze_0/libsrc/tmrctr_v4_9/src -s include  "SHELL=CMD" "COMPILER=mb-gcc" "ASSEMBLER=mb-as" "ARCHIVER=mb-ar" "COMPI
TRACE::2024-11-15.13:14:07::SCWMssOS::LER_FLAGS=  -O2 -c -mcpu=v11.0 -mhard-float -mlittle-endian -mno-xl-soft-div -mno-xl-soft-mul -mxl-barrel-shift -mxl-float-conv
TRACE::2024-11-15.13:14:07::SCWMssOS::ert -mxl-float-sqrt -mxl-pattern-compare" "EXTRA_COMPILER_FLAGS=-g -ffunction-sections -fdata-sections -Wall -Wextra -fno-tree-
TRACE::2024-11-15.13:14:07::SCWMssOS::loop-distribute-patterns"

TRACE::2024-11-15.13:14:07::SCWMssOS::"Running Make include in microblaze_0/libsrc/uartlite_v3_7/src"

TRACE::2024-11-15.13:14:07::SCWMssOS::make -C microblaze_0/libsrc/uartlite_v3_7/src -s include  "SHELL=CMD" "COMPILER=mb-gcc" "ASSEMBLER=mb-as" "ARCHIVER=mb-ar" "COM
TRACE::2024-11-15.13:14:07::SCWMssOS::PILER_FLAGS=  -O2 -c -mcpu=v11.0 -mhard-float -mlittle-endian -mno-xl-soft-div -mno-xl-soft-mul -mxl-barrel-shift -mxl-float-co
TRACE::2024-11-15.13:14:07::SCWMssOS::nvert -mxl-float-sqrt -mxl-pattern-compare" "EXTRA_COMPILER_FLAGS=-g -ffunction-sections -fdata-sections -Wall -Wextra -fno-tre
TRACE::2024-11-15.13:14:07::SCWMssOS::e-loop-distribute-patterns"

TRACE::2024-11-15.13:14:07::SCWMssOS::"Running Make libs in microblaze_0/libsrc/bram_v4_7/src"

TRACE::2024-11-15.13:14:07::SCWMssOS::make -C microblaze_0/libsrc/bram_v4_7/src -s libs  "SHELL=CMD" "COMPILER=mb-gcc" "ASSEMBLER=mb-as" "ARCHIVER=mb-ar" "COMPILER_F
TRACE::2024-11-15.13:14:07::SCWMssOS::LAGS=  -O2 -c -mcpu=v11.0 -mhard-float -mlittle-endian -mno-xl-soft-div -mno-xl-soft-mul -mxl-barrel-shift -mxl-float-convert -
TRACE::2024-11-15.13:14:07::SCWMssOS::mxl-float-sqrt -mxl-pattern-compare" "EXTRA_COMPILER_FLAGS=-g -ffunction-sections -fdata-sections -Wall -Wextra -fno-tree-loop-
TRACE::2024-11-15.13:14:07::SCWMssOS::distribute-patterns"

TRACE::2024-11-15.13:14:07::SCWMssOS::"Running Make libs in microblaze_0/libsrc/cpu_v2_15/src"

TRACE::2024-11-15.13:14:07::SCWMssOS::make -C microblaze_0/libsrc/cpu_v2_15/src -s libs  "SHELL=CMD" "COMPILER=mb-gcc" "ASSEMBLER=mb-as" "ARCHIVER=mb-ar" "COMPILER_F
TRACE::2024-11-15.13:14:07::SCWMssOS::LAGS=  -O2 -c -mcpu=v11.0 -mhard-float -mlittle-endian -mno-xl-soft-div -mno-xl-soft-mul -mxl-barrel-shift -mxl-float-convert -
TRACE::2024-11-15.13:14:07::SCWMssOS::mxl-float-sqrt -mxl-pattern-compare" "EXTRA_COMPILER_FLAGS=-g -ffunction-sections -fdata-sections -Wall -Wextra -fno-tree-loop-
TRACE::2024-11-15.13:14:07::SCWMssOS::distribute-patterns"

TRACE::2024-11-15.13:14:08::SCWMssOS::"Running Make libs in microblaze_0/libsrc/gpio_v4_9/src"

TRACE::2024-11-15.13:14:08::SCWMssOS::make -C microblaze_0/libsrc/gpio_v4_9/src -s libs  "SHELL=CMD" "COMPILER=mb-gcc" "ASSEMBLER=mb-as" "ARCHIVER=mb-ar" "COMPILER_F
TRACE::2024-11-15.13:14:08::SCWMssOS::LAGS=  -O2 -c -mcpu=v11.0 -mhard-float -mlittle-endian -mno-xl-soft-div -mno-xl-soft-mul -mxl-barrel-shift -mxl-float-convert -
TRACE::2024-11-15.13:14:08::SCWMssOS::mxl-float-sqrt -mxl-pattern-compare" "EXTRA_COMPILER_FLAGS=-g -ffunction-sections -fdata-sections -Wall -Wextra -fno-tree-loop-
TRACE::2024-11-15.13:14:08::SCWMssOS::distribute-patterns"

TRACE::2024-11-15.13:14:09::SCWMssOS::"Running Make libs in microblaze_0/libsrc/intc_v3_14/src"

TRACE::2024-11-15.13:14:09::SCWMssOS::make -C microblaze_0/libsrc/intc_v3_14/src -s libs  "SHELL=CMD" "COMPILER=mb-gcc" "ASSEMBLER=mb-as" "ARCHIVER=mb-ar" "COMPILER_
TRACE::2024-11-15.13:14:09::SCWMssOS::FLAGS=  -O2 -c -mcpu=v11.0 -mhard-float -mlittle-endian -mno-xl-soft-div -mno-xl-soft-mul -mxl-barrel-shift -mxl-float-convert 
TRACE::2024-11-15.13:14:09::SCWMssOS::-mxl-float-sqrt -mxl-pattern-compare" "EXTRA_COMPILER_FLAGS=-g -ffunction-sections -fdata-sections -Wall -Wextra -fno-tree-loop
TRACE::2024-11-15.13:14:09::SCWMssOS::-distribute-patterns"

TRACE::2024-11-15.13:14:09::SCWMssOS::"Running Make libs in microblaze_0/libsrc/spi_v4_9/src"

TRACE::2024-11-15.13:14:09::SCWMssOS::make -C microblaze_0/libsrc/spi_v4_9/src -s libs  "SHELL=CMD" "COMPILER=mb-gcc" "ASSEMBLER=mb-as" "ARCHIVER=mb-ar" "COMPILER_FL
TRACE::2024-11-15.13:14:09::SCWMssOS::AGS=  -O2 -c -mcpu=v11.0 -mhard-float -mlittle-endian -mno-xl-soft-div -mno-xl-soft-mul -mxl-barrel-shift -mxl-float-convert -m
TRACE::2024-11-15.13:14:09::SCWMssOS::xl-float-sqrt -mxl-pattern-compare" "EXTRA_COMPILER_FLAGS=-g -ffunction-sections -fdata-sections -Wall -Wextra -fno-tree-loop-d
TRACE::2024-11-15.13:14:09::SCWMssOS::istribute-patterns"

TRACE::2024-11-15.13:14:09::SCWMssOS::"Running Make libs in microblaze_0/libsrc/standalone_v7_7/src"

TRACE::2024-11-15.13:14:09::SCWMssOS::make -C microblaze_0/libsrc/standalone_v7_7/src -s libs  "SHELL=CMD" "COMPILER=mb-gcc" "ASSEMBLER=mb-as" "ARCHIVER=mb-ar" "COMP
TRACE::2024-11-15.13:14:09::SCWMssOS::ILER_FLAGS=  -O2 -c -mcpu=v11.0 -mhard-float -mlittle-endian -mno-xl-soft-div -mno-xl-soft-mul -mxl-barrel-shift -mxl-float-con
TRACE::2024-11-15.13:14:09::SCWMssOS::vert -mxl-float-sqrt -mxl-pattern-compare" "EXTRA_COMPILER_FLAGS=-g -ffunction-sections -fdata-sections -Wall -Wextra -fno-tree
TRACE::2024-11-15.13:14:09::SCWMssOS::-loop-distribute-patterns"

TRACE::2024-11-15.13:14:10::SCWMssOS::"Running Make libs in microblaze_0/libsrc/tmrctr_v4_9/src"

TRACE::2024-11-15.13:14:10::SCWMssOS::make -C microblaze_0/libsrc/tmrctr_v4_9/src -s libs  "SHELL=CMD" "COMPILER=mb-gcc" "ASSEMBLER=mb-as" "ARCHIVER=mb-ar" "COMPILER
TRACE::2024-11-15.13:14:10::SCWMssOS::_FLAGS=  -O2 -c -mcpu=v11.0 -mhard-float -mlittle-endian -mno-xl-soft-div -mno-xl-soft-mul -mxl-barrel-shift -mxl-float-convert
TRACE::2024-11-15.13:14:10::SCWMssOS:: -mxl-float-sqrt -mxl-pattern-compare" "EXTRA_COMPILER_FLAGS=-g -ffunction-sections -fdata-sections -Wall -Wextra -fno-tree-loo
TRACE::2024-11-15.13:14:10::SCWMssOS::p-distribute-patterns"

TRACE::2024-11-15.13:14:11::SCWMssOS::"Running Make libs in microblaze_0/libsrc/uartlite_v3_7/src"

TRACE::2024-11-15.13:14:11::SCWMssOS::make -C microblaze_0/libsrc/uartlite_v3_7/src -s libs  "SHELL=CMD" "COMPILER=mb-gcc" "ASSEMBLER=mb-as" "ARCHIVER=mb-ar" "COMPIL
TRACE::2024-11-15.13:14:11::SCWMssOS::ER_FLAGS=  -O2 -c -mcpu=v11.0 -mhard-float -mlittle-endian -mno-xl-soft-div -mno-xl-soft-mul -mxl-barrel-shift -mxl-float-conve
TRACE::2024-11-15.13:14:11::SCWMssOS::rt -mxl-float-sqrt -mxl-pattern-compare" "EXTRA_COMPILER_FLAGS=-g -ffunction-sections -fdata-sections -Wall -Wextra -fno-tree-l
TRACE::2024-11-15.13:14:11::SCWMssOS::oop-distribute-patterns"

TRACE::2024-11-15.13:14:13::SCWMssOS::"DEBUG NON_LTO_OBJECTS is ../../../lib/microblaze_interrupt_handler.o"

TRACE::2024-11-15.13:14:13::SCWMssOS::'Finished building libraries parallelly.'

TRACE::2024-11-15.13:14:13::SCWMssOS::make --no-print-directory archive

TRACE::2024-11-15.13:14:13::SCWMssOS::mb-ar -r  microblaze_0/lib/libxil.a microblaze_0/lib/xplatform_info.o microblaze_0/lib/xuartlite.o microblaze_0/lib/microblaze_
TRACE::2024-11-15.13:14:13::SCWMssOS::disable_exceptions.o microblaze_0/lib/print.o microblaze_0/lib/xtmrctr_options.o microblaze_0/lib/_exit.o microblaze_0/lib/xil_
TRACE::2024-11-15.13:14:13::SCWMssOS::testio.o microblaze_0/lib/microblaze_disable_dcache.o microblaze_0/lib/microblaze_flush_dcache_range.o microblaze_0/lib/xspi_g.
TRACE::2024-11-15.13:14:13::SCWMssOS::o microblaze_0/lib/microblaze_flush_cache_ext.o microblaze_0/lib/xbram_sinit.o microblaze_0/lib/xspi_sinit.o microblaze_0/lib/x
TRACE::2024-11-15.13:14:13::SCWMssOS::il_misc_psreset_api.o microblaze_0/lib/xinterrupt_wrap.o microblaze_0/lib/xil_cache.o microblaze_0/lib/xil_util.o microblaze_0/
TRACE::2024-11-15.13:14:13::SCWMssOS::lib/inbyte.o microblaze_0/lib/xintc_intr.o microblaze_0/lib/microblaze_exception_handler.o microblaze_0/lib/xbram_g.o microblaz
TRACE::2024-11-15.13:14:13::SCWMssOS::e_0/lib/microblaze_scrub.o microblaze_0/lib/microblaze_invalidate_dcache.o microblaze_0/lib/microblaze_disable_interrupts.o mic
TRACE::2024-11-15.13:14:13::SCWMssOS::roblaze_0/lib/xbram_selftest.o microblaze_0/lib/microblaze_interrupt_handler.o microblaze_0/lib/microblaze_disable_icache.o mic
TRACE::2024-11-15.13:14:13::SCWMssOS::roblaze_0/lib/xuartlite_sinit.o microblaze_0/lib/xgpio_g.o microblaze_0/lib/xuartlite_g.o microblaze_0/lib/xil_mem.o microblaze
TRACE::2024-11-15.13:14:13::SCWMssOS::_0/lib/xspi_stats.o microblaze_0/lib/microblaze_flush_cache_ext_range.o microblaze_0/lib/xtmrctr_intr.o microblaze_0/lib/xbram_
TRACE::2024-11-15.13:14:13::SCWMssOS::intr.o microblaze_0/lib/xil_sleepcommon.o microblaze_0/lib/xil_printf.o microblaze_0/lib/xintc_g.o microblaze_0/lib/xtmrctr_sin
TRACE::2024-11-15.13:14:13::SCWMssOS::it.o microblaze_0/lib/xtmrctr_l.o microblaze_0/lib/xintc_selftest.o microblaze_0/lib/xintc_l.o microblaze_0/lib/outbyte.o micro
TRACE::2024-11-15.13:14:13::SCWMssOS::blaze_0/lib/microblaze_enable_exceptions.o microblaze_0/lib/xgpio_intr.o microblaze_0/lib/microblaze_invalidate_dcache_range.o 
TRACE::2024-11-15.13:14:13::SCWMssOS::microblaze_0/lib/microblaze_invalidate_cache_ext.o microblaze_0/lib/microblaze_sleep.o microblaze_0/lib/hw_exception_handler.o 
TRACE::2024-11-15.13:14:13::SCWMssOS::microblaze_0/lib/xtmrctr.o microblaze_0/lib/xuartlite_selftest.o microblaze_0/lib/xgpio_sinit.o microblaze_0/lib/microblaze_upd
TRACE::2024-11-15.13:14:13::SCWMssOS::ate_dcache.o microblaze_0/lib/xil_testcache.o microblaze_0/lib/microblaze_selftest.o microblaze_0/lib/microblaze_interrupts_g.o
TRACE::2024-11-15.13:14:13::SCWMssOS:: microblaze_0/lib/xio.o microblaze_0/lib/xtmrctr_g.o microblaze_0/lib/microblaze_enable_dcache.o microblaze_0/lib/xbram.o micro
TRACE::2024-11-15.13:14:13::SCWMssOS::blaze_0/lib/microblaze_invalidate_icache_range.o microblaze_0/lib/xtmrctr_selftest.o microblaze_0/lib/microblaze_init_dcache_ra
TRACE::2024-11-15.13:14:13::SCWMssOS::nge.o microblaze_0/lib/microblaze_invalidate_icache.o microblaze_0/lib/xspi_options.o microblaze_0/lib/errno.o microblaze_0/lib
TRACE::2024-11-15.13:14:13::SCWMssOS::/xuartlite_l.o microblaze_0/lib/xintc_options.o microblaze_0/lib/xuartlite_stats.o microblaze_0/lib/microblaze_invalidate_cache
TRACE::2024-11-15.13:14:13::SCWMssOS::_ext_range.o microblaze_0/lib/xil_exception.o microblaze_0/lib/pvr.o microblaze_0/lib/xgpio.o microblaze_0/lib/xil_testmem.o mi
TRACE::2024-11-15.13:14:13::SCWMssOS::croblaze_0/lib/microblaze_update_icache.o microblaze_0/lib/xuartlite_intr.o microblaze_0/lib/microblaze_flush_dcache.o microbla
TRACE::2024-11-15.13:14:13::SCWMssOS::ze_0/lib/xil_clocking.o microblaze_0/lib/xil_assert.o microblaze_0/lib/microblaze_enable_interrupts.o microblaze_0/lib/xgpio_ex
TRACE::2024-11-15.13:14:13::SCWMssOS::tra.o microblaze_0/lib/xspi.o microblaze_0/lib/microblaze_enable_icache.o microblaze_0/lib/xintc.o microblaze_0/lib/xtmrctr_sta
TRACE::2024-11-15.13:14:13::SCWMssOS::ts.o microblaze_0/lib/microblaze_init_icache_range.o microblaze_0/lib/xspi_selftest.o microblaze_0/lib/fcntl.o microblaze_0/lib
TRACE::2024-11-15.13:14:13::SCWMssOS::/xgpio_selftest.o

TRACE::2024-11-15.13:14:13::SCWMssOS::'Finished building libraries'

TRACE::2024-11-15.13:14:13::SCWMssOS::Copying to export directory.
TRACE::2024-11-15.13:14:13::SCWMssOS:: Checking if to create the Supporting Applications
TRACE::2024-11-15.13:14:13::SCWMssOS:: No Linux domain exists, trying to generate FSBL 
LOG::2024-11-15.13:14:13::SCWSystem::Completed Processing the domain standalone_domain
LOG::2024-11-15.13:14:13::SCWSystem::Completed Processing the sysconfig lab3a_platform
LOG::2024-11-15.13:14:13::SCWPlatform::Completed generating the artifacts for system configuration lab3a_platform
TRACE::2024-11-15.13:14:13::SCWPlatform::Started preparing the platform 
TRACE::2024-11-15.13:14:13::SCWSystem::Writing the bif file for system config lab3a_platform
TRACE::2024-11-15.13:14:13::SCWSystem::dir created 
TRACE::2024-11-15.13:14:13::SCWSystem::Writing the bif 
TRACE::2024-11-15.13:14:13::SCWPlatform::Started writing the spfm file 
TRACE::2024-11-15.13:14:13::SCWPlatform::Started writing the xpfm file 
TRACE::2024-11-15.13:14:13::SCWPlatform::Completed generating the platform
TRACE::2024-11-15.13:14:13::SCWMssOS::Saving the mss changes C:/Users/ranchen/Documents/GitHub/cs153a/vitis/lab3a_vitis/lab3a_platform/microblaze_0/standalone_domain/bsp/system.mss
TRACE::2024-11-15.13:14:13::SCWMssOS::Found a swdesign opened with the mssfile.
TRACE::2024-11-15.13:14:13::SCWMssOS::Completed writemss as part of save.
TRACE::2024-11-15.13:14:13::SCWMssOS::Commit changes completed.
TRACE::2024-11-15.13:14:13::SCWPlatform::Trying to open the hw design at C:/Users/ranchen/Documents/GitHub/cs153a/vitis/lab3a_vitis/lab3a_platform/hw/design_1_wrapper.xsa
TRACE::2024-11-15.13:14:13::SCWPlatform::DSA given C:/Users/ranchen/Documents/GitHub/cs153a/vitis/lab3a_vitis/lab3a_platform/hw/design_1_wrapper.xsa
TRACE::2024-11-15.13:14:13::SCWPlatform::DSA absoulate path C:/Users/ranchen/Documents/GitHub/cs153a/vitis/lab3a_vitis/lab3a_platform/hw/design_1_wrapper.xsa
TRACE::2024-11-15.13:14:13::SCWPlatform::DSA directory C:/Users/ranchen/Documents/GitHub/cs153a/vitis/lab3a_vitis/lab3a_platform/hw
TRACE::2024-11-15.13:14:13::SCWPlatform:: Platform Path C:/Users/ranchen/Documents/GitHub/cs153a/vitis/lab3a_vitis/lab3a_platform/hw/design_1_wrapper.xsa
TRACE::2024-11-15.13:14:13::SCWPlatform:: Unique name xilinx:::0.0
TRACE::2024-11-15.13:14:13::SCWPlatform::Trying to set the existing hwdb with name design_1_wrapper
TRACE::2024-11-15.13:14:13::SCWPlatform::Opened existing hwdb design_1_wrapper
TRACE::2024-11-15.13:14:13::SCWPlatform::Found the Hw Db part of the input DSA
TRACE::2024-11-15.13:14:13::SCWMssOS::Checking the sw design at  C:/Users/ranchen/Documents/GitHub/cs153a/vitis/lab3a_vitis/lab3a_platform/microblaze_0/standalone_domain/bsp/system.mss
TRACE::2024-11-15.13:14:13::SCWMssOS::DEBUG:  swdes dump  C:/Users/ranchen/Documents/GitHub/cs153a/vitis/lab3a_vitis/lab3a_platform/microblaze_0/standalone_domain/bsp/system.mss|system||

TRACE::2024-11-15.13:14:13::SCWMssOS::Sw design exists and opened at  C:/Users/ranchen/Documents/GitHub/cs153a/vitis/lab3a_vitis/lab3a_platform/microblaze_0/standalone_domain/bsp/system.mss
TRACE::2024-11-15.13:14:13::SCWWriter::formatted JSON is {
	"platformName":	"lab3a_platform",
	"sprVersion":	"2.0",
	"mode":	"gui",
	"dsaType":	"Fixed",
	"platformDesc":	"lab3a_platform",
	"platHandOff":	"C:/Users/tejasvissapragada/Documents/cs153a/vivado/lab3b_vivado/design_1_wrapper.xsa",
	"platIntHandOff":	"<platformDir>/hw/design_1_wrapper.xsa",
	"deviceType":	"FPGA",
	"platIsPrebuiltAutogen":	"false",
	"platIsNoBootBsp":	"false",
	"hasFsblMakeHasChanges":	"false",
	"hasPmufwMakeHasChanges":	"false",
	"platPreBuiltFlag":	false,
	"platformSamplesDir":	"",
	"platActiveSys":	"lab3a_platform",
	"systems":	[{
			"systemName":	"lab3a_platform",
			"systemDesc":	"lab3a_platform",
			"sysIsBootAutoGen":	"true",
			"systemDispName":	"lab3a_platform",
			"sysActiveDom":	"standalone_domain",
			"sysDefaultDom":	"standalone_domain",
			"domains":	[{
					"domainName":	"standalone_domain",
					"domainDispName":	"standalone on microblaze_0",
					"domainDesc":	"standalone_domain",
					"processors":	"microblaze_0",
					"os":	"standalone",
					"sdxOs":	"standalone",
					"debugEnable":	"False",
					"domRuntimes":	["cpp"],
					"swRepo":	"",
					"mssOsVer":	"7.7",
					"mssFile":	"",
					"md5Digest":	"949c3189fe3a9218a56131c49210c519",
					"compatibleApp":	"",
					"domType":	"mssDomain",
					"arch":	"32-bit",
					"appSettings":	{
						"appCompilerFlags":	"",
						"appLinkerFlags":	""
					},
					"addedLibs":	[],
					"libOptions":	{
						"libsContainingOptions":	[]
					},
					"prebuiltLibs":	{
						"prebuiltIncPath":	[],
						"prebuiltLibPath":	[]
					},
					"isolation":	{
					}
				}]
		}]
}
KEYINFO::2024-11-15.13:14:13::SCWPlatform::updated the xpfm file.
TRACE::2024-11-15.13:14:14::SCWPlatform::Trying to open the hw design at C:/Users/ranchen/Documents/GitHub/cs153a/vitis/lab3a_vitis/lab3a_platform/hw/design_1_wrapper.xsa
TRACE::2024-11-15.13:14:14::SCWPlatform::DSA given C:/Users/ranchen/Documents/GitHub/cs153a/vitis/lab3a_vitis/lab3a_platform/hw/design_1_wrapper.xsa
TRACE::2024-11-15.13:14:14::SCWPlatform::DSA absoulate path C:/Users/ranchen/Documents/GitHub/cs153a/vitis/lab3a_vitis/lab3a_platform/hw/design_1_wrapper.xsa
TRACE::2024-11-15.13:14:14::SCWPlatform::DSA directory C:/Users/ranchen/Documents/GitHub/cs153a/vitis/lab3a_vitis/lab3a_platform/hw
TRACE::2024-11-15.13:14:14::SCWPlatform:: Platform Path C:/Users/ranchen/Documents/GitHub/cs153a/vitis/lab3a_vitis/lab3a_platform/hw/design_1_wrapper.xsa
TRACE::2024-11-15.13:14:14::SCWPlatform:: Unique name xilinx:::0.0
TRACE::2024-11-15.13:14:14::SCWPlatform::Trying to set the existing hwdb with name design_1_wrapper
TRACE::2024-11-15.13:14:14::SCWPlatform::Opened existing hwdb design_1_wrapper
TRACE::2024-11-15.13:14:14::SCWPlatform::Found the Hw Db part of the input DSA
TRACE::2024-11-15.13:14:14::SCWMssOS::Checking the sw design at  C:/Users/ranchen/Documents/GitHub/cs153a/vitis/lab3a_vitis/lab3a_platform/microblaze_0/standalone_domain/bsp/system.mss
TRACE::2024-11-15.13:14:14::SCWMssOS::DEBUG:  swdes dump  C:/Users/ranchen/Documents/GitHub/cs153a/vitis/lab3a_vitis/lab3a_platform/microblaze_0/standalone_domain/bsp/system.mss|system||

TRACE::2024-11-15.13:14:14::SCWMssOS::Sw design exists and opened at  C:/Users/ranchen/Documents/GitHub/cs153a/vitis/lab3a_vitis/lab3a_platform/microblaze_0/standalone_domain/bsp/system.mss
TRACE::2024-11-15.14:06:30::SCWPlatform::Clearing the existing platform
TRACE::2024-11-15.14:06:30::SCWSystem::Clearing the existing sysconfig
TRACE::2024-11-15.14:06:30::SCWMssOS::Removing the swdes entry for  C:/Users/ranchen/Documents/GitHub/cs153a/vitis/lab3a_vitis/lab3a_platform/microblaze_0/standalone_domain/bsp/system.mss
TRACE::2024-11-15.14:06:30::SCWSystem::Clearing the domains completed.
TRACE::2024-11-15.14:06:30::SCWPlatform::Clearing the opened hw db.
TRACE::2024-11-15.14:06:30::SCWPlatform::DSA given C:/Users/ranchen/Documents/GitHub/cs153a/vitis/lab3a_vitis/lab3a_platform/hw/design_1_wrapper.xsa
TRACE::2024-11-15.14:06:30::SCWPlatform::DSA absoulate path C:/Users/ranchen/Documents/GitHub/cs153a/vitis/lab3a_vitis/lab3a_platform/hw/design_1_wrapper.xsa
TRACE::2024-11-15.14:06:30::SCWPlatform:: Platform location is C:/Users/ranchen/Documents/GitHub/cs153a/vitis/lab3a_vitis/lab3a_platform/hw
TRACE::2024-11-15.14:06:30::SCWPlatform:: Platform Path C:/Users/ranchen/Documents/GitHub/cs153a/vitis/lab3a_vitis/lab3a_platform/hw/design_1_wrapper.xsa
TRACE::2024-11-15.14:06:30::SCWPlatform:: Unique name xilinx:::0.0
TRACE::2024-11-15.14:06:30::SCWPlatform::Removing the HwDB with name C:/Users/ranchen/Documents/GitHub/cs153a/vitis/lab3a_vitis/lab3a_platform/hw/design_1_wrapper.xsa
TRACE::2024-11-15.14:06:30::SCWPlatform::Trying to open the hw design at C:/Users/ranchen/Documents/GitHub/cs153a/vitis/lab3a_vitis/lab3a_platform/hw/design_1_wrapper.xsa
TRACE::2024-11-15.14:06:30::SCWPlatform::DSA given C:/Users/ranchen/Documents/GitHub/cs153a/vitis/lab3a_vitis/lab3a_platform/hw/design_1_wrapper.xsa
TRACE::2024-11-15.14:06:30::SCWPlatform::DSA absoulate path C:/Users/ranchen/Documents/GitHub/cs153a/vitis/lab3a_vitis/lab3a_platform/hw/design_1_wrapper.xsa
TRACE::2024-11-15.14:06:30::SCWPlatform::DSA directory C:/Users/ranchen/Documents/GitHub/cs153a/vitis/lab3a_vitis/lab3a_platform/hw
TRACE::2024-11-15.14:06:30::SCWPlatform:: Platform Path C:/Users/ranchen/Documents/GitHub/cs153a/vitis/lab3a_vitis/lab3a_platform/hw/design_1_wrapper.xsa
TRACE::2024-11-15.14:06:30::SCWPlatform:: Unique name xilinx:::0.0
TRACE::2024-11-15.14:06:30::SCWPlatform::Do not have an existing db opened. 
TRACE::2024-11-15.14:06:31::SCWPlatform::Opened new HwDB with name design_1_wrapper_1
TRACE::2024-11-15.14:06:31::SCWReader::Active system found as  lab3a_platform
TRACE::2024-11-15.14:06:31::SCWReader::Handling sysconfig lab3a_platform
TRACE::2024-11-15.14:06:31::SCWDomain::checking for install qemu data   : 
TRACE::2024-11-15.14:06:31::SCWPlatform::Trying to open the hw design at C:/Users/ranchen/Documents/GitHub/cs153a/vitis/lab3a_vitis/lab3a_platform/hw/design_1_wrapper.xsa
TRACE::2024-11-15.14:06:31::SCWPlatform::DSA given C:/Users/ranchen/Documents/GitHub/cs153a/vitis/lab3a_vitis/lab3a_platform/hw/design_1_wrapper.xsa
TRACE::2024-11-15.14:06:31::SCWPlatform::DSA absoulate path C:/Users/ranchen/Documents/GitHub/cs153a/vitis/lab3a_vitis/lab3a_platform/hw/design_1_wrapper.xsa
TRACE::2024-11-15.14:06:31::SCWPlatform::DSA directory C:/Users/ranchen/Documents/GitHub/cs153a/vitis/lab3a_vitis/lab3a_platform/hw
TRACE::2024-11-15.14:06:31::SCWPlatform:: Platform Path C:/Users/ranchen/Documents/GitHub/cs153a/vitis/lab3a_vitis/lab3a_platform/hw/design_1_wrapper.xsa
TRACE::2024-11-15.14:06:31::SCWPlatform:: Unique name xilinx:::0.0
TRACE::2024-11-15.14:06:31::SCWPlatform::Trying to set the existing hwdb with name design_1_wrapper_1
TRACE::2024-11-15.14:06:31::SCWPlatform::Opened existing hwdb design_1_wrapper_1
TRACE::2024-11-15.14:06:31::SCWPlatform::Found the Hw Db part of the input DSA
TRACE::2024-11-15.14:06:31::SCWPlatform::Trying to open the hw design at C:/Users/ranchen/Documents/GitHub/cs153a/vitis/lab3a_vitis/lab3a_platform/hw/design_1_wrapper.xsa
TRACE::2024-11-15.14:06:31::SCWPlatform::DSA given C:/Users/ranchen/Documents/GitHub/cs153a/vitis/lab3a_vitis/lab3a_platform/hw/design_1_wrapper.xsa
TRACE::2024-11-15.14:06:31::SCWPlatform::DSA absoulate path C:/Users/ranchen/Documents/GitHub/cs153a/vitis/lab3a_vitis/lab3a_platform/hw/design_1_wrapper.xsa
TRACE::2024-11-15.14:06:31::SCWPlatform::DSA directory C:/Users/ranchen/Documents/GitHub/cs153a/vitis/lab3a_vitis/lab3a_platform/hw
TRACE::2024-11-15.14:06:31::SCWPlatform:: Platform Path C:/Users/ranchen/Documents/GitHub/cs153a/vitis/lab3a_vitis/lab3a_platform/hw/design_1_wrapper.xsa
TRACE::2024-11-15.14:06:31::SCWPlatform:: Unique name xilinx:::0.0
TRACE::2024-11-15.14:06:31::SCWPlatform::Trying to set the existing hwdb with name design_1_wrapper_1
TRACE::2024-11-15.14:06:31::SCWPlatform::Opened existing hwdb design_1_wrapper_1
TRACE::2024-11-15.14:06:31::SCWPlatform::Found the Hw Db part of the input DSA
TRACE::2024-11-15.14:06:31::SCWPlatform::Trying to open the hw design at C:/Users/ranchen/Documents/GitHub/cs153a/vitis/lab3a_vitis/lab3a_platform/hw/design_1_wrapper.xsa
TRACE::2024-11-15.14:06:31::SCWPlatform::DSA given C:/Users/ranchen/Documents/GitHub/cs153a/vitis/lab3a_vitis/lab3a_platform/hw/design_1_wrapper.xsa
TRACE::2024-11-15.14:06:31::SCWPlatform::DSA absoulate path C:/Users/ranchen/Documents/GitHub/cs153a/vitis/lab3a_vitis/lab3a_platform/hw/design_1_wrapper.xsa
TRACE::2024-11-15.14:06:31::SCWPlatform::DSA directory C:/Users/ranchen/Documents/GitHub/cs153a/vitis/lab3a_vitis/lab3a_platform/hw
TRACE::2024-11-15.14:06:31::SCWPlatform:: Platform Path C:/Users/ranchen/Documents/GitHub/cs153a/vitis/lab3a_vitis/lab3a_platform/hw/design_1_wrapper.xsa
TRACE::2024-11-15.14:06:31::SCWPlatform:: Unique name xilinx:::0.0
TRACE::2024-11-15.14:06:31::SCWPlatform::Trying to set the existing hwdb with name design_1_wrapper_1
TRACE::2024-11-15.14:06:31::SCWPlatform::Opened existing hwdb design_1_wrapper_1
TRACE::2024-11-15.14:06:31::SCWPlatform::Found the Hw Db part of the input DSA
TRACE::2024-11-15.14:06:31::SCWPlatform::Trying to open the hw design at C:/Users/ranchen/Documents/GitHub/cs153a/vitis/lab3a_vitis/lab3a_platform/hw/design_1_wrapper.xsa
TRACE::2024-11-15.14:06:31::SCWPlatform::DSA given C:/Users/ranchen/Documents/GitHub/cs153a/vitis/lab3a_vitis/lab3a_platform/hw/design_1_wrapper.xsa
TRACE::2024-11-15.14:06:31::SCWPlatform::DSA absoulate path C:/Users/ranchen/Documents/GitHub/cs153a/vitis/lab3a_vitis/lab3a_platform/hw/design_1_wrapper.xsa
TRACE::2024-11-15.14:06:31::SCWPlatform::DSA directory C:/Users/ranchen/Documents/GitHub/cs153a/vitis/lab3a_vitis/lab3a_platform/hw
TRACE::2024-11-15.14:06:31::SCWPlatform:: Platform Path C:/Users/ranchen/Documents/GitHub/cs153a/vitis/lab3a_vitis/lab3a_platform/hw/design_1_wrapper.xsa
TRACE::2024-11-15.14:06:31::SCWPlatform:: Unique name xilinx:::0.0
TRACE::2024-11-15.14:06:31::SCWPlatform::Trying to set the existing hwdb with name design_1_wrapper_1
TRACE::2024-11-15.14:06:31::SCWPlatform::Opened existing hwdb design_1_wrapper_1
TRACE::2024-11-15.14:06:31::SCWPlatform::Found the Hw Db part of the input DSA
TRACE::2024-11-15.14:06:31::SCWMssOS::Checking the sw design at  C:/Users/ranchen/Documents/GitHub/cs153a/vitis/lab3a_vitis/lab3a_platform/microblaze_0/standalone_domain/bsp/system.mss
TRACE::2024-11-15.14:06:31::SCWMssOS::DEBUG:  swdes dump  
TRACE::2024-11-15.14:06:31::SCWMssOS::No sw design opened at  C:/Users/ranchen/Documents/GitHub/cs153a/vitis/lab3a_vitis/lab3a_platform/microblaze_0/standalone_domain/bsp/system.mss
TRACE::2024-11-15.14:06:31::SCWMssOS::mss exists loading the mss file  C:/Users/ranchen/Documents/GitHub/cs153a/vitis/lab3a_vitis/lab3a_platform/microblaze_0/standalone_domain/bsp/system.mss
TRACE::2024-11-15.14:06:31::SCWMssOS::Opened the sw design from mss  C:/Users/ranchen/Documents/GitHub/cs153a/vitis/lab3a_vitis/lab3a_platform/microblaze_0/standalone_domain/bsp/system.mss
TRACE::2024-11-15.14:06:31::SCWMssOS::Adding the swdes entry C:/Users/ranchen/Documents/GitHub/cs153a/vitis/lab3a_vitis/lab3a_platform/microblaze_0/standalone_domain/bsp/system.mss with des name system
TRACE::2024-11-15.14:06:31::SCWMssOS::updating the scw layer about changes
TRACE::2024-11-15.14:06:31::SCWMssOS::Opened the sw design.  C:/Users/ranchen/Documents/GitHub/cs153a/vitis/lab3a_vitis/lab3a_platform/microblaze_0/standalone_domain/bsp/system.mss
TRACE::2024-11-15.14:06:31::SCWMssOS::Saving the mss changes C:/Users/ranchen/Documents/GitHub/cs153a/vitis/lab3a_vitis/lab3a_platform/microblaze_0/standalone_domain/bsp/system.mss
TRACE::2024-11-15.14:06:31::SCWMssOS::Found a swdesign opened with the mssfile.
TRACE::2024-11-15.14:06:31::SCWMssOS::Completed writemss as part of save.
TRACE::2024-11-15.14:06:31::SCWMssOS::Commit changes completed.
TRACE::2024-11-15.14:06:31::SCWReader::Adding prebuilt librarypaths as   
TRACE::2024-11-15.14:06:31::SCWReader::Adding prebuilt incpaths  as   
TRACE::2024-11-15.14:06:31::SCWPlatform::Trying to open the hw design at C:/Users/ranchen/Documents/GitHub/cs153a/vitis/lab3a_vitis/lab3a_platform/hw/design_1_wrapper.xsa
TRACE::2024-11-15.14:06:31::SCWPlatform::DSA given C:/Users/ranchen/Documents/GitHub/cs153a/vitis/lab3a_vitis/lab3a_platform/hw/design_1_wrapper.xsa
TRACE::2024-11-15.14:06:31::SCWPlatform::DSA absoulate path C:/Users/ranchen/Documents/GitHub/cs153a/vitis/lab3a_vitis/lab3a_platform/hw/design_1_wrapper.xsa
TRACE::2024-11-15.14:06:31::SCWPlatform::DSA directory C:/Users/ranchen/Documents/GitHub/cs153a/vitis/lab3a_vitis/lab3a_platform/hw
TRACE::2024-11-15.14:06:31::SCWPlatform:: Platform Path C:/Users/ranchen/Documents/GitHub/cs153a/vitis/lab3a_vitis/lab3a_platform/hw/design_1_wrapper.xsa
TRACE::2024-11-15.14:06:31::SCWPlatform:: Unique name xilinx:::0.0
TRACE::2024-11-15.14:06:31::SCWPlatform::Trying to set the existing hwdb with name design_1_wrapper_1
TRACE::2024-11-15.14:06:31::SCWPlatform::Opened existing hwdb design_1_wrapper_1
TRACE::2024-11-15.14:06:31::SCWPlatform::Found the Hw Db part of the input DSA
TRACE::2024-11-15.14:06:31::SCWMssOS::Checking the sw design at  C:/Users/ranchen/Documents/GitHub/cs153a/vitis/lab3a_vitis/lab3a_platform/microblaze_0/standalone_domain/bsp/system.mss
TRACE::2024-11-15.14:06:31::SCWMssOS::DEBUG:  swdes dump  C:/Users/ranchen/Documents/GitHub/cs153a/vitis/lab3a_vitis/lab3a_platform/microblaze_0/standalone_domain/bsp/system.mss|system||

TRACE::2024-11-15.14:06:31::SCWMssOS::Sw design exists and opened at  C:/Users/ranchen/Documents/GitHub/cs153a/vitis/lab3a_vitis/lab3a_platform/microblaze_0/standalone_domain/bsp/system.mss
TRACE::2024-11-15.14:06:31::SCWReader::No isolation master present  
LOG::2024-11-15.14:08:52::SCWPlatform::Started generating the artifacts platform lab3a_platform
TRACE::2024-11-15.14:08:52::SCWPlatform::Sanity checking of platform is completed
LOG::2024-11-15.14:08:52::SCWPlatform::Started generating the artifacts for system configuration lab3a_platform
LOG::2024-11-15.14:08:52::SCWSystem::Checking the domain standalone_domain
LOG::2024-11-15.14:08:52::SCWSystem::Not a boot domain 
LOG::2024-11-15.14:08:52::SCWSystem::Started Processing the domain standalone_domain
TRACE::2024-11-15.14:08:52::SCWDomain::Generating domain artifcats
TRACE::2024-11-15.14:08:52::SCWMssOS::Generating standalone artifcats
TRACE::2024-11-15.14:08:52::SCWMssOS:: Copying the user libraries. 
TRACE::2024-11-15.14:08:52::SCWPlatform::Trying to open the hw design at C:/Users/ranchen/Documents/GitHub/cs153a/vitis/lab3a_vitis/lab3a_platform/hw/design_1_wrapper.xsa
TRACE::2024-11-15.14:08:52::SCWPlatform::DSA given C:/Users/ranchen/Documents/GitHub/cs153a/vitis/lab3a_vitis/lab3a_platform/hw/design_1_wrapper.xsa
TRACE::2024-11-15.14:08:52::SCWPlatform::DSA absoulate path C:/Users/ranchen/Documents/GitHub/cs153a/vitis/lab3a_vitis/lab3a_platform/hw/design_1_wrapper.xsa
TRACE::2024-11-15.14:08:52::SCWPlatform::DSA directory C:/Users/ranchen/Documents/GitHub/cs153a/vitis/lab3a_vitis/lab3a_platform/hw
TRACE::2024-11-15.14:08:52::SCWPlatform:: Platform Path C:/Users/ranchen/Documents/GitHub/cs153a/vitis/lab3a_vitis/lab3a_platform/hw/design_1_wrapper.xsa
TRACE::2024-11-15.14:08:52::SCWPlatform:: Unique name xilinx:::0.0
TRACE::2024-11-15.14:08:52::SCWPlatform::Trying to set the existing hwdb with name design_1_wrapper_1
TRACE::2024-11-15.14:08:52::SCWPlatform::Opened existing hwdb design_1_wrapper_1
TRACE::2024-11-15.14:08:52::SCWPlatform::Found the Hw Db part of the input DSA
TRACE::2024-11-15.14:08:52::SCWMssOS::Checking the sw design at  C:/Users/ranchen/Documents/GitHub/cs153a/vitis/lab3a_vitis/lab3a_platform/microblaze_0/standalone_domain/bsp/system.mss
TRACE::2024-11-15.14:08:52::SCWMssOS::DEBUG:  swdes dump  C:/Users/ranchen/Documents/GitHub/cs153a/vitis/lab3a_vitis/lab3a_platform/microblaze_0/standalone_domain/bsp/system.mss|system||

TRACE::2024-11-15.14:08:52::SCWMssOS::Sw design exists and opened at  C:/Users/ranchen/Documents/GitHub/cs153a/vitis/lab3a_vitis/lab3a_platform/microblaze_0/standalone_domain/bsp/system.mss
TRACE::2024-11-15.14:08:52::SCWMssOS::Completed writing the mss file at C:/Users/ranchen/Documents/GitHub/cs153a/vitis/lab3a_vitis/lab3a_platform/microblaze_0/standalone_domain/bsp
TRACE::2024-11-15.14:08:52::SCWMssOS::Mss edits present, copying mssfile into export location C:/Users/ranchen/Documents/GitHub/cs153a/vitis/lab3a_vitis/lab3a_platform/microblaze_0/standalone_domain/bsp/system.mss
TRACE::2024-11-15.14:08:52::SCWMssOS::bsp generated is upto date with the mss file. Skipping bsp generation.
TRACE::2024-11-15.14:08:52::SCWMssOS::BSP is already built. skipping the bsp build ... 
TRACE::2024-11-15.14:08:52::SCWDomain::Skipping the build for domain :  standalone_domain
TRACE::2024-11-15.14:08:52::SCWMssOS::skipping the bsp build ... 
TRACE::2024-11-15.14:08:52::SCWMssOS::Copying to export directory.
TRACE::2024-11-15.14:08:52::SCWMssOS:: Checking if to create the Supporting Applications
TRACE::2024-11-15.14:08:52::SCWMssOS:: No Linux domain exists, trying to generate FSBL 
LOG::2024-11-15.14:08:52::SCWSystem::Completed Processing the domain standalone_domain
LOG::2024-11-15.14:08:52::SCWSystem::Completed Processing the sysconfig lab3a_platform
LOG::2024-11-15.14:08:52::SCWPlatform::Completed generating the artifacts for system configuration lab3a_platform
TRACE::2024-11-15.14:08:52::SCWPlatform::Started preparing the platform 
TRACE::2024-11-15.14:08:52::SCWSystem::Writing the bif file for system config lab3a_platform
TRACE::2024-11-15.14:08:52::SCWSystem::dir created 
TRACE::2024-11-15.14:08:52::SCWSystem::Writing the bif 
TRACE::2024-11-15.14:08:52::SCWPlatform::Started writing the spfm file 
TRACE::2024-11-15.14:08:52::SCWPlatform::Started writing the xpfm file 
TRACE::2024-11-15.14:08:52::SCWPlatform::Completed generating the platform
TRACE::2024-11-15.14:08:52::SCWMssOS::Saving the mss changes C:/Users/ranchen/Documents/GitHub/cs153a/vitis/lab3a_vitis/lab3a_platform/microblaze_0/standalone_domain/bsp/system.mss
TRACE::2024-11-15.14:08:52::SCWMssOS::Found a swdesign opened with the mssfile.
TRACE::2024-11-15.14:08:52::SCWMssOS::Completed writemss as part of save.
TRACE::2024-11-15.14:08:52::SCWMssOS::Commit changes completed.
TRACE::2024-11-15.14:08:52::SCWPlatform::Trying to open the hw design at C:/Users/ranchen/Documents/GitHub/cs153a/vitis/lab3a_vitis/lab3a_platform/hw/design_1_wrapper.xsa
TRACE::2024-11-15.14:08:52::SCWPlatform::DSA given C:/Users/ranchen/Documents/GitHub/cs153a/vitis/lab3a_vitis/lab3a_platform/hw/design_1_wrapper.xsa
TRACE::2024-11-15.14:08:52::SCWPlatform::DSA absoulate path C:/Users/ranchen/Documents/GitHub/cs153a/vitis/lab3a_vitis/lab3a_platform/hw/design_1_wrapper.xsa
TRACE::2024-11-15.14:08:52::SCWPlatform::DSA directory C:/Users/ranchen/Documents/GitHub/cs153a/vitis/lab3a_vitis/lab3a_platform/hw
TRACE::2024-11-15.14:08:52::SCWPlatform:: Platform Path C:/Users/ranchen/Documents/GitHub/cs153a/vitis/lab3a_vitis/lab3a_platform/hw/design_1_wrapper.xsa
TRACE::2024-11-15.14:08:52::SCWPlatform:: Unique name xilinx:::0.0
TRACE::2024-11-15.14:08:52::SCWPlatform::Trying to set the existing hwdb with name design_1_wrapper_1
TRACE::2024-11-15.14:08:52::SCWPlatform::Opened existing hwdb design_1_wrapper_1
TRACE::2024-11-15.14:08:52::SCWPlatform::Found the Hw Db part of the input DSA
TRACE::2024-11-15.14:08:52::SCWMssOS::Checking the sw design at  C:/Users/ranchen/Documents/GitHub/cs153a/vitis/lab3a_vitis/lab3a_platform/microblaze_0/standalone_domain/bsp/system.mss
TRACE::2024-11-15.14:08:52::SCWMssOS::DEBUG:  swdes dump  C:/Users/ranchen/Documents/GitHub/cs153a/vitis/lab3a_vitis/lab3a_platform/microblaze_0/standalone_domain/bsp/system.mss|system||

TRACE::2024-11-15.14:08:52::SCWMssOS::Sw design exists and opened at  C:/Users/ranchen/Documents/GitHub/cs153a/vitis/lab3a_vitis/lab3a_platform/microblaze_0/standalone_domain/bsp/system.mss
TRACE::2024-11-15.14:08:52::SCWWriter::formatted JSON is {
	"platformName":	"lab3a_platform",
	"sprVersion":	"2.0",
	"mode":	"gui",
	"dsaType":	"Fixed",
	"platformDesc":	"lab3a_platform",
	"platHandOff":	"C:/Users/tejasvissapragada/Documents/cs153a/vivado/lab3b_vivado/design_1_wrapper.xsa",
	"platIntHandOff":	"<platformDir>/hw/design_1_wrapper.xsa",
	"deviceType":	"FPGA",
	"platIsPrebuiltAutogen":	"false",
	"platIsNoBootBsp":	"false",
	"hasFsblMakeHasChanges":	"false",
	"hasPmufwMakeHasChanges":	"false",
	"platPreBuiltFlag":	false,
	"platformSamplesDir":	"",
	"platActiveSys":	"lab3a_platform",
	"systems":	[{
			"systemName":	"lab3a_platform",
			"systemDesc":	"lab3a_platform",
			"sysIsBootAutoGen":	"true",
			"systemDispName":	"lab3a_platform",
			"sysActiveDom":	"standalone_domain",
			"sysDefaultDom":	"standalone_domain",
			"domains":	[{
					"domainName":	"standalone_domain",
					"domainDispName":	"standalone on microblaze_0",
					"domainDesc":	"standalone_domain",
					"processors":	"microblaze_0",
					"os":	"standalone",
					"sdxOs":	"standalone",
					"debugEnable":	"False",
					"domRuntimes":	["cpp"],
					"swRepo":	"",
					"mssOsVer":	"7.7",
					"mssFile":	"",
					"md5Digest":	"949c3189fe3a9218a56131c49210c519",
					"compatibleApp":	"",
					"domType":	"mssDomain",
					"arch":	"32-bit",
					"appSettings":	{
						"appCompilerFlags":	"",
						"appLinkerFlags":	""
					},
					"addedLibs":	[],
					"libOptions":	{
						"libsContainingOptions":	[]
					},
					"prebuiltLibs":	{
						"prebuiltIncPath":	[],
						"prebuiltLibPath":	[]
					},
					"isolation":	{
					}
				}]
		}]
}
KEYINFO::2024-11-15.14:08:52::SCWPlatform::updated the xpfm file.
TRACE::2024-11-15.14:08:53::SCWPlatform::Trying to open the hw design at C:/Users/ranchen/Documents/GitHub/cs153a/vitis/lab3a_vitis/lab3a_platform/hw/design_1_wrapper.xsa
TRACE::2024-11-15.14:08:53::SCWPlatform::DSA given C:/Users/ranchen/Documents/GitHub/cs153a/vitis/lab3a_vitis/lab3a_platform/hw/design_1_wrapper.xsa
TRACE::2024-11-15.14:08:53::SCWPlatform::DSA absoulate path C:/Users/ranchen/Documents/GitHub/cs153a/vitis/lab3a_vitis/lab3a_platform/hw/design_1_wrapper.xsa
TRACE::2024-11-15.14:08:53::SCWPlatform::DSA directory C:/Users/ranchen/Documents/GitHub/cs153a/vitis/lab3a_vitis/lab3a_platform/hw
TRACE::2024-11-15.14:08:53::SCWPlatform:: Platform Path C:/Users/ranchen/Documents/GitHub/cs153a/vitis/lab3a_vitis/lab3a_platform/hw/design_1_wrapper.xsa
TRACE::2024-11-15.14:08:53::SCWPlatform:: Unique name xilinx:::0.0
TRACE::2024-11-15.14:08:53::SCWPlatform::Trying to set the existing hwdb with name design_1_wrapper_1
TRACE::2024-11-15.14:08:53::SCWPlatform::Opened existing hwdb design_1_wrapper_1
TRACE::2024-11-15.14:08:53::SCWPlatform::Found the Hw Db part of the input DSA
TRACE::2024-11-15.14:08:53::SCWMssOS::Checking the sw design at  C:/Users/ranchen/Documents/GitHub/cs153a/vitis/lab3a_vitis/lab3a_platform/microblaze_0/standalone_domain/bsp/system.mss
TRACE::2024-11-15.14:08:53::SCWMssOS::DEBUG:  swdes dump  C:/Users/ranchen/Documents/GitHub/cs153a/vitis/lab3a_vitis/lab3a_platform/microblaze_0/standalone_domain/bsp/system.mss|system||

TRACE::2024-11-15.14:08:53::SCWMssOS::Sw design exists and opened at  C:/Users/ranchen/Documents/GitHub/cs153a/vitis/lab3a_vitis/lab3a_platform/microblaze_0/standalone_domain/bsp/system.mss
TRACE::2024-11-17.15:28:07::SCWPlatform::Trying to open the hw design at C:/Users/tejasvissapragada/Documents/GitHub/cs153a/vitis/lab3a_vitis/lab3a_platform/hw/design_1_wrapper.xsa
TRACE::2024-11-17.15:28:07::SCWPlatform::DSA given C:/Users/tejasvissapragada/Documents/GitHub/cs153a/vitis/lab3a_vitis/lab3a_platform/hw/design_1_wrapper.xsa
TRACE::2024-11-17.15:28:07::SCWPlatform::DSA absoulate path C:/Users/tejasvissapragada/Documents/GitHub/cs153a/vitis/lab3a_vitis/lab3a_platform/hw/design_1_wrapper.xsa
TRACE::2024-11-17.15:28:07::SCWPlatform::DSA directory C:/Users/tejasvissapragada/Documents/GitHub/cs153a/vitis/lab3a_vitis/lab3a_platform/hw
TRACE::2024-11-17.15:28:07::SCWPlatform:: Platform Path C:/Users/tejasvissapragada/Documents/GitHub/cs153a/vitis/lab3a_vitis/lab3a_platform/hw/design_1_wrapper.xsa
TRACE::2024-11-17.15:28:07::SCWPlatform:: Unique name xilinx:::0.0
TRACE::2024-11-17.15:28:07::SCWPlatform::Do not have an existing db opened. 
TRACE::2024-11-17.15:28:07::SCWPlatform::Opened new HwDB with name design_1_wrapper
TRACE::2024-11-17.15:28:07::SCWReader::Active system found as  lab3a_platform
TRACE::2024-11-17.15:28:07::SCWReader::Handling sysconfig lab3a_platform
TRACE::2024-11-17.15:28:07::SCWDomain::checking for install qemu data   : 
TRACE::2024-11-17.15:28:07::SCWPlatform::Trying to open the hw design at C:/Users/tejasvissapragada/Documents/GitHub/cs153a/vitis/lab3a_vitis/lab3a_platform/hw/design_1_wrapper.xsa
TRACE::2024-11-17.15:28:07::SCWPlatform::DSA given C:/Users/tejasvissapragada/Documents/GitHub/cs153a/vitis/lab3a_vitis/lab3a_platform/hw/design_1_wrapper.xsa
TRACE::2024-11-17.15:28:07::SCWPlatform::DSA absoulate path C:/Users/tejasvissapragada/Documents/GitHub/cs153a/vitis/lab3a_vitis/lab3a_platform/hw/design_1_wrapper.xsa
TRACE::2024-11-17.15:28:07::SCWPlatform::DSA directory C:/Users/tejasvissapragada/Documents/GitHub/cs153a/vitis/lab3a_vitis/lab3a_platform/hw
TRACE::2024-11-17.15:28:07::SCWPlatform:: Platform Path C:/Users/tejasvissapragada/Documents/GitHub/cs153a/vitis/lab3a_vitis/lab3a_platform/hw/design_1_wrapper.xsa
TRACE::2024-11-17.15:28:07::SCWPlatform:: Unique name xilinx:::0.0
TRACE::2024-11-17.15:28:07::SCWPlatform::Trying to set the existing hwdb with name design_1_wrapper
TRACE::2024-11-17.15:28:07::SCWPlatform::Opened existing hwdb design_1_wrapper
TRACE::2024-11-17.15:28:07::SCWPlatform::Found the Hw Db part of the input DSA
TRACE::2024-11-17.15:28:07::SCWPlatform::Trying to open the hw design at C:/Users/tejasvissapragada/Documents/GitHub/cs153a/vitis/lab3a_vitis/lab3a_platform/hw/design_1_wrapper.xsa
TRACE::2024-11-17.15:28:07::SCWPlatform::DSA given C:/Users/tejasvissapragada/Documents/GitHub/cs153a/vitis/lab3a_vitis/lab3a_platform/hw/design_1_wrapper.xsa
TRACE::2024-11-17.15:28:07::SCWPlatform::DSA absoulate path C:/Users/tejasvissapragada/Documents/GitHub/cs153a/vitis/lab3a_vitis/lab3a_platform/hw/design_1_wrapper.xsa
TRACE::2024-11-17.15:28:07::SCWPlatform::DSA directory C:/Users/tejasvissapragada/Documents/GitHub/cs153a/vitis/lab3a_vitis/lab3a_platform/hw
TRACE::2024-11-17.15:28:07::SCWPlatform:: Platform Path C:/Users/tejasvissapragada/Documents/GitHub/cs153a/vitis/lab3a_vitis/lab3a_platform/hw/design_1_wrapper.xsa
TRACE::2024-11-17.15:28:07::SCWPlatform:: Unique name xilinx:::0.0
TRACE::2024-11-17.15:28:07::SCWPlatform::Trying to set the existing hwdb with name design_1_wrapper
TRACE::2024-11-17.15:28:07::SCWPlatform::Opened existing hwdb design_1_wrapper
TRACE::2024-11-17.15:28:07::SCWPlatform::Found the Hw Db part of the input DSA
TRACE::2024-11-17.15:28:07::SCWPlatform::Trying to open the hw design at C:/Users/tejasvissapragada/Documents/GitHub/cs153a/vitis/lab3a_vitis/lab3a_platform/hw/design_1_wrapper.xsa
TRACE::2024-11-17.15:28:07::SCWPlatform::DSA given C:/Users/tejasvissapragada/Documents/GitHub/cs153a/vitis/lab3a_vitis/lab3a_platform/hw/design_1_wrapper.xsa
TRACE::2024-11-17.15:28:07::SCWPlatform::DSA absoulate path C:/Users/tejasvissapragada/Documents/GitHub/cs153a/vitis/lab3a_vitis/lab3a_platform/hw/design_1_wrapper.xsa
TRACE::2024-11-17.15:28:07::SCWPlatform::DSA directory C:/Users/tejasvissapragada/Documents/GitHub/cs153a/vitis/lab3a_vitis/lab3a_platform/hw
TRACE::2024-11-17.15:28:07::SCWPlatform:: Platform Path C:/Users/tejasvissapragada/Documents/GitHub/cs153a/vitis/lab3a_vitis/lab3a_platform/hw/design_1_wrapper.xsa
TRACE::2024-11-17.15:28:07::SCWPlatform:: Unique name xilinx:::0.0
TRACE::2024-11-17.15:28:07::SCWPlatform::Trying to set the existing hwdb with name design_1_wrapper
TRACE::2024-11-17.15:28:07::SCWPlatform::Opened existing hwdb design_1_wrapper
TRACE::2024-11-17.15:28:07::SCWPlatform::Found the Hw Db part of the input DSA
TRACE::2024-11-17.15:28:07::SCWPlatform::Trying to open the hw design at C:/Users/tejasvissapragada/Documents/GitHub/cs153a/vitis/lab3a_vitis/lab3a_platform/hw/design_1_wrapper.xsa
TRACE::2024-11-17.15:28:07::SCWPlatform::DSA given C:/Users/tejasvissapragada/Documents/GitHub/cs153a/vitis/lab3a_vitis/lab3a_platform/hw/design_1_wrapper.xsa
TRACE::2024-11-17.15:28:07::SCWPlatform::DSA absoulate path C:/Users/tejasvissapragada/Documents/GitHub/cs153a/vitis/lab3a_vitis/lab3a_platform/hw/design_1_wrapper.xsa
TRACE::2024-11-17.15:28:07::SCWPlatform::DSA directory C:/Users/tejasvissapragada/Documents/GitHub/cs153a/vitis/lab3a_vitis/lab3a_platform/hw
TRACE::2024-11-17.15:28:07::SCWPlatform:: Platform Path C:/Users/tejasvissapragada/Documents/GitHub/cs153a/vitis/lab3a_vitis/lab3a_platform/hw/design_1_wrapper.xsa
TRACE::2024-11-17.15:28:07::SCWPlatform:: Unique name xilinx:::0.0
TRACE::2024-11-17.15:28:07::SCWPlatform::Trying to set the existing hwdb with name design_1_wrapper
TRACE::2024-11-17.15:28:07::SCWPlatform::Opened existing hwdb design_1_wrapper
TRACE::2024-11-17.15:28:07::SCWPlatform::Found the Hw Db part of the input DSA
TRACE::2024-11-17.15:28:07::SCWMssOS::Checking the sw design at  C:/Users/tejasvissapragada/Documents/GitHub/cs153a/vitis/lab3a_vitis/lab3a_platform/microblaze_0/standalone_domain/bsp/system.mss
TRACE::2024-11-17.15:28:07::SCWMssOS::DEBUG:  swdes dump  
TRACE::2024-11-17.15:28:07::SCWMssOS::No sw design opened at  C:/Users/tejasvissapragada/Documents/GitHub/cs153a/vitis/lab3a_vitis/lab3a_platform/microblaze_0/standalone_domain/bsp/system.mss
TRACE::2024-11-17.15:28:07::SCWMssOS::mss exists loading the mss file  C:/Users/tejasvissapragada/Documents/GitHub/cs153a/vitis/lab3a_vitis/lab3a_platform/microblaze_0/standalone_domain/bsp/system.mss
TRACE::2024-11-17.15:28:07::SCWMssOS::Opened the sw design from mss  C:/Users/tejasvissapragada/Documents/GitHub/cs153a/vitis/lab3a_vitis/lab3a_platform/microblaze_0/standalone_domain/bsp/system.mss
TRACE::2024-11-17.15:28:07::SCWMssOS::Adding the swdes entry C:/Users/tejasvissapragada/Documents/GitHub/cs153a/vitis/lab3a_vitis/lab3a_platform/microblaze_0/standalone_domain/bsp/system.mss with des name system
TRACE::2024-11-17.15:28:07::SCWMssOS::updating the scw layer about changes
TRACE::2024-11-17.15:28:07::SCWMssOS::Opened the sw design.  C:/Users/tejasvissapragada/Documents/GitHub/cs153a/vitis/lab3a_vitis/lab3a_platform/microblaze_0/standalone_domain/bsp/system.mss
TRACE::2024-11-17.15:28:07::SCWMssOS::Saving the mss changes C:/Users/tejasvissapragada/Documents/GitHub/cs153a/vitis/lab3a_vitis/lab3a_platform/microblaze_0/standalone_domain/bsp/system.mss
TRACE::2024-11-17.15:28:07::SCWMssOS::Found a swdesign opened with the mssfile.
TRACE::2024-11-17.15:28:07::SCWMssOS::Completed writemss as part of save.
TRACE::2024-11-17.15:28:07::SCWMssOS::Commit changes completed.
TRACE::2024-11-17.15:28:07::SCWReader::Adding prebuilt librarypaths as   
TRACE::2024-11-17.15:28:07::SCWReader::Adding prebuilt incpaths  as   
TRACE::2024-11-17.15:28:07::SCWPlatform::Trying to open the hw design at C:/Users/tejasvissapragada/Documents/GitHub/cs153a/vitis/lab3a_vitis/lab3a_platform/hw/design_1_wrapper.xsa
TRACE::2024-11-17.15:28:07::SCWPlatform::DSA given C:/Users/tejasvissapragada/Documents/GitHub/cs153a/vitis/lab3a_vitis/lab3a_platform/hw/design_1_wrapper.xsa
TRACE::2024-11-17.15:28:07::SCWPlatform::DSA absoulate path C:/Users/tejasvissapragada/Documents/GitHub/cs153a/vitis/lab3a_vitis/lab3a_platform/hw/design_1_wrapper.xsa
TRACE::2024-11-17.15:28:07::SCWPlatform::DSA directory C:/Users/tejasvissapragada/Documents/GitHub/cs153a/vitis/lab3a_vitis/lab3a_platform/hw
TRACE::2024-11-17.15:28:07::SCWPlatform:: Platform Path C:/Users/tejasvissapragada/Documents/GitHub/cs153a/vitis/lab3a_vitis/lab3a_platform/hw/design_1_wrapper.xsa
TRACE::2024-11-17.15:28:07::SCWPlatform:: Unique name xilinx:::0.0
TRACE::2024-11-17.15:28:07::SCWPlatform::Trying to set the existing hwdb with name design_1_wrapper
TRACE::2024-11-17.15:28:07::SCWPlatform::Opened existing hwdb design_1_wrapper
TRACE::2024-11-17.15:28:07::SCWPlatform::Found the Hw Db part of the input DSA
TRACE::2024-11-17.15:28:07::SCWMssOS::Checking the sw design at  C:/Users/tejasvissapragada/Documents/GitHub/cs153a/vitis/lab3a_vitis/lab3a_platform/microblaze_0/standalone_domain/bsp/system.mss
TRACE::2024-11-17.15:28:07::SCWMssOS::DEBUG:  swdes dump  C:/Users/tejasvissapragada/Documents/GitHub/cs153a/vitis/lab3a_vitis/lab3a_platform/microblaze_0/standalone_domain/bsp/system.mss|system||

TRACE::2024-11-17.15:28:07::SCWMssOS::Sw design exists and opened at  C:/Users/tejasvissapragada/Documents/GitHub/cs153a/vitis/lab3a_vitis/lab3a_platform/microblaze_0/standalone_domain/bsp/system.mss
TRACE::2024-11-17.15:28:07::SCWReader::No isolation master present  
LOG::2024-11-17.15:28:07::SCWPlatform::Started generating the artifacts platform lab3a_platform
TRACE::2024-11-17.15:28:07::SCWPlatform::Sanity checking of platform is completed
LOG::2024-11-17.15:28:07::SCWPlatform::Started generating the artifacts for system configuration lab3a_platform
LOG::2024-11-17.15:28:07::SCWSystem::Checking the domain standalone_domain
LOG::2024-11-17.15:28:07::SCWSystem::Not a boot domain 
LOG::2024-11-17.15:28:07::SCWSystem::Started Processing the domain standalone_domain
TRACE::2024-11-17.15:28:07::SCWDomain::Generating domain artifcats
TRACE::2024-11-17.15:28:07::SCWMssOS::Generating standalone artifcats
TRACE::2024-11-17.15:28:07::SCWMssOS:: Copying the user libraries. 
TRACE::2024-11-17.15:28:07::SCWPlatform::Trying to open the hw design at C:/Users/tejasvissapragada/Documents/GitHub/cs153a/vitis/lab3a_vitis/lab3a_platform/hw/design_1_wrapper.xsa
TRACE::2024-11-17.15:28:07::SCWPlatform::DSA given C:/Users/tejasvissapragada/Documents/GitHub/cs153a/vitis/lab3a_vitis/lab3a_platform/hw/design_1_wrapper.xsa
TRACE::2024-11-17.15:28:07::SCWPlatform::DSA absoulate path C:/Users/tejasvissapragada/Documents/GitHub/cs153a/vitis/lab3a_vitis/lab3a_platform/hw/design_1_wrapper.xsa
TRACE::2024-11-17.15:28:07::SCWPlatform::DSA directory C:/Users/tejasvissapragada/Documents/GitHub/cs153a/vitis/lab3a_vitis/lab3a_platform/hw
TRACE::2024-11-17.15:28:07::SCWPlatform:: Platform Path C:/Users/tejasvissapragada/Documents/GitHub/cs153a/vitis/lab3a_vitis/lab3a_platform/hw/design_1_wrapper.xsa
TRACE::2024-11-17.15:28:07::SCWPlatform:: Unique name xilinx:::0.0
TRACE::2024-11-17.15:28:07::SCWPlatform::Trying to set the existing hwdb with name design_1_wrapper
TRACE::2024-11-17.15:28:07::SCWPlatform::Opened existing hwdb design_1_wrapper
TRACE::2024-11-17.15:28:07::SCWPlatform::Found the Hw Db part of the input DSA
TRACE::2024-11-17.15:28:07::SCWMssOS::Checking the sw design at  C:/Users/tejasvissapragada/Documents/GitHub/cs153a/vitis/lab3a_vitis/lab3a_platform/microblaze_0/standalone_domain/bsp/system.mss
TRACE::2024-11-17.15:28:07::SCWMssOS::DEBUG:  swdes dump  C:/Users/tejasvissapragada/Documents/GitHub/cs153a/vitis/lab3a_vitis/lab3a_platform/microblaze_0/standalone_domain/bsp/system.mss|system||

TRACE::2024-11-17.15:28:07::SCWMssOS::Sw design exists and opened at  C:/Users/tejasvissapragada/Documents/GitHub/cs153a/vitis/lab3a_vitis/lab3a_platform/microblaze_0/standalone_domain/bsp/system.mss
TRACE::2024-11-17.15:28:07::SCWMssOS::Completed writing the mss file at C:/Users/tejasvissapragada/Documents/GitHub/cs153a/vitis/lab3a_vitis/lab3a_platform/microblaze_0/standalone_domain/bsp
TRACE::2024-11-17.15:28:07::SCWMssOS::Mss edits present, copying mssfile into export location C:/Users/tejasvissapragada/Documents/GitHub/cs153a/vitis/lab3a_vitis/lab3a_platform/microblaze_0/standalone_domain/bsp/system.mss
TRACE::2024-11-17.15:28:07::SCWMssOS::bsp generated is upto date with the mss file. Skipping bsp generation.
TRACE::2024-11-17.15:28:07::SCWMssOS::BSP is already built. skipping the bsp build ... 
TRACE::2024-11-17.15:28:07::SCWDomain::Building the domain as part of full build :  standalone_domain
TRACE::2024-11-17.15:28:07::SCWMssOS::doing bsp build ... 
TRACE::2024-11-17.15:28:07::SCWMssOS::System Command Ran  C: & cd  C:/Users/tejasvissapragada/Documents/GitHub/cs153a/vitis/lab3a_vitis/lab3a_platform/microblaze_0/standalone_domain/bsp & make 
TRACE::2024-11-17.15:28:08::SCWMssOS::make --no-print-directory seq_libs

TRACE::2024-11-17.15:28:08::SCWMssOS::'Finished building libraries sequentially.'

TRACE::2024-11-17.15:28:08::SCWMssOS::make -j 2 --no-print-directory par_libs

TRACE::2024-11-17.15:28:08::SCWMssOS::"Running Make include in microblaze_0/libsrc/bram_v4_7/src"

TRACE::2024-11-17.15:28:08::SCWMssOS::make -C microblaze_0/libsrc/bram_v4_7/src -s include  "SHELL=CMD" "COMPILER=mb-gcc" "ASSEMBLER=mb-as" "ARCHIVER=mb-ar" "COMPILE
TRACE::2024-11-17.15:28:08::SCWMssOS::R_FLAGS=  -O2 -c -mcpu=v11.0 -mhard-float -mlittle-endian -mno-xl-soft-div -mno-xl-soft-mul -mxl-barrel-shift -mxl-float-conver
TRACE::2024-11-17.15:28:08::SCWMssOS::t -mxl-float-sqrt -mxl-pattern-compare" "EXTRA_COMPILER_FLAGS=-g -ffunction-sections -fdata-sections -Wall -Wextra -fno-tree-lo
TRACE::2024-11-17.15:28:08::SCWMssOS::op-distribute-patterns"

TRACE::2024-11-17.15:28:08::SCWMssOS::"Running Make include in microblaze_0/libsrc/cpu_v2_15/src"

TRACE::2024-11-17.15:28:08::SCWMssOS::make -C microblaze_0/libsrc/cpu_v2_15/src -s include  "SHELL=CMD" "COMPILER=mb-gcc" "ASSEMBLER=mb-as" "ARCHIVER=mb-ar" "COMPILE
TRACE::2024-11-17.15:28:08::SCWMssOS::R_FLAGS=  -O2 -c -mcpu=v11.0 -mhard-float -mlittle-endian -mno-xl-soft-div -mno-xl-soft-mul -mxl-barrel-shift -mxl-float-conver
TRACE::2024-11-17.15:28:08::SCWMssOS::t -mxl-float-sqrt -mxl-pattern-compare" "EXTRA_COMPILER_FLAGS=-g -ffunction-sections -fdata-sections -Wall -Wextra -fno-tree-lo
TRACE::2024-11-17.15:28:08::SCWMssOS::op-distribute-patterns"

TRACE::2024-11-17.15:28:08::SCWMssOS::"Running Make include in microblaze_0/libsrc/gpio_v4_9/src"

TRACE::2024-11-17.15:28:08::SCWMssOS::make -C microblaze_0/libsrc/gpio_v4_9/src -s include  "SHELL=CMD" "COMPILER=mb-gcc" "ASSEMBLER=mb-as" "ARCHIVER=mb-ar" "COMPILE
TRACE::2024-11-17.15:28:08::SCWMssOS::R_FLAGS=  -O2 -c -mcpu=v11.0 -mhard-float -mlittle-endian -mno-xl-soft-div -mno-xl-soft-mul -mxl-barrel-shift -mxl-float-conver
TRACE::2024-11-17.15:28:08::SCWMssOS::t -mxl-float-sqrt -mxl-pattern-compare" "EXTRA_COMPILER_FLAGS=-g -ffunction-sections -fdata-sections -Wall -Wextra -fno-tree-lo
TRACE::2024-11-17.15:28:08::SCWMssOS::op-distribute-patterns"

TRACE::2024-11-17.15:28:08::SCWMssOS::"Running Make include in microblaze_0/libsrc/intc_v3_14/src"

TRACE::2024-11-17.15:28:08::SCWMssOS::make -C microblaze_0/libsrc/intc_v3_14/src -s include  "SHELL=CMD" "COMPILER=mb-gcc" "ASSEMBLER=mb-as" "ARCHIVER=mb-ar" "COMPIL
TRACE::2024-11-17.15:28:08::SCWMssOS::ER_FLAGS=  -O2 -c -mcpu=v11.0 -mhard-float -mlittle-endian -mno-xl-soft-div -mno-xl-soft-mul -mxl-barrel-shift -mxl-float-conve
TRACE::2024-11-17.15:28:08::SCWMssOS::rt -mxl-float-sqrt -mxl-pattern-compare" "EXTRA_COMPILER_FLAGS=-g -ffunction-sections -fdata-sections -Wall -Wextra -fno-tree-l
TRACE::2024-11-17.15:28:08::SCWMssOS::oop-distribute-patterns"

TRACE::2024-11-17.15:28:08::SCWMssOS::"Running Make include in microblaze_0/libsrc/spi_v4_9/src"

TRACE::2024-11-17.15:28:08::SCWMssOS::make -C microblaze_0/libsrc/spi_v4_9/src -s include  "SHELL=CMD" "COMPILER=mb-gcc" "ASSEMBLER=mb-as" "ARCHIVER=mb-ar" "COMPILER
TRACE::2024-11-17.15:28:08::SCWMssOS::_FLAGS=  -O2 -c -mcpu=v11.0 -mhard-float -mlittle-endian -mno-xl-soft-div -mno-xl-soft-mul -mxl-barrel-shift -mxl-float-convert
TRACE::2024-11-17.15:28:08::SCWMssOS:: -mxl-float-sqrt -mxl-pattern-compare" "EXTRA_COMPILER_FLAGS=-g -ffunction-sections -fdata-sections -Wall -Wextra -fno-tree-loo
TRACE::2024-11-17.15:28:08::SCWMssOS::p-distribute-patterns"

TRACE::2024-11-17.15:28:08::SCWMssOS::"Running Make include in microblaze_0/libsrc/standalone_v7_7/src"

TRACE::2024-11-17.15:28:08::SCWMssOS::make -C microblaze_0/libsrc/standalone_v7_7/src -s include  "SHELL=CMD" "COMPILER=mb-gcc" "ASSEMBLER=mb-as" "ARCHIVER=mb-ar" "C
TRACE::2024-11-17.15:28:08::SCWMssOS::OMPILER_FLAGS=  -O2 -c -mcpu=v11.0 -mhard-float -mlittle-endian -mno-xl-soft-div -mno-xl-soft-mul -mxl-barrel-shift -mxl-float-
TRACE::2024-11-17.15:28:08::SCWMssOS::convert -mxl-float-sqrt -mxl-pattern-compare" "EXTRA_COMPILER_FLAGS=-g -ffunction-sections -fdata-sections -Wall -Wextra -fno-t
TRACE::2024-11-17.15:28:08::SCWMssOS::ree-loop-distribute-patterns"

TRACE::2024-11-17.15:28:08::SCWMssOS::"Running Make include in microblaze_0/libsrc/tmrctr_v4_9/src"

TRACE::2024-11-17.15:28:08::SCWMssOS::make -C microblaze_0/libsrc/tmrctr_v4_9/src -s include  "SHELL=CMD" "COMPILER=mb-gcc" "ASSEMBLER=mb-as" "ARCHIVER=mb-ar" "COMPI
TRACE::2024-11-17.15:28:08::SCWMssOS::LER_FLAGS=  -O2 -c -mcpu=v11.0 -mhard-float -mlittle-endian -mno-xl-soft-div -mno-xl-soft-mul -mxl-barrel-shift -mxl-float-conv
TRACE::2024-11-17.15:28:08::SCWMssOS::ert -mxl-float-sqrt -mxl-pattern-compare" "EXTRA_COMPILER_FLAGS=-g -ffunction-sections -fdata-sections -Wall -Wextra -fno-tree-
TRACE::2024-11-17.15:28:08::SCWMssOS::loop-distribute-patterns"

TRACE::2024-11-17.15:28:08::SCWMssOS::"Running Make include in microblaze_0/libsrc/uartlite_v3_7/src"

TRACE::2024-11-17.15:28:08::SCWMssOS::make -C microblaze_0/libsrc/uartlite_v3_7/src -s include  "SHELL=CMD" "COMPILER=mb-gcc" "ASSEMBLER=mb-as" "ARCHIVER=mb-ar" "COM
TRACE::2024-11-17.15:28:08::SCWMssOS::PILER_FLAGS=  -O2 -c -mcpu=v11.0 -mhard-float -mlittle-endian -mno-xl-soft-div -mno-xl-soft-mul -mxl-barrel-shift -mxl-float-co
TRACE::2024-11-17.15:28:08::SCWMssOS::nvert -mxl-float-sqrt -mxl-pattern-compare" "EXTRA_COMPILER_FLAGS=-g -ffunction-sections -fdata-sections -Wall -Wextra -fno-tre
TRACE::2024-11-17.15:28:08::SCWMssOS::e-loop-distribute-patterns"

TRACE::2024-11-17.15:28:09::SCWMssOS::"Running Make libs in microblaze_0/libsrc/bram_v4_7/src"

TRACE::2024-11-17.15:28:09::SCWMssOS::make -C microblaze_0/libsrc/bram_v4_7/src -s libs  "SHELL=CMD" "COMPILER=mb-gcc" "ASSEMBLER=mb-as" "ARCHIVER=mb-ar" "COMPILER_F
TRACE::2024-11-17.15:28:09::SCWMssOS::LAGS=  -O2 -c -mcpu=v11.0 -mhard-float -mlittle-endian -mno-xl-soft-div -mno-xl-soft-mul -mxl-barrel-shift -mxl-float-convert -
TRACE::2024-11-17.15:28:09::SCWMssOS::mxl-float-sqrt -mxl-pattern-compare" "EXTRA_COMPILER_FLAGS=-g -ffunction-sections -fdata-sections -Wall -Wextra -fno-tree-loop-
TRACE::2024-11-17.15:28:09::SCWMssOS::distribute-patterns"

TRACE::2024-11-17.15:28:09::SCWMssOS::"Running Make libs in microblaze_0/libsrc/cpu_v2_15/src"

TRACE::2024-11-17.15:28:09::SCWMssOS::make -C microblaze_0/libsrc/cpu_v2_15/src -s libs  "SHELL=CMD" "COMPILER=mb-gcc" "ASSEMBLER=mb-as" "ARCHIVER=mb-ar" "COMPILER_F
TRACE::2024-11-17.15:28:09::SCWMssOS::LAGS=  -O2 -c -mcpu=v11.0 -mhard-float -mlittle-endian -mno-xl-soft-div -mno-xl-soft-mul -mxl-barrel-shift -mxl-float-convert -
TRACE::2024-11-17.15:28:09::SCWMssOS::mxl-float-sqrt -mxl-pattern-compare" "EXTRA_COMPILER_FLAGS=-g -ffunction-sections -fdata-sections -Wall -Wextra -fno-tree-loop-
TRACE::2024-11-17.15:28:09::SCWMssOS::distribute-patterns"

TRACE::2024-11-17.15:28:10::SCWMssOS::"Running Make libs in microblaze_0/libsrc/gpio_v4_9/src"

TRACE::2024-11-17.15:28:10::SCWMssOS::make -C microblaze_0/libsrc/gpio_v4_9/src -s libs  "SHELL=CMD" "COMPILER=mb-gcc" "ASSEMBLER=mb-as" "ARCHIVER=mb-ar" "COMPILER_F
TRACE::2024-11-17.15:28:10::SCWMssOS::LAGS=  -O2 -c -mcpu=v11.0 -mhard-float -mlittle-endian -mno-xl-soft-div -mno-xl-soft-mul -mxl-barrel-shift -mxl-float-convert -
TRACE::2024-11-17.15:28:10::SCWMssOS::mxl-float-sqrt -mxl-pattern-compare" "EXTRA_COMPILER_FLAGS=-g -ffunction-sections -fdata-sections -Wall -Wextra -fno-tree-loop-
TRACE::2024-11-17.15:28:10::SCWMssOS::distribute-patterns"

TRACE::2024-11-17.15:28:10::SCWMssOS::"Running Make libs in microblaze_0/libsrc/intc_v3_14/src"

TRACE::2024-11-17.15:28:10::SCWMssOS::make -C microblaze_0/libsrc/intc_v3_14/src -s libs  "SHELL=CMD" "COMPILER=mb-gcc" "ASSEMBLER=mb-as" "ARCHIVER=mb-ar" "COMPILER_
TRACE::2024-11-17.15:28:10::SCWMssOS::FLAGS=  -O2 -c -mcpu=v11.0 -mhard-float -mlittle-endian -mno-xl-soft-div -mno-xl-soft-mul -mxl-barrel-shift -mxl-float-convert 
TRACE::2024-11-17.15:28:10::SCWMssOS::-mxl-float-sqrt -mxl-pattern-compare" "EXTRA_COMPILER_FLAGS=-g -ffunction-sections -fdata-sections -Wall -Wextra -fno-tree-loop
TRACE::2024-11-17.15:28:10::SCWMssOS::-distribute-patterns"

TRACE::2024-11-17.15:28:10::SCWMssOS::"Running Make libs in microblaze_0/libsrc/spi_v4_9/src"

TRACE::2024-11-17.15:28:10::SCWMssOS::make -C microblaze_0/libsrc/spi_v4_9/src -s libs  "SHELL=CMD" "COMPILER=mb-gcc" "ASSEMBLER=mb-as" "ARCHIVER=mb-ar" "COMPILER_FL
TRACE::2024-11-17.15:28:10::SCWMssOS::AGS=  -O2 -c -mcpu=v11.0 -mhard-float -mlittle-endian -mno-xl-soft-div -mno-xl-soft-mul -mxl-barrel-shift -mxl-float-convert -m
TRACE::2024-11-17.15:28:10::SCWMssOS::xl-float-sqrt -mxl-pattern-compare" "EXTRA_COMPILER_FLAGS=-g -ffunction-sections -fdata-sections -Wall -Wextra -fno-tree-loop-d
TRACE::2024-11-17.15:28:10::SCWMssOS::istribute-patterns"

TRACE::2024-11-17.15:28:11::SCWMssOS::"Running Make libs in microblaze_0/libsrc/standalone_v7_7/src"

TRACE::2024-11-17.15:28:11::SCWMssOS::make -C microblaze_0/libsrc/standalone_v7_7/src -s libs  "SHELL=CMD" "COMPILER=mb-gcc" "ASSEMBLER=mb-as" "ARCHIVER=mb-ar" "COMP
TRACE::2024-11-17.15:28:11::SCWMssOS::ILER_FLAGS=  -O2 -c -mcpu=v11.0 -mhard-float -mlittle-endian -mno-xl-soft-div -mno-xl-soft-mul -mxl-barrel-shift -mxl-float-con
TRACE::2024-11-17.15:28:11::SCWMssOS::vert -mxl-float-sqrt -mxl-pattern-compare" "EXTRA_COMPILER_FLAGS=-g -ffunction-sections -fdata-sections -Wall -Wextra -fno-tree
TRACE::2024-11-17.15:28:11::SCWMssOS::-loop-distribute-patterns"

TRACE::2024-11-17.15:28:11::SCWMssOS::"Running Make libs in microblaze_0/libsrc/tmrctr_v4_9/src"

TRACE::2024-11-17.15:28:11::SCWMssOS::make -C microblaze_0/libsrc/tmrctr_v4_9/src -s libs  "SHELL=CMD" "COMPILER=mb-gcc" "ASSEMBLER=mb-as" "ARCHIVER=mb-ar" "COMPILER
TRACE::2024-11-17.15:28:11::SCWMssOS::_FLAGS=  -O2 -c -mcpu=v11.0 -mhard-float -mlittle-endian -mno-xl-soft-div -mno-xl-soft-mul -mxl-barrel-shift -mxl-float-convert
TRACE::2024-11-17.15:28:11::SCWMssOS:: -mxl-float-sqrt -mxl-pattern-compare" "EXTRA_COMPILER_FLAGS=-g -ffunction-sections -fdata-sections -Wall -Wextra -fno-tree-loo
TRACE::2024-11-17.15:28:11::SCWMssOS::p-distribute-patterns"

TRACE::2024-11-17.15:28:12::SCWMssOS::"Running Make libs in microblaze_0/libsrc/uartlite_v3_7/src"

TRACE::2024-11-17.15:28:12::SCWMssOS::make -C microblaze_0/libsrc/uartlite_v3_7/src -s libs  "SHELL=CMD" "COMPILER=mb-gcc" "ASSEMBLER=mb-as" "ARCHIVER=mb-ar" "COMPIL
TRACE::2024-11-17.15:28:12::SCWMssOS::ER_FLAGS=  -O2 -c -mcpu=v11.0 -mhard-float -mlittle-endian -mno-xl-soft-div -mno-xl-soft-mul -mxl-barrel-shift -mxl-float-conve
TRACE::2024-11-17.15:28:12::SCWMssOS::rt -mxl-float-sqrt -mxl-pattern-compare" "EXTRA_COMPILER_FLAGS=-g -ffunction-sections -fdata-sections -Wall -Wextra -fno-tree-l
TRACE::2024-11-17.15:28:12::SCWMssOS::oop-distribute-patterns"

TRACE::2024-11-17.15:28:14::SCWMssOS::"DEBUG NON_LTO_OBJECTS is ../../../lib/microblaze_interrupt_handler.o"

TRACE::2024-11-17.15:28:15::SCWMssOS::'Finished building libraries parallelly.'

TRACE::2024-11-17.15:28:15::SCWMssOS::make --no-print-directory archive

TRACE::2024-11-17.15:28:15::SCWMssOS::mb-ar -r  microblaze_0/lib/libxil.a microblaze_0/lib/xplatform_info.o microblaze_0/lib/xuartlite.o microblaze_0/lib/microblaze_
TRACE::2024-11-17.15:28:15::SCWMssOS::disable_exceptions.o microblaze_0/lib/print.o microblaze_0/lib/xtmrctr_options.o microblaze_0/lib/_exit.o microblaze_0/lib/xil_
TRACE::2024-11-17.15:28:15::SCWMssOS::testio.o microblaze_0/lib/microblaze_disable_dcache.o microblaze_0/lib/microblaze_flush_dcache_range.o microblaze_0/lib/xspi_g.
TRACE::2024-11-17.15:28:15::SCWMssOS::o microblaze_0/lib/microblaze_flush_cache_ext.o microblaze_0/lib/xbram_sinit.o microblaze_0/lib/xspi_sinit.o microblaze_0/lib/x
TRACE::2024-11-17.15:28:15::SCWMssOS::il_misc_psreset_api.o microblaze_0/lib/xinterrupt_wrap.o microblaze_0/lib/xil_cache.o microblaze_0/lib/xil_util.o microblaze_0/
TRACE::2024-11-17.15:28:15::SCWMssOS::lib/inbyte.o microblaze_0/lib/xintc_intr.o microblaze_0/lib/microblaze_exception_handler.o microblaze_0/lib/xbram_g.o microblaz
TRACE::2024-11-17.15:28:15::SCWMssOS::e_0/lib/microblaze_scrub.o microblaze_0/lib/microblaze_invalidate_dcache.o microblaze_0/lib/microblaze_disable_interrupts.o mic
TRACE::2024-11-17.15:28:15::SCWMssOS::roblaze_0/lib/xbram_selftest.o microblaze_0/lib/microblaze_interrupt_handler.o microblaze_0/lib/microblaze_disable_icache.o mic
TRACE::2024-11-17.15:28:15::SCWMssOS::roblaze_0/lib/xuartlite_sinit.o microblaze_0/lib/xgpio_g.o microblaze_0/lib/xuartlite_g.o microblaze_0/lib/xil_mem.o microblaze
TRACE::2024-11-17.15:28:15::SCWMssOS::_0/lib/xspi_stats.o microblaze_0/lib/microblaze_flush_cache_ext_range.o microblaze_0/lib/xtmrctr_intr.o microblaze_0/lib/xbram_
TRACE::2024-11-17.15:28:15::SCWMssOS::intr.o microblaze_0/lib/xil_sleepcommon.o microblaze_0/lib/xil_printf.o microblaze_0/lib/xintc_g.o microblaze_0/lib/xtmrctr_sin
TRACE::2024-11-17.15:28:15::SCWMssOS::it.o microblaze_0/lib/xtmrctr_l.o microblaze_0/lib/xintc_selftest.o microblaze_0/lib/xintc_l.o microblaze_0/lib/outbyte.o micro
TRACE::2024-11-17.15:28:15::SCWMssOS::blaze_0/lib/microblaze_enable_exceptions.o microblaze_0/lib/xgpio_intr.o microblaze_0/lib/microblaze_invalidate_dcache_range.o 
TRACE::2024-11-17.15:28:15::SCWMssOS::microblaze_0/lib/microblaze_invalidate_cache_ext.o microblaze_0/lib/microblaze_sleep.o microblaze_0/lib/hw_exception_handler.o 
TRACE::2024-11-17.15:28:15::SCWMssOS::microblaze_0/lib/xtmrctr.o microblaze_0/lib/xuartlite_selftest.o microblaze_0/lib/xgpio_sinit.o microblaze_0/lib/microblaze_upd
TRACE::2024-11-17.15:28:15::SCWMssOS::ate_dcache.o microblaze_0/lib/xil_testcache.o microblaze_0/lib/microblaze_selftest.o microblaze_0/lib/microblaze_interrupts_g.o
TRACE::2024-11-17.15:28:15::SCWMssOS:: microblaze_0/lib/xio.o microblaze_0/lib/xtmrctr_g.o microblaze_0/lib/microblaze_enable_dcache.o microblaze_0/lib/xbram.o micro
TRACE::2024-11-17.15:28:15::SCWMssOS::blaze_0/lib/microblaze_invalidate_icache_range.o microblaze_0/lib/xtmrctr_selftest.o microblaze_0/lib/microblaze_init_dcache_ra
TRACE::2024-11-17.15:28:15::SCWMssOS::nge.o microblaze_0/lib/microblaze_invalidate_icache.o microblaze_0/lib/xspi_options.o microblaze_0/lib/errno.o microblaze_0/lib
TRACE::2024-11-17.15:28:15::SCWMssOS::/xuartlite_l.o microblaze_0/lib/xintc_options.o microblaze_0/lib/xuartlite_stats.o microblaze_0/lib/microblaze_invalidate_cache
TRACE::2024-11-17.15:28:15::SCWMssOS::_ext_range.o microblaze_0/lib/xil_exception.o microblaze_0/lib/pvr.o microblaze_0/lib/xgpio.o microblaze_0/lib/xil_testmem.o mi
TRACE::2024-11-17.15:28:15::SCWMssOS::croblaze_0/lib/microblaze_update_icache.o microblaze_0/lib/xuartlite_intr.o microblaze_0/lib/microblaze_flush_dcache.o microbla
TRACE::2024-11-17.15:28:15::SCWMssOS::ze_0/lib/xil_clocking.o microblaze_0/lib/xil_assert.o microblaze_0/lib/microblaze_enable_interrupts.o microblaze_0/lib/xgpio_ex
TRACE::2024-11-17.15:28:15::SCWMssOS::tra.o microblaze_0/lib/xspi.o microblaze_0/lib/microblaze_enable_icache.o microblaze_0/lib/xintc.o microblaze_0/lib/xtmrctr_sta
TRACE::2024-11-17.15:28:15::SCWMssOS::ts.o microblaze_0/lib/microblaze_init_icache_range.o microblaze_0/lib/xspi_selftest.o microblaze_0/lib/fcntl.o microblaze_0/lib
TRACE::2024-11-17.15:28:15::SCWMssOS::/xgpio_selftest.o

TRACE::2024-11-17.15:28:15::SCWMssOS::'Finished building libraries'

TRACE::2024-11-17.15:28:15::SCWMssOS::Copying to export directory.
TRACE::2024-11-17.15:28:15::SCWMssOS:: Checking if to create the Supporting Applications
TRACE::2024-11-17.15:28:15::SCWMssOS:: No Linux domain exists, trying to generate FSBL 
LOG::2024-11-17.15:28:15::SCWSystem::Completed Processing the domain standalone_domain
LOG::2024-11-17.15:28:15::SCWSystem::Completed Processing the sysconfig lab3a_platform
LOG::2024-11-17.15:28:15::SCWPlatform::Completed generating the artifacts for system configuration lab3a_platform
TRACE::2024-11-17.15:28:15::SCWPlatform::Started preparing the platform 
TRACE::2024-11-17.15:28:15::SCWSystem::Writing the bif file for system config lab3a_platform
TRACE::2024-11-17.15:28:15::SCWSystem::dir created 
TRACE::2024-11-17.15:28:15::SCWSystem::Writing the bif 
TRACE::2024-11-17.15:28:15::SCWPlatform::Started writing the spfm file 
TRACE::2024-11-17.15:28:15::SCWPlatform::Started writing the xpfm file 
TRACE::2024-11-17.15:28:15::SCWPlatform::Completed generating the platform
TRACE::2024-11-17.15:28:15::SCWMssOS::Saving the mss changes C:/Users/tejasvissapragada/Documents/GitHub/cs153a/vitis/lab3a_vitis/lab3a_platform/microblaze_0/standalone_domain/bsp/system.mss
TRACE::2024-11-17.15:28:15::SCWMssOS::Found a swdesign opened with the mssfile.
TRACE::2024-11-17.15:28:15::SCWMssOS::Completed writemss as part of save.
TRACE::2024-11-17.15:28:15::SCWMssOS::Commit changes completed.
TRACE::2024-11-17.15:28:15::SCWPlatform::Trying to open the hw design at C:/Users/tejasvissapragada/Documents/GitHub/cs153a/vitis/lab3a_vitis/lab3a_platform/hw/design_1_wrapper.xsa
TRACE::2024-11-17.15:28:15::SCWPlatform::DSA given C:/Users/tejasvissapragada/Documents/GitHub/cs153a/vitis/lab3a_vitis/lab3a_platform/hw/design_1_wrapper.xsa
TRACE::2024-11-17.15:28:15::SCWPlatform::DSA absoulate path C:/Users/tejasvissapragada/Documents/GitHub/cs153a/vitis/lab3a_vitis/lab3a_platform/hw/design_1_wrapper.xsa
TRACE::2024-11-17.15:28:15::SCWPlatform::DSA directory C:/Users/tejasvissapragada/Documents/GitHub/cs153a/vitis/lab3a_vitis/lab3a_platform/hw
TRACE::2024-11-17.15:28:15::SCWPlatform:: Platform Path C:/Users/tejasvissapragada/Documents/GitHub/cs153a/vitis/lab3a_vitis/lab3a_platform/hw/design_1_wrapper.xsa
TRACE::2024-11-17.15:28:15::SCWPlatform:: Unique name xilinx:::0.0
TRACE::2024-11-17.15:28:15::SCWPlatform::Trying to set the existing hwdb with name design_1_wrapper
TRACE::2024-11-17.15:28:15::SCWPlatform::Opened existing hwdb design_1_wrapper
TRACE::2024-11-17.15:28:15::SCWPlatform::Found the Hw Db part of the input DSA
TRACE::2024-11-17.15:28:15::SCWMssOS::Checking the sw design at  C:/Users/tejasvissapragada/Documents/GitHub/cs153a/vitis/lab3a_vitis/lab3a_platform/microblaze_0/standalone_domain/bsp/system.mss
TRACE::2024-11-17.15:28:15::SCWMssOS::DEBUG:  swdes dump  C:/Users/tejasvissapragada/Documents/GitHub/cs153a/vitis/lab3a_vitis/lab3a_platform/microblaze_0/standalone_domain/bsp/system.mss|system||

TRACE::2024-11-17.15:28:15::SCWMssOS::Sw design exists and opened at  C:/Users/tejasvissapragada/Documents/GitHub/cs153a/vitis/lab3a_vitis/lab3a_platform/microblaze_0/standalone_domain/bsp/system.mss
TRACE::2024-11-17.15:28:15::SCWWriter::formatted JSON is {
	"platformName":	"lab3a_platform",
	"sprVersion":	"2.0",
	"mode":	"gui",
	"dsaType":	"Fixed",
	"platformDesc":	"lab3a_platform",
	"platHandOff":	"C:/Users/tejasvissapragada/Documents/cs153a/vivado/lab3b_vivado/design_1_wrapper.xsa",
	"platIntHandOff":	"<platformDir>/hw/design_1_wrapper.xsa",
	"deviceType":	"FPGA",
	"platIsPrebuiltAutogen":	"false",
	"platIsNoBootBsp":	"false",
	"hasFsblMakeHasChanges":	"false",
	"hasPmufwMakeHasChanges":	"false",
	"platPreBuiltFlag":	false,
	"platformSamplesDir":	"",
	"platActiveSys":	"lab3a_platform",
	"systems":	[{
			"systemName":	"lab3a_platform",
			"systemDesc":	"lab3a_platform",
			"sysIsBootAutoGen":	"true",
			"systemDispName":	"lab3a_platform",
			"sysActiveDom":	"standalone_domain",
			"sysDefaultDom":	"standalone_domain",
			"domains":	[{
					"domainName":	"standalone_domain",
					"domainDispName":	"standalone on microblaze_0",
					"domainDesc":	"standalone_domain",
					"processors":	"microblaze_0",
					"os":	"standalone",
					"sdxOs":	"standalone",
					"debugEnable":	"False",
					"domRuntimes":	["cpp"],
					"swRepo":	"",
					"mssOsVer":	"7.7",
					"mssFile":	"",
					"md5Digest":	"949c3189fe3a9218a56131c49210c519",
					"compatibleApp":	"",
					"domType":	"mssDomain",
					"arch":	"32-bit",
					"appSettings":	{
						"appCompilerFlags":	"",
						"appLinkerFlags":	""
					},
					"addedLibs":	[],
					"libOptions":	{
						"libsContainingOptions":	[]
					},
					"prebuiltLibs":	{
						"prebuiltIncPath":	[],
						"prebuiltLibPath":	[]
					},
					"isolation":	{
					}
				}]
		}]
}
KEYINFO::2024-11-17.15:28:15::SCWPlatform::updated the xpfm file.
TRACE::2024-11-17.15:28:16::SCWPlatform::Trying to open the hw design at C:/Users/tejasvissapragada/Documents/GitHub/cs153a/vitis/lab3a_vitis/lab3a_platform/hw/design_1_wrapper.xsa
TRACE::2024-11-17.15:28:16::SCWPlatform::DSA given C:/Users/tejasvissapragada/Documents/GitHub/cs153a/vitis/lab3a_vitis/lab3a_platform/hw/design_1_wrapper.xsa
TRACE::2024-11-17.15:28:16::SCWPlatform::DSA absoulate path C:/Users/tejasvissapragada/Documents/GitHub/cs153a/vitis/lab3a_vitis/lab3a_platform/hw/design_1_wrapper.xsa
TRACE::2024-11-17.15:28:16::SCWPlatform::DSA directory C:/Users/tejasvissapragada/Documents/GitHub/cs153a/vitis/lab3a_vitis/lab3a_platform/hw
TRACE::2024-11-17.15:28:16::SCWPlatform:: Platform Path C:/Users/tejasvissapragada/Documents/GitHub/cs153a/vitis/lab3a_vitis/lab3a_platform/hw/design_1_wrapper.xsa
TRACE::2024-11-17.15:28:16::SCWPlatform:: Unique name xilinx:::0.0
TRACE::2024-11-17.15:28:16::SCWPlatform::Trying to set the existing hwdb with name design_1_wrapper
TRACE::2024-11-17.15:28:16::SCWPlatform::Opened existing hwdb design_1_wrapper
TRACE::2024-11-17.15:28:16::SCWPlatform::Found the Hw Db part of the input DSA
TRACE::2024-11-17.15:28:16::SCWMssOS::Checking the sw design at  C:/Users/tejasvissapragada/Documents/GitHub/cs153a/vitis/lab3a_vitis/lab3a_platform/microblaze_0/standalone_domain/bsp/system.mss
TRACE::2024-11-17.15:28:16::SCWMssOS::DEBUG:  swdes dump  C:/Users/tejasvissapragada/Documents/GitHub/cs153a/vitis/lab3a_vitis/lab3a_platform/microblaze_0/standalone_domain/bsp/system.mss|system||

TRACE::2024-11-17.15:28:16::SCWMssOS::Sw design exists and opened at  C:/Users/tejasvissapragada/Documents/GitHub/cs153a/vitis/lab3a_vitis/lab3a_platform/microblaze_0/standalone_domain/bsp/system.mss
TRACE::2024-11-17.15:43:51::SCWPlatform::Trying to open the hw design at C:/Users/tejasvissapragada/Documents/GitHub/cs153a/vitis/lab3a_vitis/lab3a_platform/hw/design_1_wrapper.xsa
TRACE::2024-11-17.15:43:51::SCWPlatform::DSA given C:/Users/tejasvissapragada/Documents/GitHub/cs153a/vitis/lab3a_vitis/lab3a_platform/hw/design_1_wrapper.xsa
TRACE::2024-11-17.15:43:51::SCWPlatform::DSA absoulate path C:/Users/tejasvissapragada/Documents/GitHub/cs153a/vitis/lab3a_vitis/lab3a_platform/hw/design_1_wrapper.xsa
TRACE::2024-11-17.15:43:51::SCWPlatform::DSA directory C:/Users/tejasvissapragada/Documents/GitHub/cs153a/vitis/lab3a_vitis/lab3a_platform/hw
TRACE::2024-11-17.15:43:51::SCWPlatform:: Platform Path C:/Users/tejasvissapragada/Documents/GitHub/cs153a/vitis/lab3a_vitis/lab3a_platform/hw/design_1_wrapper.xsa
TRACE::2024-11-17.15:43:51::SCWPlatform:: Unique name xilinx:::0.0
TRACE::2024-11-17.15:43:51::SCWPlatform::Do not have an existing db opened. 
TRACE::2024-11-17.15:43:52::SCWPlatform::Opened new HwDB with name design_1_wrapper
TRACE::2024-11-17.15:43:52::SCWReader::Active system found as  lab3a_platform
TRACE::2024-11-17.15:43:52::SCWReader::Handling sysconfig lab3a_platform
TRACE::2024-11-17.15:43:52::SCWDomain::checking for install qemu data   : 
TRACE::2024-11-17.15:43:52::SCWPlatform::Trying to open the hw design at C:/Users/tejasvissapragada/Documents/GitHub/cs153a/vitis/lab3a_vitis/lab3a_platform/hw/design_1_wrapper.xsa
TRACE::2024-11-17.15:43:52::SCWPlatform::DSA given C:/Users/tejasvissapragada/Documents/GitHub/cs153a/vitis/lab3a_vitis/lab3a_platform/hw/design_1_wrapper.xsa
TRACE::2024-11-17.15:43:52::SCWPlatform::DSA absoulate path C:/Users/tejasvissapragada/Documents/GitHub/cs153a/vitis/lab3a_vitis/lab3a_platform/hw/design_1_wrapper.xsa
TRACE::2024-11-17.15:43:52::SCWPlatform::DSA directory C:/Users/tejasvissapragada/Documents/GitHub/cs153a/vitis/lab3a_vitis/lab3a_platform/hw
TRACE::2024-11-17.15:43:52::SCWPlatform:: Platform Path C:/Users/tejasvissapragada/Documents/GitHub/cs153a/vitis/lab3a_vitis/lab3a_platform/hw/design_1_wrapper.xsa
TRACE::2024-11-17.15:43:52::SCWPlatform:: Unique name xilinx:::0.0
TRACE::2024-11-17.15:43:52::SCWPlatform::Trying to set the existing hwdb with name design_1_wrapper
TRACE::2024-11-17.15:43:52::SCWPlatform::Opened existing hwdb design_1_wrapper
TRACE::2024-11-17.15:43:52::SCWPlatform::Found the Hw Db part of the input DSA
TRACE::2024-11-17.15:43:52::SCWPlatform::Trying to open the hw design at C:/Users/tejasvissapragada/Documents/GitHub/cs153a/vitis/lab3a_vitis/lab3a_platform/hw/design_1_wrapper.xsa
TRACE::2024-11-17.15:43:52::SCWPlatform::DSA given C:/Users/tejasvissapragada/Documents/GitHub/cs153a/vitis/lab3a_vitis/lab3a_platform/hw/design_1_wrapper.xsa
TRACE::2024-11-17.15:43:52::SCWPlatform::DSA absoulate path C:/Users/tejasvissapragada/Documents/GitHub/cs153a/vitis/lab3a_vitis/lab3a_platform/hw/design_1_wrapper.xsa
TRACE::2024-11-17.15:43:52::SCWPlatform::DSA directory C:/Users/tejasvissapragada/Documents/GitHub/cs153a/vitis/lab3a_vitis/lab3a_platform/hw
TRACE::2024-11-17.15:43:52::SCWPlatform:: Platform Path C:/Users/tejasvissapragada/Documents/GitHub/cs153a/vitis/lab3a_vitis/lab3a_platform/hw/design_1_wrapper.xsa
TRACE::2024-11-17.15:43:52::SCWPlatform:: Unique name xilinx:::0.0
TRACE::2024-11-17.15:43:52::SCWPlatform::Trying to set the existing hwdb with name design_1_wrapper
TRACE::2024-11-17.15:43:52::SCWPlatform::Opened existing hwdb design_1_wrapper
TRACE::2024-11-17.15:43:52::SCWPlatform::Found the Hw Db part of the input DSA
TRACE::2024-11-17.15:43:52::SCWPlatform::Trying to open the hw design at C:/Users/tejasvissapragada/Documents/GitHub/cs153a/vitis/lab3a_vitis/lab3a_platform/hw/design_1_wrapper.xsa
TRACE::2024-11-17.15:43:52::SCWPlatform::DSA given C:/Users/tejasvissapragada/Documents/GitHub/cs153a/vitis/lab3a_vitis/lab3a_platform/hw/design_1_wrapper.xsa
TRACE::2024-11-17.15:43:52::SCWPlatform::DSA absoulate path C:/Users/tejasvissapragada/Documents/GitHub/cs153a/vitis/lab3a_vitis/lab3a_platform/hw/design_1_wrapper.xsa
TRACE::2024-11-17.15:43:52::SCWPlatform::DSA directory C:/Users/tejasvissapragada/Documents/GitHub/cs153a/vitis/lab3a_vitis/lab3a_platform/hw
TRACE::2024-11-17.15:43:52::SCWPlatform:: Platform Path C:/Users/tejasvissapragada/Documents/GitHub/cs153a/vitis/lab3a_vitis/lab3a_platform/hw/design_1_wrapper.xsa
TRACE::2024-11-17.15:43:52::SCWPlatform:: Unique name xilinx:::0.0
TRACE::2024-11-17.15:43:52::SCWPlatform::Trying to set the existing hwdb with name design_1_wrapper
TRACE::2024-11-17.15:43:52::SCWPlatform::Opened existing hwdb design_1_wrapper
TRACE::2024-11-17.15:43:52::SCWPlatform::Found the Hw Db part of the input DSA
TRACE::2024-11-17.15:43:52::SCWPlatform::Trying to open the hw design at C:/Users/tejasvissapragada/Documents/GitHub/cs153a/vitis/lab3a_vitis/lab3a_platform/hw/design_1_wrapper.xsa
TRACE::2024-11-17.15:43:52::SCWPlatform::DSA given C:/Users/tejasvissapragada/Documents/GitHub/cs153a/vitis/lab3a_vitis/lab3a_platform/hw/design_1_wrapper.xsa
TRACE::2024-11-17.15:43:52::SCWPlatform::DSA absoulate path C:/Users/tejasvissapragada/Documents/GitHub/cs153a/vitis/lab3a_vitis/lab3a_platform/hw/design_1_wrapper.xsa
TRACE::2024-11-17.15:43:52::SCWPlatform::DSA directory C:/Users/tejasvissapragada/Documents/GitHub/cs153a/vitis/lab3a_vitis/lab3a_platform/hw
TRACE::2024-11-17.15:43:52::SCWPlatform:: Platform Path C:/Users/tejasvissapragada/Documents/GitHub/cs153a/vitis/lab3a_vitis/lab3a_platform/hw/design_1_wrapper.xsa
TRACE::2024-11-17.15:43:52::SCWPlatform:: Unique name xilinx:::0.0
TRACE::2024-11-17.15:43:52::SCWPlatform::Trying to set the existing hwdb with name design_1_wrapper
TRACE::2024-11-17.15:43:52::SCWPlatform::Opened existing hwdb design_1_wrapper
TRACE::2024-11-17.15:43:52::SCWPlatform::Found the Hw Db part of the input DSA
TRACE::2024-11-17.15:43:52::SCWMssOS::Checking the sw design at  C:/Users/tejasvissapragada/Documents/GitHub/cs153a/vitis/lab3a_vitis/lab3a_platform/microblaze_0/standalone_domain/bsp/system.mss
TRACE::2024-11-17.15:43:52::SCWMssOS::DEBUG:  swdes dump  
TRACE::2024-11-17.15:43:52::SCWMssOS::No sw design opened at  C:/Users/tejasvissapragada/Documents/GitHub/cs153a/vitis/lab3a_vitis/lab3a_platform/microblaze_0/standalone_domain/bsp/system.mss
TRACE::2024-11-17.15:43:52::SCWMssOS::mss exists loading the mss file  C:/Users/tejasvissapragada/Documents/GitHub/cs153a/vitis/lab3a_vitis/lab3a_platform/microblaze_0/standalone_domain/bsp/system.mss
TRACE::2024-11-17.15:43:52::SCWMssOS::Opened the sw design from mss  C:/Users/tejasvissapragada/Documents/GitHub/cs153a/vitis/lab3a_vitis/lab3a_platform/microblaze_0/standalone_domain/bsp/system.mss
TRACE::2024-11-17.15:43:52::SCWMssOS::Adding the swdes entry C:/Users/tejasvissapragada/Documents/GitHub/cs153a/vitis/lab3a_vitis/lab3a_platform/microblaze_0/standalone_domain/bsp/system.mss with des name system
TRACE::2024-11-17.15:43:52::SCWMssOS::updating the scw layer about changes
TRACE::2024-11-17.15:43:52::SCWMssOS::Opened the sw design.  C:/Users/tejasvissapragada/Documents/GitHub/cs153a/vitis/lab3a_vitis/lab3a_platform/microblaze_0/standalone_domain/bsp/system.mss
TRACE::2024-11-17.15:43:52::SCWMssOS::Saving the mss changes C:/Users/tejasvissapragada/Documents/GitHub/cs153a/vitis/lab3a_vitis/lab3a_platform/microblaze_0/standalone_domain/bsp/system.mss
TRACE::2024-11-17.15:43:52::SCWMssOS::Found a swdesign opened with the mssfile.
TRACE::2024-11-17.15:43:52::SCWMssOS::Completed writemss as part of save.
TRACE::2024-11-17.15:43:52::SCWMssOS::Commit changes completed.
TRACE::2024-11-17.15:43:52::SCWReader::Adding prebuilt librarypaths as   
TRACE::2024-11-17.15:43:52::SCWReader::Adding prebuilt incpaths  as   
TRACE::2024-11-17.15:43:52::SCWPlatform::Trying to open the hw design at C:/Users/tejasvissapragada/Documents/GitHub/cs153a/vitis/lab3a_vitis/lab3a_platform/hw/design_1_wrapper.xsa
TRACE::2024-11-17.15:43:52::SCWPlatform::DSA given C:/Users/tejasvissapragada/Documents/GitHub/cs153a/vitis/lab3a_vitis/lab3a_platform/hw/design_1_wrapper.xsa
TRACE::2024-11-17.15:43:52::SCWPlatform::DSA absoulate path C:/Users/tejasvissapragada/Documents/GitHub/cs153a/vitis/lab3a_vitis/lab3a_platform/hw/design_1_wrapper.xsa
TRACE::2024-11-17.15:43:52::SCWPlatform::DSA directory C:/Users/tejasvissapragada/Documents/GitHub/cs153a/vitis/lab3a_vitis/lab3a_platform/hw
TRACE::2024-11-17.15:43:52::SCWPlatform:: Platform Path C:/Users/tejasvissapragada/Documents/GitHub/cs153a/vitis/lab3a_vitis/lab3a_platform/hw/design_1_wrapper.xsa
TRACE::2024-11-17.15:43:52::SCWPlatform:: Unique name xilinx:::0.0
TRACE::2024-11-17.15:43:52::SCWPlatform::Trying to set the existing hwdb with name design_1_wrapper
TRACE::2024-11-17.15:43:52::SCWPlatform::Opened existing hwdb design_1_wrapper
TRACE::2024-11-17.15:43:52::SCWPlatform::Found the Hw Db part of the input DSA
TRACE::2024-11-17.15:43:52::SCWMssOS::Checking the sw design at  C:/Users/tejasvissapragada/Documents/GitHub/cs153a/vitis/lab3a_vitis/lab3a_platform/microblaze_0/standalone_domain/bsp/system.mss
TRACE::2024-11-17.15:43:52::SCWMssOS::DEBUG:  swdes dump  C:/Users/tejasvissapragada/Documents/GitHub/cs153a/vitis/lab3a_vitis/lab3a_platform/microblaze_0/standalone_domain/bsp/system.mss|system||

TRACE::2024-11-17.15:43:52::SCWMssOS::Sw design exists and opened at  C:/Users/tejasvissapragada/Documents/GitHub/cs153a/vitis/lab3a_vitis/lab3a_platform/microblaze_0/standalone_domain/bsp/system.mss
TRACE::2024-11-17.15:43:52::SCWReader::No isolation master present  
LOG::2024-11-17.15:43:52::SCWPlatform::Started generating the artifacts platform lab3a_platform
TRACE::2024-11-17.15:43:52::SCWPlatform::Sanity checking of platform is completed
LOG::2024-11-17.15:43:52::SCWPlatform::Started generating the artifacts for system configuration lab3a_platform
LOG::2024-11-17.15:43:52::SCWSystem::Checking the domain standalone_domain
LOG::2024-11-17.15:43:52::SCWSystem::Not a boot domain 
LOG::2024-11-17.15:43:52::SCWSystem::Started Processing the domain standalone_domain
TRACE::2024-11-17.15:43:52::SCWDomain::Generating domain artifcats
TRACE::2024-11-17.15:43:52::SCWMssOS::Generating standalone artifcats
TRACE::2024-11-17.15:43:52::SCWMssOS:: Copying the user libraries. 
TRACE::2024-11-17.15:43:52::SCWPlatform::Trying to open the hw design at C:/Users/tejasvissapragada/Documents/GitHub/cs153a/vitis/lab3a_vitis/lab3a_platform/hw/design_1_wrapper.xsa
TRACE::2024-11-17.15:43:52::SCWPlatform::DSA given C:/Users/tejasvissapragada/Documents/GitHub/cs153a/vitis/lab3a_vitis/lab3a_platform/hw/design_1_wrapper.xsa
TRACE::2024-11-17.15:43:52::SCWPlatform::DSA absoulate path C:/Users/tejasvissapragada/Documents/GitHub/cs153a/vitis/lab3a_vitis/lab3a_platform/hw/design_1_wrapper.xsa
TRACE::2024-11-17.15:43:52::SCWPlatform::DSA directory C:/Users/tejasvissapragada/Documents/GitHub/cs153a/vitis/lab3a_vitis/lab3a_platform/hw
TRACE::2024-11-17.15:43:52::SCWPlatform:: Platform Path C:/Users/tejasvissapragada/Documents/GitHub/cs153a/vitis/lab3a_vitis/lab3a_platform/hw/design_1_wrapper.xsa
TRACE::2024-11-17.15:43:52::SCWPlatform:: Unique name xilinx:::0.0
TRACE::2024-11-17.15:43:52::SCWPlatform::Trying to set the existing hwdb with name design_1_wrapper
TRACE::2024-11-17.15:43:52::SCWPlatform::Opened existing hwdb design_1_wrapper
TRACE::2024-11-17.15:43:52::SCWPlatform::Found the Hw Db part of the input DSA
TRACE::2024-11-17.15:43:52::SCWMssOS::Checking the sw design at  C:/Users/tejasvissapragada/Documents/GitHub/cs153a/vitis/lab3a_vitis/lab3a_platform/microblaze_0/standalone_domain/bsp/system.mss
TRACE::2024-11-17.15:43:52::SCWMssOS::DEBUG:  swdes dump  C:/Users/tejasvissapragada/Documents/GitHub/cs153a/vitis/lab3a_vitis/lab3a_platform/microblaze_0/standalone_domain/bsp/system.mss|system||

TRACE::2024-11-17.15:43:52::SCWMssOS::Sw design exists and opened at  C:/Users/tejasvissapragada/Documents/GitHub/cs153a/vitis/lab3a_vitis/lab3a_platform/microblaze_0/standalone_domain/bsp/system.mss
TRACE::2024-11-17.15:43:52::SCWMssOS::Completed writing the mss file at C:/Users/tejasvissapragada/Documents/GitHub/cs153a/vitis/lab3a_vitis/lab3a_platform/microblaze_0/standalone_domain/bsp
TRACE::2024-11-17.15:43:52::SCWMssOS::Mss edits present, copying mssfile into export location C:/Users/tejasvissapragada/Documents/GitHub/cs153a/vitis/lab3a_vitis/lab3a_platform/microblaze_0/standalone_domain/bsp/system.mss
TRACE::2024-11-17.15:43:52::SCWMssOS::bsp generated is upto date with the mss file. Skipping bsp generation.
TRACE::2024-11-17.15:43:52::SCWMssOS::BSP is already built. skipping the bsp build ... 
TRACE::2024-11-17.15:43:52::SCWDomain::Building the domain as part of full build :  standalone_domain
TRACE::2024-11-17.15:43:52::SCWMssOS::doing bsp build ... 
TRACE::2024-11-17.15:43:52::SCWMssOS::System Command Ran  C: & cd  C:/Users/tejasvissapragada/Documents/GitHub/cs153a/vitis/lab3a_vitis/lab3a_platform/microblaze_0/standalone_domain/bsp & make 
TRACE::2024-11-17.15:43:52::SCWMssOS::make --no-print-directory seq_libs

TRACE::2024-11-17.15:43:52::SCWMssOS::'Finished building libraries sequentially.'

TRACE::2024-11-17.15:43:52::SCWMssOS::make -j 2 --no-print-directory par_libs

TRACE::2024-11-17.15:43:52::SCWMssOS::"Running Make include in microblaze_0/libsrc/bram_v4_7/src"

TRACE::2024-11-17.15:43:52::SCWMssOS::make -C microblaze_0/libsrc/bram_v4_7/src -s include  "SHELL=CMD" "COMPILER=mb-gcc" "ASSEMBLER=mb-as" "ARCHIVER=mb-ar" "COMPILE
TRACE::2024-11-17.15:43:52::SCWMssOS::R_FLAGS=  -O2 -c -mcpu=v11.0 -mhard-float -mlittle-endian -mno-xl-soft-div -mno-xl-soft-mul -mxl-barrel-shift -mxl-float-conver
TRACE::2024-11-17.15:43:52::SCWMssOS::t -mxl-float-sqrt -mxl-pattern-compare" "EXTRA_COMPILER_FLAGS=-g -ffunction-sections -fdata-sections -Wall -Wextra -fno-tree-lo
TRACE::2024-11-17.15:43:52::SCWMssOS::op-distribute-patterns"

TRACE::2024-11-17.15:43:52::SCWMssOS::"Running Make include in microblaze_0/libsrc/cpu_v2_15/src"

TRACE::2024-11-17.15:43:52::SCWMssOS::make -C microblaze_0/libsrc/cpu_v2_15/src -s include  "SHELL=CMD" "COMPILER=mb-gcc" "ASSEMBLER=mb-as" "ARCHIVER=mb-ar" "COMPILE
TRACE::2024-11-17.15:43:52::SCWMssOS::R_FLAGS=  -O2 -c -mcpu=v11.0 -mhard-float -mlittle-endian -mno-xl-soft-div -mno-xl-soft-mul -mxl-barrel-shift -mxl-float-conver
TRACE::2024-11-17.15:43:52::SCWMssOS::t -mxl-float-sqrt -mxl-pattern-compare" "EXTRA_COMPILER_FLAGS=-g -ffunction-sections -fdata-sections -Wall -Wextra -fno-tree-lo
TRACE::2024-11-17.15:43:52::SCWMssOS::op-distribute-patterns"

TRACE::2024-11-17.15:43:52::SCWMssOS::"Running Make include in microblaze_0/libsrc/gpio_v4_9/src"

TRACE::2024-11-17.15:43:52::SCWMssOS::make -C microblaze_0/libsrc/gpio_v4_9/src -s include  "SHELL=CMD" "COMPILER=mb-gcc" "ASSEMBLER=mb-as" "ARCHIVER=mb-ar" "COMPILE
TRACE::2024-11-17.15:43:52::SCWMssOS::R_FLAGS=  -O2 -c -mcpu=v11.0 -mhard-float -mlittle-endian -mno-xl-soft-div -mno-xl-soft-mul -mxl-barrel-shift -mxl-float-conver
TRACE::2024-11-17.15:43:52::SCWMssOS::t -mxl-float-sqrt -mxl-pattern-compare" "EXTRA_COMPILER_FLAGS=-g -ffunction-sections -fdata-sections -Wall -Wextra -fno-tree-lo
TRACE::2024-11-17.15:43:52::SCWMssOS::op-distribute-patterns"

TRACE::2024-11-17.15:43:52::SCWMssOS::"Running Make include in microblaze_0/libsrc/intc_v3_14/src"

TRACE::2024-11-17.15:43:52::SCWMssOS::make -C microblaze_0/libsrc/intc_v3_14/src -s include  "SHELL=CMD" "COMPILER=mb-gcc" "ASSEMBLER=mb-as" "ARCHIVER=mb-ar" "COMPIL
TRACE::2024-11-17.15:43:52::SCWMssOS::ER_FLAGS=  -O2 -c -mcpu=v11.0 -mhard-float -mlittle-endian -mno-xl-soft-div -mno-xl-soft-mul -mxl-barrel-shift -mxl-float-conve
TRACE::2024-11-17.15:43:52::SCWMssOS::rt -mxl-float-sqrt -mxl-pattern-compare" "EXTRA_COMPILER_FLAGS=-g -ffunction-sections -fdata-sections -Wall -Wextra -fno-tree-l
TRACE::2024-11-17.15:43:52::SCWMssOS::oop-distribute-patterns"

TRACE::2024-11-17.15:43:52::SCWMssOS::"Running Make include in microblaze_0/libsrc/spi_v4_9/src"

TRACE::2024-11-17.15:43:52::SCWMssOS::make -C microblaze_0/libsrc/spi_v4_9/src -s include  "SHELL=CMD" "COMPILER=mb-gcc" "ASSEMBLER=mb-as" "ARCHIVER=mb-ar" "COMPILER
TRACE::2024-11-17.15:43:52::SCWMssOS::_FLAGS=  -O2 -c -mcpu=v11.0 -mhard-float -mlittle-endian -mno-xl-soft-div -mno-xl-soft-mul -mxl-barrel-shift -mxl-float-convert
TRACE::2024-11-17.15:43:52::SCWMssOS:: -mxl-float-sqrt -mxl-pattern-compare" "EXTRA_COMPILER_FLAGS=-g -ffunction-sections -fdata-sections -Wall -Wextra -fno-tree-loo
TRACE::2024-11-17.15:43:52::SCWMssOS::p-distribute-patterns"

TRACE::2024-11-17.15:43:52::SCWMssOS::"Running Make include in microblaze_0/libsrc/standalone_v7_7/src"

TRACE::2024-11-17.15:43:52::SCWMssOS::make -C microblaze_0/libsrc/standalone_v7_7/src -s include  "SHELL=CMD" "COMPILER=mb-gcc" "ASSEMBLER=mb-as" "ARCHIVER=mb-ar" "C
TRACE::2024-11-17.15:43:52::SCWMssOS::OMPILER_FLAGS=  -O2 -c -mcpu=v11.0 -mhard-float -mlittle-endian -mno-xl-soft-div -mno-xl-soft-mul -mxl-barrel-shift -mxl-float-
TRACE::2024-11-17.15:43:52::SCWMssOS::convert -mxl-float-sqrt -mxl-pattern-compare" "EXTRA_COMPILER_FLAGS=-g -ffunction-sections -fdata-sections -Wall -Wextra -fno-t
TRACE::2024-11-17.15:43:52::SCWMssOS::ree-loop-distribute-patterns"

TRACE::2024-11-17.15:43:52::SCWMssOS::"Running Make include in microblaze_0/libsrc/tmrctr_v4_9/src"

TRACE::2024-11-17.15:43:52::SCWMssOS::make -C microblaze_0/libsrc/tmrctr_v4_9/src -s include  "SHELL=CMD" "COMPILER=mb-gcc" "ASSEMBLER=mb-as" "ARCHIVER=mb-ar" "COMPI
TRACE::2024-11-17.15:43:52::SCWMssOS::LER_FLAGS=  -O2 -c -mcpu=v11.0 -mhard-float -mlittle-endian -mno-xl-soft-div -mno-xl-soft-mul -mxl-barrel-shift -mxl-float-conv
TRACE::2024-11-17.15:43:52::SCWMssOS::ert -mxl-float-sqrt -mxl-pattern-compare" "EXTRA_COMPILER_FLAGS=-g -ffunction-sections -fdata-sections -Wall -Wextra -fno-tree-
TRACE::2024-11-17.15:43:52::SCWMssOS::loop-distribute-patterns"

TRACE::2024-11-17.15:43:52::SCWMssOS::"Running Make include in microblaze_0/libsrc/uartlite_v3_7/src"

TRACE::2024-11-17.15:43:52::SCWMssOS::make -C microblaze_0/libsrc/uartlite_v3_7/src -s include  "SHELL=CMD" "COMPILER=mb-gcc" "ASSEMBLER=mb-as" "ARCHIVER=mb-ar" "COM
TRACE::2024-11-17.15:43:52::SCWMssOS::PILER_FLAGS=  -O2 -c -mcpu=v11.0 -mhard-float -mlittle-endian -mno-xl-soft-div -mno-xl-soft-mul -mxl-barrel-shift -mxl-float-co
TRACE::2024-11-17.15:43:52::SCWMssOS::nvert -mxl-float-sqrt -mxl-pattern-compare" "EXTRA_COMPILER_FLAGS=-g -ffunction-sections -fdata-sections -Wall -Wextra -fno-tre
TRACE::2024-11-17.15:43:52::SCWMssOS::e-loop-distribute-patterns"

TRACE::2024-11-17.15:43:52::SCWMssOS::"Running Make libs in microblaze_0/libsrc/bram_v4_7/src"

TRACE::2024-11-17.15:43:52::SCWMssOS::make -C microblaze_0/libsrc/bram_v4_7/src -s libs  "SHELL=CMD" "COMPILER=mb-gcc" "ASSEMBLER=mb-as" "ARCHIVER=mb-ar" "COMPILER_F
TRACE::2024-11-17.15:43:52::SCWMssOS::LAGS=  -O2 -c -mcpu=v11.0 -mhard-float -mlittle-endian -mno-xl-soft-div -mno-xl-soft-mul -mxl-barrel-shift -mxl-float-convert -
TRACE::2024-11-17.15:43:52::SCWMssOS::mxl-float-sqrt -mxl-pattern-compare" "EXTRA_COMPILER_FLAGS=-g -ffunction-sections -fdata-sections -Wall -Wextra -fno-tree-loop-
TRACE::2024-11-17.15:43:52::SCWMssOS::distribute-patterns"

TRACE::2024-11-17.15:43:52::SCWMssOS::"Running Make libs in microblaze_0/libsrc/cpu_v2_15/src"

TRACE::2024-11-17.15:43:52::SCWMssOS::make -C microblaze_0/libsrc/cpu_v2_15/src -s libs  "SHELL=CMD" "COMPILER=mb-gcc" "ASSEMBLER=mb-as" "ARCHIVER=mb-ar" "COMPILER_F
TRACE::2024-11-17.15:43:52::SCWMssOS::LAGS=  -O2 -c -mcpu=v11.0 -mhard-float -mlittle-endian -mno-xl-soft-div -mno-xl-soft-mul -mxl-barrel-shift -mxl-float-convert -
TRACE::2024-11-17.15:43:52::SCWMssOS::mxl-float-sqrt -mxl-pattern-compare" "EXTRA_COMPILER_FLAGS=-g -ffunction-sections -fdata-sections -Wall -Wextra -fno-tree-loop-
TRACE::2024-11-17.15:43:52::SCWMssOS::distribute-patterns"

TRACE::2024-11-17.15:43:53::SCWMssOS::"Running Make libs in microblaze_0/libsrc/gpio_v4_9/src"

TRACE::2024-11-17.15:43:53::SCWMssOS::make -C microblaze_0/libsrc/gpio_v4_9/src -s libs  "SHELL=CMD" "COMPILER=mb-gcc" "ASSEMBLER=mb-as" "ARCHIVER=mb-ar" "COMPILER_F
TRACE::2024-11-17.15:43:53::SCWMssOS::LAGS=  -O2 -c -mcpu=v11.0 -mhard-float -mlittle-endian -mno-xl-soft-div -mno-xl-soft-mul -mxl-barrel-shift -mxl-float-convert -
TRACE::2024-11-17.15:43:53::SCWMssOS::mxl-float-sqrt -mxl-pattern-compare" "EXTRA_COMPILER_FLAGS=-g -ffunction-sections -fdata-sections -Wall -Wextra -fno-tree-loop-
TRACE::2024-11-17.15:43:53::SCWMssOS::distribute-patterns"

TRACE::2024-11-17.15:43:53::SCWMssOS::"Running Make libs in microblaze_0/libsrc/intc_v3_14/src"

TRACE::2024-11-17.15:43:53::SCWMssOS::make -C microblaze_0/libsrc/intc_v3_14/src -s libs  "SHELL=CMD" "COMPILER=mb-gcc" "ASSEMBLER=mb-as" "ARCHIVER=mb-ar" "COMPILER_
TRACE::2024-11-17.15:43:53::SCWMssOS::FLAGS=  -O2 -c -mcpu=v11.0 -mhard-float -mlittle-endian -mno-xl-soft-div -mno-xl-soft-mul -mxl-barrel-shift -mxl-float-convert 
TRACE::2024-11-17.15:43:53::SCWMssOS::-mxl-float-sqrt -mxl-pattern-compare" "EXTRA_COMPILER_FLAGS=-g -ffunction-sections -fdata-sections -Wall -Wextra -fno-tree-loop
TRACE::2024-11-17.15:43:53::SCWMssOS::-distribute-patterns"

TRACE::2024-11-17.15:43:53::SCWMssOS::"Running Make libs in microblaze_0/libsrc/spi_v4_9/src"

TRACE::2024-11-17.15:43:53::SCWMssOS::make -C microblaze_0/libsrc/spi_v4_9/src -s libs  "SHELL=CMD" "COMPILER=mb-gcc" "ASSEMBLER=mb-as" "ARCHIVER=mb-ar" "COMPILER_FL
TRACE::2024-11-17.15:43:53::SCWMssOS::AGS=  -O2 -c -mcpu=v11.0 -mhard-float -mlittle-endian -mno-xl-soft-div -mno-xl-soft-mul -mxl-barrel-shift -mxl-float-convert -m
TRACE::2024-11-17.15:43:53::SCWMssOS::xl-float-sqrt -mxl-pattern-compare" "EXTRA_COMPILER_FLAGS=-g -ffunction-sections -fdata-sections -Wall -Wextra -fno-tree-loop-d
TRACE::2024-11-17.15:43:53::SCWMssOS::istribute-patterns"

TRACE::2024-11-17.15:43:53::SCWMssOS::"Running Make libs in microblaze_0/libsrc/standalone_v7_7/src"

TRACE::2024-11-17.15:43:53::SCWMssOS::make -C microblaze_0/libsrc/standalone_v7_7/src -s libs  "SHELL=CMD" "COMPILER=mb-gcc" "ASSEMBLER=mb-as" "ARCHIVER=mb-ar" "COMP
TRACE::2024-11-17.15:43:53::SCWMssOS::ILER_FLAGS=  -O2 -c -mcpu=v11.0 -mhard-float -mlittle-endian -mno-xl-soft-div -mno-xl-soft-mul -mxl-barrel-shift -mxl-float-con
TRACE::2024-11-17.15:43:53::SCWMssOS::vert -mxl-float-sqrt -mxl-pattern-compare" "EXTRA_COMPILER_FLAGS=-g -ffunction-sections -fdata-sections -Wall -Wextra -fno-tree
TRACE::2024-11-17.15:43:53::SCWMssOS::-loop-distribute-patterns"

TRACE::2024-11-17.15:43:53::SCWMssOS::"Running Make libs in microblaze_0/libsrc/tmrctr_v4_9/src"

TRACE::2024-11-17.15:43:53::SCWMssOS::make -C microblaze_0/libsrc/tmrctr_v4_9/src -s libs  "SHELL=CMD" "COMPILER=mb-gcc" "ASSEMBLER=mb-as" "ARCHIVER=mb-ar" "COMPILER
TRACE::2024-11-17.15:43:53::SCWMssOS::_FLAGS=  -O2 -c -mcpu=v11.0 -mhard-float -mlittle-endian -mno-xl-soft-div -mno-xl-soft-mul -mxl-barrel-shift -mxl-float-convert
TRACE::2024-11-17.15:43:53::SCWMssOS:: -mxl-float-sqrt -mxl-pattern-compare" "EXTRA_COMPILER_FLAGS=-g -ffunction-sections -fdata-sections -Wall -Wextra -fno-tree-loo
TRACE::2024-11-17.15:43:53::SCWMssOS::p-distribute-patterns"

TRACE::2024-11-17.15:43:53::SCWMssOS::"Running Make libs in microblaze_0/libsrc/uartlite_v3_7/src"

TRACE::2024-11-17.15:43:53::SCWMssOS::make -C microblaze_0/libsrc/uartlite_v3_7/src -s libs  "SHELL=CMD" "COMPILER=mb-gcc" "ASSEMBLER=mb-as" "ARCHIVER=mb-ar" "COMPIL
TRACE::2024-11-17.15:43:53::SCWMssOS::ER_FLAGS=  -O2 -c -mcpu=v11.0 -mhard-float -mlittle-endian -mno-xl-soft-div -mno-xl-soft-mul -mxl-barrel-shift -mxl-float-conve
TRACE::2024-11-17.15:43:53::SCWMssOS::rt -mxl-float-sqrt -mxl-pattern-compare" "EXTRA_COMPILER_FLAGS=-g -ffunction-sections -fdata-sections -Wall -Wextra -fno-tree-l
TRACE::2024-11-17.15:43:53::SCWMssOS::oop-distribute-patterns"

TRACE::2024-11-17.15:43:53::SCWMssOS::'Finished building libraries parallelly.'

TRACE::2024-11-17.15:43:53::SCWMssOS::make --no-print-directory archive

TRACE::2024-11-17.15:43:53::SCWMssOS::mb-ar -r  microblaze_0/lib/libxil.a microblaze_0/lib/xplatform_info.o microblaze_0/lib/xuartlite.o microblaze_0/lib/microblaze_
TRACE::2024-11-17.15:43:53::SCWMssOS::disable_exceptions.o microblaze_0/lib/print.o microblaze_0/lib/xtmrctr_options.o microblaze_0/lib/_exit.o microblaze_0/lib/xil_
TRACE::2024-11-17.15:43:53::SCWMssOS::testio.o microblaze_0/lib/microblaze_disable_dcache.o microblaze_0/lib/microblaze_flush_dcache_range.o microblaze_0/lib/xspi_g.
TRACE::2024-11-17.15:43:53::SCWMssOS::o microblaze_0/lib/microblaze_flush_cache_ext.o microblaze_0/lib/xbram_sinit.o microblaze_0/lib/xspi_sinit.o microblaze_0/lib/x
TRACE::2024-11-17.15:43:53::SCWMssOS::il_misc_psreset_api.o microblaze_0/lib/xinterrupt_wrap.o microblaze_0/lib/xil_cache.o microblaze_0/lib/xil_util.o microblaze_0/
TRACE::2024-11-17.15:43:53::SCWMssOS::lib/inbyte.o microblaze_0/lib/xintc_intr.o microblaze_0/lib/microblaze_exception_handler.o microblaze_0/lib/xbram_g.o microblaz
TRACE::2024-11-17.15:43:53::SCWMssOS::e_0/lib/microblaze_scrub.o microblaze_0/lib/microblaze_invalidate_dcache.o microblaze_0/lib/microblaze_disable_interrupts.o mic
TRACE::2024-11-17.15:43:53::SCWMssOS::roblaze_0/lib/xbram_selftest.o microblaze_0/lib/microblaze_interrupt_handler.o microblaze_0/lib/microblaze_disable_icache.o mic
TRACE::2024-11-17.15:43:53::SCWMssOS::roblaze_0/lib/xuartlite_sinit.o microblaze_0/lib/xgpio_g.o microblaze_0/lib/xuartlite_g.o microblaze_0/lib/xil_mem.o microblaze
TRACE::2024-11-17.15:43:53::SCWMssOS::_0/lib/xspi_stats.o microblaze_0/lib/microblaze_flush_cache_ext_range.o microblaze_0/lib/xtmrctr_intr.o microblaze_0/lib/xbram_
TRACE::2024-11-17.15:43:53::SCWMssOS::intr.o microblaze_0/lib/xil_sleepcommon.o microblaze_0/lib/xil_printf.o microblaze_0/lib/xintc_g.o microblaze_0/lib/xtmrctr_sin
TRACE::2024-11-17.15:43:53::SCWMssOS::it.o microblaze_0/lib/xtmrctr_l.o microblaze_0/lib/xintc_selftest.o microblaze_0/lib/xintc_l.o microblaze_0/lib/outbyte.o micro
TRACE::2024-11-17.15:43:53::SCWMssOS::blaze_0/lib/microblaze_enable_exceptions.o microblaze_0/lib/xgpio_intr.o microblaze_0/lib/microblaze_invalidate_dcache_range.o 
TRACE::2024-11-17.15:43:53::SCWMssOS::microblaze_0/lib/microblaze_invalidate_cache_ext.o microblaze_0/lib/microblaze_sleep.o microblaze_0/lib/hw_exception_handler.o 
TRACE::2024-11-17.15:43:53::SCWMssOS::microblaze_0/lib/xtmrctr.o microblaze_0/lib/xuartlite_selftest.o microblaze_0/lib/xgpio_sinit.o microblaze_0/lib/microblaze_upd
TRACE::2024-11-17.15:43:53::SCWMssOS::ate_dcache.o microblaze_0/lib/xil_testcache.o microblaze_0/lib/microblaze_selftest.o microblaze_0/lib/microblaze_interrupts_g.o
TRACE::2024-11-17.15:43:53::SCWMssOS:: microblaze_0/lib/xio.o microblaze_0/lib/xtmrctr_g.o microblaze_0/lib/microblaze_enable_dcache.o microblaze_0/lib/xbram.o micro
TRACE::2024-11-17.15:43:53::SCWMssOS::blaze_0/lib/microblaze_invalidate_icache_range.o microblaze_0/lib/xtmrctr_selftest.o microblaze_0/lib/microblaze_init_dcache_ra
TRACE::2024-11-17.15:43:53::SCWMssOS::nge.o microblaze_0/lib/microblaze_invalidate_icache.o microblaze_0/lib/xspi_options.o microblaze_0/lib/errno.o microblaze_0/lib
TRACE::2024-11-17.15:43:53::SCWMssOS::/xuartlite_l.o microblaze_0/lib/xintc_options.o microblaze_0/lib/xuartlite_stats.o microblaze_0/lib/microblaze_invalidate_cache
TRACE::2024-11-17.15:43:53::SCWMssOS::_ext_range.o microblaze_0/lib/xil_exception.o microblaze_0/lib/pvr.o microblaze_0/lib/xgpio.o microblaze_0/lib/xil_testmem.o mi
TRACE::2024-11-17.15:43:53::SCWMssOS::croblaze_0/lib/microblaze_update_icache.o microblaze_0/lib/xuartlite_intr.o microblaze_0/lib/microblaze_flush_dcache.o microbla
TRACE::2024-11-17.15:43:53::SCWMssOS::ze_0/lib/xil_clocking.o microblaze_0/lib/xil_assert.o microblaze_0/lib/microblaze_enable_interrupts.o microblaze_0/lib/xgpio_ex
TRACE::2024-11-17.15:43:53::SCWMssOS::tra.o microblaze_0/lib/xspi.o microblaze_0/lib/microblaze_enable_icache.o microblaze_0/lib/xintc.o microblaze_0/lib/xtmrctr_sta
TRACE::2024-11-17.15:43:53::SCWMssOS::ts.o microblaze_0/lib/microblaze_init_icache_range.o microblaze_0/lib/xspi_selftest.o microblaze_0/lib/fcntl.o microblaze_0/lib
TRACE::2024-11-17.15:43:53::SCWMssOS::/xgpio_selftest.o

TRACE::2024-11-17.15:43:53::SCWMssOS::'Finished building libraries'

TRACE::2024-11-17.15:43:53::SCWMssOS::Copying to export directory.
TRACE::2024-11-17.15:43:54::SCWMssOS:: Checking if to create the Supporting Applications
TRACE::2024-11-17.15:43:54::SCWMssOS:: No Linux domain exists, trying to generate FSBL 
LOG::2024-11-17.15:43:54::SCWSystem::Completed Processing the domain standalone_domain
LOG::2024-11-17.15:43:54::SCWSystem::Completed Processing the sysconfig lab3a_platform
LOG::2024-11-17.15:43:54::SCWPlatform::Completed generating the artifacts for system configuration lab3a_platform
TRACE::2024-11-17.15:43:54::SCWPlatform::Started preparing the platform 
TRACE::2024-11-17.15:43:54::SCWSystem::Writing the bif file for system config lab3a_platform
TRACE::2024-11-17.15:43:54::SCWSystem::dir created 
TRACE::2024-11-17.15:43:54::SCWSystem::Writing the bif 
TRACE::2024-11-17.15:43:54::SCWPlatform::Started writing the spfm file 
TRACE::2024-11-17.15:43:54::SCWPlatform::Started writing the xpfm file 
TRACE::2024-11-17.15:43:54::SCWPlatform::Completed generating the platform
TRACE::2024-11-17.15:43:54::SCWMssOS::Saving the mss changes C:/Users/tejasvissapragada/Documents/GitHub/cs153a/vitis/lab3a_vitis/lab3a_platform/microblaze_0/standalone_domain/bsp/system.mss
TRACE::2024-11-17.15:43:54::SCWMssOS::Found a swdesign opened with the mssfile.
TRACE::2024-11-17.15:43:54::SCWMssOS::Completed writemss as part of save.
TRACE::2024-11-17.15:43:54::SCWMssOS::Commit changes completed.
TRACE::2024-11-17.15:43:54::SCWPlatform::Trying to open the hw design at C:/Users/tejasvissapragada/Documents/GitHub/cs153a/vitis/lab3a_vitis/lab3a_platform/hw/design_1_wrapper.xsa
TRACE::2024-11-17.15:43:54::SCWPlatform::DSA given C:/Users/tejasvissapragada/Documents/GitHub/cs153a/vitis/lab3a_vitis/lab3a_platform/hw/design_1_wrapper.xsa
TRACE::2024-11-17.15:43:54::SCWPlatform::DSA absoulate path C:/Users/tejasvissapragada/Documents/GitHub/cs153a/vitis/lab3a_vitis/lab3a_platform/hw/design_1_wrapper.xsa
TRACE::2024-11-17.15:43:54::SCWPlatform::DSA directory C:/Users/tejasvissapragada/Documents/GitHub/cs153a/vitis/lab3a_vitis/lab3a_platform/hw
TRACE::2024-11-17.15:43:54::SCWPlatform:: Platform Path C:/Users/tejasvissapragada/Documents/GitHub/cs153a/vitis/lab3a_vitis/lab3a_platform/hw/design_1_wrapper.xsa
TRACE::2024-11-17.15:43:54::SCWPlatform:: Unique name xilinx:::0.0
TRACE::2024-11-17.15:43:54::SCWPlatform::Trying to set the existing hwdb with name design_1_wrapper
TRACE::2024-11-17.15:43:54::SCWPlatform::Opened existing hwdb design_1_wrapper
TRACE::2024-11-17.15:43:54::SCWPlatform::Found the Hw Db part of the input DSA
TRACE::2024-11-17.15:43:54::SCWMssOS::Checking the sw design at  C:/Users/tejasvissapragada/Documents/GitHub/cs153a/vitis/lab3a_vitis/lab3a_platform/microblaze_0/standalone_domain/bsp/system.mss
TRACE::2024-11-17.15:43:54::SCWMssOS::DEBUG:  swdes dump  C:/Users/tejasvissapragada/Documents/GitHub/cs153a/vitis/lab3a_vitis/lab3a_platform/microblaze_0/standalone_domain/bsp/system.mss|system||

TRACE::2024-11-17.15:43:54::SCWMssOS::Sw design exists and opened at  C:/Users/tejasvissapragada/Documents/GitHub/cs153a/vitis/lab3a_vitis/lab3a_platform/microblaze_0/standalone_domain/bsp/system.mss
TRACE::2024-11-17.15:43:54::SCWWriter::formatted JSON is {
	"platformName":	"lab3a_platform",
	"sprVersion":	"2.0",
	"mode":	"gui",
	"dsaType":	"Fixed",
	"platformDesc":	"lab3a_platform",
	"platHandOff":	"C:/Users/tejasvissapragada/Documents/cs153a/vivado/lab3b_vivado/design_1_wrapper.xsa",
	"platIntHandOff":	"<platformDir>/hw/design_1_wrapper.xsa",
	"deviceType":	"FPGA",
	"platIsPrebuiltAutogen":	"false",
	"platIsNoBootBsp":	"false",
	"hasFsblMakeHasChanges":	"false",
	"hasPmufwMakeHasChanges":	"false",
	"platPreBuiltFlag":	false,
	"platformSamplesDir":	"",
	"platActiveSys":	"lab3a_platform",
	"systems":	[{
			"systemName":	"lab3a_platform",
			"systemDesc":	"lab3a_platform",
			"sysIsBootAutoGen":	"true",
			"systemDispName":	"lab3a_platform",
			"sysActiveDom":	"standalone_domain",
			"sysDefaultDom":	"standalone_domain",
			"domains":	[{
					"domainName":	"standalone_domain",
					"domainDispName":	"standalone on microblaze_0",
					"domainDesc":	"standalone_domain",
					"processors":	"microblaze_0",
					"os":	"standalone",
					"sdxOs":	"standalone",
					"debugEnable":	"False",
					"domRuntimes":	["cpp"],
					"swRepo":	"",
					"mssOsVer":	"7.7",
					"mssFile":	"",
					"md5Digest":	"949c3189fe3a9218a56131c49210c519",
					"compatibleApp":	"",
					"domType":	"mssDomain",
					"arch":	"32-bit",
					"appSettings":	{
						"appCompilerFlags":	"",
						"appLinkerFlags":	""
					},
					"addedLibs":	[],
					"libOptions":	{
						"libsContainingOptions":	[]
					},
					"prebuiltLibs":	{
						"prebuiltIncPath":	[],
						"prebuiltLibPath":	[]
					},
					"isolation":	{
					}
				}]
		}]
}
KEYINFO::2024-11-17.15:43:54::SCWPlatform::updated the xpfm file.
TRACE::2024-11-17.15:43:55::SCWPlatform::Trying to open the hw design at C:/Users/tejasvissapragada/Documents/GitHub/cs153a/vitis/lab3a_vitis/lab3a_platform/hw/design_1_wrapper.xsa
TRACE::2024-11-17.15:43:55::SCWPlatform::DSA given C:/Users/tejasvissapragada/Documents/GitHub/cs153a/vitis/lab3a_vitis/lab3a_platform/hw/design_1_wrapper.xsa
TRACE::2024-11-17.15:43:55::SCWPlatform::DSA absoulate path C:/Users/tejasvissapragada/Documents/GitHub/cs153a/vitis/lab3a_vitis/lab3a_platform/hw/design_1_wrapper.xsa
TRACE::2024-11-17.15:43:55::SCWPlatform::DSA directory C:/Users/tejasvissapragada/Documents/GitHub/cs153a/vitis/lab3a_vitis/lab3a_platform/hw
TRACE::2024-11-17.15:43:55::SCWPlatform:: Platform Path C:/Users/tejasvissapragada/Documents/GitHub/cs153a/vitis/lab3a_vitis/lab3a_platform/hw/design_1_wrapper.xsa
TRACE::2024-11-17.15:43:55::SCWPlatform:: Unique name xilinx:::0.0
TRACE::2024-11-17.15:43:55::SCWPlatform::Trying to set the existing hwdb with name design_1_wrapper
TRACE::2024-11-17.15:43:55::SCWPlatform::Opened existing hwdb design_1_wrapper
TRACE::2024-11-17.15:43:55::SCWPlatform::Found the Hw Db part of the input DSA
TRACE::2024-11-17.15:43:55::SCWMssOS::Checking the sw design at  C:/Users/tejasvissapragada/Documents/GitHub/cs153a/vitis/lab3a_vitis/lab3a_platform/microblaze_0/standalone_domain/bsp/system.mss
TRACE::2024-11-17.15:43:55::SCWMssOS::DEBUG:  swdes dump  C:/Users/tejasvissapragada/Documents/GitHub/cs153a/vitis/lab3a_vitis/lab3a_platform/microblaze_0/standalone_domain/bsp/system.mss|system||

TRACE::2024-11-17.15:43:55::SCWMssOS::Sw design exists and opened at  C:/Users/tejasvissapragada/Documents/GitHub/cs153a/vitis/lab3a_vitis/lab3a_platform/microblaze_0/standalone_domain/bsp/system.mss
TRACE::2024-11-24.15:39:55::SCWPlatform::Trying to open the hw design at C:/Users/tejasvissapragada/Documents/GitHub/cs153a/vitis/lab3b_vitis/lab3a_platform/hw/design_1_wrapper.xsa
TRACE::2024-11-24.15:39:55::SCWPlatform::DSA given C:/Users/tejasvissapragada/Documents/GitHub/cs153a/vitis/lab3b_vitis/lab3a_platform/hw/design_1_wrapper.xsa
TRACE::2024-11-24.15:39:55::SCWPlatform::DSA absoulate path C:/Users/tejasvissapragada/Documents/GitHub/cs153a/vitis/lab3b_vitis/lab3a_platform/hw/design_1_wrapper.xsa
TRACE::2024-11-24.15:39:55::SCWPlatform::DSA directory C:/Users/tejasvissapragada/Documents/GitHub/cs153a/vitis/lab3b_vitis/lab3a_platform/hw
TRACE::2024-11-24.15:39:55::SCWPlatform:: Platform Path C:/Users/tejasvissapragada/Documents/GitHub/cs153a/vitis/lab3b_vitis/lab3a_platform/hw/design_1_wrapper.xsa
TRACE::2024-11-24.15:39:55::SCWPlatform:: Unique name xilinx:::0.0
TRACE::2024-11-24.15:39:55::SCWPlatform::Do not have an existing db opened. 
TRACE::2024-11-24.15:39:55::SCWPlatform::Opened new HwDB with name design_1_wrapper
TRACE::2024-11-24.15:39:55::SCWReader::Active system found as  lab3a_platform
TRACE::2024-11-24.15:39:55::SCWReader::Handling sysconfig lab3a_platform
TRACE::2024-11-24.15:39:55::SCWDomain::checking for install qemu data   : 
TRACE::2024-11-24.15:39:55::SCWPlatform::Trying to open the hw design at C:/Users/tejasvissapragada/Documents/GitHub/cs153a/vitis/lab3b_vitis/lab3a_platform/hw/design_1_wrapper.xsa
TRACE::2024-11-24.15:39:55::SCWPlatform::DSA given C:/Users/tejasvissapragada/Documents/GitHub/cs153a/vitis/lab3b_vitis/lab3a_platform/hw/design_1_wrapper.xsa
TRACE::2024-11-24.15:39:55::SCWPlatform::DSA absoulate path C:/Users/tejasvissapragada/Documents/GitHub/cs153a/vitis/lab3b_vitis/lab3a_platform/hw/design_1_wrapper.xsa
TRACE::2024-11-24.15:39:55::SCWPlatform::DSA directory C:/Users/tejasvissapragada/Documents/GitHub/cs153a/vitis/lab3b_vitis/lab3a_platform/hw
TRACE::2024-11-24.15:39:55::SCWPlatform:: Platform Path C:/Users/tejasvissapragada/Documents/GitHub/cs153a/vitis/lab3b_vitis/lab3a_platform/hw/design_1_wrapper.xsa
TRACE::2024-11-24.15:39:55::SCWPlatform:: Unique name xilinx:::0.0
TRACE::2024-11-24.15:39:55::SCWPlatform::Trying to set the existing hwdb with name design_1_wrapper
TRACE::2024-11-24.15:39:55::SCWPlatform::Opened existing hwdb design_1_wrapper
TRACE::2024-11-24.15:39:55::SCWPlatform::Found the Hw Db part of the input DSA
TRACE::2024-11-24.15:39:55::SCWPlatform::Trying to open the hw design at C:/Users/tejasvissapragada/Documents/GitHub/cs153a/vitis/lab3b_vitis/lab3a_platform/hw/design_1_wrapper.xsa
TRACE::2024-11-24.15:39:55::SCWPlatform::DSA given C:/Users/tejasvissapragada/Documents/GitHub/cs153a/vitis/lab3b_vitis/lab3a_platform/hw/design_1_wrapper.xsa
TRACE::2024-11-24.15:39:55::SCWPlatform::DSA absoulate path C:/Users/tejasvissapragada/Documents/GitHub/cs153a/vitis/lab3b_vitis/lab3a_platform/hw/design_1_wrapper.xsa
TRACE::2024-11-24.15:39:55::SCWPlatform::DSA directory C:/Users/tejasvissapragada/Documents/GitHub/cs153a/vitis/lab3b_vitis/lab3a_platform/hw
TRACE::2024-11-24.15:39:55::SCWPlatform:: Platform Path C:/Users/tejasvissapragada/Documents/GitHub/cs153a/vitis/lab3b_vitis/lab3a_platform/hw/design_1_wrapper.xsa
TRACE::2024-11-24.15:39:55::SCWPlatform:: Unique name xilinx:::0.0
TRACE::2024-11-24.15:39:55::SCWPlatform::Trying to set the existing hwdb with name design_1_wrapper
TRACE::2024-11-24.15:39:55::SCWPlatform::Opened existing hwdb design_1_wrapper
TRACE::2024-11-24.15:39:55::SCWPlatform::Found the Hw Db part of the input DSA
TRACE::2024-11-24.15:39:55::SCWPlatform::Trying to open the hw design at C:/Users/tejasvissapragada/Documents/GitHub/cs153a/vitis/lab3b_vitis/lab3a_platform/hw/design_1_wrapper.xsa
TRACE::2024-11-24.15:39:55::SCWPlatform::DSA given C:/Users/tejasvissapragada/Documents/GitHub/cs153a/vitis/lab3b_vitis/lab3a_platform/hw/design_1_wrapper.xsa
TRACE::2024-11-24.15:39:55::SCWPlatform::DSA absoulate path C:/Users/tejasvissapragada/Documents/GitHub/cs153a/vitis/lab3b_vitis/lab3a_platform/hw/design_1_wrapper.xsa
TRACE::2024-11-24.15:39:55::SCWPlatform::DSA directory C:/Users/tejasvissapragada/Documents/GitHub/cs153a/vitis/lab3b_vitis/lab3a_platform/hw
TRACE::2024-11-24.15:39:55::SCWPlatform:: Platform Path C:/Users/tejasvissapragada/Documents/GitHub/cs153a/vitis/lab3b_vitis/lab3a_platform/hw/design_1_wrapper.xsa
TRACE::2024-11-24.15:39:55::SCWPlatform:: Unique name xilinx:::0.0
TRACE::2024-11-24.15:39:55::SCWPlatform::Trying to set the existing hwdb with name design_1_wrapper
TRACE::2024-11-24.15:39:55::SCWPlatform::Opened existing hwdb design_1_wrapper
TRACE::2024-11-24.15:39:55::SCWPlatform::Found the Hw Db part of the input DSA
TRACE::2024-11-24.15:39:55::SCWPlatform::Trying to open the hw design at C:/Users/tejasvissapragada/Documents/GitHub/cs153a/vitis/lab3b_vitis/lab3a_platform/hw/design_1_wrapper.xsa
TRACE::2024-11-24.15:39:55::SCWPlatform::DSA given C:/Users/tejasvissapragada/Documents/GitHub/cs153a/vitis/lab3b_vitis/lab3a_platform/hw/design_1_wrapper.xsa
TRACE::2024-11-24.15:39:55::SCWPlatform::DSA absoulate path C:/Users/tejasvissapragada/Documents/GitHub/cs153a/vitis/lab3b_vitis/lab3a_platform/hw/design_1_wrapper.xsa
TRACE::2024-11-24.15:39:55::SCWPlatform::DSA directory C:/Users/tejasvissapragada/Documents/GitHub/cs153a/vitis/lab3b_vitis/lab3a_platform/hw
TRACE::2024-11-24.15:39:55::SCWPlatform:: Platform Path C:/Users/tejasvissapragada/Documents/GitHub/cs153a/vitis/lab3b_vitis/lab3a_platform/hw/design_1_wrapper.xsa
TRACE::2024-11-24.15:39:55::SCWPlatform:: Unique name xilinx:::0.0
TRACE::2024-11-24.15:39:55::SCWPlatform::Trying to set the existing hwdb with name design_1_wrapper
TRACE::2024-11-24.15:39:55::SCWPlatform::Opened existing hwdb design_1_wrapper
TRACE::2024-11-24.15:39:55::SCWPlatform::Found the Hw Db part of the input DSA
TRACE::2024-11-24.15:39:55::SCWMssOS::Checking the sw design at  C:/Users/tejasvissapragada/Documents/GitHub/cs153a/vitis/lab3b_vitis/lab3a_platform/microblaze_0/standalone_domain/bsp/system.mss
TRACE::2024-11-24.15:39:55::SCWMssOS::DEBUG:  swdes dump  
TRACE::2024-11-24.15:39:55::SCWMssOS::No sw design opened at  C:/Users/tejasvissapragada/Documents/GitHub/cs153a/vitis/lab3b_vitis/lab3a_platform/microblaze_0/standalone_domain/bsp/system.mss
TRACE::2024-11-24.15:39:55::SCWMssOS::mss exists loading the mss file  C:/Users/tejasvissapragada/Documents/GitHub/cs153a/vitis/lab3b_vitis/lab3a_platform/microblaze_0/standalone_domain/bsp/system.mss
TRACE::2024-11-24.15:39:55::SCWMssOS::Opened the sw design from mss  C:/Users/tejasvissapragada/Documents/GitHub/cs153a/vitis/lab3b_vitis/lab3a_platform/microblaze_0/standalone_domain/bsp/system.mss
TRACE::2024-11-24.15:39:55::SCWMssOS::Adding the swdes entry C:/Users/tejasvissapragada/Documents/GitHub/cs153a/vitis/lab3b_vitis/lab3a_platform/microblaze_0/standalone_domain/bsp/system.mss with des name system
TRACE::2024-11-24.15:39:55::SCWMssOS::updating the scw layer about changes
TRACE::2024-11-24.15:39:55::SCWMssOS::Opened the sw design.  C:/Users/tejasvissapragada/Documents/GitHub/cs153a/vitis/lab3b_vitis/lab3a_platform/microblaze_0/standalone_domain/bsp/system.mss
TRACE::2024-11-24.15:39:55::SCWMssOS::Saving the mss changes C:/Users/tejasvissapragada/Documents/GitHub/cs153a/vitis/lab3b_vitis/lab3a_platform/microblaze_0/standalone_domain/bsp/system.mss
TRACE::2024-11-24.15:39:55::SCWMssOS::Found a swdesign opened with the mssfile.
TRACE::2024-11-24.15:39:55::SCWMssOS::Completed writemss as part of save.
TRACE::2024-11-24.15:39:55::SCWMssOS::Commit changes completed.
TRACE::2024-11-24.15:39:55::SCWReader::Adding prebuilt librarypaths as   
TRACE::2024-11-24.15:39:55::SCWReader::Adding prebuilt incpaths  as   
TRACE::2024-11-24.15:39:55::SCWPlatform::Trying to open the hw design at C:/Users/tejasvissapragada/Documents/GitHub/cs153a/vitis/lab3b_vitis/lab3a_platform/hw/design_1_wrapper.xsa
TRACE::2024-11-24.15:39:55::SCWPlatform::DSA given C:/Users/tejasvissapragada/Documents/GitHub/cs153a/vitis/lab3b_vitis/lab3a_platform/hw/design_1_wrapper.xsa
TRACE::2024-11-24.15:39:55::SCWPlatform::DSA absoulate path C:/Users/tejasvissapragada/Documents/GitHub/cs153a/vitis/lab3b_vitis/lab3a_platform/hw/design_1_wrapper.xsa
TRACE::2024-11-24.15:39:55::SCWPlatform::DSA directory C:/Users/tejasvissapragada/Documents/GitHub/cs153a/vitis/lab3b_vitis/lab3a_platform/hw
TRACE::2024-11-24.15:39:55::SCWPlatform:: Platform Path C:/Users/tejasvissapragada/Documents/GitHub/cs153a/vitis/lab3b_vitis/lab3a_platform/hw/design_1_wrapper.xsa
TRACE::2024-11-24.15:39:55::SCWPlatform:: Unique name xilinx:::0.0
TRACE::2024-11-24.15:39:55::SCWPlatform::Trying to set the existing hwdb with name design_1_wrapper
TRACE::2024-11-24.15:39:55::SCWPlatform::Opened existing hwdb design_1_wrapper
TRACE::2024-11-24.15:39:55::SCWPlatform::Found the Hw Db part of the input DSA
TRACE::2024-11-24.15:39:55::SCWMssOS::Checking the sw design at  C:/Users/tejasvissapragada/Documents/GitHub/cs153a/vitis/lab3b_vitis/lab3a_platform/microblaze_0/standalone_domain/bsp/system.mss
TRACE::2024-11-24.15:39:55::SCWMssOS::DEBUG:  swdes dump  C:/Users/tejasvissapragada/Documents/GitHub/cs153a/vitis/lab3b_vitis/lab3a_platform/microblaze_0/standalone_domain/bsp/system.mss|system||

TRACE::2024-11-24.15:39:55::SCWMssOS::Sw design exists and opened at  C:/Users/tejasvissapragada/Documents/GitHub/cs153a/vitis/lab3b_vitis/lab3a_platform/microblaze_0/standalone_domain/bsp/system.mss
TRACE::2024-11-24.15:39:55::SCWReader::No isolation master present  
LOG::2024-11-24.15:39:55::SCWPlatform::Started generating the artifacts platform lab3a_platform
TRACE::2024-11-24.15:39:55::SCWPlatform::Sanity checking of platform is completed
LOG::2024-11-24.15:39:55::SCWPlatform::Started generating the artifacts for system configuration lab3a_platform
LOG::2024-11-24.15:39:55::SCWSystem::Checking the domain standalone_domain
LOG::2024-11-24.15:39:55::SCWSystem::Not a boot domain 
LOG::2024-11-24.15:39:56::SCWSystem::Started Processing the domain standalone_domain
TRACE::2024-11-24.15:39:56::SCWDomain::Generating domain artifcats
TRACE::2024-11-24.15:39:56::SCWMssOS::Generating standalone artifcats
TRACE::2024-11-24.15:39:56::SCWMssOS:: Copying the user libraries. 
TRACE::2024-11-24.15:39:56::SCWPlatform::Trying to open the hw design at C:/Users/tejasvissapragada/Documents/GitHub/cs153a/vitis/lab3b_vitis/lab3a_platform/hw/design_1_wrapper.xsa
TRACE::2024-11-24.15:39:56::SCWPlatform::DSA given C:/Users/tejasvissapragada/Documents/GitHub/cs153a/vitis/lab3b_vitis/lab3a_platform/hw/design_1_wrapper.xsa
TRACE::2024-11-24.15:39:56::SCWPlatform::DSA absoulate path C:/Users/tejasvissapragada/Documents/GitHub/cs153a/vitis/lab3b_vitis/lab3a_platform/hw/design_1_wrapper.xsa
TRACE::2024-11-24.15:39:56::SCWPlatform::DSA directory C:/Users/tejasvissapragada/Documents/GitHub/cs153a/vitis/lab3b_vitis/lab3a_platform/hw
TRACE::2024-11-24.15:39:56::SCWPlatform:: Platform Path C:/Users/tejasvissapragada/Documents/GitHub/cs153a/vitis/lab3b_vitis/lab3a_platform/hw/design_1_wrapper.xsa
TRACE::2024-11-24.15:39:56::SCWPlatform:: Unique name xilinx:::0.0
TRACE::2024-11-24.15:39:56::SCWPlatform::Trying to set the existing hwdb with name design_1_wrapper
TRACE::2024-11-24.15:39:56::SCWPlatform::Opened existing hwdb design_1_wrapper
TRACE::2024-11-24.15:39:56::SCWPlatform::Found the Hw Db part of the input DSA
TRACE::2024-11-24.15:39:56::SCWMssOS::Checking the sw design at  C:/Users/tejasvissapragada/Documents/GitHub/cs153a/vitis/lab3b_vitis/lab3a_platform/microblaze_0/standalone_domain/bsp/system.mss
TRACE::2024-11-24.15:39:56::SCWMssOS::DEBUG:  swdes dump  C:/Users/tejasvissapragada/Documents/GitHub/cs153a/vitis/lab3b_vitis/lab3a_platform/microblaze_0/standalone_domain/bsp/system.mss|system||

TRACE::2024-11-24.15:39:56::SCWMssOS::Sw design exists and opened at  C:/Users/tejasvissapragada/Documents/GitHub/cs153a/vitis/lab3b_vitis/lab3a_platform/microblaze_0/standalone_domain/bsp/system.mss
TRACE::2024-11-24.15:39:56::SCWMssOS::Completed writing the mss file at C:/Users/tejasvissapragada/Documents/GitHub/cs153a/vitis/lab3b_vitis/lab3a_platform/microblaze_0/standalone_domain/bsp
TRACE::2024-11-24.15:39:56::SCWMssOS::Mss edits present, copying mssfile into export location C:/Users/tejasvissapragada/Documents/GitHub/cs153a/vitis/lab3b_vitis/lab3a_platform/microblaze_0/standalone_domain/bsp/system.mss
TRACE::2024-11-24.15:39:56::SCWMssOS::bsp generated is upto date with the mss file. Skipping bsp generation.
TRACE::2024-11-24.15:39:56::SCWMssOS::BSP is already built. skipping the bsp build ... 
TRACE::2024-11-24.15:39:56::SCWDomain::Building the domain :  standalone_domain
TRACE::2024-11-24.15:39:56::SCWMssOS::doing bsp build ... 
TRACE::2024-11-24.15:39:56::SCWMssOS::System Command Ran  C: & cd  C:/Users/tejasvissapragada/Documents/GitHub/cs153a/vitis/lab3b_vitis/lab3a_platform/microblaze_0/standalone_domain/bsp & make 
TRACE::2024-11-24.15:39:56::SCWMssOS::make --no-print-directory seq_libs

TRACE::2024-11-24.15:39:56::SCWMssOS::'Finished building libraries sequentially.'

TRACE::2024-11-24.15:39:56::SCWMssOS::make -j 2 --no-print-directory par_libs

TRACE::2024-11-24.15:39:56::SCWMssOS::"Running Make include in microblaze_0/libsrc/bram_v4_7/src"

TRACE::2024-11-24.15:39:56::SCWMssOS::make -C microblaze_0/libsrc/bram_v4_7/src -s include  "SHELL=CMD" "COMPILER=mb-gcc" "ASSEMBLER=mb-as" "ARCHIVER=mb-ar" "COMPILE
TRACE::2024-11-24.15:39:56::SCWMssOS::R_FLAGS=  -O2 -c -mcpu=v11.0 -mhard-float -mlittle-endian -mno-xl-soft-div -mno-xl-soft-mul -mxl-barrel-shift -mxl-float-conver
TRACE::2024-11-24.15:39:56::SCWMssOS::t -mxl-float-sqrt -mxl-pattern-compare" "EXTRA_COMPILER_FLAGS=-g -ffunction-sections -fdata-sections -Wall -Wextra -fno-tree-lo
TRACE::2024-11-24.15:39:56::SCWMssOS::op-distribute-patterns"

TRACE::2024-11-24.15:39:56::SCWMssOS::"Running Make include in microblaze_0/libsrc/cpu_v2_15/src"

TRACE::2024-11-24.15:39:56::SCWMssOS::make -C microblaze_0/libsrc/cpu_v2_15/src -s include  "SHELL=CMD" "COMPILER=mb-gcc" "ASSEMBLER=mb-as" "ARCHIVER=mb-ar" "COMPILE
TRACE::2024-11-24.15:39:56::SCWMssOS::R_FLAGS=  -O2 -c -mcpu=v11.0 -mhard-float -mlittle-endian -mno-xl-soft-div -mno-xl-soft-mul -mxl-barrel-shift -mxl-float-conver
TRACE::2024-11-24.15:39:56::SCWMssOS::t -mxl-float-sqrt -mxl-pattern-compare" "EXTRA_COMPILER_FLAGS=-g -ffunction-sections -fdata-sections -Wall -Wextra -fno-tree-lo
TRACE::2024-11-24.15:39:56::SCWMssOS::op-distribute-patterns"

TRACE::2024-11-24.15:39:56::SCWMssOS::"Running Make include in microblaze_0/libsrc/gpio_v4_9/src"

TRACE::2024-11-24.15:39:56::SCWMssOS::make -C microblaze_0/libsrc/gpio_v4_9/src -s include  "SHELL=CMD" "COMPILER=mb-gcc" "ASSEMBLER=mb-as" "ARCHIVER=mb-ar" "COMPILE
TRACE::2024-11-24.15:39:56::SCWMssOS::R_FLAGS=  -O2 -c -mcpu=v11.0 -mhard-float -mlittle-endian -mno-xl-soft-div -mno-xl-soft-mul -mxl-barrel-shift -mxl-float-conver
TRACE::2024-11-24.15:39:56::SCWMssOS::t -mxl-float-sqrt -mxl-pattern-compare" "EXTRA_COMPILER_FLAGS=-g -ffunction-sections -fdata-sections -Wall -Wextra -fno-tree-lo
TRACE::2024-11-24.15:39:56::SCWMssOS::op-distribute-patterns"

TRACE::2024-11-24.15:39:56::SCWMssOS::"Running Make include in microblaze_0/libsrc/intc_v3_14/src"

TRACE::2024-11-24.15:39:56::SCWMssOS::make -C microblaze_0/libsrc/intc_v3_14/src -s include  "SHELL=CMD" "COMPILER=mb-gcc" "ASSEMBLER=mb-as" "ARCHIVER=mb-ar" "COMPIL
TRACE::2024-11-24.15:39:56::SCWMssOS::ER_FLAGS=  -O2 -c -mcpu=v11.0 -mhard-float -mlittle-endian -mno-xl-soft-div -mno-xl-soft-mul -mxl-barrel-shift -mxl-float-conve
TRACE::2024-11-24.15:39:56::SCWMssOS::rt -mxl-float-sqrt -mxl-pattern-compare" "EXTRA_COMPILER_FLAGS=-g -ffunction-sections -fdata-sections -Wall -Wextra -fno-tree-l
TRACE::2024-11-24.15:39:56::SCWMssOS::oop-distribute-patterns"

TRACE::2024-11-24.15:39:56::SCWMssOS::"Running Make include in microblaze_0/libsrc/spi_v4_9/src"

TRACE::2024-11-24.15:39:56::SCWMssOS::make -C microblaze_0/libsrc/spi_v4_9/src -s include  "SHELL=CMD" "COMPILER=mb-gcc" "ASSEMBLER=mb-as" "ARCHIVER=mb-ar" "COMPILER
TRACE::2024-11-24.15:39:56::SCWMssOS::_FLAGS=  -O2 -c -mcpu=v11.0 -mhard-float -mlittle-endian -mno-xl-soft-div -mno-xl-soft-mul -mxl-barrel-shift -mxl-float-convert
TRACE::2024-11-24.15:39:56::SCWMssOS:: -mxl-float-sqrt -mxl-pattern-compare" "EXTRA_COMPILER_FLAGS=-g -ffunction-sections -fdata-sections -Wall -Wextra -fno-tree-loo
TRACE::2024-11-24.15:39:56::SCWMssOS::p-distribute-patterns"

TRACE::2024-11-24.15:39:56::SCWMssOS::"Running Make include in microblaze_0/libsrc/standalone_v7_7/src"

TRACE::2024-11-24.15:39:56::SCWMssOS::make -C microblaze_0/libsrc/standalone_v7_7/src -s include  "SHELL=CMD" "COMPILER=mb-gcc" "ASSEMBLER=mb-as" "ARCHIVER=mb-ar" "C
TRACE::2024-11-24.15:39:56::SCWMssOS::OMPILER_FLAGS=  -O2 -c -mcpu=v11.0 -mhard-float -mlittle-endian -mno-xl-soft-div -mno-xl-soft-mul -mxl-barrel-shift -mxl-float-
TRACE::2024-11-24.15:39:56::SCWMssOS::convert -mxl-float-sqrt -mxl-pattern-compare" "EXTRA_COMPILER_FLAGS=-g -ffunction-sections -fdata-sections -Wall -Wextra -fno-t
TRACE::2024-11-24.15:39:56::SCWMssOS::ree-loop-distribute-patterns"

TRACE::2024-11-24.15:39:56::SCWMssOS::"Running Make include in microblaze_0/libsrc/tmrctr_v4_9/src"

TRACE::2024-11-24.15:39:56::SCWMssOS::make -C microblaze_0/libsrc/tmrctr_v4_9/src -s include  "SHELL=CMD" "COMPILER=mb-gcc" "ASSEMBLER=mb-as" "ARCHIVER=mb-ar" "COMPI
TRACE::2024-11-24.15:39:56::SCWMssOS::LER_FLAGS=  -O2 -c -mcpu=v11.0 -mhard-float -mlittle-endian -mno-xl-soft-div -mno-xl-soft-mul -mxl-barrel-shift -mxl-float-conv
TRACE::2024-11-24.15:39:56::SCWMssOS::ert -mxl-float-sqrt -mxl-pattern-compare" "EXTRA_COMPILER_FLAGS=-g -ffunction-sections -fdata-sections -Wall -Wextra -fno-tree-
TRACE::2024-11-24.15:39:56::SCWMssOS::loop-distribute-patterns"

TRACE::2024-11-24.15:39:56::SCWMssOS::"Running Make include in microblaze_0/libsrc/uartlite_v3_7/src"

TRACE::2024-11-24.15:39:56::SCWMssOS::make -C microblaze_0/libsrc/uartlite_v3_7/src -s include  "SHELL=CMD" "COMPILER=mb-gcc" "ASSEMBLER=mb-as" "ARCHIVER=mb-ar" "COM
TRACE::2024-11-24.15:39:56::SCWMssOS::PILER_FLAGS=  -O2 -c -mcpu=v11.0 -mhard-float -mlittle-endian -mno-xl-soft-div -mno-xl-soft-mul -mxl-barrel-shift -mxl-float-co
TRACE::2024-11-24.15:39:56::SCWMssOS::nvert -mxl-float-sqrt -mxl-pattern-compare" "EXTRA_COMPILER_FLAGS=-g -ffunction-sections -fdata-sections -Wall -Wextra -fno-tre
TRACE::2024-11-24.15:39:56::SCWMssOS::e-loop-distribute-patterns"

TRACE::2024-11-24.15:39:56::SCWMssOS::"Running Make libs in microblaze_0/libsrc/bram_v4_7/src"

TRACE::2024-11-24.15:39:56::SCWMssOS::make -C microblaze_0/libsrc/bram_v4_7/src -s libs  "SHELL=CMD" "COMPILER=mb-gcc" "ASSEMBLER=mb-as" "ARCHIVER=mb-ar" "COMPILER_F
TRACE::2024-11-24.15:39:56::SCWMssOS::LAGS=  -O2 -c -mcpu=v11.0 -mhard-float -mlittle-endian -mno-xl-soft-div -mno-xl-soft-mul -mxl-barrel-shift -mxl-float-convert -
TRACE::2024-11-24.15:39:56::SCWMssOS::mxl-float-sqrt -mxl-pattern-compare" "EXTRA_COMPILER_FLAGS=-g -ffunction-sections -fdata-sections -Wall -Wextra -fno-tree-loop-
TRACE::2024-11-24.15:39:56::SCWMssOS::distribute-patterns"

TRACE::2024-11-24.15:39:56::SCWMssOS::"Running Make libs in microblaze_0/libsrc/cpu_v2_15/src"

TRACE::2024-11-24.15:39:56::SCWMssOS::make -C microblaze_0/libsrc/cpu_v2_15/src -s libs  "SHELL=CMD" "COMPILER=mb-gcc" "ASSEMBLER=mb-as" "ARCHIVER=mb-ar" "COMPILER_F
TRACE::2024-11-24.15:39:56::SCWMssOS::LAGS=  -O2 -c -mcpu=v11.0 -mhard-float -mlittle-endian -mno-xl-soft-div -mno-xl-soft-mul -mxl-barrel-shift -mxl-float-convert -
TRACE::2024-11-24.15:39:56::SCWMssOS::mxl-float-sqrt -mxl-pattern-compare" "EXTRA_COMPILER_FLAGS=-g -ffunction-sections -fdata-sections -Wall -Wextra -fno-tree-loop-
TRACE::2024-11-24.15:39:56::SCWMssOS::distribute-patterns"

TRACE::2024-11-24.15:39:57::SCWMssOS::"Running Make libs in microblaze_0/libsrc/gpio_v4_9/src"

TRACE::2024-11-24.15:39:57::SCWMssOS::make -C microblaze_0/libsrc/gpio_v4_9/src -s libs  "SHELL=CMD" "COMPILER=mb-gcc" "ASSEMBLER=mb-as" "ARCHIVER=mb-ar" "COMPILER_F
TRACE::2024-11-24.15:39:57::SCWMssOS::LAGS=  -O2 -c -mcpu=v11.0 -mhard-float -mlittle-endian -mno-xl-soft-div -mno-xl-soft-mul -mxl-barrel-shift -mxl-float-convert -
TRACE::2024-11-24.15:39:57::SCWMssOS::mxl-float-sqrt -mxl-pattern-compare" "EXTRA_COMPILER_FLAGS=-g -ffunction-sections -fdata-sections -Wall -Wextra -fno-tree-loop-
TRACE::2024-11-24.15:39:57::SCWMssOS::distribute-patterns"

TRACE::2024-11-24.15:39:58::SCWMssOS::"Running Make libs in microblaze_0/libsrc/intc_v3_14/src"

TRACE::2024-11-24.15:39:58::SCWMssOS::make -C microblaze_0/libsrc/intc_v3_14/src -s libs  "SHELL=CMD" "COMPILER=mb-gcc" "ASSEMBLER=mb-as" "ARCHIVER=mb-ar" "COMPILER_
TRACE::2024-11-24.15:39:58::SCWMssOS::FLAGS=  -O2 -c -mcpu=v11.0 -mhard-float -mlittle-endian -mno-xl-soft-div -mno-xl-soft-mul -mxl-barrel-shift -mxl-float-convert 
TRACE::2024-11-24.15:39:58::SCWMssOS::-mxl-float-sqrt -mxl-pattern-compare" "EXTRA_COMPILER_FLAGS=-g -ffunction-sections -fdata-sections -Wall -Wextra -fno-tree-loop
TRACE::2024-11-24.15:39:58::SCWMssOS::-distribute-patterns"

TRACE::2024-11-24.15:39:58::SCWMssOS::"Running Make libs in microblaze_0/libsrc/spi_v4_9/src"

TRACE::2024-11-24.15:39:58::SCWMssOS::make -C microblaze_0/libsrc/spi_v4_9/src -s libs  "SHELL=CMD" "COMPILER=mb-gcc" "ASSEMBLER=mb-as" "ARCHIVER=mb-ar" "COMPILER_FL
TRACE::2024-11-24.15:39:58::SCWMssOS::AGS=  -O2 -c -mcpu=v11.0 -mhard-float -mlittle-endian -mno-xl-soft-div -mno-xl-soft-mul -mxl-barrel-shift -mxl-float-convert -m
TRACE::2024-11-24.15:39:58::SCWMssOS::xl-float-sqrt -mxl-pattern-compare" "EXTRA_COMPILER_FLAGS=-g -ffunction-sections -fdata-sections -Wall -Wextra -fno-tree-loop-d
TRACE::2024-11-24.15:39:58::SCWMssOS::istribute-patterns"

TRACE::2024-11-24.15:39:59::SCWMssOS::"Running Make libs in microblaze_0/libsrc/standalone_v7_7/src"

TRACE::2024-11-24.15:39:59::SCWMssOS::make -C microblaze_0/libsrc/standalone_v7_7/src -s libs  "SHELL=CMD" "COMPILER=mb-gcc" "ASSEMBLER=mb-as" "ARCHIVER=mb-ar" "COMP
TRACE::2024-11-24.15:39:59::SCWMssOS::ILER_FLAGS=  -O2 -c -mcpu=v11.0 -mhard-float -mlittle-endian -mno-xl-soft-div -mno-xl-soft-mul -mxl-barrel-shift -mxl-float-con
TRACE::2024-11-24.15:39:59::SCWMssOS::vert -mxl-float-sqrt -mxl-pattern-compare" "EXTRA_COMPILER_FLAGS=-g -ffunction-sections -fdata-sections -Wall -Wextra -fno-tree
TRACE::2024-11-24.15:39:59::SCWMssOS::-loop-distribute-patterns"

TRACE::2024-11-24.15:39:59::SCWMssOS::"Running Make libs in microblaze_0/libsrc/tmrctr_v4_9/src"

TRACE::2024-11-24.15:39:59::SCWMssOS::make -C microblaze_0/libsrc/tmrctr_v4_9/src -s libs  "SHELL=CMD" "COMPILER=mb-gcc" "ASSEMBLER=mb-as" "ARCHIVER=mb-ar" "COMPILER
TRACE::2024-11-24.15:39:59::SCWMssOS::_FLAGS=  -O2 -c -mcpu=v11.0 -mhard-float -mlittle-endian -mno-xl-soft-div -mno-xl-soft-mul -mxl-barrel-shift -mxl-float-convert
TRACE::2024-11-24.15:39:59::SCWMssOS:: -mxl-float-sqrt -mxl-pattern-compare" "EXTRA_COMPILER_FLAGS=-g -ffunction-sections -fdata-sections -Wall -Wextra -fno-tree-loo
TRACE::2024-11-24.15:39:59::SCWMssOS::p-distribute-patterns"

TRACE::2024-11-24.15:40:00::SCWMssOS::"Running Make libs in microblaze_0/libsrc/uartlite_v3_7/src"

TRACE::2024-11-24.15:40:00::SCWMssOS::make -C microblaze_0/libsrc/uartlite_v3_7/src -s libs  "SHELL=CMD" "COMPILER=mb-gcc" "ASSEMBLER=mb-as" "ARCHIVER=mb-ar" "COMPIL
TRACE::2024-11-24.15:40:00::SCWMssOS::ER_FLAGS=  -O2 -c -mcpu=v11.0 -mhard-float -mlittle-endian -mno-xl-soft-div -mno-xl-soft-mul -mxl-barrel-shift -mxl-float-conve
TRACE::2024-11-24.15:40:00::SCWMssOS::rt -mxl-float-sqrt -mxl-pattern-compare" "EXTRA_COMPILER_FLAGS=-g -ffunction-sections -fdata-sections -Wall -Wextra -fno-tree-l
TRACE::2024-11-24.15:40:00::SCWMssOS::oop-distribute-patterns"

TRACE::2024-11-24.15:40:02::SCWMssOS::"DEBUG NON_LTO_OBJECTS is ../../../lib/microblaze_interrupt_handler.o"

TRACE::2024-11-24.15:40:02::SCWMssOS::'Finished building libraries parallelly.'

TRACE::2024-11-24.15:40:02::SCWMssOS::make --no-print-directory archive

TRACE::2024-11-24.15:40:02::SCWMssOS::mb-ar -r  microblaze_0/lib/libxil.a microblaze_0/lib/xplatform_info.o microblaze_0/lib/xuartlite.o microblaze_0/lib/microblaze_
TRACE::2024-11-24.15:40:02::SCWMssOS::disable_exceptions.o microblaze_0/lib/print.o microblaze_0/lib/xtmrctr_options.o microblaze_0/lib/_exit.o microblaze_0/lib/xil_
TRACE::2024-11-24.15:40:02::SCWMssOS::testio.o microblaze_0/lib/microblaze_disable_dcache.o microblaze_0/lib/microblaze_flush_dcache_range.o microblaze_0/lib/xspi_g.
TRACE::2024-11-24.15:40:02::SCWMssOS::o microblaze_0/lib/microblaze_flush_cache_ext.o microblaze_0/lib/xbram_sinit.o microblaze_0/lib/xspi_sinit.o microblaze_0/lib/x
TRACE::2024-11-24.15:40:02::SCWMssOS::il_misc_psreset_api.o microblaze_0/lib/xinterrupt_wrap.o microblaze_0/lib/xil_cache.o microblaze_0/lib/xil_util.o microblaze_0/
TRACE::2024-11-24.15:40:02::SCWMssOS::lib/inbyte.o microblaze_0/lib/xintc_intr.o microblaze_0/lib/microblaze_exception_handler.o microblaze_0/lib/xbram_g.o microblaz
TRACE::2024-11-24.15:40:02::SCWMssOS::e_0/lib/microblaze_scrub.o microblaze_0/lib/microblaze_invalidate_dcache.o microblaze_0/lib/microblaze_disable_interrupts.o mic
TRACE::2024-11-24.15:40:02::SCWMssOS::roblaze_0/lib/xbram_selftest.o microblaze_0/lib/microblaze_interrupt_handler.o microblaze_0/lib/microblaze_disable_icache.o mic
TRACE::2024-11-24.15:40:02::SCWMssOS::roblaze_0/lib/xuartlite_sinit.o microblaze_0/lib/xgpio_g.o microblaze_0/lib/xuartlite_g.o microblaze_0/lib/xil_mem.o microblaze
TRACE::2024-11-24.15:40:02::SCWMssOS::_0/lib/xspi_stats.o microblaze_0/lib/microblaze_flush_cache_ext_range.o microblaze_0/lib/xtmrctr_intr.o microblaze_0/lib/xbram_
TRACE::2024-11-24.15:40:02::SCWMssOS::intr.o microblaze_0/lib/xil_sleepcommon.o microblaze_0/lib/xil_printf.o microblaze_0/lib/xintc_g.o microblaze_0/lib/xtmrctr_sin
TRACE::2024-11-24.15:40:02::SCWMssOS::it.o microblaze_0/lib/xtmrctr_l.o microblaze_0/lib/xintc_selftest.o microblaze_0/lib/xintc_l.o microblaze_0/lib/outbyte.o micro
TRACE::2024-11-24.15:40:02::SCWMssOS::blaze_0/lib/microblaze_enable_exceptions.o microblaze_0/lib/xgpio_intr.o microblaze_0/lib/microblaze_invalidate_dcache_range.o 
TRACE::2024-11-24.15:40:02::SCWMssOS::microblaze_0/lib/microblaze_invalidate_cache_ext.o microblaze_0/lib/microblaze_sleep.o microblaze_0/lib/hw_exception_handler.o 
TRACE::2024-11-24.15:40:02::SCWMssOS::microblaze_0/lib/xtmrctr.o microblaze_0/lib/xuartlite_selftest.o microblaze_0/lib/xgpio_sinit.o microblaze_0/lib/microblaze_upd
TRACE::2024-11-24.15:40:02::SCWMssOS::ate_dcache.o microblaze_0/lib/xil_testcache.o microblaze_0/lib/microblaze_selftest.o microblaze_0/lib/microblaze_interrupts_g.o
TRACE::2024-11-24.15:40:02::SCWMssOS:: microblaze_0/lib/xio.o microblaze_0/lib/xtmrctr_g.o microblaze_0/lib/microblaze_enable_dcache.o microblaze_0/lib/xbram.o micro
TRACE::2024-11-24.15:40:02::SCWMssOS::blaze_0/lib/microblaze_invalidate_icache_range.o microblaze_0/lib/xtmrctr_selftest.o microblaze_0/lib/microblaze_init_dcache_ra
TRACE::2024-11-24.15:40:02::SCWMssOS::nge.o microblaze_0/lib/microblaze_invalidate_icache.o microblaze_0/lib/xspi_options.o microblaze_0/lib/errno.o microblaze_0/lib
TRACE::2024-11-24.15:40:02::SCWMssOS::/xuartlite_l.o microblaze_0/lib/xintc_options.o microblaze_0/lib/xuartlite_stats.o microblaze_0/lib/microblaze_invalidate_cache
TRACE::2024-11-24.15:40:02::SCWMssOS::_ext_range.o microblaze_0/lib/xil_exception.o microblaze_0/lib/pvr.o microblaze_0/lib/xgpio.o microblaze_0/lib/xil_testmem.o mi
TRACE::2024-11-24.15:40:02::SCWMssOS::croblaze_0/lib/microblaze_update_icache.o microblaze_0/lib/xuartlite_intr.o microblaze_0/lib/microblaze_flush_dcache.o microbla
TRACE::2024-11-24.15:40:02::SCWMssOS::ze_0/lib/xil_clocking.o microblaze_0/lib/xil_assert.o microblaze_0/lib/microblaze_enable_interrupts.o microblaze_0/lib/xgpio_ex
TRACE::2024-11-24.15:40:02::SCWMssOS::tra.o microblaze_0/lib/xspi.o microblaze_0/lib/microblaze_enable_icache.o microblaze_0/lib/xintc.o microblaze_0/lib/xtmrctr_sta
TRACE::2024-11-24.15:40:02::SCWMssOS::ts.o microblaze_0/lib/microblaze_init_icache_range.o microblaze_0/lib/xspi_selftest.o microblaze_0/lib/fcntl.o microblaze_0/lib
TRACE::2024-11-24.15:40:02::SCWMssOS::/xgpio_selftest.o

TRACE::2024-11-24.15:40:02::SCWMssOS::'Finished building libraries'

TRACE::2024-11-24.15:40:02::SCWMssOS::Copying to export directory.
TRACE::2024-11-24.15:40:02::SCWMssOS:: Checking if to create the Supporting Applications
TRACE::2024-11-24.15:40:02::SCWMssOS:: No Linux domain exists, trying to generate FSBL 
LOG::2024-11-24.15:40:02::SCWSystem::Completed Processing the domain standalone_domain
LOG::2024-11-24.15:40:02::SCWSystem::Completed Processing the sysconfig lab3a_platform
LOG::2024-11-24.15:40:02::SCWPlatform::Completed generating the artifacts for system configuration lab3a_platform
TRACE::2024-11-24.15:40:02::SCWPlatform::Started preparing the platform 
TRACE::2024-11-24.15:40:02::SCWSystem::Writing the bif file for system config lab3a_platform
TRACE::2024-11-24.15:40:02::SCWSystem::dir created 
TRACE::2024-11-24.15:40:02::SCWSystem::Writing the bif 
TRACE::2024-11-24.15:40:02::SCWPlatform::Started writing the spfm file 
TRACE::2024-11-24.15:40:02::SCWPlatform::Started writing the xpfm file 
TRACE::2024-11-24.15:40:02::SCWPlatform::Completed generating the platform
TRACE::2024-11-24.15:40:02::SCWMssOS::Saving the mss changes C:/Users/tejasvissapragada/Documents/GitHub/cs153a/vitis/lab3b_vitis/lab3a_platform/microblaze_0/standalone_domain/bsp/system.mss
TRACE::2024-11-24.15:40:02::SCWMssOS::Found a swdesign opened with the mssfile.
TRACE::2024-11-24.15:40:02::SCWMssOS::Completed writemss as part of save.
TRACE::2024-11-24.15:40:02::SCWMssOS::Commit changes completed.
TRACE::2024-11-24.15:40:02::SCWPlatform::Trying to open the hw design at C:/Users/tejasvissapragada/Documents/GitHub/cs153a/vitis/lab3b_vitis/lab3a_platform/hw/design_1_wrapper.xsa
TRACE::2024-11-24.15:40:02::SCWPlatform::DSA given C:/Users/tejasvissapragada/Documents/GitHub/cs153a/vitis/lab3b_vitis/lab3a_platform/hw/design_1_wrapper.xsa
TRACE::2024-11-24.15:40:02::SCWPlatform::DSA absoulate path C:/Users/tejasvissapragada/Documents/GitHub/cs153a/vitis/lab3b_vitis/lab3a_platform/hw/design_1_wrapper.xsa
TRACE::2024-11-24.15:40:02::SCWPlatform::DSA directory C:/Users/tejasvissapragada/Documents/GitHub/cs153a/vitis/lab3b_vitis/lab3a_platform/hw
TRACE::2024-11-24.15:40:02::SCWPlatform:: Platform Path C:/Users/tejasvissapragada/Documents/GitHub/cs153a/vitis/lab3b_vitis/lab3a_platform/hw/design_1_wrapper.xsa
TRACE::2024-11-24.15:40:02::SCWPlatform:: Unique name xilinx:::0.0
TRACE::2024-11-24.15:40:02::SCWPlatform::Trying to set the existing hwdb with name design_1_wrapper
TRACE::2024-11-24.15:40:02::SCWPlatform::Opened existing hwdb design_1_wrapper
TRACE::2024-11-24.15:40:02::SCWPlatform::Found the Hw Db part of the input DSA
TRACE::2024-11-24.15:40:02::SCWMssOS::Checking the sw design at  C:/Users/tejasvissapragada/Documents/GitHub/cs153a/vitis/lab3b_vitis/lab3a_platform/microblaze_0/standalone_domain/bsp/system.mss
TRACE::2024-11-24.15:40:02::SCWMssOS::DEBUG:  swdes dump  C:/Users/tejasvissapragada/Documents/GitHub/cs153a/vitis/lab3b_vitis/lab3a_platform/microblaze_0/standalone_domain/bsp/system.mss|system||

TRACE::2024-11-24.15:40:02::SCWMssOS::Sw design exists and opened at  C:/Users/tejasvissapragada/Documents/GitHub/cs153a/vitis/lab3b_vitis/lab3a_platform/microblaze_0/standalone_domain/bsp/system.mss
TRACE::2024-11-24.15:40:02::SCWWriter::formatted JSON is {
	"platformName":	"lab3a_platform",
	"sprVersion":	"2.0",
	"mode":	"gui",
	"dsaType":	"Fixed",
	"platformDesc":	"lab3a_platform",
	"platHandOff":	"C:/Users/tejasvissapragada/Documents/cs153a/vivado/lab3b_vivado/design_1_wrapper.xsa",
	"platIntHandOff":	"<platformDir>/hw/design_1_wrapper.xsa",
	"deviceType":	"FPGA",
	"platIsPrebuiltAutogen":	"false",
	"platIsNoBootBsp":	"false",
	"hasFsblMakeHasChanges":	"false",
	"hasPmufwMakeHasChanges":	"false",
	"platPreBuiltFlag":	false,
	"platformSamplesDir":	"",
	"platActiveSys":	"lab3a_platform",
	"systems":	[{
			"systemName":	"lab3a_platform",
			"systemDesc":	"lab3a_platform",
			"sysIsBootAutoGen":	"true",
			"systemDispName":	"lab3a_platform",
			"sysActiveDom":	"standalone_domain",
			"sysDefaultDom":	"standalone_domain",
			"domains":	[{
					"domainName":	"standalone_domain",
					"domainDispName":	"standalone on microblaze_0",
					"domainDesc":	"standalone_domain",
					"processors":	"microblaze_0",
					"os":	"standalone",
					"sdxOs":	"standalone",
					"debugEnable":	"False",
					"domRuntimes":	["cpp"],
					"swRepo":	"",
					"mssOsVer":	"7.7",
					"mssFile":	"",
					"md5Digest":	"949c3189fe3a9218a56131c49210c519",
					"compatibleApp":	"",
					"domType":	"mssDomain",
					"arch":	"32-bit",
					"appSettings":	{
						"appCompilerFlags":	"",
						"appLinkerFlags":	""
					},
					"addedLibs":	[],
					"libOptions":	{
						"libsContainingOptions":	[]
					},
					"prebuiltLibs":	{
						"prebuiltIncPath":	[],
						"prebuiltLibPath":	[]
					},
					"isolation":	{
					}
				}]
		}]
}
KEYINFO::2024-11-24.15:40:02::SCWPlatform::updated the xpfm file.
TRACE::2024-11-24.15:40:03::SCWPlatform::Trying to open the hw design at C:/Users/tejasvissapragada/Documents/GitHub/cs153a/vitis/lab3b_vitis/lab3a_platform/hw/design_1_wrapper.xsa
TRACE::2024-11-24.15:40:03::SCWPlatform::DSA given C:/Users/tejasvissapragada/Documents/GitHub/cs153a/vitis/lab3b_vitis/lab3a_platform/hw/design_1_wrapper.xsa
TRACE::2024-11-24.15:40:03::SCWPlatform::DSA absoulate path C:/Users/tejasvissapragada/Documents/GitHub/cs153a/vitis/lab3b_vitis/lab3a_platform/hw/design_1_wrapper.xsa
TRACE::2024-11-24.15:40:03::SCWPlatform::DSA directory C:/Users/tejasvissapragada/Documents/GitHub/cs153a/vitis/lab3b_vitis/lab3a_platform/hw
TRACE::2024-11-24.15:40:03::SCWPlatform:: Platform Path C:/Users/tejasvissapragada/Documents/GitHub/cs153a/vitis/lab3b_vitis/lab3a_platform/hw/design_1_wrapper.xsa
TRACE::2024-11-24.15:40:03::SCWPlatform:: Unique name xilinx:::0.0
TRACE::2024-11-24.15:40:03::SCWPlatform::Trying to set the existing hwdb with name design_1_wrapper
TRACE::2024-11-24.15:40:03::SCWPlatform::Opened existing hwdb design_1_wrapper
TRACE::2024-11-24.15:40:03::SCWPlatform::Found the Hw Db part of the input DSA
TRACE::2024-11-24.15:40:03::SCWMssOS::Checking the sw design at  C:/Users/tejasvissapragada/Documents/GitHub/cs153a/vitis/lab3b_vitis/lab3a_platform/microblaze_0/standalone_domain/bsp/system.mss
TRACE::2024-11-24.15:40:03::SCWMssOS::DEBUG:  swdes dump  C:/Users/tejasvissapragada/Documents/GitHub/cs153a/vitis/lab3b_vitis/lab3a_platform/microblaze_0/standalone_domain/bsp/system.mss|system||

TRACE::2024-11-24.15:40:03::SCWMssOS::Sw design exists and opened at  C:/Users/tejasvissapragada/Documents/GitHub/cs153a/vitis/lab3b_vitis/lab3a_platform/microblaze_0/standalone_domain/bsp/system.mss
TRACE::2024-12-03.17:34:54::SCWPlatform::Trying to open the hw design at C:/Users/tejasvissapragada/Documents/GitHub/cs153a/vitis/lab3b_vitis/lab3a_platform/hw/design_1_wrapper.xsa
TRACE::2024-12-03.17:34:54::SCWPlatform::DSA given C:/Users/tejasvissapragada/Documents/GitHub/cs153a/vitis/lab3b_vitis/lab3a_platform/hw/design_1_wrapper.xsa
TRACE::2024-12-03.17:34:54::SCWPlatform::DSA absoulate path C:/Users/tejasvissapragada/Documents/GitHub/cs153a/vitis/lab3b_vitis/lab3a_platform/hw/design_1_wrapper.xsa
TRACE::2024-12-03.17:34:54::SCWPlatform::DSA directory C:/Users/tejasvissapragada/Documents/GitHub/cs153a/vitis/lab3b_vitis/lab3a_platform/hw
TRACE::2024-12-03.17:34:54::SCWPlatform:: Platform Path C:/Users/tejasvissapragada/Documents/GitHub/cs153a/vitis/lab3b_vitis/lab3a_platform/hw/design_1_wrapper.xsa
TRACE::2024-12-03.17:34:54::SCWPlatform:: Unique name xilinx:::0.0
TRACE::2024-12-03.17:34:54::SCWPlatform::Do not have an existing db opened. 
TRACE::2024-12-03.17:34:55::SCWPlatform::Opened new HwDB with name design_1_wrapper
TRACE::2024-12-03.17:34:55::SCWReader::Active system found as  lab3a_platform
TRACE::2024-12-03.17:34:55::SCWReader::Handling sysconfig lab3a_platform
TRACE::2024-12-03.17:34:55::SCWDomain::checking for install qemu data   : 
TRACE::2024-12-03.17:34:55::SCWPlatform::Trying to open the hw design at C:/Users/tejasvissapragada/Documents/GitHub/cs153a/vitis/lab3b_vitis/lab3a_platform/hw/design_1_wrapper.xsa
TRACE::2024-12-03.17:34:55::SCWPlatform::DSA given C:/Users/tejasvissapragada/Documents/GitHub/cs153a/vitis/lab3b_vitis/lab3a_platform/hw/design_1_wrapper.xsa
TRACE::2024-12-03.17:34:55::SCWPlatform::DSA absoulate path C:/Users/tejasvissapragada/Documents/GitHub/cs153a/vitis/lab3b_vitis/lab3a_platform/hw/design_1_wrapper.xsa
TRACE::2024-12-03.17:34:55::SCWPlatform::DSA directory C:/Users/tejasvissapragada/Documents/GitHub/cs153a/vitis/lab3b_vitis/lab3a_platform/hw
TRACE::2024-12-03.17:34:55::SCWPlatform:: Platform Path C:/Users/tejasvissapragada/Documents/GitHub/cs153a/vitis/lab3b_vitis/lab3a_platform/hw/design_1_wrapper.xsa
TRACE::2024-12-03.17:34:55::SCWPlatform:: Unique name xilinx:::0.0
TRACE::2024-12-03.17:34:55::SCWPlatform::Trying to set the existing hwdb with name design_1_wrapper
TRACE::2024-12-03.17:34:55::SCWPlatform::Opened existing hwdb design_1_wrapper
TRACE::2024-12-03.17:34:55::SCWPlatform::Found the Hw Db part of the input DSA
TRACE::2024-12-03.17:34:55::SCWPlatform::Trying to open the hw design at C:/Users/tejasvissapragada/Documents/GitHub/cs153a/vitis/lab3b_vitis/lab3a_platform/hw/design_1_wrapper.xsa
TRACE::2024-12-03.17:34:55::SCWPlatform::DSA given C:/Users/tejasvissapragada/Documents/GitHub/cs153a/vitis/lab3b_vitis/lab3a_platform/hw/design_1_wrapper.xsa
TRACE::2024-12-03.17:34:55::SCWPlatform::DSA absoulate path C:/Users/tejasvissapragada/Documents/GitHub/cs153a/vitis/lab3b_vitis/lab3a_platform/hw/design_1_wrapper.xsa
TRACE::2024-12-03.17:34:55::SCWPlatform::DSA directory C:/Users/tejasvissapragada/Documents/GitHub/cs153a/vitis/lab3b_vitis/lab3a_platform/hw
TRACE::2024-12-03.17:34:55::SCWPlatform:: Platform Path C:/Users/tejasvissapragada/Documents/GitHub/cs153a/vitis/lab3b_vitis/lab3a_platform/hw/design_1_wrapper.xsa
TRACE::2024-12-03.17:34:55::SCWPlatform:: Unique name xilinx:::0.0
TRACE::2024-12-03.17:34:55::SCWPlatform::Trying to set the existing hwdb with name design_1_wrapper
TRACE::2024-12-03.17:34:55::SCWPlatform::Opened existing hwdb design_1_wrapper
TRACE::2024-12-03.17:34:55::SCWPlatform::Found the Hw Db part of the input DSA
TRACE::2024-12-03.17:34:55::SCWPlatform::Trying to open the hw design at C:/Users/tejasvissapragada/Documents/GitHub/cs153a/vitis/lab3b_vitis/lab3a_platform/hw/design_1_wrapper.xsa
TRACE::2024-12-03.17:34:55::SCWPlatform::DSA given C:/Users/tejasvissapragada/Documents/GitHub/cs153a/vitis/lab3b_vitis/lab3a_platform/hw/design_1_wrapper.xsa
TRACE::2024-12-03.17:34:55::SCWPlatform::DSA absoulate path C:/Users/tejasvissapragada/Documents/GitHub/cs153a/vitis/lab3b_vitis/lab3a_platform/hw/design_1_wrapper.xsa
TRACE::2024-12-03.17:34:55::SCWPlatform::DSA directory C:/Users/tejasvissapragada/Documents/GitHub/cs153a/vitis/lab3b_vitis/lab3a_platform/hw
TRACE::2024-12-03.17:34:55::SCWPlatform:: Platform Path C:/Users/tejasvissapragada/Documents/GitHub/cs153a/vitis/lab3b_vitis/lab3a_platform/hw/design_1_wrapper.xsa
TRACE::2024-12-03.17:34:55::SCWPlatform:: Unique name xilinx:::0.0
TRACE::2024-12-03.17:34:55::SCWPlatform::Trying to set the existing hwdb with name design_1_wrapper
TRACE::2024-12-03.17:34:55::SCWPlatform::Opened existing hwdb design_1_wrapper
TRACE::2024-12-03.17:34:55::SCWPlatform::Found the Hw Db part of the input DSA
TRACE::2024-12-03.17:34:55::SCWPlatform::Trying to open the hw design at C:/Users/tejasvissapragada/Documents/GitHub/cs153a/vitis/lab3b_vitis/lab3a_platform/hw/design_1_wrapper.xsa
TRACE::2024-12-03.17:34:55::SCWPlatform::DSA given C:/Users/tejasvissapragada/Documents/GitHub/cs153a/vitis/lab3b_vitis/lab3a_platform/hw/design_1_wrapper.xsa
TRACE::2024-12-03.17:34:55::SCWPlatform::DSA absoulate path C:/Users/tejasvissapragada/Documents/GitHub/cs153a/vitis/lab3b_vitis/lab3a_platform/hw/design_1_wrapper.xsa
TRACE::2024-12-03.17:34:55::SCWPlatform::DSA directory C:/Users/tejasvissapragada/Documents/GitHub/cs153a/vitis/lab3b_vitis/lab3a_platform/hw
TRACE::2024-12-03.17:34:55::SCWPlatform:: Platform Path C:/Users/tejasvissapragada/Documents/GitHub/cs153a/vitis/lab3b_vitis/lab3a_platform/hw/design_1_wrapper.xsa
TRACE::2024-12-03.17:34:55::SCWPlatform:: Unique name xilinx:::0.0
TRACE::2024-12-03.17:34:55::SCWPlatform::Trying to set the existing hwdb with name design_1_wrapper
TRACE::2024-12-03.17:34:55::SCWPlatform::Opened existing hwdb design_1_wrapper
TRACE::2024-12-03.17:34:55::SCWPlatform::Found the Hw Db part of the input DSA
TRACE::2024-12-03.17:34:55::SCWMssOS::Checking the sw design at  C:/Users/tejasvissapragada/Documents/GitHub/cs153a/vitis/lab3b_vitis/lab3a_platform/microblaze_0/standalone_domain/bsp/system.mss
TRACE::2024-12-03.17:34:55::SCWMssOS::DEBUG:  swdes dump  
TRACE::2024-12-03.17:34:55::SCWMssOS::No sw design opened at  C:/Users/tejasvissapragada/Documents/GitHub/cs153a/vitis/lab3b_vitis/lab3a_platform/microblaze_0/standalone_domain/bsp/system.mss
TRACE::2024-12-03.17:34:55::SCWMssOS::mss exists loading the mss file  C:/Users/tejasvissapragada/Documents/GitHub/cs153a/vitis/lab3b_vitis/lab3a_platform/microblaze_0/standalone_domain/bsp/system.mss
TRACE::2024-12-03.17:34:55::SCWMssOS::Opened the sw design from mss  C:/Users/tejasvissapragada/Documents/GitHub/cs153a/vitis/lab3b_vitis/lab3a_platform/microblaze_0/standalone_domain/bsp/system.mss
TRACE::2024-12-03.17:34:55::SCWMssOS::Adding the swdes entry C:/Users/tejasvissapragada/Documents/GitHub/cs153a/vitis/lab3b_vitis/lab3a_platform/microblaze_0/standalone_domain/bsp/system.mss with des name system
TRACE::2024-12-03.17:34:55::SCWMssOS::updating the scw layer about changes
TRACE::2024-12-03.17:34:55::SCWMssOS::Opened the sw design.  C:/Users/tejasvissapragada/Documents/GitHub/cs153a/vitis/lab3b_vitis/lab3a_platform/microblaze_0/standalone_domain/bsp/system.mss
TRACE::2024-12-03.17:34:55::SCWMssOS::Saving the mss changes C:/Users/tejasvissapragada/Documents/GitHub/cs153a/vitis/lab3b_vitis/lab3a_platform/microblaze_0/standalone_domain/bsp/system.mss
TRACE::2024-12-03.17:34:55::SCWMssOS::Found a swdesign opened with the mssfile.
TRACE::2024-12-03.17:34:55::SCWMssOS::Completed writemss as part of save.
TRACE::2024-12-03.17:34:55::SCWMssOS::Commit changes completed.
TRACE::2024-12-03.17:34:55::SCWReader::Adding prebuilt librarypaths as   
TRACE::2024-12-03.17:34:55::SCWReader::Adding prebuilt incpaths  as   
TRACE::2024-12-03.17:34:55::SCWPlatform::Trying to open the hw design at C:/Users/tejasvissapragada/Documents/GitHub/cs153a/vitis/lab3b_vitis/lab3a_platform/hw/design_1_wrapper.xsa
TRACE::2024-12-03.17:34:55::SCWPlatform::DSA given C:/Users/tejasvissapragada/Documents/GitHub/cs153a/vitis/lab3b_vitis/lab3a_platform/hw/design_1_wrapper.xsa
TRACE::2024-12-03.17:34:55::SCWPlatform::DSA absoulate path C:/Users/tejasvissapragada/Documents/GitHub/cs153a/vitis/lab3b_vitis/lab3a_platform/hw/design_1_wrapper.xsa
TRACE::2024-12-03.17:34:55::SCWPlatform::DSA directory C:/Users/tejasvissapragada/Documents/GitHub/cs153a/vitis/lab3b_vitis/lab3a_platform/hw
TRACE::2024-12-03.17:34:55::SCWPlatform:: Platform Path C:/Users/tejasvissapragada/Documents/GitHub/cs153a/vitis/lab3b_vitis/lab3a_platform/hw/design_1_wrapper.xsa
TRACE::2024-12-03.17:34:55::SCWPlatform:: Unique name xilinx:::0.0
TRACE::2024-12-03.17:34:55::SCWPlatform::Trying to set the existing hwdb with name design_1_wrapper
TRACE::2024-12-03.17:34:55::SCWPlatform::Opened existing hwdb design_1_wrapper
TRACE::2024-12-03.17:34:55::SCWPlatform::Found the Hw Db part of the input DSA
TRACE::2024-12-03.17:34:55::SCWMssOS::Checking the sw design at  C:/Users/tejasvissapragada/Documents/GitHub/cs153a/vitis/lab3b_vitis/lab3a_platform/microblaze_0/standalone_domain/bsp/system.mss
TRACE::2024-12-03.17:34:55::SCWMssOS::DEBUG:  swdes dump  C:/Users/tejasvissapragada/Documents/GitHub/cs153a/vitis/lab3b_vitis/lab3a_platform/microblaze_0/standalone_domain/bsp/system.mss|system||

TRACE::2024-12-03.17:34:55::SCWMssOS::Sw design exists and opened at  C:/Users/tejasvissapragada/Documents/GitHub/cs153a/vitis/lab3b_vitis/lab3a_platform/microblaze_0/standalone_domain/bsp/system.mss
TRACE::2024-12-03.17:34:55::SCWReader::No isolation master present  
LOG::2024-12-03.17:34:55::SCWPlatform::Started generating the artifacts platform lab3a_platform
TRACE::2024-12-03.17:34:55::SCWPlatform::Sanity checking of platform is completed
LOG::2024-12-03.17:34:55::SCWPlatform::Started generating the artifacts for system configuration lab3a_platform
LOG::2024-12-03.17:34:55::SCWSystem::Checking the domain standalone_domain
LOG::2024-12-03.17:34:55::SCWSystem::Not a boot domain 
LOG::2024-12-03.17:34:55::SCWSystem::Started Processing the domain standalone_domain
TRACE::2024-12-03.17:34:55::SCWDomain::Generating domain artifcats
TRACE::2024-12-03.17:34:55::SCWMssOS::Generating standalone artifcats
TRACE::2024-12-03.17:34:55::SCWMssOS:: Copying the user libraries. 
TRACE::2024-12-03.17:34:55::SCWPlatform::Trying to open the hw design at C:/Users/tejasvissapragada/Documents/GitHub/cs153a/vitis/lab3b_vitis/lab3a_platform/hw/design_1_wrapper.xsa
TRACE::2024-12-03.17:34:55::SCWPlatform::DSA given C:/Users/tejasvissapragada/Documents/GitHub/cs153a/vitis/lab3b_vitis/lab3a_platform/hw/design_1_wrapper.xsa
TRACE::2024-12-03.17:34:55::SCWPlatform::DSA absoulate path C:/Users/tejasvissapragada/Documents/GitHub/cs153a/vitis/lab3b_vitis/lab3a_platform/hw/design_1_wrapper.xsa
TRACE::2024-12-03.17:34:55::SCWPlatform::DSA directory C:/Users/tejasvissapragada/Documents/GitHub/cs153a/vitis/lab3b_vitis/lab3a_platform/hw
TRACE::2024-12-03.17:34:55::SCWPlatform:: Platform Path C:/Users/tejasvissapragada/Documents/GitHub/cs153a/vitis/lab3b_vitis/lab3a_platform/hw/design_1_wrapper.xsa
TRACE::2024-12-03.17:34:55::SCWPlatform:: Unique name xilinx:::0.0
TRACE::2024-12-03.17:34:55::SCWPlatform::Trying to set the existing hwdb with name design_1_wrapper
TRACE::2024-12-03.17:34:55::SCWPlatform::Opened existing hwdb design_1_wrapper
TRACE::2024-12-03.17:34:55::SCWPlatform::Found the Hw Db part of the input DSA
TRACE::2024-12-03.17:34:55::SCWMssOS::Checking the sw design at  C:/Users/tejasvissapragada/Documents/GitHub/cs153a/vitis/lab3b_vitis/lab3a_platform/microblaze_0/standalone_domain/bsp/system.mss
TRACE::2024-12-03.17:34:55::SCWMssOS::DEBUG:  swdes dump  C:/Users/tejasvissapragada/Documents/GitHub/cs153a/vitis/lab3b_vitis/lab3a_platform/microblaze_0/standalone_domain/bsp/system.mss|system||

TRACE::2024-12-03.17:34:55::SCWMssOS::Sw design exists and opened at  C:/Users/tejasvissapragada/Documents/GitHub/cs153a/vitis/lab3b_vitis/lab3a_platform/microblaze_0/standalone_domain/bsp/system.mss
TRACE::2024-12-03.17:34:55::SCWMssOS::Completed writing the mss file at C:/Users/tejasvissapragada/Documents/GitHub/cs153a/vitis/lab3b_vitis/lab3a_platform/microblaze_0/standalone_domain/bsp
TRACE::2024-12-03.17:34:55::SCWMssOS::Mss edits present, copying mssfile into export location C:/Users/tejasvissapragada/Documents/GitHub/cs153a/vitis/lab3b_vitis/lab3a_platform/microblaze_0/standalone_domain/bsp/system.mss
TRACE::2024-12-03.17:34:55::SCWMssOS::bsp generated is upto date with the mss file. Skipping bsp generation.
TRACE::2024-12-03.17:34:55::SCWMssOS::BSP is already built. skipping the bsp build ... 
TRACE::2024-12-03.17:34:55::SCWDomain::Building the domain as part of full build :  standalone_domain
TRACE::2024-12-03.17:34:55::SCWMssOS::doing bsp build ... 
TRACE::2024-12-03.17:34:55::SCWMssOS::System Command Ran  C: & cd  C:/Users/tejasvissapragada/Documents/GitHub/cs153a/vitis/lab3b_vitis/lab3a_platform/microblaze_0/standalone_domain/bsp & make 
TRACE::2024-12-03.17:34:55::SCWMssOS::make --no-print-directory seq_libs

TRACE::2024-12-03.17:34:55::SCWMssOS::'Finished building libraries sequentially.'

TRACE::2024-12-03.17:34:55::SCWMssOS::make -j 2 --no-print-directory par_libs

TRACE::2024-12-03.17:34:55::SCWMssOS::"Running Make include in microblaze_0/libsrc/bram_v4_7/src"

TRACE::2024-12-03.17:34:55::SCWMssOS::make -C microblaze_0/libsrc/bram_v4_7/src -s include  "SHELL=CMD" "COMPILER=mb-gcc" "ASSEMBLER=mb-as" "ARCHIVER=mb-ar" "COMPILE
TRACE::2024-12-03.17:34:55::SCWMssOS::R_FLAGS=  -O2 -c -mcpu=v11.0 -mhard-float -mlittle-endian -mno-xl-soft-div -mno-xl-soft-mul -mxl-barrel-shift -mxl-float-conver
TRACE::2024-12-03.17:34:55::SCWMssOS::t -mxl-float-sqrt -mxl-pattern-compare" "EXTRA_COMPILER_FLAGS=-g -ffunction-sections -fdata-sections -Wall -Wextra -fno-tree-lo
TRACE::2024-12-03.17:34:55::SCWMssOS::op-distribute-patterns"

TRACE::2024-12-03.17:34:55::SCWMssOS::"Running Make include in microblaze_0/libsrc/cpu_v2_15/src"

TRACE::2024-12-03.17:34:56::SCWMssOS::make -C microblaze_0/libsrc/cpu_v2_15/src -s include  "SHELL=CMD" "COMPILER=mb-gcc" "ASSEMBLER=mb-as" "ARCHIVER=mb-ar" "COMPILE
TRACE::2024-12-03.17:34:56::SCWMssOS::R_FLAGS=  -O2 -c -mcpu=v11.0 -mhard-float -mlittle-endian -mno-xl-soft-div -mno-xl-soft-mul -mxl-barrel-shift -mxl-float-conver
TRACE::2024-12-03.17:34:56::SCWMssOS::t -mxl-float-sqrt -mxl-pattern-compare" "EXTRA_COMPILER_FLAGS=-g -ffunction-sections -fdata-sections -Wall -Wextra -fno-tree-lo
TRACE::2024-12-03.17:34:56::SCWMssOS::op-distribute-patterns"

TRACE::2024-12-03.17:34:56::SCWMssOS::"Running Make include in microblaze_0/libsrc/gpio_v4_9/src"

TRACE::2024-12-03.17:34:56::SCWMssOS::make -C microblaze_0/libsrc/gpio_v4_9/src -s include  "SHELL=CMD" "COMPILER=mb-gcc" "ASSEMBLER=mb-as" "ARCHIVER=mb-ar" "COMPILE
TRACE::2024-12-03.17:34:56::SCWMssOS::R_FLAGS=  -O2 -c -mcpu=v11.0 -mhard-float -mlittle-endian -mno-xl-soft-div -mno-xl-soft-mul -mxl-barrel-shift -mxl-float-conver
TRACE::2024-12-03.17:34:56::SCWMssOS::t -mxl-float-sqrt -mxl-pattern-compare" "EXTRA_COMPILER_FLAGS=-g -ffunction-sections -fdata-sections -Wall -Wextra -fno-tree-lo
TRACE::2024-12-03.17:34:56::SCWMssOS::op-distribute-patterns"

TRACE::2024-12-03.17:34:56::SCWMssOS::"Running Make include in microblaze_0/libsrc/intc_v3_14/src"

TRACE::2024-12-03.17:34:56::SCWMssOS::make -C microblaze_0/libsrc/intc_v3_14/src -s include  "SHELL=CMD" "COMPILER=mb-gcc" "ASSEMBLER=mb-as" "ARCHIVER=mb-ar" "COMPIL
TRACE::2024-12-03.17:34:56::SCWMssOS::ER_FLAGS=  -O2 -c -mcpu=v11.0 -mhard-float -mlittle-endian -mno-xl-soft-div -mno-xl-soft-mul -mxl-barrel-shift -mxl-float-conve
TRACE::2024-12-03.17:34:56::SCWMssOS::rt -mxl-float-sqrt -mxl-pattern-compare" "EXTRA_COMPILER_FLAGS=-g -ffunction-sections -fdata-sections -Wall -Wextra -fno-tree-l
TRACE::2024-12-03.17:34:56::SCWMssOS::oop-distribute-patterns"

TRACE::2024-12-03.17:34:56::SCWMssOS::"Running Make include in microblaze_0/libsrc/spi_v4_9/src"

TRACE::2024-12-03.17:34:56::SCWMssOS::make -C microblaze_0/libsrc/spi_v4_9/src -s include  "SHELL=CMD" "COMPILER=mb-gcc" "ASSEMBLER=mb-as" "ARCHIVER=mb-ar" "COMPILER
TRACE::2024-12-03.17:34:56::SCWMssOS::_FLAGS=  -O2 -c -mcpu=v11.0 -mhard-float -mlittle-endian -mno-xl-soft-div -mno-xl-soft-mul -mxl-barrel-shift -mxl-float-convert
TRACE::2024-12-03.17:34:56::SCWMssOS:: -mxl-float-sqrt -mxl-pattern-compare" "EXTRA_COMPILER_FLAGS=-g -ffunction-sections -fdata-sections -Wall -Wextra -fno-tree-loo
TRACE::2024-12-03.17:34:56::SCWMssOS::p-distribute-patterns"

TRACE::2024-12-03.17:34:56::SCWMssOS::"Running Make include in microblaze_0/libsrc/standalone_v7_7/src"

TRACE::2024-12-03.17:34:56::SCWMssOS::make -C microblaze_0/libsrc/standalone_v7_7/src -s include  "SHELL=CMD" "COMPILER=mb-gcc" "ASSEMBLER=mb-as" "ARCHIVER=mb-ar" "C
TRACE::2024-12-03.17:34:56::SCWMssOS::OMPILER_FLAGS=  -O2 -c -mcpu=v11.0 -mhard-float -mlittle-endian -mno-xl-soft-div -mno-xl-soft-mul -mxl-barrel-shift -mxl-float-
TRACE::2024-12-03.17:34:56::SCWMssOS::convert -mxl-float-sqrt -mxl-pattern-compare" "EXTRA_COMPILER_FLAGS=-g -ffunction-sections -fdata-sections -Wall -Wextra -fno-t
TRACE::2024-12-03.17:34:56::SCWMssOS::ree-loop-distribute-patterns"

TRACE::2024-12-03.17:34:56::SCWMssOS::"Running Make include in microblaze_0/libsrc/tmrctr_v4_9/src"

TRACE::2024-12-03.17:34:56::SCWMssOS::make -C microblaze_0/libsrc/tmrctr_v4_9/src -s include  "SHELL=CMD" "COMPILER=mb-gcc" "ASSEMBLER=mb-as" "ARCHIVER=mb-ar" "COMPI
TRACE::2024-12-03.17:34:56::SCWMssOS::LER_FLAGS=  -O2 -c -mcpu=v11.0 -mhard-float -mlittle-endian -mno-xl-soft-div -mno-xl-soft-mul -mxl-barrel-shift -mxl-float-conv
TRACE::2024-12-03.17:34:56::SCWMssOS::ert -mxl-float-sqrt -mxl-pattern-compare" "EXTRA_COMPILER_FLAGS=-g -ffunction-sections -fdata-sections -Wall -Wextra -fno-tree-
TRACE::2024-12-03.17:34:56::SCWMssOS::loop-distribute-patterns"

TRACE::2024-12-03.17:34:56::SCWMssOS::"Running Make include in microblaze_0/libsrc/uartlite_v3_7/src"

TRACE::2024-12-03.17:34:56::SCWMssOS::make -C microblaze_0/libsrc/uartlite_v3_7/src -s include  "SHELL=CMD" "COMPILER=mb-gcc" "ASSEMBLER=mb-as" "ARCHIVER=mb-ar" "COM
TRACE::2024-12-03.17:34:56::SCWMssOS::PILER_FLAGS=  -O2 -c -mcpu=v11.0 -mhard-float -mlittle-endian -mno-xl-soft-div -mno-xl-soft-mul -mxl-barrel-shift -mxl-float-co
TRACE::2024-12-03.17:34:56::SCWMssOS::nvert -mxl-float-sqrt -mxl-pattern-compare" "EXTRA_COMPILER_FLAGS=-g -ffunction-sections -fdata-sections -Wall -Wextra -fno-tre
TRACE::2024-12-03.17:34:56::SCWMssOS::e-loop-distribute-patterns"

TRACE::2024-12-03.17:34:56::SCWMssOS::"Running Make libs in microblaze_0/libsrc/bram_v4_7/src"

TRACE::2024-12-03.17:34:56::SCWMssOS::make -C microblaze_0/libsrc/bram_v4_7/src -s libs  "SHELL=CMD" "COMPILER=mb-gcc" "ASSEMBLER=mb-as" "ARCHIVER=mb-ar" "COMPILER_F
TRACE::2024-12-03.17:34:56::SCWMssOS::LAGS=  -O2 -c -mcpu=v11.0 -mhard-float -mlittle-endian -mno-xl-soft-div -mno-xl-soft-mul -mxl-barrel-shift -mxl-float-convert -
TRACE::2024-12-03.17:34:56::SCWMssOS::mxl-float-sqrt -mxl-pattern-compare" "EXTRA_COMPILER_FLAGS=-g -ffunction-sections -fdata-sections -Wall -Wextra -fno-tree-loop-
TRACE::2024-12-03.17:34:56::SCWMssOS::distribute-patterns"

TRACE::2024-12-03.17:34:56::SCWMssOS::"Running Make libs in microblaze_0/libsrc/cpu_v2_15/src"

TRACE::2024-12-03.17:34:56::SCWMssOS::make -C microblaze_0/libsrc/cpu_v2_15/src -s libs  "SHELL=CMD" "COMPILER=mb-gcc" "ASSEMBLER=mb-as" "ARCHIVER=mb-ar" "COMPILER_F
TRACE::2024-12-03.17:34:56::SCWMssOS::LAGS=  -O2 -c -mcpu=v11.0 -mhard-float -mlittle-endian -mno-xl-soft-div -mno-xl-soft-mul -mxl-barrel-shift -mxl-float-convert -
TRACE::2024-12-03.17:34:56::SCWMssOS::mxl-float-sqrt -mxl-pattern-compare" "EXTRA_COMPILER_FLAGS=-g -ffunction-sections -fdata-sections -Wall -Wextra -fno-tree-loop-
TRACE::2024-12-03.17:34:56::SCWMssOS::distribute-patterns"

TRACE::2024-12-03.17:34:57::SCWMssOS::"Running Make libs in microblaze_0/libsrc/gpio_v4_9/src"

TRACE::2024-12-03.17:34:57::SCWMssOS::make -C microblaze_0/libsrc/gpio_v4_9/src -s libs  "SHELL=CMD" "COMPILER=mb-gcc" "ASSEMBLER=mb-as" "ARCHIVER=mb-ar" "COMPILER_F
TRACE::2024-12-03.17:34:57::SCWMssOS::LAGS=  -O2 -c -mcpu=v11.0 -mhard-float -mlittle-endian -mno-xl-soft-div -mno-xl-soft-mul -mxl-barrel-shift -mxl-float-convert -
TRACE::2024-12-03.17:34:57::SCWMssOS::mxl-float-sqrt -mxl-pattern-compare" "EXTRA_COMPILER_FLAGS=-g -ffunction-sections -fdata-sections -Wall -Wextra -fno-tree-loop-
TRACE::2024-12-03.17:34:57::SCWMssOS::distribute-patterns"

TRACE::2024-12-03.17:34:57::SCWMssOS::"Running Make libs in microblaze_0/libsrc/intc_v3_14/src"

TRACE::2024-12-03.17:34:57::SCWMssOS::make -C microblaze_0/libsrc/intc_v3_14/src -s libs  "SHELL=CMD" "COMPILER=mb-gcc" "ASSEMBLER=mb-as" "ARCHIVER=mb-ar" "COMPILER_
TRACE::2024-12-03.17:34:57::SCWMssOS::FLAGS=  -O2 -c -mcpu=v11.0 -mhard-float -mlittle-endian -mno-xl-soft-div -mno-xl-soft-mul -mxl-barrel-shift -mxl-float-convert 
TRACE::2024-12-03.17:34:57::SCWMssOS::-mxl-float-sqrt -mxl-pattern-compare" "EXTRA_COMPILER_FLAGS=-g -ffunction-sections -fdata-sections -Wall -Wextra -fno-tree-loop
TRACE::2024-12-03.17:34:57::SCWMssOS::-distribute-patterns"

TRACE::2024-12-03.17:34:58::SCWMssOS::"Running Make libs in microblaze_0/libsrc/spi_v4_9/src"

TRACE::2024-12-03.17:34:58::SCWMssOS::make -C microblaze_0/libsrc/spi_v4_9/src -s libs  "SHELL=CMD" "COMPILER=mb-gcc" "ASSEMBLER=mb-as" "ARCHIVER=mb-ar" "COMPILER_FL
TRACE::2024-12-03.17:34:58::SCWMssOS::AGS=  -O2 -c -mcpu=v11.0 -mhard-float -mlittle-endian -mno-xl-soft-div -mno-xl-soft-mul -mxl-barrel-shift -mxl-float-convert -m
TRACE::2024-12-03.17:34:58::SCWMssOS::xl-float-sqrt -mxl-pattern-compare" "EXTRA_COMPILER_FLAGS=-g -ffunction-sections -fdata-sections -Wall -Wextra -fno-tree-loop-d
TRACE::2024-12-03.17:34:58::SCWMssOS::istribute-patterns"

TRACE::2024-12-03.17:34:58::SCWMssOS::"Running Make libs in microblaze_0/libsrc/standalone_v7_7/src"

TRACE::2024-12-03.17:34:58::SCWMssOS::make -C microblaze_0/libsrc/standalone_v7_7/src -s libs  "SHELL=CMD" "COMPILER=mb-gcc" "ASSEMBLER=mb-as" "ARCHIVER=mb-ar" "COMP
TRACE::2024-12-03.17:34:58::SCWMssOS::ILER_FLAGS=  -O2 -c -mcpu=v11.0 -mhard-float -mlittle-endian -mno-xl-soft-div -mno-xl-soft-mul -mxl-barrel-shift -mxl-float-con
TRACE::2024-12-03.17:34:58::SCWMssOS::vert -mxl-float-sqrt -mxl-pattern-compare" "EXTRA_COMPILER_FLAGS=-g -ffunction-sections -fdata-sections -Wall -Wextra -fno-tree
TRACE::2024-12-03.17:34:58::SCWMssOS::-loop-distribute-patterns"

TRACE::2024-12-03.17:34:58::SCWMssOS::"Running Make libs in microblaze_0/libsrc/tmrctr_v4_9/src"

TRACE::2024-12-03.17:34:58::SCWMssOS::make -C microblaze_0/libsrc/tmrctr_v4_9/src -s libs  "SHELL=CMD" "COMPILER=mb-gcc" "ASSEMBLER=mb-as" "ARCHIVER=mb-ar" "COMPILER
TRACE::2024-12-03.17:34:58::SCWMssOS::_FLAGS=  -O2 -c -mcpu=v11.0 -mhard-float -mlittle-endian -mno-xl-soft-div -mno-xl-soft-mul -mxl-barrel-shift -mxl-float-convert
TRACE::2024-12-03.17:34:58::SCWMssOS:: -mxl-float-sqrt -mxl-pattern-compare" "EXTRA_COMPILER_FLAGS=-g -ffunction-sections -fdata-sections -Wall -Wextra -fno-tree-loo
TRACE::2024-12-03.17:34:58::SCWMssOS::p-distribute-patterns"

TRACE::2024-12-03.17:34:59::SCWMssOS::"Running Make libs in microblaze_0/libsrc/uartlite_v3_7/src"

TRACE::2024-12-03.17:34:59::SCWMssOS::make -C microblaze_0/libsrc/uartlite_v3_7/src -s libs  "SHELL=CMD" "COMPILER=mb-gcc" "ASSEMBLER=mb-as" "ARCHIVER=mb-ar" "COMPIL
TRACE::2024-12-03.17:34:59::SCWMssOS::ER_FLAGS=  -O2 -c -mcpu=v11.0 -mhard-float -mlittle-endian -mno-xl-soft-div -mno-xl-soft-mul -mxl-barrel-shift -mxl-float-conve
TRACE::2024-12-03.17:34:59::SCWMssOS::rt -mxl-float-sqrt -mxl-pattern-compare" "EXTRA_COMPILER_FLAGS=-g -ffunction-sections -fdata-sections -Wall -Wextra -fno-tree-l
TRACE::2024-12-03.17:34:59::SCWMssOS::oop-distribute-patterns"

TRACE::2024-12-03.17:35:01::SCWMssOS::"DEBUG NON_LTO_OBJECTS is ../../../lib/microblaze_interrupt_handler.o"

TRACE::2024-12-03.17:35:01::SCWMssOS::'Finished building libraries parallelly.'

TRACE::2024-12-03.17:35:01::SCWMssOS::make --no-print-directory archive

TRACE::2024-12-03.17:35:01::SCWMssOS::mb-ar -r  microblaze_0/lib/libxil.a microblaze_0/lib/xplatform_info.o microblaze_0/lib/xuartlite.o microblaze_0/lib/microblaze_
TRACE::2024-12-03.17:35:01::SCWMssOS::disable_exceptions.o microblaze_0/lib/print.o microblaze_0/lib/xtmrctr_options.o microblaze_0/lib/_exit.o microblaze_0/lib/xil_
TRACE::2024-12-03.17:35:01::SCWMssOS::testio.o microblaze_0/lib/microblaze_disable_dcache.o microblaze_0/lib/microblaze_flush_dcache_range.o microblaze_0/lib/xspi_g.
TRACE::2024-12-03.17:35:01::SCWMssOS::o microblaze_0/lib/microblaze_flush_cache_ext.o microblaze_0/lib/xbram_sinit.o microblaze_0/lib/xspi_sinit.o microblaze_0/lib/x
TRACE::2024-12-03.17:35:01::SCWMssOS::il_misc_psreset_api.o microblaze_0/lib/xinterrupt_wrap.o microblaze_0/lib/xil_cache.o microblaze_0/lib/xil_util.o microblaze_0/
TRACE::2024-12-03.17:35:01::SCWMssOS::lib/inbyte.o microblaze_0/lib/xintc_intr.o microblaze_0/lib/microblaze_exception_handler.o microblaze_0/lib/xbram_g.o microblaz
TRACE::2024-12-03.17:35:01::SCWMssOS::e_0/lib/microblaze_scrub.o microblaze_0/lib/microblaze_invalidate_dcache.o microblaze_0/lib/microblaze_disable_interrupts.o mic
TRACE::2024-12-03.17:35:01::SCWMssOS::roblaze_0/lib/xbram_selftest.o microblaze_0/lib/microblaze_interrupt_handler.o microblaze_0/lib/microblaze_disable_icache.o mic
TRACE::2024-12-03.17:35:01::SCWMssOS::roblaze_0/lib/xuartlite_sinit.o microblaze_0/lib/xgpio_g.o microblaze_0/lib/xuartlite_g.o microblaze_0/lib/xil_mem.o microblaze
TRACE::2024-12-03.17:35:01::SCWMssOS::_0/lib/xspi_stats.o microblaze_0/lib/microblaze_flush_cache_ext_range.o microblaze_0/lib/xtmrctr_intr.o microblaze_0/lib/xbram_
TRACE::2024-12-03.17:35:01::SCWMssOS::intr.o microblaze_0/lib/xil_sleepcommon.o microblaze_0/lib/xil_printf.o microblaze_0/lib/xintc_g.o microblaze_0/lib/xtmrctr_sin
TRACE::2024-12-03.17:35:01::SCWMssOS::it.o microblaze_0/lib/xtmrctr_l.o microblaze_0/lib/xintc_selftest.o microblaze_0/lib/xintc_l.o microblaze_0/lib/outbyte.o micro
TRACE::2024-12-03.17:35:01::SCWMssOS::blaze_0/lib/microblaze_enable_exceptions.o microblaze_0/lib/xgpio_intr.o microblaze_0/lib/microblaze_invalidate_dcache_range.o 
TRACE::2024-12-03.17:35:01::SCWMssOS::microblaze_0/lib/microblaze_invalidate_cache_ext.o microblaze_0/lib/microblaze_sleep.o microblaze_0/lib/hw_exception_handler.o 
TRACE::2024-12-03.17:35:01::SCWMssOS::microblaze_0/lib/xtmrctr.o microblaze_0/lib/xuartlite_selftest.o microblaze_0/lib/xgpio_sinit.o microblaze_0/lib/microblaze_upd
TRACE::2024-12-03.17:35:01::SCWMssOS::ate_dcache.o microblaze_0/lib/xil_testcache.o microblaze_0/lib/microblaze_selftest.o microblaze_0/lib/microblaze_interrupts_g.o
TRACE::2024-12-03.17:35:01::SCWMssOS:: microblaze_0/lib/xio.o microblaze_0/lib/xtmrctr_g.o microblaze_0/lib/microblaze_enable_dcache.o microblaze_0/lib/xbram.o micro
TRACE::2024-12-03.17:35:01::SCWMssOS::blaze_0/lib/microblaze_invalidate_icache_range.o microblaze_0/lib/xtmrctr_selftest.o microblaze_0/lib/microblaze_init_dcache_ra
TRACE::2024-12-03.17:35:01::SCWMssOS::nge.o microblaze_0/lib/microblaze_invalidate_icache.o microblaze_0/lib/xspi_options.o microblaze_0/lib/errno.o microblaze_0/lib
TRACE::2024-12-03.17:35:01::SCWMssOS::/xuartlite_l.o microblaze_0/lib/xintc_options.o microblaze_0/lib/xuartlite_stats.o microblaze_0/lib/microblaze_invalidate_cache
TRACE::2024-12-03.17:35:01::SCWMssOS::_ext_range.o microblaze_0/lib/xil_exception.o microblaze_0/lib/pvr.o microblaze_0/lib/xgpio.o microblaze_0/lib/xil_testmem.o mi
TRACE::2024-12-03.17:35:01::SCWMssOS::croblaze_0/lib/microblaze_update_icache.o microblaze_0/lib/xuartlite_intr.o microblaze_0/lib/microblaze_flush_dcache.o microbla
TRACE::2024-12-03.17:35:01::SCWMssOS::ze_0/lib/xil_clocking.o microblaze_0/lib/xil_assert.o microblaze_0/lib/microblaze_enable_interrupts.o microblaze_0/lib/xgpio_ex
TRACE::2024-12-03.17:35:01::SCWMssOS::tra.o microblaze_0/lib/xspi.o microblaze_0/lib/microblaze_enable_icache.o microblaze_0/lib/xintc.o microblaze_0/lib/xtmrctr_sta
TRACE::2024-12-03.17:35:01::SCWMssOS::ts.o microblaze_0/lib/microblaze_init_icache_range.o microblaze_0/lib/xspi_selftest.o microblaze_0/lib/fcntl.o microblaze_0/lib
TRACE::2024-12-03.17:35:01::SCWMssOS::/xgpio_selftest.o

TRACE::2024-12-03.17:35:02::SCWMssOS::'Finished building libraries'

TRACE::2024-12-03.17:35:02::SCWMssOS::Copying to export directory.
TRACE::2024-12-03.17:35:02::SCWMssOS:: Checking if to create the Supporting Applications
TRACE::2024-12-03.17:35:02::SCWMssOS:: No Linux domain exists, trying to generate FSBL 
LOG::2024-12-03.17:35:02::SCWSystem::Completed Processing the domain standalone_domain
LOG::2024-12-03.17:35:02::SCWSystem::Completed Processing the sysconfig lab3a_platform
LOG::2024-12-03.17:35:02::SCWPlatform::Completed generating the artifacts for system configuration lab3a_platform
TRACE::2024-12-03.17:35:02::SCWPlatform::Started preparing the platform 
TRACE::2024-12-03.17:35:02::SCWSystem::Writing the bif file for system config lab3a_platform
TRACE::2024-12-03.17:35:02::SCWSystem::dir created 
TRACE::2024-12-03.17:35:02::SCWSystem::Writing the bif 
TRACE::2024-12-03.17:35:02::SCWPlatform::Started writing the spfm file 
TRACE::2024-12-03.17:35:02::SCWPlatform::Started writing the xpfm file 
TRACE::2024-12-03.17:35:02::SCWPlatform::Completed generating the platform
TRACE::2024-12-03.17:35:02::SCWMssOS::Saving the mss changes C:/Users/tejasvissapragada/Documents/GitHub/cs153a/vitis/lab3b_vitis/lab3a_platform/microblaze_0/standalone_domain/bsp/system.mss
TRACE::2024-12-03.17:35:02::SCWMssOS::Found a swdesign opened with the mssfile.
TRACE::2024-12-03.17:35:02::SCWMssOS::Completed writemss as part of save.
TRACE::2024-12-03.17:35:02::SCWMssOS::Commit changes completed.
TRACE::2024-12-03.17:35:02::SCWPlatform::Trying to open the hw design at C:/Users/tejasvissapragada/Documents/GitHub/cs153a/vitis/lab3b_vitis/lab3a_platform/hw/design_1_wrapper.xsa
TRACE::2024-12-03.17:35:02::SCWPlatform::DSA given C:/Users/tejasvissapragada/Documents/GitHub/cs153a/vitis/lab3b_vitis/lab3a_platform/hw/design_1_wrapper.xsa
TRACE::2024-12-03.17:35:02::SCWPlatform::DSA absoulate path C:/Users/tejasvissapragada/Documents/GitHub/cs153a/vitis/lab3b_vitis/lab3a_platform/hw/design_1_wrapper.xsa
TRACE::2024-12-03.17:35:02::SCWPlatform::DSA directory C:/Users/tejasvissapragada/Documents/GitHub/cs153a/vitis/lab3b_vitis/lab3a_platform/hw
TRACE::2024-12-03.17:35:02::SCWPlatform:: Platform Path C:/Users/tejasvissapragada/Documents/GitHub/cs153a/vitis/lab3b_vitis/lab3a_platform/hw/design_1_wrapper.xsa
TRACE::2024-12-03.17:35:02::SCWPlatform:: Unique name xilinx:::0.0
TRACE::2024-12-03.17:35:02::SCWPlatform::Trying to set the existing hwdb with name design_1_wrapper
TRACE::2024-12-03.17:35:02::SCWPlatform::Opened existing hwdb design_1_wrapper
TRACE::2024-12-03.17:35:02::SCWPlatform::Found the Hw Db part of the input DSA
TRACE::2024-12-03.17:35:02::SCWMssOS::Checking the sw design at  C:/Users/tejasvissapragada/Documents/GitHub/cs153a/vitis/lab3b_vitis/lab3a_platform/microblaze_0/standalone_domain/bsp/system.mss
TRACE::2024-12-03.17:35:02::SCWMssOS::DEBUG:  swdes dump  C:/Users/tejasvissapragada/Documents/GitHub/cs153a/vitis/lab3b_vitis/lab3a_platform/microblaze_0/standalone_domain/bsp/system.mss|system||

TRACE::2024-12-03.17:35:02::SCWMssOS::Sw design exists and opened at  C:/Users/tejasvissapragada/Documents/GitHub/cs153a/vitis/lab3b_vitis/lab3a_platform/microblaze_0/standalone_domain/bsp/system.mss
TRACE::2024-12-03.17:35:02::SCWWriter::formatted JSON is {
	"platformName":	"lab3a_platform",
	"sprVersion":	"2.0",
	"mode":	"gui",
	"dsaType":	"Fixed",
	"platformDesc":	"lab3a_platform",
	"platHandOff":	"C:/Users/tejasvissapragada/Documents/cs153a/vivado/lab3b_vivado/design_1_wrapper.xsa",
	"platIntHandOff":	"<platformDir>/hw/design_1_wrapper.xsa",
	"deviceType":	"FPGA",
	"platIsPrebuiltAutogen":	"false",
	"platIsNoBootBsp":	"false",
	"hasFsblMakeHasChanges":	"false",
	"hasPmufwMakeHasChanges":	"false",
	"platPreBuiltFlag":	false,
	"platformSamplesDir":	"",
	"platActiveSys":	"lab3a_platform",
	"systems":	[{
			"systemName":	"lab3a_platform",
			"systemDesc":	"lab3a_platform",
			"sysIsBootAutoGen":	"true",
			"systemDispName":	"lab3a_platform",
			"sysActiveDom":	"standalone_domain",
			"sysDefaultDom":	"standalone_domain",
			"domains":	[{
					"domainName":	"standalone_domain",
					"domainDispName":	"standalone on microblaze_0",
					"domainDesc":	"standalone_domain",
					"processors":	"microblaze_0",
					"os":	"standalone",
					"sdxOs":	"standalone",
					"debugEnable":	"False",
					"domRuntimes":	["cpp"],
					"swRepo":	"",
					"mssOsVer":	"7.7",
					"mssFile":	"",
					"md5Digest":	"949c3189fe3a9218a56131c49210c519",
					"compatibleApp":	"",
					"domType":	"mssDomain",
					"arch":	"32-bit",
					"appSettings":	{
						"appCompilerFlags":	"",
						"appLinkerFlags":	""
					},
					"addedLibs":	[],
					"libOptions":	{
						"libsContainingOptions":	[]
					},
					"prebuiltLibs":	{
						"prebuiltIncPath":	[],
						"prebuiltLibPath":	[]
					},
					"isolation":	{
					}
				}]
		}]
}
KEYINFO::2024-12-03.17:35:02::SCWPlatform::updated the xpfm file.
TRACE::2024-12-03.17:35:03::SCWPlatform::Trying to open the hw design at C:/Users/tejasvissapragada/Documents/GitHub/cs153a/vitis/lab3b_vitis/lab3a_platform/hw/design_1_wrapper.xsa
TRACE::2024-12-03.17:35:03::SCWPlatform::DSA given C:/Users/tejasvissapragada/Documents/GitHub/cs153a/vitis/lab3b_vitis/lab3a_platform/hw/design_1_wrapper.xsa
TRACE::2024-12-03.17:35:03::SCWPlatform::DSA absoulate path C:/Users/tejasvissapragada/Documents/GitHub/cs153a/vitis/lab3b_vitis/lab3a_platform/hw/design_1_wrapper.xsa
TRACE::2024-12-03.17:35:03::SCWPlatform::DSA directory C:/Users/tejasvissapragada/Documents/GitHub/cs153a/vitis/lab3b_vitis/lab3a_platform/hw
TRACE::2024-12-03.17:35:03::SCWPlatform:: Platform Path C:/Users/tejasvissapragada/Documents/GitHub/cs153a/vitis/lab3b_vitis/lab3a_platform/hw/design_1_wrapper.xsa
TRACE::2024-12-03.17:35:03::SCWPlatform:: Unique name xilinx:::0.0
TRACE::2024-12-03.17:35:03::SCWPlatform::Trying to set the existing hwdb with name design_1_wrapper
TRACE::2024-12-03.17:35:03::SCWPlatform::Opened existing hwdb design_1_wrapper
TRACE::2024-12-03.17:35:03::SCWPlatform::Found the Hw Db part of the input DSA
TRACE::2024-12-03.17:35:03::SCWMssOS::Checking the sw design at  C:/Users/tejasvissapragada/Documents/GitHub/cs153a/vitis/lab3b_vitis/lab3a_platform/microblaze_0/standalone_domain/bsp/system.mss
TRACE::2024-12-03.17:35:03::SCWMssOS::DEBUG:  swdes dump  C:/Users/tejasvissapragada/Documents/GitHub/cs153a/vitis/lab3b_vitis/lab3a_platform/microblaze_0/standalone_domain/bsp/system.mss|system||

TRACE::2024-12-03.17:35:03::SCWMssOS::Sw design exists and opened at  C:/Users/tejasvissapragada/Documents/GitHub/cs153a/vitis/lab3b_vitis/lab3a_platform/microblaze_0/standalone_domain/bsp/system.mss
